-0.0000134
-0.0000858
-0.0002217
-0.0003352
-0.0004597
-0.0005790
-0.0006964
-0.0007919
-0.0008268
-0.0009191
-0.0010848
-0.0012075
-0.0013191
-0.0014445
-0.0015072
-0.0015391
-0.0015834
-0.0016126
-0.0015802
-0.0014674
-0.0013523
-0.0011697
-0.0009310
-0.0007419
-0.0004540
-0.0001168
0.0001187
0.0003025
0.0004480
0.0005899
0.0007747
0.0008589
0.0009086
0.0010286
0.0009747
0.0008214
0.0007286
0.0007428
0.0007447
0.0006615
0.0007266
0.0006734
0.0005645
0.0007177
0.0007154
0.0004092
0.0002947
0.0004586
0.0004904
0.0002830
0.0002768
0.0005587
0.0005344
0.0004856
0.0008275
0.0009921
0.0007550
0.0006733
0.0009824
0.0010788
0.0007918
0.0007077
0.0010502
0.0011833
0.0007530
0.0006379
0.0011618
0.0011435
0.0007901
0.0008551
0.0005264
0.0000787
0.0001491
0.0004552
0.0004372
0.0002650
0.0001899
-0.0002847
-0.0007307
-0.0000819
0.0006680
0.0002396
-0.0000900
-0.0006724
-0.0012990
-0.0004111
0.0007692
0.0002312
-0.0012838
-0.0010455
-0.0000049
0.0002775
0.0004980
0.0005476
-0.0003236
-0.0016177
-0.0005824
0.0019727
0.0016683
-0.0006744
-0.0013561
-0.0010247
-0.0004134
0.0007545
0.0010328
-0.0001379
-0.0004577
0.0012379
0.0019303
0.0008312
0.0001415
0.0008711
-0.0003130
-0.0020188
0.0006928
0.0024676
0.0001755
-0.0001674
0.0024476
0.0014877
-0.0021617
0.0004891
0.0031548
-0.0017405
-0.0036766
-0.0007751
-0.0013115
-0.0013057
0.0040701
0.0044806
-0.0030215
-0.0063049
-0.0011626
0.0020321
0.0001540
0.0013107
0.0010497
-0.0053935
-0.0063027
0.0016691
0.0061999
0.0020806
-0.0034705
-0.0049612
-0.0042386
-0.0003135
0.0027524
0.0016581
0.0013071
-0.0004208
-0.0016882
0.0022684
0.0050309
-0.0009761
-0.0070376
-0.0028463
0.0022562
0.0049328
0.0058092
-0.0018801
-0.0073633
-0.0002437
0.0058202
0.0018663
-0.0025879
-0.0016765
-0.0040353
-0.0062390
0.0042105
0.0104320
0.0004837
-0.0061834
-0.0024816
-0.0021802
-0.0064175
-0.0029899
0.0006013
-0.0016035
0.0025112
0.0050897
-0.0019788
-0.0061917
-0.0004234
0.0035774
-0.0011205
-0.0063649
-0.0071918
-0.0036595
0.0029481
0.0094002
0.0057181
-0.0049382
-0.0071070
-0.0076821
-0.0116520
-0.0046913
0.0057194
0.0045145
0.0013115
0.0018077
0.0019300
0.0038434
0.0058465
-0.0009508
-0.0098277
-0.0047420
0.0055359
0.0073948
0.0045243
0.0018908
-0.0014406
-0.0022865
0.0017644
0.0075107
0.0083228
0.0036812
0.0019934
0.0035909
-0.0010015
-0.0077427
-0.0043200
0.0031163
0.0053375
0.0025490
0.0012877
0.0034977
0.0021603
-0.0003124
0.0010432
-0.0018607
-0.0036172
0.0008576
0.0025308
0.0028210
-0.0009920
-0.0083731
-0.0099797
-0.0047552
0.0022520
0.0061776
0.0028930
-0.0013676
-0.0017676
-0.0081374
-0.0116246
0.0040535
0.0113486
-0.0084711
-0.0141708
0.0024524
0.0039746
-0.0051479
0.0006060
0.0071734
0.0033018
0.0069689
0.0150537
0.0113025
-0.0018300
-0.0100175
-0.0037241
0.0023966
-0.0017680
0.0025855
0.0148183
0.0184534
0.0057472
-0.0062691
-0.0003504
-0.0001998
-0.0044735
0.0042602
0.0078557
-0.0021564
-0.0041391
0.0057885
-0.0001700
-0.0109386
-0.0041491
-0.0028412
-0.0085830
-0.0042456
0.0008005
0.0036702
0.0125802
0.0155926
0.0039025
-0.0054535
0.0007633
0.0035892
-0.0017404
0.0022685
0.0050253
0.0046518
0.0024563
-0.0030268
0.0076278
0.0205229
0.0062618
-0.0123055
0.0019895
0.0141922
-0.0095351
-0.0204926
0.0016027
0.0106947
-0.0104772
-0.0159200
0.0057312
-0.0005516
-0.0233700
-0.0025860
0.0279264
0.0079419
-0.0143915
0.0041369
0.0037578
-0.0242062
-0.0233060
-0.0008494
0.0021374
0.0065083
0.0289007
0.0152965
-0.0176732
-0.0102627
0.0136495
0.0171279
-0.0002184
-0.0136195
-0.0142538
-0.0233230
-0.0274492
-0.0065583
-0.0026673
-0.0227085
-0.0115073
0.0088680
0.0006163
-0.0057457
-0.0003593
-0.0103341
-0.0363913
-0.0490541
-0.0429071
-0.0289439
-0.0079423
0.0042771
0.0046478
0.0098167
0.0116752
-0.0001790
-0.0137521
-0.0198537
-0.0280142
-0.0294023
-0.0021935
0.0296174
0.0293151
0.0105006
0.0140494
0.0243296
0.0093465
0.0017767
0.0128489
0.0019233
-0.0325730
-0.0270156
0.0209518
0.0348278
0.0156362
0.0081479
0.0054760
-0.0050065
-0.0054642
0.0059290
0.0052237
0.0014836
0.0132723
0.0251309
0.0273794
0.0232698
0.0003090
-0.0174286
-0.0005172
0.0116063
0.0060224
0.0163614
0.0294276
0.0184399
0.0057915
-0.0021383
-0.0142189
-0.0189939
-0.0168686
-0.0076091
-0.0052542
-0.0233895
-0.0311889
-0.0113130
0.0095315
-0.0035460
-0.0306752
-0.0244919
-0.0197101
-0.0210042
-0.0064977
-0.0015852
-0.0057163
-0.0187406
-0.0197868
-0.0041201
-0.0130668
-0.0380990
-0.0321238
0.0068796
0.0275371
0.0235112
0.0314341
0.0405619
0.0382265
0.0323761
0.0281243
0.0272323
0.0138557
0.0040788
0.0216361
0.0396969
0.0342760
0.0210931
0.0176028
0.0153021
0.0075347
-0.0148897
-0.0314298
-0.0159288
0.0062866
0.0094851
-0.0222185
-0.0576178
-0.0561735
-0.0397264
-0.0371147
-0.0275158
0.0047819
0.0016101
-0.0262230
-0.0267451
-0.0174589
-0.0197254
-0.0304005
-0.0138447
0.0227401
0.0369060
0.0302135
0.0209765
0.0194319
0.0242679
0.0302592
0.0345777
0.0228073
0.0039333
0.0210313
0.0599275
0.0659969
0.0362040
-0.0060538
-0.0284622
-0.0185026
-0.0183158
-0.0476104
-0.0518298
-0.0045221
0.0345715
0.0375667
0.0381327
0.0197812
-0.0231359
-0.0439544
-0.0186431
0.0119757
-0.0201143
-0.0460653
-0.0012810
0.0288595
0.0016659
-0.0303119
-0.0284161
-0.0082347
0.0013214
0.0106028
0.0368396
0.0228284
-0.0332562
-0.0472142
-0.0282445
-0.0314394
-0.0536286
-0.0473528
-0.0237538
-0.0303837
-0.0146160
0.0441885
0.0479555
-0.0055009
-0.0272793
-0.0329629
-0.0510818
-0.0550908
-0.0432714
-0.0227949
0.0131259
0.0520521
0.0560919
0.0492494
0.0467002
0.0241991
0.0091276
0.0273228
0.0610791
0.0438841
-0.0011527
0.0349121
0.0952629
0.0693932
0.0005078
-0.0329576
-0.0598633
-0.0805229
-0.0320187
0.0294745
0.0213091
-0.0093415
-0.0071308
0.0093911
0.0109576
-0.0314207
-0.0638280
-0.0312597
-0.0240201
-0.0546071
-0.0211051
0.0305599
0.0279305
0.0195153
0.0206310
0.0056612
0.0007410
0.0224187
0.0402236
0.0477051
0.0560666
0.0513224
0.0347693
0.0262067
0.0148290
-0.0037893
-0.0205439
-0.0151547
0.0322145
0.0739521
0.0603591
0.0335837
0.0185032
-0.0142933
-0.0416299
-0.0271881
-0.0041756
-0.0239601
-0.0632008
-0.0676523
-0.0438321
-0.0228732
0.0015606
0.0087884
-0.0247932
-0.0623163
-0.0658972
-0.0447704
-0.0452006
-0.0648331
-0.0671091
-0.0413157
0.0028568
0.0330012
0.0342887
0.0089159
-0.0203027
-0.0252855
-0.0246212
-0.0136905
0.0043156
0.0076444
0.0197451
0.0318669
0.0039747
-0.0302184
-0.0327940
-0.0188310
0.0282318
0.0630253
0.0366212
0.0025649
0.0062460
0.0267652
0.0052911
-0.0409447
-0.0405140
0.0055730
0.0557771
0.0675048
0.0097895
-0.0275382
0.0209837
0.0521761
0.0149520
-0.0083231
0.0057748
0.0098003
0.0061069
0.0062703
0.0052402
0.0037804
0.0095479
0.0341906
0.0655846
0.0717677
0.0398610
0.0054578
0.0139262
0.0488562
0.0633281
0.0485981
0.0181891
-0.0244088
-0.0455084
-0.0130802
0.0251735
0.0111244
-0.0298969
-0.0251845
0.0086788
0.0197357
0.0367219
0.0484069
0.0124930
-0.0210448
-0.0129150
-0.0202745
-0.0252085
-0.0082425
-0.0056559
-0.0031274
0.0096926
0.0441121
0.0542517
0.0332908
0.0454181
0.0524074
0.0315731
0.0340110
0.0604433
0.0541053
0.0068477
-0.0133665
-0.0130069
-0.0381986
-0.0707510
-0.0716318
-0.0533964
-0.0445810
-0.0279097
0.0036950
0.0109787
-0.0143556
-0.0223413
-0.0191233
-0.0210419
-0.0087025
0.0056700
0.0067945
0.0071175
0.0088567
0.0004917
-0.0142661
-0.0450969
-0.0770363
-0.0601861
-0.0239548
-0.0205063
-0.0095476
0.0335041
0.0522018
0.0385708
0.0313988
0.0159239
-0.0177998
-0.0549545
-0.0999887
-0.1328299
-0.1152308
-0.0741734
-0.0465677
-0.0061663
0.0539239
0.1023509
0.1290134
0.1530790
0.1697947
0.1604008
0.1327712
0.0904606
0.0471678
0.0250966
0.0360634
0.0576266
0.0818834
0.1336310
0.1570932
0.1377860
0.1407778
0.1460866
0.1357544
0.1333791
0.1180542
0.0785577
0.0388696
0.0237366
0.0318328
0.0270462
-0.0222352
-0.0926907
-0.1561597
-0.2051510
-0.1909596
-0.1034606
-0.0250453
-0.0097091
-0.0278369
-0.0327790
-0.0347109
-0.0414524
-0.0322543
-0.0324544
-0.0749251
-0.1453641
-0.2049819
-0.2398556
-0.2611910
-0.2692049
-0.2144669
-0.0840747
0.0053786
-0.0372469
-0.1357251
-0.1811943
-0.1484737
-0.0680477
-0.0058567
-0.0045603
-0.0448095
-0.0660219
-0.0469911
-0.0359890
-0.0571102
-0.0739749
-0.0607845
-0.0270303
0.0179022
0.0576791
0.0790438
0.0640671
0.0190041
-0.0178499
-0.0253056
0.0049775
0.0441673
0.0597789
0.0618622
0.0599704
0.0497776
0.0475638
0.0716891
0.0914939
0.0690405
0.0330331
0.0140908
-0.0003769
-0.0301228
-0.0235104
0.0305811
0.0504043
0.1032177
0.1871680
0.1838647
0.1288251
0.0742947
-0.0039892
-0.0720585
-0.0651468
-0.0290485
-0.0301368
-0.0514810
-0.0572794
-0.0388258
0.0081791
0.0469457
0.0527007
0.0507256
0.0385918
0.0159859
-0.0035825
0.0034350
0.0467452
0.0782436
0.0623532
0.0339331
0.0159700
-0.0089473
-0.0492034
-0.0909438
-0.0892574
-0.0377717
0.0019373
-0.0164051
-0.0561702
-0.0703019
-0.0793039
-0.1133071
-0.1570773
-0.1994577
-0.2598760
-0.3137832
-0.3244733
-0.3031162
-0.2900129
-0.2983781
-0.2855291
-0.2520716
-0.2257524
-0.1847259
-0.1167174
-0.0628010
-0.0371301
-0.0283690
-0.0236766
0.0000400
0.0189145
0.0338715
0.0732718
0.1263865
0.1807435
0.2154784
0.2077867
0.1739664
0.1708279
0.2281525
0.2912499
0.3084338
0.2922570
0.2747566
0.2541480
0.2386490
0.2480848
0.2524169
0.2306206
0.2010486
0.1930939
0.1939103
0.1816596
0.1893528
0.2162500
0.2241296
0.2038462
0.1641058
0.1148314
0.0399690
-0.0840139
-0.2066971
-0.2655346
-0.3008779
-0.3435618
-0.3307562
-0.2273852
-0.1065699
-0.0330802
-0.0030009
-0.0221673
-0.0853897
-0.1573605
-0.1873876
-0.1792320
-0.2085034
-0.2652297
-0.2782983
-0.2238883
-0.1279597
-0.0165857
0.1005573
0.1590020
0.1462817
0.1337170
0.1384668
0.1273237
0.0937857
0.0727978
0.0778329
0.0880638
0.0915601
0.0742054
0.0226238
-0.0364809
-0.0675211
-0.0320712
0.0754091
0.1751499
0.2017263
0.1735026
0.1451372
0.1283760
0.1112334
0.0785073
0.0201836
-0.0572656
-0.1095434
-0.0687577
0.0381337
0.1520559
0.2040456
0.1280764
-0.0129601
-0.1109039
-0.1417192
-0.1579154
-0.1792407
-0.1728350
-0.1551453
-0.1415513
-0.1103893
-0.0748024
-0.0292410
0.0098023
-0.0042771
-0.0370322
-0.0312845
0.0194545
0.0825818
0.1302470
0.1502612
0.1593734
0.1576481
0.1162583
0.0363140
-0.0396421
-0.0983026
-0.1509635
-0.1718986
-0.1454479
-0.0759827
-0.0187996
-0.0130800
-0.0195360
-0.0497058
-0.0994700
-0.0970869
-0.0389675
0.0166137
0.0247034
-0.0125885
-0.0580712
-0.0662875
-0.0306130
0.0081068
0.0111028
-0.0028991
0.0004296
-0.0010056
-0.0110237
0.0015813
0.0386406
0.0810146
0.1131116
0.1257338
0.1328604
0.1285082
0.1076593
0.1061802
0.0904163
0.0338852
-0.0187424
-0.0648799
-0.1105646
-0.1170619
-0.0661300
-0.0104829
0.0241996
0.0405690
0.0177036
-0.0360597
-0.1127421
-0.1911793
-0.2408483
-0.2540527
-0.2346463
-0.2089643
-0.1664105
-0.0885338
-0.0298251
-0.0296614
-0.0352268
0.0121151
0.0757927
0.1128396
0.1488726
0.1946588
0.1980300
0.1470360
0.0958286
0.0516875
0.0122208
0.0051428
0.0233422
0.0224322
-0.0232090
-0.0733066
-0.0757871
-0.0339899
0.0281418
0.0700695
0.0618079
0.0531157
0.0794312
0.0832619
0.0570966
0.0255274
-0.0132569
-0.0267254
-0.0190054
-0.0187448
-0.0341280
-0.0389663
0.0004902
0.0557962
0.0638641
0.0485371
0.0537604
0.0132148
-0.0529354
-0.0990153
-0.1564068
-0.1922645
-0.1898296
-0.1558129
-0.0891785
-0.0036692
0.1081964
0.2227294
0.2140233
0.1085845
0.0745188
0.0138547
-0.1007984
-0.1442241
-0.1177717
-0.0923471
-0.0955409
-0.0788992
-0.0558138
-0.0151620
0.0538692
0.1047972
0.1082046
0.0788102
0.0593803
0.0837769
0.1293359
0.1526744
0.1761238
0.1951270
0.1722122
0.1410428
0.0924677
0.0083106
-0.0486737
-0.0602064
-0.0310071
0.0261065
0.0622588
0.0803911
0.1024518
0.1172899
0.1160637
0.0951285
0.0532938
0.0006195
-0.0469861
-0.0659434
-0.0629072
-0.0659054
-0.0485059
-0.0013428
0.0429523
0.0664898
0.0587099
0.0174674
-0.0282489
-0.0484894
-0.0546482
-0.0722795
-0.0956365
-0.1192629
-0.1200055
-0.0759424
-0.0359666
-0.0320426
-0.0266143
-0.0142896
0.0044605
0.0441958
0.0447175
-0.0153144
-0.0780680
-0.0948921
-0.0713623
-0.0318401
0.0200936
0.0540166
0.0450797
0.0282969
0.0518772
0.0951453
0.1084342
0.1082450
0.0890351
0.0393271
-0.0020249
-0.0188937
-0.0169744
-0.0076989
0.0132707
0.0323648
0.0101143
-0.0169776
-0.0118540
-0.0157272
-0.0303684
-0.0057242
-0.0053528
0.0251160
0.1177912
0.0533387
-0.0140901
-0.0097448
-0.0590402
-0.0863223
-0.1089472
-0.1150869
-0.0723899
-0.0251797
-0.0086266
-0.0082564
-0.0077666
-0.0040518
0.0100336
0.0088857
-0.0277462
-0.0647383
-0.0758206
-0.0584852
-0.0456155
-0.0442127
-0.0051047
0.0473282
0.0591878
0.0484688
0.0190922
-0.0390919
-0.0684063
-0.0385656
0.0001539
0.0101389
0.0028043
-0.0158794
-0.0243368
-0.0068149
0.0025376
0.0032634
0.0298747
0.0641659
0.0630110
0.0315150
0.0110193
0.0109222
0.0144487
0.0259836
0.0528133
0.0825705
0.0993244
0.1013698
0.0753685
0.0196906
-0.0069648
0.0211362
0.0390137
0.0162934
-0.0163681
-0.0218480
-0.0062440
-0.0148855
-0.0529851
-0.0961450
-0.1313524
-0.1576307
-0.1439380
-0.0805946
-0.0191458
0.0081699
0.0074704
0.0117847
0.0428018
0.0852564
0.1009346
0.0710803
0.0390698
0.0363316
0.0423608
0.0430770
0.0127063
-0.0381275
-0.0338107
0.0140117
0.0209915
-0.0136645
-0.0411917
-0.0519203
-0.0451119
-0.0381616
-0.0352577
-0.0330492
-0.0569706
-0.0714210
-0.0510040
0.0062779
0.0867535
0.1131483
0.1038233
0.1184738
0.1229462
0.0921172
0.0818072
0.1236734
0.1707846
0.1809574
0.1502728
0.1269958
0.1280666
0.1150720
0.0825617
0.0346330
-0.0287413
-0.0968854
-0.1368094
-0.1190177
-0.0724287
-0.0538735
-0.0599324
-0.0495472
-0.0244530
0.0034989
0.0095115
-0.0201131
-0.0401896
-0.0248643
-0.0024954
0.0167288
0.0460899
0.0704702
0.0922397
0.1063225
0.0923122
0.0591017
0.0133926
-0.0253889
-0.0360331
-0.0211681
-0.0094635
-0.0428428
-0.0946215
-0.0896871
-0.0376032
0.0076698
0.0300613
0.0296049
0.0297791
0.0522437
0.0835698
0.1064857
0.1202595
0.1215985
0.1037007
0.0803228
0.0624541
0.0465356
0.0184668
-0.0037248
0.0074873
0.0236905
0.0098156
-0.0153034
-0.0092976
-0.0116677
-0.0563918
-0.0797719
-0.0589232
-0.0546805
-0.0831733
-0.0959886
-0.0871156
-0.1088729
-0.1633153
-0.1971963
-0.2055252
-0.2075959
-0.1932008
-0.1289324
-0.0356960
0.0320937
0.0820451
0.1261794
0.1485980
0.1141775
0.0554920
0.0420128
0.0428645
0.0135900
-0.0101009
0.0107056
0.0551916
0.1005471
0.1388620
0.1540818
0.1411840
0.1084663
0.0548769
-0.0115153
-0.0663005
-0.1079607
-0.1556655
-0.2018000
-0.2106752
-0.1696184
-0.1168717
-0.0820325
-0.0641535
-0.0803997
-0.1221421
-0.1445910
-0.1349298
-0.1320013
-0.1620871
-0.1796959
-0.1516412
-0.1156730
-0.1082445
-0.1189895
-0.1325451
-0.1470027
-0.1407265
-0.0973642
-0.0382188
0.0008708
-0.0013720
-0.0185107
-0.0225371
-0.0211356
-0.0106593
0.0073764
0.0308573
0.0698040
0.1299377
0.2070916
0.2680547
0.3030989
0.3158842
0.2850465
0.2388643
0.2043505
0.1733567
0.1605843
0.1451734
0.1084675
0.0779083
0.0632417
0.0463042
-0.0069869
-0.0984028
-0.1865408
-0.2454911
-0.2647298
-0.2214246
-0.1269052
-0.0495719
-0.0275548
-0.0287660
-0.0224917
-0.0087506
-0.0031118
-0.0106080
-0.0429372
-0.1216621
-0.1717180
-0.1303598
-0.0552428
0.0149443
0.0670033
0.0780747
0.0489598
-0.0010215
-0.0417277
-0.0413884
0.0092055
0.0799560
0.1218307
0.0908873
0.0324963
0.0425836
0.0752339
0.0465033
-0.0125358
-0.0432617
-0.0348960
0.0031167
0.0435003
0.0567846
0.0498473
0.0322327
0.0271222
0.0310763
-0.0100116
-0.1079497
-0.1986745
-0.2251252
-0.1884670
-0.1471256
-0.1396659
-0.1209400
-0.0608130
0.0228845
0.1024680
0.1385722
0.1142462
0.0626494
0.0140551
-0.0289487
-0.0697347
-0.1144586
-0.1583431
-0.1886924
-0.1920564
-0.1454132
-0.0434903
0.0829475
0.1874093
0.2041048
0.1541382
0.1262616
0.1167891
0.1121395
0.1113589
0.0905266
0.0562111
0.0456124
0.0696422
0.1013756
0.1369453
0.1751441
0.1846883
0.1501109
0.1075720
0.0904667
0.0649955
0.0292089
0.0064125
-0.0192776
-0.0176182
0.0348294
0.1025756
0.1425602
0.1292209
0.0821365
0.0388722
0.0142207
0.0066832
0.0046462
-0.0039340
-0.0068940
0.0101760
0.0108847
-0.0321291
-0.0746030
-0.0885438
-0.0928384
-0.0961439
-0.1036072
-0.1215410
-0.1451156
-0.1685491
-0.1868573
-0.1841725
-0.1739953
-0.1901620
-0.2212859
-0.2297275
-0.2211341
-0.2185823
-0.2124815
-0.1809010
-0.1195505
-0.0793237
-0.0845725
-0.0928446
-0.0739709
-0.0079008
0.0794389
0.1587679
0.2190432
0.2166460
0.1733913
0.1638370
0.1947065
0.2091695
0.2007697
0.2030427
0.2030312
0.1639396
0.0948757
0.0200291
-0.0475606
-0.0653110
-0.0204531
0.0304227
0.0484285
0.0592580
0.0775192
0.0842126
0.0601106
-0.0012967
-0.0691132
-0.1217137
-0.1590959
-0.1631419
-0.1323899
-0.0848491
-0.0435889
-0.0188536
-0.0116187
-0.0392011
-0.0932050
-0.1466834
-0.1874916
-0.1954102
-0.1548202
-0.0757749
0.0196381
0.0908659
0.1214563
0.1204354
0.0800296
0.0110398
-0.0505363
-0.0831116
-0.0846277
-0.0493122
0.0213262
0.1049073
0.1752843
0.2080338
0.1762712
0.0969374
0.0162652
-0.0235545
0.0056599
0.0752893
0.1281946
0.0975108
-0.0020784
-0.0450245
-0.0262805
-0.0311064
-0.0747306
-0.1238858
-0.1635697
-0.2093516
-0.2234273
-0.1739029
-0.1041622
-0.0446716
0.0066148
0.0448995
0.0722084
0.0978372
0.1002470
0.0572291
0.0070509
-0.0214692
-0.0243734
-0.0098643
-0.0055534
-0.0157498
-0.0301767
-0.0369945
-0.0111279
0.0595130
0.1638832
0.2415867
0.2255674
0.1570686
0.0993852
0.0482098
-0.0222549
-0.1105281
-0.1837000
-0.2069601
-0.1765920
-0.1227702
-0.0722513
-0.0445862
-0.0414982
-0.0458207
-0.0353067
0.0007500
0.0153927
-0.0201238
-0.0579061
-0.0695322
-0.0575392
-0.0177687
0.0340490
0.0803173
0.1051389
0.0831811
0.0182603
-0.0298427
-0.0308096
-0.0134116
0.0057053
0.0124263
0.0161044
0.0307625
0.0344329
0.0189963
-0.0111895
-0.0549289
-0.0787115
-0.0608050
-0.0440839
-0.0280498
0.0136028
0.0571044
0.1141642
0.1635913
0.1574270
0.1204107
0.0698217
0.0107621
-0.0176000
0.0059304
0.0581899
0.1000902
0.1014594
0.0862947
0.0935383
0.1067856
0.1023858
0.0916228
0.0614048
-0.0058240
-0.0609699
-0.0682273
-0.0452314
-0.0246861
-0.0110715
0.0185083
0.0735043
0.1426781
0.1917963
0.2050354
0.1846334
0.1601638
0.1632792
0.1674871
0.1624888
0.1499202
0.1096639
0.0584761
0.0221193
0.0070159
-0.0030597
-0.0119342
0.0012204
0.0172156
0.0099358
-0.0269440
-0.0763992
-0.1243698
-0.1668108
-0.1977641
-0.2288548
-0.2572620
-0.2706124
-0.2515109
-0.2122618
-0.1796583
-0.1411402
-0.1145688
-0.1125222
-0.0979791
-0.0612038
-0.0164674
0.0139424
0.0309744
0.0473333
0.0536195
0.0525549
0.0391381
0.0166661
-0.0015780
-0.0185775
-0.0238016
0.0027736
0.0435500
0.0633673
0.0789324
0.1025060
0.1061023
0.0691604
-0.0069879
-0.0852301
-0.1432069
-0.1854715
-0.1959174
-0.1648788
-0.1162057
-0.0842270
-0.0785398
-0.0851843
-0.0864187
-0.0882068
-0.0986119
-0.0960165
-0.0704134
-0.0199445
0.0433616
0.0895831
0.1176282
0.1308078
0.1282036
0.1205090
0.1143716
0.1183598
0.1255091
0.1212252
0.1064059
0.0983093
0.1003577
0.1044135
0.1279514
0.1534633
0.1398715
0.1097740
0.0978891
0.1018722
0.1032253
0.0828335
0.0557620
0.0286825
-0.0116579
-0.0558959
-0.0901498
-0.1157839
-0.1308442
-0.1144937
-0.0703774
-0.0324872
-0.0246602
-0.0278998
-0.0393786
-0.0716110
-0.0863046
-0.0742948
-0.0664304
-0.0767085
-0.0903869
-0.0894020
-0.0744437
-0.0376987
0.0032378
0.0141710
0.0232820
0.0390255
0.0432853
0.0392780
0.0225078
0.0085582
-0.0011687
-0.0177576
-0.0332757
-0.0305859
-0.0041896
0.0311351
0.0519518
0.0307217
-0.0158327
-0.0573229
-0.0908168
-0.1192317
-0.1323189
-0.1161172
-0.0982185
-0.0985361
-0.1065674
-0.1106613
-0.0921543
-0.0532641
-0.0219618
-0.0016826
0.0063832
0.0100736
0.0235687
0.0292884
0.0193592
-0.0008912
-0.0235866
-0.0361597
-0.0318248
-0.0100697
0.0047803
-0.0100400
-0.0277554
-0.0295807
-0.0287444
-0.0307740
-0.0458663
-0.0731387
-0.0815739
-0.0499565
-0.0002289
0.0192974
0.0098567
0.0156892
0.0517157
0.0813268
0.0803760
0.0784019
0.0861232
0.1018927
0.1235091
0.1298071
0.1036892
0.0637629
0.0518126
0.0671783
0.0877319
0.0916688
0.0518751
-0.0114376
-0.0612124
-0.0800505
-0.0702347
-0.0584566
-0.0647249
-0.0903681
-0.1020196
-0.0875920
-0.0635291
-0.0525392
-0.0605008
-0.0615872
-0.0578144
-0.0410844
-0.0048574
0.0250073
0.0460618
0.0577139
0.0654170
0.0935283
0.1276853
0.1447254
0.1635061
0.1777480
0.1622041
0.1392333
0.1095593
0.0721981
0.0464225
0.0235450
-0.0008639
-0.0200132
-0.0271241
-0.0238059
-0.0196800
-0.0207774
-0.0207938
-0.0080950
-0.0011360
-0.0312382
-0.0862457
-0.1279730
-0.1501442
-0.1545442
-0.1378247
-0.1294908
-0.1501211
-0.1850583
-0.2021728
-0.1772567
-0.1332747
-0.1043030
-0.0875433
-0.0691216
-0.0565531
-0.0415344
0.0032161
0.0718785
0.1340115
0.1615250
0.1609831
0.1683714
0.1860322
0.1936502
0.1896721
0.1798664
0.1700881
0.1579891
0.1465158
0.1422357
0.1511138
0.1693540
0.1693526
0.1595049
0.1283858
0.0796928
0.0635420
0.0437628
0.0242318
0.0308165
0.0345160
0.0312824
0.0277690
0.0296280
0.0288899
0.0256266
0.0339233
0.0478354
0.0450774
0.0325457
0.0268337
0.0416588
0.0806317
0.1151776
0.1245248
0.1212556
0.1195847
0.1221441
0.1320815
0.1364921
0.1149328
0.0780981
0.0553022
0.0527967
0.0534027
0.0460094
0.0247883
-0.0219241
-0.0854232
-0.1267414
-0.1426403
-0.1672674
-0.2006628
-0.2234880
-0.2309283
-0.2315136
-0.2049472
-0.1401592
-0.0740389
-0.0406429
-0.0553720
-0.0992714
-0.1320630
-0.1453858
-0.1440451
-0.1330305
-0.1309342
-0.1446691
-0.1573099
-0.1430843
-0.1148321
-0.0913455
-0.0833032
-0.0992347
-0.1096161
-0.1006521
-0.1003220
-0.1201857
-0.1417483
-0.1531801
-0.1497367
-0.1286588
-0.0874699
-0.0326862
0.0202183
0.0636049
0.1006116
0.1271460
0.1365011
0.1336137
0.1169953
0.0994524
0.0894166
0.0886583
0.0960958
0.0966912
0.0975361
0.1035812
0.1078518
0.1120467
0.1162033
0.1106993
0.0845562
0.0376368
-0.0119187
-0.0293955
-0.0220410
-0.0100301
0.0066321
0.0135101
0.0229306
0.0393403
0.0432013
0.0353943
0.0217867
0.0086133
-0.0050487
-0.0097919
0.0185639
0.0657722
0.0943348
0.0974359
0.0984023
0.1076748
0.1194959
0.1286173
0.1140903
0.0724572
0.0216818
-0.0152933
-0.0206425
-0.0186093
-0.0368890
-0.0589703
-0.0663683
-0.0719707
-0.0757863
-0.0745695
-0.0822420
-0.0873559
-0.0734839
-0.0447358
-0.0180296
-0.0225249
-0.0385445
-0.0420449
-0.0438315
-0.0326213
-0.0097856
-0.0015005
-0.0191869
-0.0352327
-0.0286009
-0.0191289
-0.0193829
-0.0248605
-0.0320397
-0.0396910
-0.0486169
-0.0616061
-0.0819263
-0.0952238
-0.0918377
-0.0844822
-0.0699530
-0.0458789
-0.0339792
-0.0345167
-0.0282457
-0.0204100
-0.0239640
-0.0373322
-0.0446876
-0.0268014
0.0037286
0.0237968
0.0460270
0.0764724
0.1132827
0.1536512
0.1678266
0.1585757
0.1518420
0.1411831
0.1103045
0.0659195
0.0171313
-0.0184680
-0.0123220
0.0211312
0.0504351
0.0603629
0.0552191
0.0697962
0.1057213
0.1263160
0.1269841
0.1302923
0.1562363
0.1868168
0.2045311
0.2171734
0.2141013
0.1942687
0.1696025
0.1415642
0.0951780
0.0305058
-0.0394294
-0.0908389
-0.1024235
-0.1063715
-0.1189296
-0.1294038
-0.1241264
-0.1072321
-0.0999125
-0.1088115
-0.1376861
-0.1596118
-0.1652256
-0.1745892
-0.1976558
-0.2302203
-0.2598081
-0.2681747
-0.2241874
-0.1446546
-0.0670731
-0.0053240
0.0258156
0.0405353
0.0538462
0.0544511
0.0601500
0.0854596
0.1064326
0.0954529
0.0589595
0.0197906
-0.0083454
-0.0188879
-0.0224372
-0.0453395
-0.0852817
-0.1103135
-0.1351867
-0.1652516
-0.1905579
-0.1883673
-0.1454985
-0.1108507
-0.0885087
-0.0668841
-0.0588537
-0.0532423
-0.0427885
-0.0356804
-0.0225145
0.0046252
0.0161675
0.0109772
0.0033708
0.0022896
0.0321258
0.0692590
0.0813558
0.0772465
0.0560995
0.0194592
0.0091446
0.0331562
0.0552161
0.0631651
0.0608359
0.0616277
0.0539781
0.0260031
0.0058740
-0.0132012
-0.0368328
-0.0501346
-0.0626600
-0.0803313
-0.0828788
-0.0544154
-0.0051302
0.0481344
0.0831404
0.0945911
0.1044395
0.1203949
0.1001248
0.0405841
-0.0267235
-0.0929869
-0.1325097
-0.1479998
-0.1434892
-0.1262374
-0.1349023
-0.1667270
-0.1897227
-0.1818561
-0.1421712
-0.0977636
-0.0689811
-0.0452480
-0.0411920
-0.0573406
-0.0498558
-0.0249640
0.0024035
0.0104968
-0.0203397
-0.0602166
-0.0907769
-0.1075791
-0.1171739
-0.1247424
-0.1298318
-0.1205259
-0.0804429
-0.0137578
0.0674777
0.1438392
0.1991253
0.2379366
0.2826102
0.3113816
0.3014400
0.2752349
0.2300339
0.1852519
0.1510401
0.1002752
0.0650442
0.0620284
0.0588306
0.0317589
-0.0115052
-0.0492907
-0.0874802
-0.1287111
-0.1515935
-0.1384563
-0.1069417
-0.0816603
-0.0559030
-0.0355396
-0.0306513
-0.0317105
-0.0386345
-0.0495564
-0.0530562
-0.0417303
-0.0310127
-0.0247468
0.0027518
0.0527387
0.0978870
0.1234706
0.1336207
0.1290005
0.1154078
0.1001002
0.0877887
0.0852313
0.0860529
0.0846560
0.0676435
0.0265935
-0.0148097
-0.0435946
-0.0610520
-0.0791636
-0.1046887
-0.1218515
-0.1406624
-0.1702412
-0.1783896
-0.1453843
-0.0915565
-0.0480221
-0.0210253
0.0113842
0.0635702
0.1283817
0.1905912
0.2344527
0.2329167
0.1922139
0.1461112
0.0997470
0.0671386
0.0608255
0.0604503
0.0529844
0.0527924
0.0567739
0.0588751
0.0556709
0.0388160
0.0216035
-0.0032800
-0.0455561
-0.0834886
-0.0924231
-0.0778345
-0.0645831
-0.0607643
-0.0610047
-0.0581719
-0.0534786
-0.0514955
-0.0421480
-0.0231144
-0.0021637
0.0157782
0.0304742
0.0360652
0.0248212
0.0163325
0.0277772
0.0493348
0.0521142
0.0331851
0.0202778
0.0137477
0.0071626
0.0125935
0.0247070
0.0235424
0.0114626
-0.0016462
-0.0113282
-0.0174683
-0.0224554
-0.0295449
-0.0403295
-0.0343711
0.0007942
0.0382450
0.0520339
0.0464385
0.0328227
0.0087817
-0.0121417
-0.0080344
0.0014958
0.0032518
0.0266259
0.0649876
0.0768413
0.0639725
0.0521087
0.0605358
0.0905907
0.1248820
0.1578446
0.1789459
0.1784763
0.1541107
0.1012548
0.0384714
-0.0116214
-0.0282982
-0.0209954
-0.0092672
0.0016475
0.0048908
0.0205379
0.0363689
0.0203806
-0.0126026
-0.0416387
-0.0776462
-0.1236689
-0.1524807
-0.1482310
-0.1203916
-0.0922815
-0.0692089
-0.0313686
0.0006875
-0.0084097
-0.0393368
-0.0772604
-0.0878764
-0.0470083
0.0069075
0.0460127
0.0589901
0.0619044
0.0815695
0.1016003
0.0960799
0.0593827
0.0112766
-0.0114708
0.0017311
0.0424963
0.0803362
0.0851196
0.0661171
0.0434682
0.0164253
-0.0204970
-0.0645752
-0.1028740
-0.1239874
-0.1268697
-0.1058821
-0.0636648
-0.0221646
0.0141652
0.0477522
0.0542262
0.0264909
-0.0045609
-0.0088279
0.0181230
0.0485212
0.0590839
0.0737899
0.0936859
0.1019985
0.0981630
0.0788736
0.0632890
0.0570714
0.0520576
0.0404239
0.0131071
-0.0259612
-0.0609921
-0.0756572
-0.0590534
-0.0176763
0.0243436
0.0436347
0.0160443
-0.0407565
-0.0811021
-0.0987692
-0.1090638
-0.1141645
-0.1085471
-0.0932753
-0.0829944
-0.0774250
-0.0627936
-0.0468346
-0.0347638
-0.0225498
-0.0231843
-0.0401120
-0.0604024
-0.0686603
-0.0623299
-0.0429564
-0.0223556
-0.0111997
-0.0083211
-0.0159183
-0.0214241
-0.0279946
-0.0390566
-0.0573578
-0.0789899
-0.0854210
-0.0830426
-0.0820725
-0.0793936
-0.0632147
-0.0463419
-0.0338685
-0.0037196
0.0286545
0.0358399
0.0230592
0.0131081
0.0018293
-0.0190818
-0.0369437
-0.0429034
-0.0368209
-0.0237398
-0.0058634
0.0099266
0.0152099
0.0133853
0.0136144
0.0160791
0.0109809
-0.0111989
-0.0564862
-0.0945362
-0.0953534
-0.0764888
-0.0427288
-0.0149202
-0.0123567
-0.0216171
-0.0310919
-0.0242574
-0.0064234
0.0041386
0.0059958
0.0134725
0.0293631
0.0478955
0.0593566
0.0620635
0.0541365
0.0275290
0.0116508
0.0172975
0.0281552
0.0285029
0.0172443
0.0222296
0.0447836
0.0776169
0.1151948
0.1353254
0.1343717
0.1257505
0.1156049
0.1057668
0.1061906
0.1190108
0.1253867
0.1225572
0.1255329
0.1253052
0.1153818
0.1064821
0.0935581
0.0689453
0.0367536
0.0017550
-0.0299596
-0.0455613
-0.0568778
-0.0787437
-0.0980074
-0.1091523
-0.1093851
-0.0968672
-0.0880025
-0.0997913
-0.1221729
-0.1465143
-0.1647155
-0.1664785
-0.1591407
-0.1474955
-0.1348723
-0.1099768
-0.0652546
-0.0082644
0.0464871
0.0833488
0.1027674
0.1096800
0.1064832
0.0811578
0.0549398
0.0523198
0.0522636
0.0520405
0.0525463
0.0562604
0.0697686
0.0870721
0.0920227
0.0780200
0.0458688
0.0132019
0.0036084
-0.0125028
-0.0275962
-0.0277368
-0.0316439
-0.0324478
-0.0398466
-0.0497584
-0.0451142
-0.0372615
-0.0388017
-0.0566251
-0.0774306
-0.0887863
-0.0881285
-0.0720374
-0.0508377
-0.0422274
-0.0641716
-0.0978178
-0.1242272
-0.1303848
-0.1138331
-0.0893900
-0.0523334
-0.0077550
0.0396158
0.0878736
0.1266070
0.1473597
0.1533752
0.1560051
0.1552277
0.1564530
0.1661013
0.1742323
0.1794806
0.1949088
0.2040398
0.1904423
0.1573070
0.1003032
0.0346764
-0.0175552
-0.0481525
-0.0611703
-0.0828881
-0.1109738
-0.1325650
-0.1627605
-0.1826928
-0.1890306
-0.1932572
-0.1912703
-0.1861478
-0.1689537
-0.1402297
-0.1249757
-0.1251019
-0.1307452
-0.1359462
-0.1195857
-0.0884537
-0.0600058
-0.0317829
-0.0093723
0.0036674
0.0250829
0.0501929
0.0676562
0.0762015
0.0716334
0.0741162
0.0916498
0.1100334
0.1325305
0.1451575
0.1260995
0.1034194
0.1001316
0.1048569
0.1000339
0.0839039
0.0719659
0.0588251
0.0379681
0.0187002
-0.0001272
-0.0315325
-0.0607588
-0.0745332
-0.0825514
-0.0811042
-0.0779514
-0.0801280
-0.0838205
-0.0805190
-0.0688005
-0.0605007
-0.0467353
-0.0231126
-0.0071468
-0.0021015
-0.0042122
-0.0153342
-0.0315639
-0.0534000
-0.0656424
-0.0663693
-0.0637108
-0.0466985
-0.0234378
-0.0002151
0.0172381
0.0218620
0.0190252
0.0191649
0.0188973
0.0194199
0.0297706
0.0339870
0.0379623
0.0499932
0.0626155
0.0739632
0.0794240
0.0874082
0.0826554
0.0626074
0.0517092
0.0362653
0.0223716
0.0210983
0.0116045
-0.0024935
-0.0062517
0.0045541
0.0242126
0.0395317
0.0487994
0.0558013
0.0593314
0.0528601
0.0436048
0.0415585
0.0414108
0.0482630
0.0579342
0.0547711
0.0385065
0.0131955
-0.0156696
-0.0368455
-0.0418372
-0.0400966
-0.0384851
-0.0332925
-0.0220072
0.0008912
0.0197188
0.0231532
0.0174020
0.0066797
-0.0017020
0.0012160
0.0117039
0.0176738
0.0250749
0.0330899
0.0345797
0.0288688
0.0168059
0.0047491
-0.0077015
-0.0178284
-0.0337919
-0.0603110
-0.0795162
-0.0897633
-0.0869883
-0.0712027
-0.0607293
-0.0474914
-0.0339464
-0.0286083
-0.0212025
-0.0202310
-0.0212281
-0.0121919
0.0007727
0.0233058
0.0490599
0.0462085
0.0236182
0.0096770
0.0062913
0.0160172
0.0292902
0.0372764
0.0394434
0.0380548
0.0413795
0.0429554
0.0402013
0.0436624
0.0496694
0.0455104
0.0353801
0.0239684
0.0183940
0.0159110
0.0113723
0.0172056
0.0294635
0.0306918
0.0220352
0.0086750
-0.0183602
-0.0475561
-0.0573791
-0.0453571
-0.0285662
-0.0264454
-0.0317128
-0.0451497
-0.0722273
-0.1001067
-0.1261404
-0.1450043
-0.1541093
-0.1501991
-0.1376397
-0.1272622
-0.1153967
-0.1072709
-0.0877424
-0.0515940
-0.0185411
0.0103869
0.0311941
0.0457790
0.0540426
0.0679462
0.0932763
0.1036001
0.1022486
0.1030745
0.1008571
0.0991050
0.0895034
0.0649850
0.0446424
0.0322365
0.0201507
0.0122781
0.0131423
-0.0012953
-0.0298268
-0.0484212
-0.0614934
-0.0650834
-0.0700188
-0.0805268
-0.0856567
-0.0873628
-0.0774799
-0.0581036
-0.0404606
-0.0237610
-0.0092550
0.0086332
0.0333246
0.0568873
0.0770266
0.0823780
0.0685496
0.0552610
0.0510975
0.0450661
0.0318345
0.0174147
0.0092382
-0.0007634
-0.0189211
-0.0340107
-0.0488751
-0.0744841
-0.0966279
-0.0993763
-0.1001154
-0.1085441
-0.1092647
-0.1049918
-0.0935301
-0.0683671
-0.0387542
-0.0114608
0.0086436
0.0265746
0.0369228
0.0400216
0.0525938
0.0700480
0.0822152
0.0878652
0.0951608
0.0992920
0.0901280
0.0758348
0.0617206
0.0406893
0.0048711
-0.0256350
-0.0395638
-0.0592927
-0.0797600
-0.0825502
-0.0767383
-0.0649814
-0.0462575
-0.0401274
-0.0421424
-0.0423151
-0.0420969
-0.0345826
-0.0251673
-0.0113718
0.0149871
0.0442511
0.0639725
0.0801831
0.0880388
0.0836438
0.0782433
0.0699941
0.0599604
0.0556436
0.0515804
0.0376638
0.0254820
0.0200611
0.0146734
0.0076695
-0.0043945
-0.0183856
-0.0203839
-0.0153942
-0.0185840
-0.0145841
-0.0105269
-0.0176332
-0.0212931
-0.0241288
-0.0218244
-0.0198825
-0.0206239
-0.0141554
-0.0054994
0.0081051
0.0241387
0.0360095
0.0425284
0.0481944
0.0510977
0.0500799
0.0530205
0.0593677
0.0669262
0.0701108
0.0638848
0.0577832
0.0521688
0.0439068
0.0419271
0.0430961
0.0424443
0.0416225
0.0409101
0.0406669
0.0416672
0.0418082
0.0374680
0.0395723
0.0541855
0.0671318
0.0818195
0.0963618
0.0979941
0.0918396
0.0843883
0.0717451
0.0429658
0.0028191
-0.0350025
-0.0681897
-0.0856701
-0.0886224
-0.0951009
-0.0996777
-0.1019024
-0.1000852
-0.0889799
-0.0804241
-0.0735447
-0.0666035
-0.0644474
-0.0626984
-0.0525734
-0.0378214
-0.0315591
-0.0339399
-0.0385488
-0.0390927
-0.0392161
-0.0410854
-0.0412328
-0.0393986
-0.0351891
-0.0291438
-0.0141201
0.0011718
0.0115503
0.0245683
0.0297455
0.0298939
0.0356104
0.0388546
0.0396915
0.0395193
0.0423931
0.0535003
0.0574624
0.0582732
0.0624945
0.0599799
0.0546434
0.0521031
0.0470975
0.0342255
0.0164840
0.0067414
0.0051523
-0.0010327
-0.0033860
-0.0061293
-0.0157044
-0.0203049
-0.0270540
-0.0322492
-0.0388634
-0.0491903
-0.0534806
-0.0578500
-0.0588138
-0.0576015
-0.0615426
-0.0728994
-0.0857011
-0.0963233
-0.1039154
-0.1076860
-0.1109491
-0.1103451
-0.1090056
-0.1087805
-0.1017238
-0.0909846
-0.0819685
-0.0661138
-0.0461812
-0.0309523
-0.0173995
-0.0052923
0.0040652
0.0061861
-0.0049665
-0.0175098
-0.0199216
-0.0250400
-0.0317978
-0.0271433
-0.0202614
-0.0195611
-0.0205642
-0.0195946
-0.0202868
-0.0256079
-0.0320453
-0.0341167
-0.0340767
-0.0328382
-0.0289111
-0.0251121
-0.0221099
-0.0204070
-0.0110620
0.0092913
0.0340316
0.0495836
0.0546435
0.0627627
0.0662952
0.0595521
0.0546670
0.0514273
0.0374538
0.0296997
0.0319835
0.0330393
0.0382887
0.0415033
0.0429217
0.0372855
0.0182206
0.0002392
-0.0097034
-0.0177544
-0.0171800
-0.0081113
0.0015469
0.0108286
0.0166708
0.0300718
0.0474976
0.0517862
0.0513763
0.0541300
0.0504306
0.0435868
0.0473937
0.0507305
0.0558224
0.0695564
0.0741080
0.0710743
0.0684966
0.0660060
0.0574062
0.0432666
0.0311152
0.0167263
-0.0019436
-0.0169288
-0.0223494
-0.0305138
-0.0479476
-0.0640451
-0.0726526
-0.0679410
-0.0603714
-0.0520878
-0.0430506
-0.0517436
-0.0617516
-0.0622834
-0.0696727
-0.0793582
-0.0880022
-0.0975348
-0.0906015
-0.0694242
-0.0531477
-0.0400677
-0.0275391
-0.0202706
-0.0194709
-0.0205443
-0.0253895
-0.0280567
-0.0231486
-0.0198398
-0.0086816
0.0039611
0.0106927
0.0240340
0.0387587
0.0484623
0.0540134
0.0550273
0.0509796
0.0508951
0.0583024
0.0719408
0.0918006
0.1095483
0.1260934
0.1398696
0.1457861
0.1599283
0.1843589
0.2011209
0.2166835
0.2356853
0.2446096
0.2488507
0.2582490
0.2626866
0.2553127
0.2396099
0.2199911
0.1953886
0.1616276
0.1276678
0.0880050
0.0413516
0.0044707
-0.0208795
-0.0444731
-0.0708683
-0.0945829
-0.1137537
-0.1240788
-0.1303627
-0.1290785
-0.1155055
-0.0984804
-0.0862620
-0.0860029
-0.0873896
-0.0874858
-0.0892965
-0.0876791
-0.0829942
-0.0751323
-0.0638203
-0.0527269
-0.0434790
-0.0390209
-0.0413464
-0.0483198
-0.0594151
-0.0738477
-0.0859288
-0.0961243
-0.1094720
-0.1211682
-0.1233037
-0.1201231
-0.1193862
-0.1196508
-0.1216665
-0.1245918
-0.1292110
-0.1337157
-0.1300358
-0.1276675
-0.1257153
-0.1134123
-0.1001379
-0.0824306
-0.0626224
-0.0529257
-0.0367968
-0.0128177
0.0046254
0.0232359
0.0398788
0.0505530
0.0616135
0.0694286
0.0758012
0.0784204
0.0803239
0.0848086
0.0792913
0.0718599
0.0709294
0.0672921
0.0612939
0.0534753
0.0424810
0.0322765
0.0195377
0.0001234
-0.0163528
-0.0264374
-0.0327152
-0.0292797
-0.0248605
-0.0229847
-0.0204702
-0.0250891
-0.0321257
-0.0344927
-0.0397686
-0.0478153
-0.0499996
-0.0562348
-0.0619474
-0.0646665
-0.0740875
-0.0792330
-0.0843097
-0.0950222
-0.1048557
-0.1094619
-0.1042903
-0.0920875
-0.0781749
-0.0589401
-0.0418689
-0.0230349
-0.0004816
0.0062190
0.0177881
0.0403924
0.0551689
0.0597678
0.0634011
0.0715499
0.0861834
0.1006441
0.1040231
0.1202012
0.1413730
0.1466776
0.1487772
0.1462138
0.1368425
0.1236385
0.1071959
0.0850934
0.0591862
0.0397824
0.0210080
-0.0011326
-0.0164606
-0.0216517
-0.0331721
-0.0497014
-0.0544990
-0.0533386
-0.0544457
-0.0535924
-0.0434205
-0.0372455
-0.0367874
-0.0263528
-0.0087571
0.0032205
0.0069073
0.0098518
0.0153494
0.0261253
0.0462147
0.0681228
0.0833625
0.0938530
0.0980857
0.1045706
0.1177213
0.1238911
0.1272041
0.1327594
0.1345006
0.1330715
0.1286452
0.1212208
0.1044494
0.0882859
0.0758481
0.0618265
0.0507613
0.0373375
0.0361301
0.0404723
0.0403136
0.0398517
0.0404460
0.0483503
0.0450279
0.0326621
0.0221289
0.0074491
-0.0093816
-0.0188171
-0.0205768
-0.0198498
-0.0104405
-0.0057199
-0.0069656
0.0023443
0.0066266
-0.0036216
-0.0170903
-0.0250788
-0.0315068
-0.0388355
-0.0424879
-0.0473765
-0.0513868
-0.0513842
-0.0451734
-0.0352751
-0.0293306
-0.0212139
-0.0085440
-0.0040790
-0.0080915
-0.0059939
0.0016575
0.0062868
0.0108652
0.0182583
0.0279050
0.0348403
0.0339334
0.0321124
0.0315756
0.0229667
0.0120656
0.0001017
-0.0165451
-0.0210419
-0.0189541
-0.0193899
-0.0195637
-0.0238682
-0.0261564
-0.0317023
-0.0400885
-0.0355810
-0.0307315
-0.0280667
-0.0242601
-0.0198974
-0.0087272
-0.0107471
-0.0190558
-0.0187097
-0.0282300
-0.0395307
-0.0415932
-0.0500080
-0.0590989
-0.0588940
-0.0587645
-0.0606332
-0.0640930
-0.0723419
-0.0738915
-0.0674971
-0.0648188
-0.0570229
-0.0433153
-0.0350895
-0.0222118
-0.0004898
0.0062821
0.0031473
0.0044689
0.0040638
0.0039859
0.0060253
0.0064492
0.0086278
0.0158171
0.0219834
0.0236987
0.0154069
0.0084201
0.0057128
-0.0029403
-0.0119664
-0.0175534
-0.0199689
-0.0260596
-0.0293669
-0.0251280
-0.0265451
-0.0301715
-0.0279118
-0.0308062
-0.0339608
-0.0336548
-0.0402044
-0.0430233
-0.0424795
-0.0410040
-0.0306613
-0.0254639
-0.0266104
-0.0225638
-0.0220747
-0.0220169
-0.0104178
0.0025889
0.0043446
0.0030166
0.0183803
0.0447095
0.0579785
0.0679566
0.0802395
0.0809954
0.0799364
0.0831134
0.0767142
0.0676737
0.0663019
0.0660290
0.0658047
0.0676274
0.0676983
0.0650483
0.0528338
0.0361321
0.0294991
0.0199971
0.0048117
-0.0129444
-0.0211461
-0.0224575
-0.0260412
-0.0260259
-0.0261740
-0.0255313
-0.0246648
-0.0236444
-0.0198024
-0.0093885
-0.0024020
-0.0035221
-0.0035333
0.0030590
0.0103663
0.0131666
0.0173351
0.0205138
0.0191106
0.0184417
0.0207175
0.0201264
0.0183743
0.0161184
0.0167922
0.0247713
0.0386247
0.0500341
0.0438182
0.0333705
0.0300869
0.0218640
0.0109929
0.0048131
-0.0008073
-0.0046937
-0.0073832
-0.0129826
-0.0183206
-0.0197774
-0.0189932
-0.0193340
-0.0188720
-0.0187519
-0.0229611
-0.0324116
-0.0376054
-0.0412292
-0.0531575
-0.0646632
-0.0786370
-0.0874244
-0.0867601
-0.0880521
-0.0882901
-0.0862925
-0.0871786
-0.0950889
-0.1038400
-0.1087141
-0.1086376
-0.1024680
-0.0985421
-0.0972911
-0.0901530
-0.0870225
-0.0887467
-0.0848846
-0.0761225
-0.0666706
-0.0621393
-0.0591839
-0.0523896
-0.0435617
-0.0378352
-0.0348197
-0.0314971
-0.0272919
-0.0249221
-0.0249223
-0.0256264
-0.0248322
-0.0204950
-0.0200916
-0.0215923
-0.0197802
-0.0195548
-0.0192254
-0.0205768
-0.0261623
-0.0322303
-0.0384757
-0.0403812
-0.0372612
-0.0348297
-0.0271995
-0.0135964
-0.0045197
0.0035063
0.0091841
0.0111770
0.0138923
0.0153705
0.0156163
0.0144456
0.0126750
0.0107773
0.0085846
0.0062549
0.0059706
-0.0026902
-0.0220598
-0.0371008
-0.0475502
-0.0618185
-0.0769866
-0.0842822
-0.0868504
-0.0884977
-0.0885269
-0.0830336
-0.0782366
-0.0793244
-0.0769776
-0.0747941
-0.0686371
-0.0561682
-0.0448425
-0.0343537
-0.0225083
-0.0070280
0.0028238
0.0084195
0.0220993
0.0321950
0.0313468
0.0303869
0.0390829
0.0546331
0.0623393
0.0630939
0.0689566
0.0810190
0.0882959
0.0963159
0.1103204
0.1204373
0.1241447
0.1300923
0.1413899
0.1459912
0.1451040
0.1437917
0.1439477
0.1439931
0.1346038
0.1263066
0.1215244
0.1088877
0.1014613
0.1030798
0.1003327
0.0972143
0.0961421
0.0979249
0.1034854
0.1019563
0.0979792
0.0923498
0.0787995
0.0672987
0.0638044
0.0632939
0.0582179
0.0532435
0.0508419
0.0392440
0.0292150
0.0236591
0.0168363
0.0096805
-0.0021377
-0.0117808
-0.0169305
-0.0243039
-0.0360822
-0.0419879
-0.0478808
-0.0609255
-0.0725436
-0.0772657
-0.0773108
-0.0810568
-0.0839348
-0.0866055
-0.0944592
-0.0985334
-0.1034286
-0.1097631
-0.1106317
-0.1169128
-0.1273367
-0.1299004
-0.1219772
-0.1029995
-0.0771257
-0.0533547
-0.0352551
-0.0279898
-0.0210181
-0.0090671
-0.0031792
0.0069123
0.0119151
0.0149991
0.0340144
0.0500389
0.0610241
0.0735272
0.0836755
0.0946734
0.1042359
0.1112764
0.1129815
0.1124394
0.1180532
0.1211325
0.1217272
0.1247471
0.1213353
0.1086822
0.0983546
0.0887257
0.0762149
0.0672915
0.0562151
0.0436373
0.0360210
0.0273423
0.0121787
-0.0030283
-0.0114754
-0.0180494
-0.0289870
-0.0393351
-0.0553067
-0.0712298
-0.0800099
-0.0925044
-0.1050998
-0.1166731
-0.1255293
-0.1298171
-0.1356143
-0.1428985
-0.1369924
-0.1221279
-0.1090920
-0.0893088
-0.0691775
-0.0538538
-0.0327323
-0.0096868
0.0075120
0.0245621
0.0388206
0.0501054
0.0640327
0.0774524
0.0851894
0.0879392
0.0869306
0.0885873
0.0969935
0.1020673
0.1016948
0.1013068
0.0974556
0.0905223
0.0871806
0.0836453
0.0793366
0.0698182
0.0595453
0.0538755
0.0446930
0.0376674
0.0315360
0.0172136
-0.0021116
-0.0168374
-0.0234223
-0.0286689
-0.0319809
-0.0309494
-0.0274825
-0.0245253
-0.0202270
-0.0088268
-0.0040096
-0.0064610
-0.0046455
-0.0065319
-0.0162641
-0.0216330
-0.0240345
-0.0288533
-0.0268053
-0.0221716
-0.0241539
-0.0227479
-0.0199582
-0.0204631
-0.0150063
-0.0062853
0.0015230
0.0090923
0.0214018
0.0366987
0.0486266
0.0542063
0.0591037
0.0724578
0.0869527
0.0955726
0.0973093
0.0975106
0.0978918
0.0979308
0.1036420
0.1047998
0.1040341
0.0996036
0.0837479
0.0687215
0.0567691
0.0513185
0.0448057
0.0282321
0.0161076
0.0060882
-0.0138692
-0.0261312
-0.0345112
-0.0489050
-0.0628071
-0.0797159
-0.0865529
-0.0866542
-0.0943375
-0.1029190
-0.1101499
-0.1194733
-0.1207189
-0.1122527
-0.1051204
-0.1008026
-0.0966035
-0.0896951
-0.0846599
-0.0817194
-0.0790285
-0.0776442
-0.0775526
-0.0776663
-0.0729602
-0.0654069
-0.0610232
-0.0546405
-0.0433906
-0.0361290
-0.0290319
-0.0264389
-0.0260428
-0.0221235
-0.0262325
-0.0333106
-0.0376937
-0.0417485
-0.0486696
-0.0503363
-0.0525052
-0.0584403
-0.0581783
-0.0581477
-0.0550140
-0.0562804
-0.0626228
-0.0641041
-0.0643271
-0.0651309
-0.0613517
-0.0513008
-0.0431136
-0.0398135
-0.0357418
-0.0316751
-0.0325047
-0.0335809
-0.0300775
-0.0221573
-0.0179929
-0.0147128
-0.0069785
0.0024460
0.0121521
0.0183082
0.0203223
0.0155837
0.0091056
0.0056384
-0.0027062
-0.0118926
-0.0164649
-0.0224992
-0.0293461
-0.0293406
-0.0294568
-0.0370091
-0.0408328
-0.0338513
-0.0228200
-0.0186599
-0.0134588
-0.0032139
0.0047615
0.0103168
0.0149195
0.0232933
0.0292613
0.0306421
0.0327437
0.0346476
0.0390809
0.0497833
0.0571804
0.0560924
0.0572760
0.0613664
0.0618422
0.0570253
0.0552835
0.0538534
0.0458452
0.0407543
0.0348147
0.0309740
0.0283006
0.0217834
0.0191253
0.0112040
0.0075910
0.0158938
0.0189591
0.0259652
0.0373332
0.0420145
0.0482042
0.0521605
0.0502583
0.0440815
0.0394845
0.0418576
0.0411919
0.0414836
0.0489112
0.0461140
0.0403508
0.0403623
0.0333925
0.0234814
0.0117205
-0.0005201
-0.0055342
-0.0089587
-0.0174336
-0.0202306
-0.0199226
-0.0254488
-0.0286067
-0.0315254
-0.0383740
-0.0406970
-0.0407509
-0.0418927
-0.0422323
-0.0375444
-0.0295734
-0.0197610
-0.0007562
0.0098657
0.0110036
0.0178352
0.0274098
0.0325859
0.0410036
0.0520628
0.0545077
0.0585651
0.0671750
0.0771159
0.0831446
0.0825471
0.0774166
0.0729247
0.0694415
0.0644039
0.0551445
0.0387683
0.0225502
0.0099524
-0.0015692
-0.0171945
-0.0303350
-0.0365504
-0.0415315
-0.0489884
-0.0543725
-0.0581156
-0.0656120
-0.0658966
-0.0611260
-0.0601632
-0.0557711
-0.0510961
-0.0523837
-0.0537653
-0.0543580
-0.0543009
-0.0522788
-0.0518083
-0.0543433
-0.0574399
-0.0610502
-0.0609757
-0.0542280
-0.0502815
-0.0453129
-0.0418871
-0.0436728
-0.0416478
-0.0359036
-0.0285064
-0.0281396
-0.0294394
-0.0226748
-0.0205806
-0.0182421
-0.0070153
-0.0015337
0.0033180
0.0090304
0.0121977
0.0132238
0.0077604
0.0063411
0.0060703
-0.0028413
-0.0042042
0.0044369
0.0007154
-0.0048501
-0.0047254
-0.0032484
-0.0030432
-0.0146873
-0.0212632
-0.0236353
-0.0311357
-0.0337799
-0.0355213
-0.0404915
-0.0424282
-0.0422853
-0.0420950
-0.0389212
-0.0378711
-0.0389899
-0.0392125
-0.0364842
-0.0287113
-0.0236408
-0.0204498
-0.0115441
-0.0046842
0.0013667
0.0059303
0.0057729
0.0069510
0.0081763
0.0073727
0.0082878
0.0123705
0.0115049
0.0103399
0.0142268
0.0180392
0.0178475
0.0205228
0.0261359
0.0231134
0.0150995
0.0078413
0.0049438
0.0057826
0.0052535
0.0055860
0.0109841
0.0142117
0.0132761
0.0143919
0.0172623
0.0228267
0.0281899
0.0272369
0.0269052
0.0264948
0.0207752
0.0176939
0.0139255
0.0082935
0.0069128
0.0134901
0.0192850
0.0185330
0.0201583
0.0283401
0.0394362
0.0426758
0.0409111
0.0429291
0.0447469
0.0429958
0.0415959
0.0382805
0.0332916
0.0302752
0.0288887
0.0284031
0.0233307
0.0160025
0.0125628
0.0097889
0.0074649
0.0069787
0.0071586
0.0115788
0.0149474
0.0187362
0.0237010
0.0227009
0.0272841
0.0331009
0.0309997
0.0295971
0.0297817
0.0314231
0.0331695
0.0355892
0.0429815
0.0444982
0.0408883
0.0478218
0.0520691
0.0513414
0.0557579
0.0581945
0.0590684
0.0592732
0.0625082
0.0616756
0.0548074
0.0520668
0.0453720
0.0414218
0.0500143
0.0519826
0.0419723
0.0404291
0.0414940
0.0352566
0.0318095
0.0287876
0.0259825
0.0240747
0.0225812
0.0192477
0.0091698
0.0053699
0.0045572
-0.0020819
-0.0071956
-0.0153335
-0.0224930
-0.0259791
-0.0286519
-0.0336730
-0.0343998
-0.0285103
-0.0329620
-0.0372022
-0.0378070
-0.0387822
-0.0371736
-0.0375855
-0.0373758
-0.0373092
-0.0402045
-0.0408676
-0.0353174
-0.0314561
-0.0348216
-0.0389572
-0.0369735
-0.0326499
-0.0269306
-0.0249978
-0.0272995
-0.0272836
-0.0269649
-0.0248609
-0.0257655
-0.0278389
-0.0287893
-0.0318490
-0.0306889
-0.0263902
-0.0271416
-0.0355535
-0.0405158
-0.0482783
-0.0607706
-0.0652377
-0.0739973
-0.0841455
-0.0924297
-0.0979602
-0.0973668
-0.0983523
-0.0990711
-0.1031343
-0.1043092
-0.1035319
-0.1065828
-0.1029899
-0.0976988
-0.0914831
-0.0801306
-0.0701441
-0.0622403
-0.0472573
-0.0330717
-0.0225036
-0.0094621
0.0024595
0.0151150
0.0282359
0.0452737
0.0564654
0.0618314
0.0772405
0.0932366
0.1047219
0.1171129
0.1235419
0.1273652
0.1350144
0.1422867
0.1439482
0.1428718
0.1427244
0.1440532
0.1443733
0.1316061
0.1228604
0.1217797
0.1081568
0.0992929
0.0871316
0.0657924
0.0536471
0.0342082
0.0160233
0.0068906
-0.0137249
-0.0276576
-0.0315939
-0.0376589
-0.0411734
-0.0456987
-0.0437676
-0.0400628
-0.0411285
-0.0402294
-0.0386079
-0.0354596
-0.0304638
-0.0284084
-0.0229348
-0.0125534
-0.0069071
-0.0064886
-0.0052038
0.0040519
0.0121756
0.0123289
0.0145655
0.0207358
0.0263397
0.0285545
0.0328662
0.0371667
0.0356613
0.0338722
0.0338892
0.0345966
0.0343739
0.0367125
0.0422414
0.0489593
0.0511400
0.0514856
0.0541654
0.0545896
0.0542025
0.0536292
0.0511942
0.0450431
0.0399329
0.0350125
0.0320794
0.0292000
0.0231512
0.0200247
0.0186750
0.0184527
0.0192090
0.0156824
0.0107007
0.0123722
0.0142105
0.0161167
0.0176601
0.0196227
0.0264473
0.0329217
0.0392377
0.0409620
0.0416592
0.0495103
0.0517342
0.0444049
0.0411357
0.0401473
0.0354737
0.0298689
0.0234668
0.0187672
0.0145727
0.0080800
0.0056374
-0.0011672
-0.0172644
-0.0267730
-0.0322369
-0.0384980
-0.0417800
-0.0424752
-0.0417764
-0.0418300
-0.0415518
-0.0385757
-0.0379739
-0.0387318
-0.0350105
-0.0340003
-0.0299433
-0.0254021
-0.0244594
-0.0195578
-0.0185051
-0.0202963
-0.0192595
-0.0203338
-0.0260396
-0.0280826
-0.0295858
-0.0356034
-0.0380731
-0.0408702
-0.0467826
-0.0518135
-0.0582449
-0.0620577
-0.0641161
-0.0712696
-0.0740840
-0.0734787
-0.0729625
-0.0642125
-0.0575967
-0.0567139
-0.0517652
-0.0430256
-0.0378367
-0.0365361
-0.0351534
-0.0349304
-0.0325385
-0.0265838
-0.0260567
-0.0290757
-0.0299748
-0.0274778
-0.0236210
-0.0262499
-0.0231852
-0.0192431
-0.0257441
-0.0273410
-0.0233518
-0.0221680
-0.0228030
-0.0245280
-0.0216026
-0.0194731
-0.0202182
-0.0114198
-0.0060989
-0.0092544
-0.0056598
-0.0010895
-0.0043965
-0.0037121
0.0034355
0.0057283
0.0040144
0.0055541
0.0046030
-0.0010914
-0.0052734
-0.0154323
-0.0206032
-0.0189649
-0.0225566
-0.0222280
-0.0198763
-0.0199003
-0.0195987
-0.0195248
-0.0184071
-0.0192516
-0.0234678
-0.0223933
-0.0200927
-0.0207735
-0.0209284
-0.0193475
-0.0214422
-0.0248127
-0.0216958
-0.0233591
-0.0296471
-0.0303122
-0.0263533
-0.0256724
-0.0273774
-0.0226129
-0.0201148
-0.0201307
-0.0117325
-0.0066462
-0.0057604
-0.0030798
-0.0017754
0.0034608
0.0070242
0.0081465
0.0164591
0.0269558
0.0340438
0.0402232
0.0441476
0.0501087
0.0584018
0.0598570
0.0616830
0.0668417
0.0666629
0.0659654
0.0687647
0.0697363
0.0662453
0.0619110
0.0602530
0.0568342
0.0513712
0.0424206
0.0364779
0.0360314
0.0250775
0.0135450
0.0090659
-0.0032093
-0.0175229
-0.0201043
-0.0202538
-0.0260325
-0.0315111
-0.0340159
-0.0338618
-0.0364787
-0.0364958
-0.0340498
-0.0383110
-0.0373887
-0.0347138
-0.0372728
-0.0339964
-0.0266045
-0.0259964
-0.0263990
-0.0206973
-0.0184464
-0.0151050
-0.0042585
0.0042985
0.0060200
0.0062026
0.0090682
0.0121080
0.0137878
0.0143545
0.0096200
0.0065432
0.0066005
0.0059763
0.0049447
-0.0013707
-0.0031493
-0.0051988
-0.0163034
-0.0215697
-0.0260308
-0.0331418
-0.0384106
-0.0466463
-0.0533519
-0.0614277
-0.0661765
-0.0650929
-0.0727926
-0.0751611
-0.0681215
-0.0769140
-0.0827710
-0.0794022
-0.0850839
-0.0888192
-0.0865866
-0.0804038
-0.0777465
-0.0750085
-0.0662991
-0.0629730
-0.0606151
-0.0522191
-0.0418208
-0.0351209
-0.0314467
-0.0216636
-0.0065486
0.0042347
0.0083110
0.0105083
0.0186766
0.0284364
0.0343547
0.0402435
0.0406776
0.0411958
0.0488196
0.0509282
0.0519976
0.0564515
0.0544736
0.0526567
0.0543121
0.0513697
0.0441281
0.0413712
0.0414803
0.0401522
0.0417237
0.0398963
0.0321309
0.0298621
0.0243725
0.0113336
0.0075074
0.0056407
-0.0091141
-0.0194082
-0.0196481
-0.0250589
-0.0294296
-0.0280878
-0.0253327
-0.0251994
-0.0248533
-0.0248533
-0.0253070
-0.0222034
-0.0229590
-0.0228687
-0.0218282
-0.0214057
-0.0205243
-0.0218503
-0.0207681
-0.0196981
-0.0197286
-0.0195737
-0.0197797
-0.0140431
-0.0073788
-0.0085085
-0.0081091
-0.0063777
-0.0075747
-0.0072773
0.0003814
0.0097963
0.0107591
0.0104295
0.0153465
0.0205590
0.0229320
0.0260077
0.0288811
0.0311348
0.0345679
0.0404911
0.0490378
0.0512748
0.0548495
0.0628474
0.0659648
0.0703803
0.0729552
0.0716778
0.0731984
0.0752845
0.0783197
0.0819334
0.0808334
0.0816980
0.0813344
0.0792450
0.0755690
0.0682920
0.0629095
0.0555144
0.0521976
0.0509849
0.0432809
0.0392144
0.0402844
0.0414310
0.0429344
0.0443511
0.0410311
0.0353223
0.0379091
0.0376970
0.0336588
0.0336639
0.0318793
0.0260484
0.0199372
0.0155447
0.0111121
0.0071553
0.0060328
0.0000736
-0.0057559
0.0027471
0.0067221
-0.0023890
-0.0065535
-0.0087031
-0.0178221
-0.0216140
-0.0205501
-0.0224273
-0.0215276
-0.0216074
-0.0213400
-0.0114072
-0.0064624
-0.0054189
0.0017474
-0.0029680
-0.0063533
0.0027721
-0.0013313
-0.0057683
0.0030093
0.0054066
0.0030155
0.0049862
0.0030534
-0.0018976
0.0015139
-0.0010992
-0.0070003
-0.0050986
-0.0042921
-0.0120572
-0.0171650
-0.0135230
-0.0164166
-0.0108820
-0.0035610
-0.0041505
-0.0029219
-0.0034488
-0.0051288
-0.0153761
-0.0248007
-0.0278294
-0.0323329
-0.0343976
-0.0364877
-0.0362824
-0.0333243
-0.0328717
-0.0346989
-0.0355086
-0.0317033
-0.0313082
-0.0332002
-0.0293456
-0.0270523
-0.0293901
-0.0275658
-0.0221273
-0.0236593
-0.0226595
-0.0200459
-0.0212257
-0.0108586
0.0027132
0.0043634
0.0056586
0.0164775
0.0241446
0.0270396
0.0320017
0.0398983
0.0504029
0.0574330
0.0604035
0.0651653
0.0706127
0.0715817
0.0730969
0.0726576
0.0684231
0.0684166
0.0669768
0.0615268
0.0558562
0.0508585
0.0443453
0.0398813
0.0318227
0.0219182
0.0181076
0.0124922
0.0094514
0.0055934
0.0017356
0.0040835
0.0035423
-0.0035173
-0.0073845
-0.0115317
-0.0178473
-0.0186940
-0.0183158
-0.0196899
-0.0256641
-0.0282242
-0.0264032
-0.0285503
-0.0281875
-0.0291679
-0.0316121
-0.0294323
-0.0316511
-0.0340173
-0.0359074
-0.0402502
-0.0421291
-0.0411783
-0.0431791
-0.0486868
-0.0444184
-0.0406347
-0.0349462
-0.0278485
-0.0299206
-0.0235915
-0.0182310
-0.0200843
-0.0195897
-0.0196487
-0.0195006
-0.0197576
-0.0194035
-0.0147144
-0.0095118
-0.0058480
-0.0040608
-0.0024745
0.0022644
0.0060506
0.0083999
0.0111116
0.0168260
0.0233752
0.0283940
0.0382203
0.0486318
0.0521508
0.0555238
0.0590725
0.0639649
0.0715996
0.0728924
0.0737892
0.0768207
0.0740643
0.0734463
0.0744088
0.0686985
0.0625536
0.0583138
0.0522285
0.0436326
0.0345596
0.0233302
0.0141277
0.0092738
-0.0030432
-0.0178374
-0.0236205
-0.0242863
-0.0277988
-0.0335977
-0.0349998
-0.0375450
-0.0422596
-0.0474006
-0.0512797
-0.0525331
-0.0584326
-0.0592739
-0.0543118
-0.0556548
-0.0521265
-0.0496609
-0.0501558
-0.0415888
-0.0364471
-0.0392754
-0.0394481
-0.0379626
-0.0387237
-0.0391267
-0.0381548
-0.0416404
-0.0472583
-0.0439753
-0.0462283
-0.0530769
-0.0561313
-0.0567821
-0.0566730
-0.0583464
-0.0582588
-0.0632799
-0.0728670
-0.0749558
-0.0766518
-0.0831859
-0.0838048
-0.0840002
-0.0826317
-0.0809647
-0.0804914
-0.0784287
-0.0745707
-0.0662460
-0.0633874
-0.0640407
-0.0579931
-0.0546658
-0.0585560
-0.0534364
-0.0423212
-0.0386052
-0.0373874
-0.0294896
-0.0220144
-0.0198293
-0.0092375
0.0033968
0.0059563
0.0100092
0.0179580
0.0264916
0.0352272
0.0410558
0.0479528
0.0458003
0.0403025
0.0407951
0.0427412
0.0484714
0.0427831
0.0404278
0.0490986
0.0422512
0.0336536
0.0311197
0.0255580
0.0194143
0.0155311
0.0164401
0.0159116
0.0150848
0.0184438
0.0208509
0.0173445
0.0138590
0.0152369
0.0145231
0.0118903
0.0105886
0.0072089
0.0068399
0.0079169
0.0052492
-0.0033507
-0.0044940
0.0024971
0.0002836
0.0022890
0.0003891
-0.0058859
-0.0060012
-0.0106540
-0.0121213
-0.0131632
-0.0175121
-0.0202027
-0.0258789
-0.0265458
-0.0266282
-0.0312968
-0.0333601
-0.0380003
-0.0415219
-0.0413468
-0.0417682
-0.0416297
-0.0386059
-0.0341318
-0.0315220
-0.0266621
-0.0194748
-0.0181826
-0.0192769
-0.0148241
-0.0059971
0.0038063
0.0084945
0.0089648
0.0119257
0.0140172
0.0169415
0.0240988
0.0307971
0.0330022
0.0327151
0.0357103
0.0393484
0.0405220
0.0433724
0.0494408
0.0527960
0.0542235
0.0548128
0.0528317
0.0529595
0.0533280
0.0530582
0.0551850
0.0582373
0.0629189
0.0720239
0.0835684
0.0862840
0.0808118
0.0807262
0.0870352
0.0880028
0.0893387
0.0940262
0.0918751
0.0934911
0.0917894
0.0869429
0.0877168
0.0870860
0.0842785
0.0799702
0.0737859
0.0668639
0.0650864
0.0622100
0.0542989
0.0459887
0.0412689
0.0349543
0.0257314
0.0199125
0.0134999
0.0085600
0.0080989
0.0059612
-0.0002672
-0.0055645
-0.0111321
-0.0180176
-0.0245625
-0.0311863
-0.0382981
-0.0410604
-0.0428078
-0.0498943
-0.0448329
-0.0417276
-0.0495875
-0.0461430
-0.0403091
-0.0359675
-0.0326452
-0.0351233
-0.0329807
-0.0270533
-0.0281015
-0.0279827
-0.0259045
-0.0264642
-0.0269303
-0.0258139
-0.0213133
-0.0200804
-0.0209792
-0.0140854
-0.0088054
-0.0078937
-0.0057770
-0.0140399
-0.0097924
-0.0040709
-0.0165473
-0.0147063
-0.0109720
-0.0167796
-0.0189554
-0.0201118
-0.0191762
-0.0215867
-0.0268901
-0.0281821
-0.0284626
-0.0269607
-0.0299326
-0.0377430
-0.0346333
-0.0287127
-0.0338887
-0.0344884
-0.0311715
-0.0326959
-0.0331542
-0.0326123
-0.0322742
-0.0357677
-0.0394767
-0.0368799
-0.0366292
-0.0357051
-0.0331113
-0.0349788
-0.0323103
-0.0276803
-0.0292867
-0.0291705
-0.0262200
-0.0238577
-0.0216328
-0.0195441
-0.0110645
-0.0027496
0.0024297
0.0048422
0.0038178
0.0041294
0.0042349
0.0041782
0.0039148
0.0040280
0.0067342
0.0104396
0.0090032
0.0084027
0.0114213
0.0132948
0.0184011
0.0186448
0.0165158
0.0185789
0.0187776
0.0190535
0.0134837
0.0091473
0.0128747
0.0126686
0.0110174
0.0120711
0.0127779
0.0131527
0.0145848
0.0159709
0.0134598
0.0088335
0.0079980
0.0090712
0.0080979
0.0054805
0.0045046
0.0052569
0.0051575
0.0052056
0.0050889
0.0051912
0.0050044
0.0059931
0.0047821
-0.0000690
0.0026933
0.0058396
0.0044861
0.0050190
0.0056733
0.0049114
0.0057361
0.0053973
-0.0010703
-0.0051962
-0.0041158
-0.0066379
-0.0114202
-0.0100804
-0.0091793
-0.0113078
-0.0175581
-0.0217095
-0.0199424
-0.0206901
-0.0197940
-0.0205475
-0.0247845
-0.0217420
-0.0205324
-0.0265419
-0.0281636
-0.0285197
-0.0294888
-0.0292907
-0.0280120
-0.0260827
-0.0271962
-0.0273527
-0.0223757
-0.0193347
-0.0197903
-0.0198602
-0.0199264
-0.0197157
-0.0192273
-0.0249140
-0.0306576
-0.0278311
-0.0258680
-0.0232503
-0.0201637
-0.0206002
-0.0221852
-0.0213539
-0.0200333
-0.0203820
-0.0205976
-0.0199471
-0.0220952
-0.0192718
-0.0116512
-0.0158203
-0.0104979
-0.0029716
-0.0047520
-0.0019825
-0.0028799
-0.0046638
-0.0043717
-0.0035327
-0.0037140
-0.0046921
-0.0047183
-0.0107424
-0.0190993
-0.0218828
-0.0214773
-0.0206369
-0.0201034
-0.0198544
-0.0153903
-0.0077061
-0.0041819
-0.0053221
-0.0059569
-0.0058515
-0.0028326
0.0019108
-0.0012294
0.0007867
0.0076934
0.0107822
0.0152476
0.0175767
0.0189483
0.0205651
0.0193780
0.0203677
0.0210528
0.0203030
0.0280437
0.0343644
0.0286171
0.0256931
0.0271789
0.0224832
0.0175270
0.0118494
0.0068117
0.0055400
0.0034572
-0.0038351
-0.0075753
-0.0096461
-0.0186123
-0.0216029
-0.0221547
-0.0259070
-0.0285938
-0.0283224
-0.0282990
-0.0326703
-0.0341458
-0.0368648
-0.0376907
-0.0345010
-0.0360436
-0.0350521
-0.0316471
-0.0267259
-0.0215020
-0.0121028
0.0007149
0.0063392
0.0125445
0.0233291
0.0313029
0.0372876
0.0501515
0.0626178
0.0660313
0.0730761
0.0859399
0.0955305
0.0981869
0.1014984
0.1061826
0.1083964
0.1171253
0.1215520
0.1197551
0.1204090
0.1210020
0.1210247
0.1162420
0.1095498
0.1040953
0.1010718
0.0994459
0.0917467
0.0808145
0.0735334
0.0723371
0.0722145
0.0657381
0.0592675
0.0585088
0.0564218
0.0514015
0.0520544
0.0540413
0.0508605
0.0505858
0.0506022
0.0447561
0.0406772
0.0385845
0.0344531
0.0320729
0.0315643
0.0286359
0.0213844
0.0130306
0.0086092
0.0069720
0.0041957
-0.0024655
-0.0047377
-0.0046847
-0.0042756
0.0026809
0.0051775
0.0042284
0.0051099
0.0045590
0.0045606
0.0077409
0.0129694
0.0174890
0.0202166
0.0258382
0.0302395
0.0334463
0.0371483
0.0375762
0.0391423
0.0408006
0.0402659
0.0422663
0.0480843
0.0432499
0.0381360
0.0416057
0.0416809
0.0416582
0.0417615
0.0420687
0.0412592
0.0414591
0.0487196
0.0509257
0.0514210
0.0550401
0.0548193
0.0575668
0.0552256
0.0502041
0.0522005
0.0522433
0.0467733
0.0430335
0.0425006
0.0411394
0.0377928
0.0389940
0.0409947
0.0377064
0.0362675
0.0335343
0.0286718
0.0235510
0.0203124
0.0171185
0.0131704
0.0127959
0.0073754
-0.0013906
-0.0054304
-0.0106758
-0.0175186
-0.0223536
-0.0288918
-0.0350369
-0.0389569
-0.0456611
-0.0520318
-0.0569506
-0.0625214
-0.0708200
-0.0777696
-0.0833717
-0.0883603
-0.0869432
-0.0873692
-0.0897755
-0.0893829
-0.0890915
-0.0890149
-0.0880300
-0.0862320
-0.0857519
-0.0834628
-0.0803827
-0.0772506
-0.0672035
-0.0618261
-0.0623246
-0.0595893
-0.0560060
-0.0519443
-0.0509508
-0.0510279
-0.0513741
-0.0522508
-0.0516437
-0.0512751
-0.0565181
-0.0624379
-0.0617417
-0.0623003
-0.0648415
-0.0706419
-0.0723098
-0.0738990
-0.0758713
-0.0687966
-0.0730638
-0.0771486
-0.0762112
-0.0778830
-0.0737836
-0.0735933
-0.0769643
-0.0781015
-0.0798170
-0.0843205
-0.0874319
-0.0874329
-0.0842634
-0.0864593
-0.0954482
-0.0952225
-0.0937845
-0.0949908
-0.0944807
-0.0960307
-0.0959138
-0.0964186
-0.0961376
-0.0963423
-0.0969026
-0.0907464
-0.0868454
-0.0878488
-0.0862354
-0.0834960
-0.0764398
-0.0666854
-0.0632397
-0.0626978
-0.0589793
-0.0516160
-0.0514117
-0.0515358
-0.0416595
-0.0380323
-0.0346215
-0.0307090
-0.0285026
-0.0200687
-0.0177315
-0.0197662
-0.0141603
-0.0064264
-0.0039273
-0.0023727
-0.0037607
-0.0026464
0.0039262
0.0052995
0.0062581
0.0084004
0.0060238
0.0078736
0.0116318
0.0082940
0.0103232
0.0145224
0.0125375
0.0148592
0.0202583
0.0196706
0.0177127
0.0198588
0.0216997
0.0220582
0.0272138
0.0307515
0.0287155
0.0334831
0.0379395
0.0298550
0.0298247
0.0379323
0.0322732
0.0291319
0.0293886
0.0250687
0.0257762
0.0270449
0.0227842
0.0187152
0.0187726
0.0161045
0.0130564
0.0119955
0.0082110
0.0072211
0.0082197
0.0052582
0.0042954
0.0040163
-0.0030020
-0.0056715
-0.0075100
-0.0171747
-0.0217968
-0.0233151
-0.0225395
-0.0257963
-0.0334322
-0.0335658
-0.0334869
-0.0350347
-0.0368133
-0.0394329
-0.0416008
-0.0406869
-0.0423881
-0.0489355
-0.0442872
-0.0397226
-0.0414297
-0.0397795
-0.0397148
-0.0377487
-0.0344647
-0.0342198
-0.0355651
-0.0333035
-0.0288588
-0.0253473
-0.0203200
-0.0197036
-0.0209346
-0.0137518
-0.0042802
0.0029551
0.0062679
0.0061936
0.0109933
0.0155780
0.0171477
0.0185311
0.0173335
0.0172932
0.0216634
0.0291828
0.0348073
0.0337306
0.0372476
0.0414344
0.0412754
0.0491447
0.0549547
0.0556423
0.0603870
0.0658459
0.0667183
0.0639313
0.0698042
0.0757109
0.0734600
0.0750003
0.0729877
0.0740797
0.0845144
0.0866146
0.0821636
0.0828128
0.0868881
0.0939543
0.0973140
0.0959486
0.0970611
0.0973968
0.0965652
0.0975375
0.0973184
0.0909467
0.0887133
0.0888817
0.0866712
0.0877921
0.0853986
0.0801397
0.0770376
0.0770178
0.0727542
0.0656799
0.0652701
0.0631091
0.0571282
0.0561316
0.0551606
0.0520462
0.0510030
0.0454718
0.0358143
0.0304488
0.0258484
0.0185336
0.0146181
0.0106935
0.0039483
-0.0018560
-0.0061771
-0.0157599
-0.0228498
-0.0238717
-0.0277342
-0.0309976
-0.0278755
-0.0265263
-0.0328307
-0.0330531
-0.0314733
-0.0343923
-0.0387390
-0.0378243
-0.0332588
-0.0319491
-0.0285749
-0.0266731
-0.0218659
-0.0089236
-0.0039855
-0.0056004
0.0021131
0.0062813
0.0048350
0.0112802
0.0142665
0.0112968
0.0127433
0.0171092
0.0177494
0.0136318
0.0121879
0.0134139
0.0120176
0.0110892
0.0095856
0.0072778
0.0046937
-0.0023873
-0.0043720
-0.0038791
-0.0048472
-0.0058050
-0.0161815
-0.0215977
-0.0192561
-0.0202713
-0.0197737
-0.0198777
-0.0239624
-0.0312912
-0.0357846
-0.0355519
-0.0380942
-0.0399917
-0.0391989
-0.0420232
-0.0493183
-0.0530510
-0.0549346
-0.0602640
-0.0650324
-0.0656076
-0.0658794
-0.0740879
-0.0755598
-0.0676137
-0.0654430
-0.0647976
-0.0645123
-0.0645538
-0.0620778
-0.0604459
-0.0540664
-0.0444862
-0.0422579
-0.0417478
-0.0356294
-0.0277839
-0.0260925
-0.0297836
-0.0276431
-0.0203583
-0.0185474
-0.0191811
-0.0196537
-0.0197896
-0.0127646
-0.0047352
-0.0050922
-0.0046876
0.0030010
0.0060847
0.0056352
0.0058908
0.0055638
0.0050123
0.0061041
0.0124928
0.0136800
0.0127718
0.0186487
0.0245874
0.0283771
0.0317873
0.0338107
0.0328915
0.0318095
0.0367945
0.0393371
0.0433441
0.0477210
0.0437452
0.0458614
0.0451177
0.0475810
0.0519371
0.0437420
0.0409334
0.0418010
0.0426681
0.0483574
0.0515105
0.0531189
0.0538833
0.0523259
0.0519243
0.0525515
0.0514908
0.0508055
0.0516040
0.0511737
0.0510017
0.0508094
0.0508896
0.0545219
0.0574440
0.0541381
0.0505786
0.0519522
0.0507490
0.0434712
0.0386468
0.0428606
0.0469147
0.0433870
0.0462453
0.0441050
0.0365279
0.0382977
0.0382765
0.0386526
0.0398050
0.0341969
0.0305659
0.0304521
0.0313429
0.0373829
0.0380473
0.0320310
0.0328840
0.0378852
0.0345310
0.0335921
0.0393601
0.0417280
0.0420739
0.0431973
0.0423297
0.0389390
0.0395826
0.0406961
0.0378798
0.0330233
0.0284094
0.0235664
0.0199901
0.0156205
0.0098554
0.0056855
-0.0003839
-0.0036458
-0.0044646
-0.0061388
-0.0060481
-0.0094281
-0.0184109
-0.0232115
-0.0218637
-0.0218670
-0.0214373
-0.0213689
-0.0262551
-0.0283035
-0.0271767
-0.0291050
-0.0286461
-0.0270757
-0.0341718
-0.0407499
-0.0364800
-0.0344068
-0.0392890
-0.0403638
-0.0382276
-0.0391094
-0.0394599
-0.0383233
-0.0391728
-0.0367721
-0.0350121
-0.0394901
-0.0377896
-0.0348667
-0.0358343
-0.0340756
-0.0353086
-0.0360828
-0.0348158
-0.0361968
-0.0339733
-0.0281343
-0.0266209
-0.0252719
-0.0263431
-0.0326849
-0.0341508
-0.0313668
-0.0281159
-0.0279207
-0.0316214
-0.0314584
-0.0315685
-0.0359318
-0.0382291
-0.0393290
-0.0418669
-0.0404640
-0.0425394
-0.0489764
-0.0447269
-0.0482530
-0.0587725
-0.0618477
-0.0647494
-0.0658709
-0.0642417
-0.0650997
-0.0721275
-0.0757387
-0.0750929
-0.0737012
-0.0744584
-0.0740610
-0.0671867
-0.0645705
-0.0650468
-0.0634278
-0.0607267
-0.0595430
-0.0548531
-0.0445743
-0.0392154
-0.0343968
-0.0281596
-0.0278570
-0.0215915
-0.0100147
-0.0049972
0.0013900
0.0072936
0.0099416
0.0146575
0.0185099
0.0219196
0.0251222
0.0253868
0.0278775
0.0337964
0.0374414
0.0345320
0.0294149
0.0259609
0.0283821
0.0318748
0.0331535
0.0342524
0.0316032
0.0320394
0.0333585
0.0309656
0.0283940
0.0318215
0.0390008
0.0402343
0.0390140
0.0394836
0.0426005
0.0493375
0.0524990
0.0513348
0.0530919
0.0586079
0.0599106
0.0610991
0.0605545
0.0564092
0.0595278
0.0629000
0.0599697
0.0546344
0.0539079
0.0523706
0.0451594
0.0414125
0.0402246
0.0379691
0.0330344
0.0293998
0.0284227
0.0234117
0.0199596
0.0193355
0.0173131
0.0136191
0.0106366
0.0107461
0.0097251
0.0070385
0.0066556
0.0080618
0.0080260
0.0068094
0.0065380
0.0082618
0.0086515
0.0073600
0.0067102
0.0055243
0.0062706
0.0084744
0.0073809
0.0077154
0.0061034
0.0000409
0.0037089
0.0067437
-0.0013526
-0.0041166
-0.0038994
-0.0100217
-0.0120470
-0.0125885
-0.0181881
-0.0205891
-0.0200680
-0.0151896
-0.0101688
-0.0133356
-0.0128206
-0.0081906
-0.0077718
-0.0088817
-0.0117710
-0.0139694
-0.0120015
-0.0078836
-0.0090175
-0.0077373
-0.0043619
-0.0081120
-0.0105484
-0.0164860
-0.0203862
-0.0188408
-0.0186025
-0.0188629
-0.0229991
-0.0264621
-0.0281898
-0.0280818
-0.0272352
-0.0275930
-0.0288091
-0.0308185
-0.0328326
-0.0322109
-0.0284633
-0.0276804
-0.0245968
-0.0201255
-0.0222030
-0.0204310
-0.0101619
-0.0063376
-0.0061048
-0.0042416
-0.0039519
0.0026464
0.0073244
0.0065337
0.0104546
0.0154218
0.0180518
0.0201166
0.0211454
0.0235578
0.0271306
0.0276171
0.0309720
0.0341686
0.0296036
0.0306898
0.0362694
0.0395710
0.0390789
0.0303805
0.0284893
0.0288304
0.0204665
0.0201748
0.0196201
0.0110141
0.0095708
0.0082049
0.0039270
-0.0012406
-0.0041584
-0.0059101
-0.0165967
-0.0205242
-0.0186399
-0.0214072
-0.0201803
-0.0189007
-0.0193569
-0.0200479
-0.0189740
-0.0149465
-0.0174950
-0.0204258
-0.0190746
-0.0200575
-0.0205813
-0.0146445
-0.0070183
-0.0055151
-0.0072275
-0.0048843
0.0018351
0.0045674
0.0044121
0.0044976
0.0043292
0.0060502
0.0103179
0.0134952
0.0169432
0.0192741
0.0193035
0.0225605
0.0279688
0.0276609
0.0254015
0.0280665
0.0303751
0.0360364
0.0366478
0.0352457
0.0396063
0.0399353
0.0401573
0.0393716
0.0343581
0.0330063
0.0335989
0.0331903
0.0280850
0.0202225
0.0170793
0.0134321
0.0123065
0.0092272
0.0042051
-0.0016609
-0.0038936
-0.0059328
-0.0162354
-0.0109832
-0.0087532
-0.0132378
-0.0083775
-0.0156978
-0.0212548
-0.0187075
-0.0195050
-0.0194347
-0.0194536
-0.0191421
-0.0202408
-0.0201167
-0.0118895
-0.0056285
-0.0072736
-0.0048929
0.0026684
0.0050384
0.0039952
0.0045303
0.0050997
0.0090260
0.0120429
0.0115435
0.0117369
0.0118367
0.0144199
0.0147376
0.0133016
0.0164555
0.0189555
0.0196812
0.0238700
0.0270182
0.0278862
0.0290679
0.0310098
0.0336725
0.0317004
0.0334432
0.0389503
0.0361647
0.0311939
0.0294864
0.0273680
0.0252836
0.0290845
0.0293857
0.0212463
0.0180910
0.0176871
0.0147465
0.0101776
0.0075495
0.0060193
0.0001917
-0.0031698
-0.0089692
-0.0177424
-0.0213801
-0.0249252
-0.0258258
-0.0288897
-0.0363251
-0.0391227
-0.0399162
-0.0403876
-0.0412537
-0.0480835
-0.0567421
-0.0599283
-0.0592423
-0.0595274
-0.0589514
-0.0609781
-0.0639476
-0.0632719
-0.0627694
-0.0616664
-0.0600358
-0.0582932
-0.0608906
-0.0645658
-0.0597690
-0.0544901
-0.0561933
-0.0544444
-0.0488768
-0.0423749
-0.0407713
-0.0404175
-0.0338457
-0.0321465
-0.0269751
-0.0186607
-0.0188367
-0.0196232
-0.0149190
-0.0072409
-0.0043634
-0.0037546
0.0022214
0.0061887
0.0089637
0.0105235
0.0071151
0.0092513
0.0148571
0.0150529
0.0155705
0.0148714
0.0106394
0.0130582
0.0161693
0.0152786
0.0122765
0.0084441
0.0097829
0.0116020
0.0114145
0.0087770
0.0064209
0.0066833
0.0050121
-0.0003937
-0.0050685
-0.0049661
-0.0045599
-0.0040858
-0.0039706
-0.0055230
-0.0046584
-0.0042110
-0.0038501
-0.0032274
-0.0049386
-0.0052838
-0.0061115
-0.0058325
-0.0039521
-0.0036053
-0.0030438
-0.0039294
-0.0043461
-0.0037248
-0.0058941
-0.0099766
-0.0079771
-0.0060925
-0.0117183
-0.0135954
-0.0123804
-0.0140422
-0.0178300
-0.0201676
-0.0209204
-0.0227676
-0.0255011
-0.0263935
-0.0251839
-0.0218563
-0.0216004
-0.0271950
-0.0289337
-0.0283521
-0.0267183
-0.0250888
-0.0295669
-0.0328347
-0.0311897
-0.0282641
-0.0252033
-0.0262045
-0.0250245
-0.0200368
-0.0204846
-0.0202843
-0.0180655
-0.0193126
-0.0211989
-0.0197026
-0.0184298
-0.0189581
-0.0188773
-0.0183509
-0.0193785
-0.0179124
-0.0153447
-0.0170685
-0.0106348
-0.0050746
-0.0053490
-0.0026815
-0.0039355
-0.0044118
0.0024922
0.0056110
0.0056026
0.0075223
0.0056625
0.0056446
0.0116272
0.0144442
0.0159607
0.0191397
0.0162882
0.0178866
0.0198602
0.0167080
0.0184350
0.0196708
0.0136519
0.0086518
0.0128085
0.0137903
0.0074107
0.0054532
0.0061907
0.0066263
0.0070221
0.0069976
0.0029998
-0.0016394
0.0010000
-0.0017879
-0.0060642
-0.0063918
-0.0067491
-0.0053624
-0.0056569
-0.0065164
-0.0067860
-0.0111723
-0.0132346
-0.0097410
-0.0093623
-0.0139700
-0.0169527
-0.0088840
-0.0077767
-0.0186409
-0.0188834
-0.0108104
-0.0072150
-0.0076708
-0.0031980
0.0024661
-0.0011910
0.0015977
0.0068132
0.0049147
0.0059776
0.0112990
0.0151355
0.0151661
0.0165801
0.0180944
0.0252314
0.0314215
0.0284490
0.0236981
0.0225257
0.0220400
0.0203485
0.0199825
0.0191981
0.0170831
0.0162740
0.0151309
0.0137128
0.0158045
0.0142416
0.0136063
0.0145798
0.0091240
0.0090572
0.0124468
0.0090423
0.0066836
0.0079341
0.0081795
0.0046908
-0.0001802
-0.0036788
-0.0038544
0.0018814
-0.0010736
-0.0067304
-0.0041896
-0.0049897
-0.0033836
-0.0069445
-0.0177687
-0.0124737
-0.0089528
-0.0185065
-0.0204910
-0.0191867
-0.0196810
-0.0191507
-0.0200816
-0.0257794
-0.0278502
-0.0237856
-0.0249552
-0.0257116
-0.0256076
-0.0288568
-0.0294712
-0.0301956
-0.0321390
-0.0354476
-0.0350100
-0.0282229
-0.0281405
-0.0276336
-0.0210395
-0.0220998
-0.0197903
-0.0092104
-0.0110735
-0.0145906
-0.0060279
-0.0032261
-0.0044018
0.0025031
0.0060054
0.0072543
0.0120795
0.0117551
0.0093422
0.0091031
0.0114771
0.0139702
0.0169646
0.0185375
0.0124966
0.0123207
0.0192630
0.0206544
0.0158693
0.0120498
0.0115233
0.0114991
0.0097943
0.0065597
0.0083969
0.0122045
0.0113322
0.0062908
0.0066472
0.0084691
0.0062183
0.0067207
0.0073247
0.0067537
0.0068890
0.0108902
0.0166561
0.0193464
0.0203827
0.0211112
0.0187824
0.0190805
0.0244888
0.0256714
0.0267595
0.0301028
0.0307349
0.0306976
0.0307136
0.0305883
0.0305344
0.0294331
0.0275193
0.0265403
0.0272017
0.0284311
0.0248213
0.0204048
0.0233811
0.0256408
0.0249956
0.0240816
0.0186607
0.0174595
0.0177518
0.0127584
0.0093964
0.0065558
0.0075232
0.0084232
0.0049423
-0.0019898
-0.0071912
-0.0037985
-0.0029323
-0.0118710
-0.0194800
-0.0194394
-0.0199956
-0.0271423
-0.0307600
-0.0280896
-0.0278174
-0.0279314
-0.0320631
-0.0340300
-0.0286171
-0.0270050
-0.0277963
-0.0278269
-0.0264393
-0.0212382
-0.0181850
-0.0207740
-0.0192811
-0.0100316
-0.0053284
-0.0060850
-0.0045312
0.0019275
0.0060145
0.0057568
0.0069822
0.0087254
0.0118808
0.0148888
0.0136776
0.0137193
0.0167291
0.0160662
0.0185626
0.0201679
0.0180833
0.0188571
0.0185061
0.0190567
0.0201783
0.0187445
0.0154317
0.0148938
0.0203387
0.0218085
0.0188226
0.0192701
0.0189045
0.0180680
0.0209074
0.0202765
0.0134591
0.0145620
0.0183648
0.0126917
0.0118421
0.0138208
0.0142211
0.0173994
0.0143273
0.0116348
0.0141885
0.0154676
0.0141991
0.0138231
0.0175531
0.0203277
0.0198425
0.0204187
0.0207305
0.0203248
0.0258175
0.0294491
0.0281672
0.0285937
0.0293519
0.0299351
0.0304212
0.0294079
0.0293332
0.0276079
0.0250160
0.0266017
0.0234505
0.0174229
0.0171253
0.0197958
0.0193116
0.0185973
0.0190098
0.0206950
0.0247005
0.0210382
0.0157936
0.0171186
0.0191145
0.0202362
0.0194955
0.0190977
0.0213366
0.0272810
0.0284354
0.0241668
0.0291380
0.0345290
0.0321729
0.0310023
0.0316750
0.0310506
0.0309717
0.0331682
0.0322041
0.0289543
0.0281979
0.0287230
0.0258603
0.0187666
0.0172185
0.0166700
0.0112467
0.0081591
0.0052961
-0.0020576
-0.0070822
-0.0058567
-0.0088328
-0.0177971
-0.0205761
-0.0198913
-0.0248046
-0.0301876
-0.0320878
-0.0328168
-0.0348235
-0.0379600
-0.0355388
-0.0342193
-0.0371891
-0.0380168
-0.0400972
-0.0420015
-0.0401271
-0.0417901
-0.0478939
-0.0444583
-0.0390979
-0.0412311
-0.0499129
-0.0515820
-0.0432275
-0.0466973
-0.0522665
-0.0514348
-0.0502100
-0.0501036
-0.0516722
-0.0529970
-0.0524805
-0.0513804
-0.0489328
-0.0442761
-0.0462742
-0.0446420
-0.0391529
-0.0382109
-0.0385250
-0.0375587
-0.0339205
-0.0308734
-0.0283658
-0.0273512
-0.0242282
-0.0214435
-0.0203392
-0.0187496
-0.0201749
-0.0196403
-0.0116103
-0.0057047
-0.0049709
-0.0067364
-0.0048563
0.0029756
-0.0017712
-0.0048128
0.0031336
0.0056404
0.0070779
0.0080883
0.0075950
0.0092742
0.0117661
0.0095267
0.0050286
0.0052060
0.0046882
0.0063751
0.0037637
-0.0010741
0.0058134
0.0033376
-0.0053681
-0.0099836
-0.0091599
-0.0059613
-0.0071464
-0.0043720
-0.0043584
-0.0080917
-0.0071214
-0.0036436
-0.0038696
-0.0033625
0.0029333
0.0052590
0.0044058
0.0060104
0.0065442
0.0115738
0.0179190
0.0185672
0.0196312
0.0198271
0.0188496
0.0198844
0.0223761
0.0239574
0.0215731
0.0250524
0.0301618
0.0279307
0.0231603
0.0203509
0.0190470
0.0184291
0.0201975
0.0157095
0.0106972
0.0108288
0.0073423
0.0051380
0.0061652
0.0041765
-0.0037907
-0.0070915
-0.0072264
-0.0118718
-0.0077369
-0.0059801
-0.0169433
-0.0202267
-0.0188613
-0.0208827
-0.0207765
-0.0233298
-0.0204528
-0.0192980
-0.0183278
-0.0090251
-0.0149297
-0.0214569
-0.0137757
-0.0078318
-0.0059845
-0.0059161
-0.0047409
0.0025003
0.0071568
0.0068743
0.0072429
0.0070220
0.0118201
0.0145734
0.0133299
0.0131759
0.0151602
0.0188453
0.0152158
0.0109218
0.0142954
0.0199549
0.0193653
0.0186143
0.0251837
0.0275797
0.0284492
0.0302238
0.0281256
0.0290211
0.0325901
0.0334470
0.0320437
0.0346375
0.0387871
0.0405382
0.0407477
0.0370073
0.0359030
0.0394579
0.0395927
0.0368537
0.0333779
0.0319468
0.0335447
0.0327817
0.0287955
0.0254417
0.0218247
0.0187450
0.0125135
0.0094053
0.0008131
0.0068970
0.0294134
0.0108928
-0.0161428
-0.0124782
0.0054133
-0.0068354
-0.0245971
-0.0230319
-0.0276762
-0.0259986
-0.0248268
-0.0295745
-0.0320385
-0.0309440
-0.0336298
-0.0339169
-0.0345923
-0.0359080
-0.0317910
-0.0330567
-0.0349402
-0.0336483
-0.0332483
-0.0327399
-0.0320566
-0.0307130
-0.0325540
-0.0321715
-0.0278183
-0.0281970
-0.0279882
-0.0265494
-0.0262999
-0.0221358
-0.0186927
-0.0198303
-0.0194037
-0.0153825
-0.0119003
-0.0081202
-0.0082284
-0.0124618
-0.0117825
-0.0076331
-0.0038701
-0.0040154
-0.0069367
-0.0065341
-0.0049720
-0.0067318
-0.0070668
-0.0055496
-0.0062301
-0.0060307
-0.0054751
-0.0064083
-0.0042762
0.0013687
-0.0022360
-0.0057466
-0.0031685
-0.0045645
-0.0053067
-0.0038658
-0.0041618
-0.0037647
0.0026451
0.0054825
0.0042200
0.0047020
0.0046320
0.0049462
0.0055340
0.0052454
0.0049023
0.0056245
0.0057496
-0.0005326
-0.0024192
0.0037863
0.0003228
-0.0038050
-0.0031468
-0.0049282
-0.0062850
-0.0058775
-0.0043931
-0.0091724
-0.0176872
-0.0200328
-0.0213544
-0.0223307
-0.0237555
-0.0276535
-0.0268599
-0.0244219
-0.0271072
-0.0340490
-0.0348025
-0.0316020
-0.0276022
-0.0273774
-0.0330775
-0.0298388
-0.0257735
-0.0281953
-0.0283745
-0.0233487
-0.0206557
-0.0201634
-0.0205255
-0.0204228
-0.0094893
-0.0016858
-0.0053779
-0.0047633
0.0045497
0.0107879
0.0139077
0.0146818
0.0122273
0.0172994
0.0212265
0.0190239
0.0180499
0.0237542
0.0306178
0.0314422
0.0271065
0.0214549
0.0269159
0.0312132
0.0273749
0.0263997
0.0269848
0.0227154
0.0182486
0.0207992
0.0215317
0.0194841
0.0234061
0.0262692
0.0208005
0.0197063
0.0246157
0.0261622
0.0281993
0.0320900
0.0322254
0.0339779
0.0391881
0.0402086
0.0391650
0.0426446
0.0489596
0.0506087
0.0498051
0.0498698
0.0500593
0.0524025
0.0534831
0.0539968
0.0540257
0.0523505
0.0537219
0.0547405
0.0516112
0.0535472
0.0528133
0.0453704
0.0483939
0.0544138
0.0500765
0.0455542
0.0481652
0.0458046
0.0414838
0.0368560
0.0314038
0.0347661
0.0384444
0.0326420
0.0286351
0.0295669
0.0279910
0.0221055
0.0183089
0.0216095
0.0207911
0.0176317
0.0196380
0.0191175
0.0189461
0.0208730
0.0183501
0.0145140
0.0092855
0.0098998
0.0140557
0.0149040
0.0107543
0.0067242
0.0080960
0.0075666
0.0071214
0.0082338
0.0082209
0.0063078
0.0077366
0.0068292
-0.0013599
-0.0051516
-0.0030144
-0.0037530
-0.0108073
-0.0194218
-0.0181989
-0.0119918
-0.0181048
-0.0220244
-0.0215530
-0.0270439
-0.0301096
-0.0312577
-0.0355603
-0.0399206
-0.0402742
-0.0398833
-0.0391109
-0.0401924
-0.0381322
-0.0330463
-0.0312312
-0.0272028
-0.0262971
-0.0303382
-0.0277683
-0.0250930
-0.0250115
-0.0205693
-0.0180725
-0.0203470
-0.0192616
-0.0088661
-0.0032826
-0.0055519
-0.0085627
-0.0117293
-0.0068486
-0.0049337
-0.0108587
-0.0088915
-0.0044341
-0.0032503
-0.0050783
-0.0101114
-0.0071725
-0.0043396
-0.0104644
-0.0146387
-0.0136816
-0.0087884
-0.0061069
-0.0051522
-0.0049957
-0.0095085
-0.0102469
-0.0105346
-0.0096703
-0.0058775
-0.0078365
-0.0085159
-0.0058098
-0.0042713
-0.0041127
-0.0039891
-0.0042954
-0.0035398
-0.0044101
-0.0049496
0.0022924
0.0055818
0.0036520
0.0052573
0.0075955
0.0060621
0.0040759
0.0052323
0.0059578
0.0044916
0.0044088
0.0075551
0.0059158
0.0051590
0.0038750
-0.0010383
0.0020075
0.0001828
-0.0060164
-0.0048330
-0.0053291
-0.0160467
-0.0207949
-0.0121871
-0.0109620
-0.0172534
-0.0196566
-0.0208222
-0.0194907
-0.0184774
-0.0203798
-0.0231191
-0.0260856
-0.0222503
-0.0200024
-0.0204400
-0.0198060
-0.0197683
-0.0189552
-0.0192868
-0.0192574
-0.0192786
-0.0194079
-0.0194526
-0.0192838
-0.0198615
-0.0199196
-0.0147234
-0.0116782
-0.0189581
-0.0205584
-0.0099163
-0.0048105
-0.0028579
-0.0033448
-0.0055193
0.0020767
0.0094051
0.0048042
-0.0028195
0.0025319
0.0077723
0.0062755
0.0097676
0.0138926
0.0140925
0.0154648
0.0190898
0.0166379
0.0137076
0.0175807
0.0212161
0.0203550
0.0169790
0.0165090
0.0193423
0.0202988
0.0167996
0.0169650
0.0196679
0.0199761
0.0233513
0.0206271
0.0179041
0.0235992
0.0265473
0.0263215
0.0239395
0.0206738
0.0202051
0.0203692
0.0205936
0.0205285
0.0167639
0.0161766
0.0145319
0.0073662
0.0093040
0.0132149
0.0077790
0.0003026
-0.0039155
-0.0028049
-0.0032691
-0.0149965
-0.0207908
-0.0178119
-0.0196657
-0.0249738
-0.0296656
-0.0324745
-0.0326930
-0.0277141
-0.0280318
-0.0329998
-0.0392803
-0.0405835
-0.0359111
-0.0381697
-0.0391279
-0.0389228
-0.0396794
-0.0404583
-0.0393492
-0.0336527
-0.0348619
-0.0352047
-0.0338623
-0.0358166
-0.0288296
-0.0237679
-0.0249026
-0.0248726
-0.0253450
-0.0268959
-0.0284390
-0.0240649
-0.0233836
-0.0281774
-0.0256391
-0.0197229
-0.0198911
-0.0220062
-0.0197206
-0.0188854
-0.0188766
-0.0201700
-0.0194913
-0.0078606
-0.0016488
-0.0058735
-0.0045738
0.0030786
0.0061995
0.0051632
0.0066451
0.0068124
0.0108179
0.0182402
0.0172364
0.0182608
0.0203012
0.0201549
0.0233693
0.0213944
0.0176141
0.0172322
0.0181122
0.0121740
0.0067087
0.0101798
0.0069334
-0.0018293
-0.0027595
-0.0024527
-0.0043252
-0.0052733
-0.0118416
-0.0184307
-0.0196003
-0.0209226
-0.0210067
-0.0240756
-0.0267636
-0.0216829
-0.0187727
-0.0243358
-0.0282675
-0.0260174
-0.0287032
-0.0305925
-0.0275116
-0.0265277
-0.0275015
-0.0278427
-0.0263174
-0.0287421
-0.0311045
-0.0274573
-0.0244839
-0.0268273
-0.0264447
-0.0210801
-0.0190788
-0.0203404
-0.0233996
-0.0225170
-0.0198557
-0.0212828
-0.0216746
-0.0206651
-0.0188318
-0.0147634
-0.0183321
-0.0194516
-0.0142186
-0.0165169
-0.0164492
-0.0170344
-0.0168436
-0.0093456
-0.0051214
-0.0161902
-0.0211070
-0.0105385
-0.0120397
-0.0142680
-0.0097611
-0.0126117
-0.0119915
-0.0054368
-0.0054871
-0.0071122
-0.0055371
-0.0051248
-0.0047774
-0.0051237
-0.0063974
-0.0052325
-0.0043184
-0.0037655
-0.0042499
-0.0049113
0.0037774
0.0053967
-0.0027384
0.0014655
0.0074871
0.0038255
-0.0022673
0.0016324
0.0065466
0.0047875
0.0052593
0.0079210
0.0075129
0.0067563
0.0112067
0.0123820
0.0099702
0.0098866
0.0121800
0.0138867
0.0152465
0.0194886
0.0202959
0.0191873
0.0204690
0.0193329
0.0229700
0.0293666
0.0314019
0.0309838
0.0326976
0.0399353
0.0409026
0.0421398
0.0498318
0.0522402
0.0528587
0.0531324
0.0514543
0.0537193
0.0592128
0.0579568
0.0564184
0.0593512
0.0563653
0.0561864
0.0590090
0.0551252
0.0532316
0.0555205
0.0539270
0.0532783
0.0508259
0.0459046
0.0487516
0.0442384
0.0384663
0.0385481
0.0340682
0.0286895
0.0267179
0.0259719
0.0208219
0.0192507
0.0173701
0.0141863
0.0117912
0.0092786
0.0077379
0.0050376
0.0034213
-0.0009364
-0.0034092
-0.0030493
-0.0055056
-0.0125648
-0.0193683
-0.0203863
-0.0194858
-0.0201002
-0.0216815
-0.0217416
-0.0239584
-0.0255868
-0.0264431
-0.0273527
-0.0254472
-0.0293088
-0.0327249
-0.0265688
-0.0259112
-0.0318300
-0.0296432
-0.0278700
-0.0284224
-0.0257496
-0.0271471
-0.0312587
-0.0315555
-0.0277648
-0.0252790
-0.0267769
-0.0268766
-0.0275332
-0.0283831
-0.0231849
-0.0192027
-0.0205259
-0.0193663
-0.0203358
-0.0185761
-0.0095258
-0.0154882
-0.0218724
-0.0144965
-0.0082108
-0.0048561
-0.0050592
-0.0073511
-0.0034307
0.0048421
0.0049690
0.0040957
0.0066498
0.0054609
0.0051790
0.0066168
0.0103593
0.0138324
0.0138482
0.0134314
0.0137482
0.0170533
0.0199147
0.0207444
0.0209591
0.0237827
0.0299807
0.0313256
0.0285220
0.0292795
0.0332363
0.0344018
0.0330133
0.0339111
0.0353974
0.0325957
0.0329605
0.0379590
0.0347778
0.0329105
0.0357932
0.0346820
0.0330693
0.0326540
0.0355470
0.0374118
0.0363365
0.0345404
0.0302203
0.0298356
0.0303171
0.0263671
0.0250585
0.0245423
0.0204173
0.0144066
0.0138039
0.0127355
0.0080866
0.0066797
0.0064287
0.0047769
-0.0006051
-0.0046489
-0.0045280
-0.0066210
-0.0158888
-0.0202118
-0.0182217
-0.0189421
-0.0201180
-0.0216481
-0.0203496
-0.0202697
-0.0250726
-0.0252600
-0.0244321
-0.0273619
-0.0241204
-0.0212440
-0.0268339
-0.0259278
-0.0209759
-0.0240475
-0.0261054
-0.0250957
-0.0217857
-0.0194926
-0.0189036
-0.0185805
-0.0208097
-0.0196056
-0.0182508
-0.0188153
-0.0186849
-0.0187918
-0.0188178
-0.0187974
-0.0188288
-0.0187857
-0.0188960
-0.0188905
-0.0189010
-0.0187721
-0.0190338
-0.0185490
-0.0196887
-0.0181427
-0.0156492
-0.0164510
-0.0107453
-0.0100331
-0.0104339
-0.0031393
-0.0066197
-0.0162448
-0.0092348
-0.0025534
-0.0037892
-0.0036177
-0.0042903
0.0023268
0.0063068
0.0048177
-0.0001198
-0.0056915
-0.0045900
-0.0028644
-0.0034312
-0.0041643
-0.0037591
-0.0040807
-0.0034918
-0.0048949
-0.0030181
0.0029097
0.0006500
0.0022776
0.0060910
0.0042978
0.0057560
0.0046187
-0.0018194
0.0024906
0.0088617
0.0064973
0.0039779
0.0001088
0.0025142
0.0057579
0.0072351
0.0050374
-0.0010031
0.0026938
-0.0001883
-0.0053098
-0.0018802
-0.0029849
-0.0032961
-0.0030093
-0.0035244
-0.0067108
-0.0164421
-0.0142378
-0.0103408
-0.0177683
-0.0198323
-0.0186990
-0.0191975
-0.0190721
-0.0193040
-0.0190737
-0.0193694
-0.0200325
-0.0209802
-0.0252853
-0.0262496
-0.0239319
-0.0223488
-0.0212755
-0.0229343
-0.0233096
-0.0220588
-0.0203494
-0.0189041
-0.0205417
-0.0199345
-0.0104850
-0.0044267
-0.0068784
-0.0044485
0.0030853
0.0052776
0.0043781
0.0045038
0.0049235
0.0061276
0.0075187
0.0100230
0.0084128
0.0050721
0.0067694
0.0105970
0.0130057
0.0142744
0.0135640
0.0105923
0.0088187
0.0086287
0.0088738
0.0082069
0.0060832
0.0048864
0.0046707
0.0054841
0.0081391
0.0076494
0.0050741
0.0044031
0.0052564
0.0049088
-0.0001238
-0.0039368
-0.0036014
-0.0021710
-0.0039045
-0.0062085
-0.0053992
-0.0024911
-0.0033048
-0.0113443
-0.0110256
-0.0059901
-0.0087037
-0.0095387
-0.0095423
-0.0166132
-0.0199576
-0.0183245
-0.0189627
-0.0186578
-0.0182849
-0.0209879
-0.0243566
-0.0221953
-0.0194298
-0.0205256
-0.0230703
-0.0248855
-0.0251398
-0.0258266
-0.0269114
-0.0285099
-0.0287013
-0.0298874
-0.0316663
-0.0309221
-0.0283782
-0.0294754
-0.0348894
-0.0350119
-0.0318362
-0.0303016
-0.0276527
-0.0257373
-0.0269647
-0.0271702
-0.0266796
-0.0284234
-0.0281363
-0.0264486
-0.0235746
-0.0193462
-0.0211432
-0.0197477
-0.0095340
-0.0119794
-0.0149273
-0.0059339
-0.0053349
-0.0053272
-0.0047120
-0.0046324
0.0025340
0.0070811
0.0059061
0.0052997
0.0094470
0.0114873
0.0112221
0.0132957
0.0152913
0.0171920
0.0193605
0.0254170
0.0305590
0.0344079
0.0382584
0.0355263
0.0396359
0.0443163
0.0421332
0.0483930
0.0522019
0.0510732
0.0524646
0.0531118
0.0545924
0.0541833
0.0520869
0.0528655
0.0536518
0.0510796
0.0516463
0.0517931
0.0442260
0.0403367
0.0406859
0.0396048
0.0385129
0.0359763
0.0314214
0.0285227
0.0277126
0.0247046
0.0216782
0.0196669
0.0203411
0.0196744
0.0141590
0.0122880
0.0136295
0.0128025
0.0111342
0.0101683
0.0082625
0.0093179
0.0081843
0.0036276
0.0040559
0.0059449
0.0057485
0.0045624
0.0060677
0.0073150
0.0068062
0.0070023
0.0056917
0.0054946
0.0053797
0.0039406
0.0038397
0.0038464
0.0060226
0.0077735
0.0047884
0.0049752
0.0077458
0.0064966
0.0053492
0.0048392
0.0038335
0.0048529
0.0045831
-0.0019870
-0.0057907
-0.0022275
-0.0037515
-0.0052378
0.0018043
0.0062575
0.0039457
-0.0027755
-0.0046534
-0.0027979
-0.0048534
-0.0054990
-0.0050447
-0.0046673
-0.0043798
-0.0059621
-0.0053327
-0.0034327
-0.0019620
0.0030962
0.0054376
0.0041442
0.0047091
0.0065012
0.0066454
0.0044598
0.0043636
0.0074799
0.0086395
0.0076796
0.0063918
0.0068088
0.0102616
0.0089634
0.0092877
0.0120341
0.0088991
0.0084348
0.0094399
0.0061523
0.0059869
0.0102287
0.0075035
0.0055760
0.0078813
0.0064159
0.0057538
0.0069585
0.0077280
0.0070451
0.0098606
0.0140151
0.0137609
0.0135756
0.0176449
0.0207670
0.0188552
0.0177117
0.0219617
0.0280785
0.0286096
0.0261538
0.0257630
0.0247144
0.0241814
0.0255482
0.0257528
0.0269615
0.0290916
0.0294465
0.0276862
0.0269940
0.0269224
0.0237007
0.0242199
0.0220952
0.0179096
0.0199640
0.0215205
0.0200332
0.0160622
0.0124043
0.0150339
0.0180480
0.0142311
0.0108104
0.0107840
0.0119620
0.0083387
0.0056757
0.0073356
0.0066151
0.0057436
0.0051482
0.0039380
0.0050360
0.0038404
-0.0023174
0.0022884
0.0055757
-0.0034053
-0.0047215
-0.0028590
-0.0047725
-0.0056092
-0.0049364
-0.0055023
-0.0089942
-0.0115918
-0.0110727
-0.0085359
-0.0087035
-0.0080002
-0.0106842
-0.0127042
-0.0060615
-0.0038038
-0.0051450
-0.0037844
-0.0025348
-0.0016305
0.0031261
0.0073891
0.0083983
0.0070575
0.0069444
0.0114572
0.0135411
0.0138359
0.0161636
0.0191260
0.0192493
0.0219896
0.0262744
0.0230128
0.0194750
0.0202333
0.0204660
0.0206162
0.0193707
0.0146681
0.0126418
0.0133953
0.0103262
0.0092175
0.0106455
0.0075295
0.0049847
-0.0006382
-0.0054245
-0.0031258
-0.0015593
-0.0029482
-0.0043012
-0.0033743
-0.0045765
-0.0061631
-0.0061743
-0.0053510
-0.0037425
-0.0042720
-0.0047917
-0.0032589
-0.0021722
-0.0041047
-0.0060765
-0.0049645
-0.0033196
-0.0029664
-0.0038149
-0.0055764
-0.0057285
-0.0054534
-0.0038517
-0.0018636
-0.0055823
-0.0064593
-0.0025266
-0.0049355
-0.0052654
-0.0027876
-0.0053346
-0.0050831
-0.0039746
-0.0043980
-0.0033853
-0.0042483
-0.0102069
-0.0112517
-0.0050486
-0.0032975
-0.0026724
-0.0027438
-0.0053841
-0.0036049
-0.0026479
-0.0042303
-0.0059515
-0.0091862
-0.0080084
-0.0051240
-0.0052397
-0.0072154
-0.0119830
-0.0175494
-0.0190191
-0.0182658
-0.0182550
-0.0196536
-0.0235383
-0.0243867
-0.0245998
-0.0236422
-0.0212627
-0.0247339
-0.0259395
-0.0256576
-0.0253891
-0.0248920
-0.0259431
-0.0244899
-0.0228303
-0.0215052
-0.0198572
-0.0186563
-0.0178249
-0.0191393
-0.0187516
-0.0088573
-0.0018508
-0.0025587
-0.0030840
-0.0013761
0.0040166
0.0065797
0.0073241
0.0100312
0.0134898
0.0185499
0.0243376
0.0224015
0.0209906
0.0255009
0.0243496
0.0272368
0.0279694
0.0235061
0.0299303
0.0344572
0.0267811
0.0257249
0.0296060
0.0254466
0.0218452
0.0206043
0.0187977
0.0187687
0.0188486
0.0163612
0.0155129
0.0159141
0.0147245
0.0141617
0.0131980
0.0126937
0.0144168
0.0150539
0.0109503
0.0076943
0.0083871
0.0067356
0.0051785
0.0072391
0.0056022
-0.0010058
-0.0036605
-0.0035144
-0.0048277
-0.0033348
-0.0045623
-0.0102425
-0.0114524
-0.0158050
-0.0198601
-0.0179807
-0.0187317
-0.0206582
-0.0204397
-0.0217381
-0.0255149
-0.0271449
-0.0260661
-0.0256685
-0.0250125
-0.0269767
-0.0324453
-0.0336304
-0.0341413
-0.0331960
-0.0343112
-0.0393803
-0.0373902
-0.0343216
-0.0385484
-0.0411364
-0.0399082
-0.0406637
-0.0397665
-0.0398899
-0.0477408
-0.0510913
-0.0422610
-0.0394879
-0.0469343
-0.0503950
-0.0498970
-0.0498761
-0.0514302
-0.0501255
-0.0425317
-0.0472428
-0.0521894
-0.0434120
-0.0459701
-0.0502952
-0.0505080
-0.0510573
-0.0434655
-0.0401776
-0.0417219
-0.0412076
-0.0414873
-0.0412091
-0.0402672
-0.0401909
-0.0404885
-0.0396073
-0.0347640
-0.0308977
-0.0307999
-0.0289341
-0.0265003
-0.0230797
-0.0227472
-0.0247107
-0.0208032
-0.0183048
-0.0198294
-0.0196711
-0.0150800
-0.0095625
-0.0073616
-0.0051000
-0.0035345
-0.0043029
-0.0039770
-0.0035053
-0.0020124
-0.0036290
-0.0024577
0.0024886
-0.0015432
0.0010596
0.0072214
0.0046545
-0.0008783
-0.0041618
-0.0028372
0.0040582
0.0055111
-0.0015058
0.0030649
0.0068080
-0.0000112
-0.0036820
-0.0036792
-0.0016028
-0.0023793
-0.0047596
-0.0063147
-0.0078044
-0.0073275
-0.0078263
-0.0097299
-0.0104332
-0.0098125
-0.0151887
-0.0207752
-0.0173751
-0.0117487
-0.0156144
-0.0198784
-0.0179122
-0.0186799
-0.0197388
-0.0189619
-0.0184261
-0.0186424
-0.0187052
-0.0182464
-0.0190266
-0.0204485
-0.0194929
-0.0228551
-0.0253395
-0.0208047
-0.0197440
-0.0210208
-0.0219287
-0.0237015
-0.0214909
-0.0188600
-0.0190152
-0.0197316
-0.0204717
-0.0182871
-0.0187169
-0.0232181
-0.0206122
-0.0176794
-0.0188148
-0.0188458
-0.0182108
-0.0195689
-0.0188039
-0.0087760
-0.0048311
-0.0058922
-0.0027713
-0.0025735
-0.0045288
-0.0034861
0.0043275
0.0058121
-0.0009435
-0.0031311
-0.0018428
0.0025850
0.0072901
0.0038307
-0.0025891
0.0017864
0.0005523
-0.0055456
-0.0040639
-0.0046094
-0.0038963
-0.0018759
-0.0038755
-0.0045850
-0.0054520
-0.0038897
0.0021135
-0.0002941
0.0013473
0.0066688
0.0074576
0.0077092
0.0095967
0.0132708
0.0109840
0.0121074
0.0140871
0.0149295
0.0184977
0.0171283
0.0184002
0.0196546
0.0179947
0.0199661
0.0200926
0.0189581
0.0194665
0.0194426
0.0180089
0.0165288
0.0176419
0.0166283
0.0147907
0.0184856
0.0196621
0.0167032
0.0184538
0.0194123
0.0196549
0.0204430
0.0168327
0.0136479
0.0132046
0.0148589
0.0151585
0.0123571
0.0104406
0.0129255
0.0143923
0.0121474
0.0097996
0.0082405
0.0072744
0.0068745
0.0066648
0.0070612
0.0094581
0.0073014
0.0068853
0.0107149
0.0103762
0.0095296
0.0073403
0.0097542
0.0160609
0.0196641
0.0195201
0.0183544
0.0182079
0.0188263
0.0252957
0.0305711
0.0309351
0.0317981
0.0340271
0.0324741
0.0307314
0.0321836
0.0346507
0.0386868
0.0369919
0.0326115
0.0325515
0.0368027
0.0400450
0.0351382
0.0304574
0.0314006
0.0295706
0.0270988
0.0295581
0.0324323
0.0283246
0.0226615
0.0261372
0.0276598
0.0238431
0.0194597
0.0155693
0.0196042
0.0218530
0.0143585
0.0133948
0.0146042
0.0081651
0.0104301
0.0134096
0.0079229
0.0069103
0.0076010
0.0051692
0.0048667
0.0064289
0.0053899
0.0047746
0.0051556
0.0045724
0.0047563
0.0053263
0.0050386
0.0045755
0.0047492
0.0053566
0.0052326
0.0046087
0.0064934
0.0084018
0.0054864
0.0064741
0.0106098
0.0102119
0.0093953
0.0087050
0.0097150
0.0112946
0.0159441
0.0159181
0.0120068
0.0130827
0.0126501
0.0132404
0.0146162
0.0154836
0.0148053
0.0115935
0.0113608
0.0150172
0.0182967
0.0160830
0.0127810
0.0134058
0.0133101
0.0134785
0.0131787
0.0123812
0.0100544
0.0073244
0.0101664
0.0108275
0.0093187
0.0123059
0.0120619
0.0082312
0.0096874
0.0110047
0.0126769
0.0130788
0.0101851
0.0140029
0.0189169
0.0183122
0.0189994
0.0200858
0.0197923
0.0237637
0.0256313
0.0272760
0.0299969
0.0304677
0.0306574
0.0301941
0.0360033
0.0398057
0.0418442
0.0475567
0.0453164
0.0477924
0.0518459
0.0496606
0.0521105
0.0532386
0.0526768
0.0534156
0.0526789
0.0546116
0.0584534
0.0575346
0.0568866
0.0587666
0.0587949
0.0533297
0.0512111
0.0564103
0.0559776
0.0537557
0.0521412
0.0511693
0.0509719
0.0447616
0.0409587
0.0408382
0.0378339
0.0335929
0.0313025
0.0286978
0.0225884
0.0186110
0.0172760
0.0162055
0.0139956
0.0108144
0.0119223
0.0094946
0.0064025
0.0090606
0.0070856
0.0048609
0.0053978
0.0046053
0.0055644
0.0051583
-0.0012680
-0.0050319
-0.0029885
-0.0034487
-0.0054169
-0.0064825
-0.0051804
-0.0029002
-0.0109627
-0.0195617
-0.0119485
-0.0066136
-0.0118194
-0.0117552
-0.0079739
-0.0068926
-0.0112031
-0.0194944
-0.0192968
-0.0110706
-0.0098042
-0.0137024
-0.0176385
-0.0196367
-0.0188363
-0.0190853
-0.0191226
-0.0189893
-0.0190346
-0.0190590
-0.0191396
-0.0191198
-0.0189689
-0.0189792
-0.0206683
-0.0200936
-0.0197056
-0.0231255
-0.0220527
-0.0229025
-0.0268205
-0.0259518
-0.0250132
-0.0269004
-0.0266030
-0.0258883
-0.0287217
-0.0280972
-0.0259388
-0.0282363
-0.0315277
-0.0320186
-0.0305752
-0.0303135
-0.0301921
-0.0304554
-0.0326517
-0.0320846
-0.0272939
-0.0244623
-0.0291072
-0.0306164
-0.0266285
-0.0277544
-0.0257060
-0.0201848
-0.0183564
-0.0183495
-0.0179168
-0.0189049
-0.0176049
-0.0124161
-0.0152050
-0.0201127
-0.0181424
-0.0080393
-0.0035871
-0.0064789
-0.0061561
-0.0146660
-0.0193623
-0.0180709
-0.0186438
-0.0104956
-0.0010409
-0.0051656
-0.0154177
-0.0146786
-0.0156083
-0.0192175
-0.0178800
-0.0181449
-0.0182071
-0.0182001
-0.0181356
-0.0181369
-0.0182950
-0.0179681
-0.0179702
-0.0193407
-0.0197329
-0.0184277
-0.0178186
-0.0181917
-0.0174173
-0.0189072
-0.0225196
-0.0220766
-0.0176378
-0.0079313
-0.0081077
-0.0174143
-0.0184190
-0.0176433
-0.0181122
-0.0178852
-0.0179132
-0.0179705
-0.0176829
-0.0179595
-0.0190572
-0.0183350
-0.0176014
-0.0179167
-0.0177859
-0.0177472
-0.0176634
-0.0191908
-0.0210497
-0.0186752
-0.0176174
-0.0173766
-0.0182483
-0.0222426
-0.0200815
-0.0164074
-0.0185486
-0.0219413
-0.0213074
-0.0221673
-0.0223313
-0.0193027
-0.0185421
-0.0179437
-0.0182320
-0.0191984
-0.0187708
-0.0180563
-0.0183463
-0.0179537
-0.0184500
-0.0203144
-0.0205989
-0.0204064
-0.0205862
-0.0207592
-0.0194744
-0.0177060
-0.0186901
-0.0206777
-0.0194709
-0.0181616
-0.0186249
-0.0184074
-0.0181241
-0.0196903
-0.0236979
-0.0236827
-0.0204599
-0.0181472
-0.0186872
-0.0232240
-0.0228557
-0.0191831
-0.0181613
-0.0206563
-0.0267662
-0.0269425
-0.0209568
-0.0186161
-0.0186044
-0.0200741
-0.0224328
-0.0199381
-0.0182352
-0.0189636
-0.0187363
-0.0183115
-0.0196258
-0.0192075
-0.0083021
-0.0051772
-0.0166409
-0.0195442
-0.0188399
-0.0186321
-0.0127585
-0.0117117
-0.0101040
-0.0055694
-0.0060350
-0.0036760
0.0038285
0.0065808
0.0052368
0.0051567
0.0059681
0.0080375
0.0078135
0.0071323
0.0109481
0.0149527
0.0163558
0.0135105
0.0132287
0.0191432
0.0209139
0.0186850
0.0164557
0.0155060
0.0147007
0.0153296
0.0151231
0.0140783
0.0151250
0.0129920
0.0095705
0.0079391
0.0077392
0.0077683
0.0064699
0.0055872
0.0053543
0.0059350
0.0056073
-0.0008402
-0.0043686
-0.0037470
-0.0114976
-0.0138000
-0.0067820
-0.0049594
-0.0041544
-0.0035571
-0.0081747
-0.0164175
-0.0197829
-0.0192283
-0.0208428
-0.0210469
-0.0198391
-0.0208346
-0.0198754
-0.0185854
-0.0185145
-0.0193353
-0.0233357
-0.0228599
-0.0211062
-0.0202170
-0.0185151
-0.0199016
-0.0197150
-0.0114865
-0.0047590
-0.0040911
-0.0034373
-0.0022870
0.0029981
0.0082002
0.0090060
0.0057665
-0.0025280
-0.0050817
0.0028521
0.0069796
0.0054317
0.0063803
0.0046387
0.0042848
0.0105772
0.0097737
0.0070646
0.0059990
-0.0027399
-0.0069589
-0.0035089
-0.0038747
-0.0042390
-0.0064426
-0.0161252
-0.0210175
-0.0183295
-0.0147592
-0.0171351
-0.0199475
-0.0188159
-0.0191491
-0.0191403
-0.0187875
-0.0191033
-0.0196312
-0.0207742
-0.0237314
-0.0217126
-0.0185196
-0.0199098
-0.0206147
-0.0200185
-0.0190496
-0.0181863
-0.0197039
-0.0188807
-0.0091590
-0.0043785
-0.0061096
-0.0049942
-0.0019825
0.0038469
0.0073322
0.0082768
0.0113647
0.0145264
0.0122475
0.0105878
0.0124508
0.0122612
0.0178527
0.0223037
0.0212216
0.0249209
0.0288475
0.0282367
0.0273302
0.0294818
0.0315352
0.0310218
0.0286736
0.0305891
0.0356789
0.0324674
0.0291786
0.0283935
0.0255018
0.0294708
0.0314613
0.0310653
0.0340183
0.0313150
0.0288949
0.0275229
0.0219348
0.0221653
0.0228388
0.0178638
0.0183813
0.0207399
0.0170890
0.0130266
0.0140440
0.0141902
0.0087566
0.0068377
0.0070990
0.0077273
0.0120568
0.0091077
0.0060816
0.0093226
0.0089574
0.0080274
0.0075353
0.0075713
0.0100148
0.0096899
0.0075364
0.0072695
0.0084196
0.0114509
0.0132234
0.0122092
0.0128310
0.0135067
0.0105756
0.0102557
0.0117820
0.0111038
0.0128070
0.0139704
0.0155046
0.0140104
0.0077372
0.0088186
0.0138678
0.0161797
0.0157207
0.0131233
0.0149722
0.0191134
0.0151079
0.0105415
0.0128747
0.0122602
0.0142397
0.0196783
0.0190559
0.0210194
0.0219481
0.0160197
0.0170324
0.0218614
0.0197540
0.0143965
0.0110702
0.0146526
0.0199180
0.0166071
0.0127446
0.0133852
0.0134177
0.0131392
0.0124895
0.0113760
0.0112272
0.0119951
0.0076481
0.0060318
0.0080614
0.0067802
0.0079318
0.0084756
0.0069835
0.0060495
0.0055654
0.0051784
0.0047262
0.0042428
0.0045993
0.0061107
0.0071368
0.0078042
0.0072413
0.0049418
0.0049932
0.0066571
0.0068432
0.0064472
0.0057826
0.0053421
0.0082438
0.0102365
0.0078270
0.0082364
0.0084742
0.0079371
0.0099954
0.0088420
0.0108177
0.0128572
0.0117534
0.0124380
0.0125545
0.0144565
0.0150767
0.0149295
0.0186885
0.0198273
0.0191705
0.0210691
0.0198453
0.0171958
0.0178996
0.0169704
0.0183453
0.0222044
0.0212721
0.0195365
0.0195032
0.0179489
0.0176794
0.0192980
0.0200511
0.0204158
0.0181099
0.0127731
0.0124129
0.0186204
0.0194757
0.0155186
0.0135646
0.0134654
0.0136901
0.0135731
0.0111642
0.0094882
0.0098811
0.0111525
0.0135466
0.0137397
0.0124640
0.0080734
0.0079423
0.0094620
0.0080457
0.0103944
0.0077571
0.0055348
0.0075334
0.0067320
0.0059288
0.0051370
0.0053416
0.0047455
-0.0005659
-0.0029040
0.0044257
0.0044301
-0.0024217
0.0017348
-0.0004529
-0.0065420
-0.0082608
-0.0124241
-0.0112324
-0.0115965
-0.0194903
-0.0185460
-0.0092514
-0.0147936
-0.0205972
-0.0195660
-0.0217101
-0.0207605
-0.0201398
-0.0203540
-0.0200842
-0.0211583
-0.0242353
-0.0244797
-0.0214968
-0.0232349
-0.0258208
-0.0258747
-0.0259142
-0.0235366
-0.0200813
-0.0200819
-0.0210359
-0.0192224
-0.0192321
-0.0195233
-0.0183360
-0.0182285
-0.0182628
-0.0180541
-0.0186859
-0.0182855
-0.0142547
-0.0099099
-0.0055681
-0.0022823
-0.0033891
-0.0027889
0.0027278
0.0059575
0.0072747
0.0060065
0.0042144
0.0054411
0.0064991
0.0068076
0.0061211
0.0064282
0.0074157
0.0055035
0.0050007
0.0036484
-0.0000124
0.0021156
0.0007260
-0.0031704
-0.0037991
-0.0041427
-0.0045530
-0.0058582
-0.0060601
-0.0067746
-0.0121490
-0.0131240
-0.0100442
-0.0159909
-0.0196297
-0.0178609
-0.0185987
-0.0193821
-0.0187169
-0.0193517
-0.0194795
-0.0189126
-0.0222877
-0.0237971
-0.0245598
-0.0260302
-0.0240845
-0.0239681
-0.0249747
-0.0247276
-0.0232451
-0.0235369
-0.0238874
-0.0208053
-0.0211658
-0.0218306
-0.0220536
-0.0186773
-0.0171488
-0.0217900
-0.0191725
-0.0170831
-0.0175364
-0.0171487
-0.0191886
-0.0177013
-0.0163652
-0.0187086
-0.0221384
-0.0229934
-0.0190832
-0.0204715
-0.0236639
-0.0195115
-0.0172189
-0.0221014
-0.0232998
-0.0186681
-0.0170556
-0.0163971
-0.0190031
-0.0213870
-0.0167776
-0.0151172
-0.0169894
-0.0159868
-0.0153484
-0.0152709
-0.0162135
-0.0152073
-0.0080069
-0.0086927
-0.0109351
-0.0055219
-0.0032779
-0.0019660
-0.0013144
-0.0015972
-0.0003289
-0.0003717
-0.0003090
0.0045945
0.0071486
0.0060502
0.0065090
0.0064762
0.0061369
0.0076788
0.0060992
0.0007894
0.0040056
0.0073969
0.0058649
0.0063716
0.0061931
0.0067982
0.0065440
0.0003336
-0.0000246
0.0055212
0.0026094
-0.0013052
-0.0011485
-0.0016442
-0.0012727
-0.0029171
-0.0059034
-0.0056442
-0.0066373
-0.0055466
-0.0068211
-0.0084257
-0.0081094
-0.0127577
-0.0141706
-0.0133324
-0.0135499
-0.0133290
-0.0137699
-0.0135450
-0.0090401
-0.0081005
-0.0128282
-0.0090221
-0.0024220
-0.0018397
-0.0015336
-0.0006410
-0.0010155
0.0000699
0.0054365
0.0074650
0.0068982
0.0095647
0.0101308
0.0088130
0.0077206
0.0106148
0.0173610
0.0157551
0.0134851
0.0171092
0.0189165
0.0191814
0.0195396
0.0217857
0.0229522
0.0255415
0.0274479
0.0264351
0.0261908
0.0285174
0.0330479
0.0318361
0.0313023
0.0349033
0.0346362
0.0327801
0.0342357
0.0415105
0.0429980
0.0350502
0.0336769
0.0349519
0.0339289
0.0337295
0.0340126
0.0346627
0.0343011
0.0330619
0.0340399
0.0386085
0.0348431
0.0314743
0.0393443
0.0401188
0.0324732
0.0311114
0.0323642
0.0310380
0.0317745
0.0306974
0.0279002
0.0282486
0.0253891
0.0260153
0.0287759
0.0247488
0.0236807
0.0224971
0.0201551
0.0208012
0.0195771
0.0165684
0.0140187
0.0128998
0.0126314
0.0098154
0.0077054
0.0068987
0.0034151
0.0019331
0.0025529
0.0012672
0.0011196
0.0007616
-0.0038352
-0.0066944
-0.0061888
-0.0078089
-0.0092586
-0.0078854
-0.0109571
-0.0162318
-0.0166822
-0.0161505
-0.0162918
-0.0170889
-0.0172169
-0.0160347
-0.0164837
-0.0197492
-0.0202462
-0.0173589
-0.0194822
-0.0209326
-0.0207340
-0.0209207
-0.0173842
-0.0196212
-0.0216840
-0.0191871
-0.0201093
-0.0204940
-0.0204008
-0.0192155
-0.0166867
-0.0164516
-0.0154075
-0.0145439
-0.0153131
-0.0146631
-0.0169201
-0.0185073
-0.0153046
-0.0137147
-0.0137274
-0.0136445
-0.0134428
-0.0135068
-0.0131008
-0.0141310
-0.0130389
-0.0062399
-0.0075614
-0.0102440
-0.0055620
-0.0044812
-0.0038224
-0.0027515
-0.0030218
0.0019295
0.0031606
-0.0015154
0.0010760
0.0036862
0.0024993
0.0027784
0.0027709
0.0027343
0.0027370
0.0027370
0.0027335
0.0026969
0.0026598
0.0027561
0.0025907
0.0029758
0.0028192
-0.0003035
-0.0026079
-0.0028556
-0.0024795
-0.0025304
-0.0031028
-0.0023298
-0.0019498
-0.0031941
-0.0038724
-0.0030872
-0.0027952
-0.0030406
-0.0024843
-0.0020467
-0.0021991
-0.0020685
-0.0026161
-0.0028731
-0.0019780
-0.0021901
-0.0030929
-0.0014509
0.0021684
0.0031649
0.0026435
0.0028170
0.0027240
0.0027059
0.0030056
0.0026115
0.0029064
0.0030897
-0.0012434
-0.0027266
0.0015385
0.0030270
0.0025708
-0.0009261
-0.0027675
0.0011333
-0.0005289
-0.0028252
-0.0026983
-0.0039346
-0.0034938
-0.0032976
-0.0037796
-0.0024272
-0.0035629
-0.0090307
-0.0090076
-0.0058843
-0.0033379
-0.0029339
-0.0040448
-0.0027211
-0.0019015
-0.0025473
-0.0026407
-0.0017296
-0.0022044
-0.0021629
-0.0015528
-0.0018577
-0.0020481
-0.0017419
-0.0016822
-0.0020310
-0.0009460
-0.0020932
-0.0021974
0.0010985
0.0006742
0.0013285
-0.0004806
-0.0028672
0.0014414
0.0029653
0.0021669
0.0024492
0.0023113
0.0023554
0.0026286
0.0023648
0.0022255
0.0024817
0.0024336
0.0023301
0.0022759
0.0029541
0.0033568
0.0027995
0.0028141
0.0028757
0.0032635
0.0039437
0.0037125
0.0050220
0.0060266
0.0048715
0.0052500
0.0058336
0.0052246
0.0060962
0.0061958
0.0062927
0.0081312
0.0080934
0.0081932
0.0074972
0.0075910
0.0097443
0.0090183
0.0086121
0.0096576
0.0104499
0.0092226
0.0071244
0.0076206
0.0085680
0.0072849
0.0061804
0.0059281
0.0059786
0.0061357
0.0050306
0.0044953
0.0040822
0.0038247
0.0038386
0.0031214
0.0019651
0.0008341
0.0004584
0.0000836
-0.0004712
-0.0004638
-0.0005687
-0.0003564
-0.0004592
-0.0024802
-0.0041837
-0.0041460
-0.0038512
-0.0043115
-0.0054310
-0.0065803
-0.0062619
-0.0069428
-0.0092867
-0.0096470
-0.0092979
-0.0093236
-0.0091967
-0.0090833
-0.0090595
-0.0087358
-0.0087647
-0.0103958
-0.0105035
-0.0090874
-0.0092427
-0.0093506
-0.0087508
-0.0089565
-0.0089890
-0.0085115
-0.0081684
-0.0078842
-0.0077906
-0.0077363
-0.0080479
-0.0076172
-0.0070184
-0.0071434
-0.0069915
-0.0069013
-0.0067902
-0.0067446
-0.0065889
-0.0067178
-0.0063226
-0.0049410
-0.0056966
-0.0064309
-0.0062122
-0.0059696
-0.0045808
-0.0053188
-0.0060044
-0.0058605
-0.0055070
-0.0039255
-0.0047149
-0.0059410
-0.0050932
-0.0039667
-0.0046406
-0.0053939
-0.0049216
-0.0049774
-0.0047896
-0.0049811
-0.0045283
-0.0030754
-0.0037812
-0.0049732
-0.0041211
-0.0024308
-0.0035758
-0.0043677
-0.0028299
-0.0036348
-0.0029116
-0.0014068
-0.0015913
-0.0010058
-0.0012255
-0.0010278
-0.0013519
-0.0020238
-0.0004437
-0.0000643
0.0000857
0.0018839
0.0006983
0.0000075
0.0020841
0.0009661
0.0001758
0.0019601
0.0024770
0.0021286
0.0024171
0.0021065
0.0011252
0.0016663
0.0025456
0.0019562
0.0011088
0.0015985
0.0024939
0.0018521
0.0009583
0.0014917
0.0011571
-0.0000005
0.0004557
0.0014269
0.0013904
0.0014419
0.0008402
0.0002842
0.0008759
0.0016355
0.0020250
0.0018285
0.0018744
0.0018313
0.0017900
0.0018863
0.0017965
0.0017000
0.0017842
0.0019320
0.0018910
0.0016770
0.0016485
0.0016956
0.0017669
0.0017796
0.0015337
0.0014626
0.0015630
0.0014675
0.0013845
0.0014973
0.0014961
0.0013742
0.0013053
0.0013838
0.0013629
0.0005105
0.0001171
0.0010512
0.0013780
0.0011953
0.0012022
0.0012999
0.0011370
0.0005342
0.0008852
0.0012733
0.0010920
0.0011286
0.0010967
0.0010814
0.0011398
0.0010497
0.0010268
0.0010328
0.0011063
0.0009007
0.0002850
0.0006037
0.0012844
0.0008277
0.0003355
0.0005183
0.0003176
0.0005150
0.0002775
-0.0002425
0.0000962
0.0001072
-0.0000368
-0.0000828
0.0001005
0.0002377
0.0000544
-0.0001166
0.0002788
0.0006734
0.0003319
0.0005523
0.0009146
0.0007986
0.0008070
0.0007337
0.0008080
0.0011068
0.0009321
0.0007597
0.0011601
0.0012719
0.0012545
0.0012475
0.0013328
0.0016360
0.0016152
0.0015853
0.0015931
0.0014620
0.0015005
0.0015650
0.0015074
0.0015375
0.0017315
0.0016777
0.0014665
0.0013463
0.0012351
0.0011492
0.0010720
0.0011027
0.0011024
0.0009764
0.0008533
0.0008619
0.0008765
0.0007640
0.0005187
0.0003858
0.0004153
0.0003367
0.0002878
0.0002289
0.0000419
-0.0000075
0.0000023
-0.0000917
-0.0001014
-0.0001523
-0.0005380
-0.0005861
-0.0001899
-0.0003674
-0.0007253
-0.0006787
-0.0007589
-0.0009758
-0.0009948
-0.0009496
-0.0009369
-0.0008907
-0.0008845
-0.0009184
-0.0008533
-0.0008649
-0.0008284
-0.0007638
-0.0008462
-0.0007659
-0.0007096
-0.0006909
-0.0006147
-0.0006110
-0.0006238
-0.0006082
-0.0005522
-0.0005237
-0.0005096
-0.0004859
-0.0004679
-0.0004510
-0.0004346
-0.0004166
-0.0003977
-0.0003809
-0.0003628
-0.0003599
-0.0003310
-0.0002225
-0.0002943
-0.0002849
-0.0001176
-0.0001816
-0.0001224
-0.0000787
-0.0001271
-0.0000540
-0.0000046
0.0000148
0.0000050
0.0000164
0.0000460
0.0000497
0.0000521
0.0000570
0.0000613
0.0000638
0.0000454
0.0000472
0.0000458
0.0000486
0.0000645
0.0000544
0.0000630
0.0000679
0.0000516
0.0000492
0.0000580
0.0000732
0.0000594
0.0000163
-0.0000050
0.0000223
0.0000520
-0.0000139
-0.0000434
0.0000144
0.0000353
0.0000270
0.0000031
0.0000323
0.0000627
0.0000255
0.0000173
0.0000322
0.0000344
0.0000410
0.0000482
0.0000559
0.0000563
0.0000646
0.0000936
0.0000796
0.0000737
0.0001252
0.0001321
0.0001103
0.0001109
0.0001208
0.0001521
0.0001463
0.0001064
0.0001298
0.0001493
0.0001454
0.0001485
0.0001483
0.0001617
0.0001507
0.0001385
0.0001423
0.0001371
0.0001339
0.0001359
0.0001344
0.0001331
0.0001337
0.0001287
0.0001248
0.0001219
0.0001259
0.0001227
0.0001059
0.0001122
0.0001207
0.0001155
0.0001096
0.0000996
0.0000991
0.0001076
0.0001079
0.0000991
0.0000985
0.0001068
0.0001003
0.0000975
0.0001049
0.0001010
0.0000995
0.0000988
0.0001014
0.0001037
0.0000950
0.0000934
0.0000960
0.0000941
0.0000951
0.0000948
0.0000943
0.0000959
0.0000934
0.0000910
0.0000913
0.0000907
0.0000897
0.0000889
0.0000876
0.0000866
0.0000859
0.0000851
0.0000836
0.0000823
0.0000824
0.0000818
0.0000802
0.0000792
0.0000783
0.0000772
0.0000761
0.0000750
0.0000739
0.0000726
0.0000715
0.0000707
0.0000696
0.0000682
0.0000673
0.0000663
0.0000651
0.0000642
0.0000634
0.0000625
0.0000615
0.0000606
0.0000598
0.0000591
0.0000584
0.0000576
0.0000569
0.0000563
0.0000557
0.0000550
0.0000544
0.0000539
0.0000533
0.0000528
0.0000523
0.0000518
0.0000514
0.0000509
0.0000505
0.0000501
0.0000497
0.0000493
0.0000489
0.0000485
0.0000482
0.0000479
0.0000476
