0.0005393
0.0006306
0.0007080
0.0006499
0.0005771
0.0004654
0.0004147
0.0004108
0.0004522
0.0005025
0.0005060
0.0004779
0.0004265
0.0003590
0.0003176
0.0002996
0.0002542
0.0001659
0.0000878
0.0000343
0.0000006
-0.0000202
-0.0000202
-0.0000451
-0.0000879
-0.0001665
-0.0002850
-0.0003442
-0.0004198
-0.0004905
-0.0005120
-0.0005115
-0.0004839
-0.0003848
-0.0002652
-0.0002041
-0.0001566
-0.0001167
-0.0001268
-0.0001541
-0.0001315
-0.0001436
-0.0002253
-0.0002573
-0.0002950
-0.0003255
-0.0002987
-0.0003240
-0.0003213
-0.0002982
-0.0003263
-0.0003373
-0.0003555
-0.0003589
-0.0002838
-0.0002422
-0.0002183
-0.0002205
-0.0001921
-0.0001491
-0.0001617
-0.0001672
-0.0002765
-0.0002866
-0.0001202
-0.0000456
0.0000002
0.0001275
0.0001429
0.0003099
0.0004448
0.0001070
-0.0001373
-0.0000844
0.0001223
0.0002514
0.0000328
-0.0000670
-0.0000331
0.0000399
0.0004146
0.0005854
0.0002042
-0.0003233
-0.0000606
0.0003684
0.0004560
0.0004889
-0.0001675
-0.0010031
-0.0008323
0.0004737
0.0015463
0.0014138
0.0003086
-0.0001649
0.0008740
0.0013119
0.0005512
0.0002223
0.0004411
0.0001753
-0.0002703
0.0000540
0.0002819
0.0002805
0.0004692
0.0001157
0.0002524
0.0013957
0.0018586
0.0011662
0.0007195
0.0009864
0.0003727
-0.0011992
-0.0013191
0.0002227
0.0017185
0.0018286
-0.0006454
-0.0021612
0.0001218
0.0011808
-0.0010111
-0.0024847
-0.0010787
0.0010271
0.0009819
0.0005157
0.0003709
-0.0007272
-0.0020035
-0.0009415
0.0013256
0.0012603
0.0007099
-0.0007984
-0.0008757
0.0005415
0.0008408
-0.0002424
-0.0020142
-0.0009838
-0.0001484
0.0007317
0.0033187
0.0058083
0.0056314
-0.0000324
-0.0050473
-0.0017172
0.0026135
0.0022286
-0.0013527
-0.0013948
0.0027430
0.0010454
-0.0011437
0.0025811
0.0032007
-0.0009870
-0.0002676
0.0037232
0.0028326
-0.0013328
-0.0025444
-0.0034719
0.0007226
0.0058889
-0.0003458
-0.0059497
-0.0000774
0.0090179
0.0053496
-0.0041164
-0.0023382
0.0003526
-0.0007476
-0.0003617
-0.0010595
0.0005900
0.0006872
-0.0024511
-0.0033821
-0.0001580
-0.0002837
-0.0019580
-0.0016403
0.0000005
0.0041261
0.0011556
-0.0017663
-0.0009748
-0.0052586
-0.0005588
0.0076001
-0.0001759
-0.0069185
-0.0059856
0.0024462
0.0053358
0.0015876
0.0021958
-0.0046861
-0.0103678
-0.0034888
0.0035829
0.0044098
0.0049311
0.0022500
-0.0039039
-0.0051619
-0.0024645
-0.0028496
-0.0035279
-0.0016761
0.0011441
0.0035394
-0.0005292
-0.0023276
0.0043373
0.0085557
0.0008110
-0.0125523
-0.0050276
0.0066407
0.0083457
0.0023337
0.0026744
0.0047988
-0.0090620
-0.0022615
0.0037851
-0.0033394
0.0006019
0.0034608
-0.0030719
-0.0038651
0.0035341
-0.0024477
-0.0021727
0.0036423
-0.0043869
-0.0063649
-0.0028722
0.0040918
0.0085306
-0.0109869
-0.0139579
-0.0003813
0.0011399
-0.0035511
-0.0033071
0.0032142
0.0073385
0.0137793
0.0033488
-0.0103237
-0.0090935
-0.0046317
-0.0024573
-0.0022522
-0.0048093
-0.0065709
-0.0006147
0.0047057
0.0006340
-0.0073202
-0.0037327
0.0022894
-0.0108831
-0.0133978
-0.0006809
0.0011685
0.0000444
0.0034309
0.0058632
0.0013221
-0.0029490
-0.0075775
-0.0042811
0.0101343
0.0059687
-0.0070020
0.0010911
0.0047914
-0.0068251
-0.0089338
-0.0011033
0.0097401
0.0114830
0.0044441
-0.0012309
-0.0062785
-0.0094022
-0.0145488
-0.0139743
-0.0090534
-0.0093103
-0.0094213
0.0001644
0.0118389
0.0076435
-0.0055709
-0.0076201
-0.0060089
-0.0178280
-0.0157673
0.0000936
0.0004378
0.0001675
0.0005835
-0.0052513
-0.0139381
-0.0120922
0.0080694
0.0146306
0.0021244
0.0008984
0.0109749
0.0027914
-0.0048840
0.0014303
0.0004085
-0.0108506
-0.0233548
-0.0100647
0.0204606
0.0226612
-0.0017145
-0.0083187
0.0065158
0.0137595
0.0118148
0.0122637
0.0007376
-0.0121782
-0.0067685
-0.0047264
-0.0118148
-0.0033749
0.0098041
0.0049783
0.0028449
0.0143369
0.0112870
-0.0076853
-0.0123741
0.0066743
0.0203036
-0.0020479
-0.0164408
-0.0028561
0.0051436
-0.0005806
0.0014744
0.0119443
0.0072535
0.0073732
0.0207629
0.0201255
0.0168974
0.0251486
0.0257282
0.0276654
0.0181155
-0.0075007
-0.0052677
0.0011757
-0.0040953
-0.0045441
-0.0024613
0.0084775
0.0070235
-0.0093430
-0.0103009
0.0076325
0.0201747
0.0105961
-0.0091378
-0.0121798
-0.0153748
-0.0338889
-0.0297796
-0.0138708
-0.0242806
-0.0384766
-0.0166087
0.0133591
0.0147565
0.0148508
0.0268692
0.0201096
-0.0045228
-0.0116269
0.0007397
0.0003830
-0.0143102
-0.0192864
-0.0062482
0.0190718
0.0278829
0.0329902
0.0283732
0.0039884
0.0039878
0.0035347
-0.0035783
-0.0101626
-0.0152368
-0.0128971
-0.0133667
0.0010306
0.0100939
0.0126088
0.0081937
-0.0056790
-0.0072874
-0.0088213
-0.0149326
-0.0116412
-0.0086797
0.0039007
0.0147958
0.0052599
-0.0048880
-0.0105293
0.0073881
0.0198355
0.0234362
0.0318537
0.0359513
0.0239783
0.0003026
0.0018540
0.0097285
0.0108173
0.0101822
0.0195802
0.0282667
0.0134596
0.0073520
-0.0004588
-0.0395606
-0.0645752
-0.0477409
-0.0134589
0.0197292
0.0235958
-0.0226560
-0.0522749
-0.0338147
-0.0259542
-0.0359642
-0.0402781
-0.0441638
-0.0408380
-0.0349941
-0.0275051
0.0152774
0.0500970
0.0387241
0.0439914
0.0703401
0.0483959
-0.0061973
-0.0280133
0.0079374
0.0508061
0.0460358
0.0139090
-0.0032912
-0.0024281
0.0052805
0.0185383
0.0122212
-0.0198735
-0.0547463
-0.0621454
-0.0235036
-0.0016547
-0.0315793
-0.0535362
-0.0542178
-0.0544983
-0.0590498
-0.0408754
0.0063241
0.0433819
0.0414719
0.0380604
0.0545837
0.0358107
-0.0109503
-0.0237668
-0.0022629
0.0099066
-0.0014878
0.0089982
0.0604980
0.0910350
0.0710813
0.0478981
0.0372661
0.0052823
-0.0186675
-0.0172399
-0.0197190
-0.0202560
-0.0000009
0.0178235
0.0299955
0.0277993
0.0002216
-0.0191533
-0.0415146
-0.0383266
-0.0064147
0.0013502
-0.0197107
-0.0466934
-0.0509341
-0.0239533
-0.0026024
-0.0150725
-0.0297978
-0.0246916
0.0040732
0.0544024
0.0853053
0.0651735
0.0120566
-0.0384343
-0.0407298
-0.0228826
-0.0162126
-0.0137369
0.0016048
0.0292689
0.0138637
0.0046404
0.0234003
0.0300803
0.0197842
-0.0179507
-0.0536734
-0.0416596
-0.0097944
0.0036338
0.0026651
0.0108961
0.0297582
0.0154385
-0.0116319
-0.0163675
-0.0121053
-0.0119485
0.0028381
0.0252404
0.0342624
0.0284200
0.0055389
-0.0051893
-0.0111312
-0.0278775
-0.0360533
-0.0140653
0.0436815
0.0681422
0.0310726
-0.0116118
-0.0382067
-0.0471641
-0.0434256
-0.0282519
-0.0247452
-0.0485763
-0.0489453
-0.0174845
-0.0075833
-0.0254199
-0.0217946
0.0101293
0.0275713
0.0166789
0.0079063
0.0004367
0.0009710
-0.0133337
-0.0384649
-0.0254962
-0.0089761
0.0141422
0.0547161
0.0729198
0.0627968
0.0486335
0.0128171
-0.0175211
-0.0136031
-0.0060594
-0.0238330
-0.0721905
-0.0810217
-0.0398814
-0.0156180
0.0018075
0.0271787
0.0330099
0.0165454
-0.0094520
-0.0341348
-0.0525901
-0.0552494
-0.0455601
-0.0275969
0.0108782
0.0473058
0.0545334
0.0572513
0.0592668
0.0353532
-0.0171126
-0.0557628
-0.0319618
0.0138730
0.0068596
-0.0217538
-0.0157352
0.0154494
0.0283866
0.0268618
0.0521540
0.0564686
0.0066132
-0.0318010
-0.0139029
0.0005742
-0.0277897
-0.0523775
-0.0432880
-0.0103977
0.0017363
0.0062126
0.0137529
-0.0033103
-0.0246333
-0.0406528
-0.0446274
-0.0299430
-0.0292141
-0.0255076
-0.0038264
0.0151904
0.0218251
-0.0214353
-0.0539121
-0.0353519
-0.0267611
-0.0397102
-0.0277033
-0.0092994
-0.0220724
-0.0364455
-0.0247228
-0.0138630
-0.0190158
-0.0164039
-0.0051847
-0.0010380
-0.0041620
-0.0146448
-0.0456600
-0.0649783
-0.0606638
-0.0605688
-0.0686137
-0.0703370
-0.0696354
-0.0483409
-0.0338445
-0.0292480
-0.0162853
-0.0348781
-0.0581456
-0.0528132
-0.0113598
0.0266011
0.0308226
0.0152715
0.0007849
0.0033654
0.0202012
0.0469197
0.0566894
0.0556954
0.0600629
0.0788743
0.0868458
0.0790692
0.0932133
0.1181305
0.1272726
0.1271973
0.1124950
0.0633683
0.0636826
0.1342347
0.1591624
0.1180993
0.0669828
0.0350241
0.0480958
0.0640762
0.0718785
0.0807105
0.1010286
0.1393961
0.1540587
0.1781252
0.2025760
0.2016642
0.1834341
0.1593691
0.1325633
0.1202542
0.1371591
0.1684899
0.1989736
0.2189869
0.2131086
0.1521816
0.0758050
0.0100871
-0.0545787
-0.0954522
-0.1094826
-0.1061694
-0.0632346
0.0174588
0.0766195
0.1082682
0.1093781
0.0386682
-0.0399590
-0.1064958
-0.1601508
-0.1814241
-0.1866709
-0.1705837
-0.0998833
0.0264451
0.0922222
0.0562979
-0.0000679
-0.0191331
-0.0250121
-0.0790979
-0.1666157
-0.2392241
-0.2648049
-0.2388932
-0.1944724
-0.1612100
-0.1475677
-0.1479189
-0.1758970
-0.2179392
-0.2507870
-0.2686111
-0.2690749
-0.2557086
-0.2144929
-0.1524504
-0.0956174
-0.0444626
0.0093716
0.0598266
0.1033124
0.1321334
0.1052310
0.0468981
-0.0006818
-0.0402724
-0.0586554
-0.0277973
0.0469904
0.1047559
0.1214931
0.1216252
0.1351734
0.1423852
0.1146423
0.0537476
-0.0383314
-0.1113638
-0.1510878
-0.1595974
-0.1000100
-0.0015516
0.0810561
0.0846864
0.0390261
0.0430359
0.0949800
0.1076333
0.0677248
0.0488413
0.0311149
-0.0313448
-0.1495618
-0.2432831
-0.2290672
-0.1683208
-0.1156711
-0.0897529
-0.0910168
-0.1089631
-0.1193837
-0.1007704
-0.0697688
-0.0104808
0.0778947
0.1597159
0.2272479
0.2820105
0.2783070
0.2522898
0.2434969
0.2222367
0.2012206
0.1508623
0.1018839
0.1117047
0.1474088
0.1843444
0.1875350
0.1471993
0.0934911
0.0420580
-0.0027880
-0.0399778
-0.0896469
-0.1406907
-0.1397220
-0.0748889
0.0311006
0.1094194
0.1240645
0.0950017
0.0342008
-0.0699087
-0.1899351
-0.2650231
-0.2672600
-0.1942600
-0.0956857
-0.0251741
0.0225251
0.0650572
0.0827293
0.0449560
-0.0416774
-0.1567117
-0.2545685
-0.2775701
-0.2237684
-0.1400582
-0.0676326
-0.0065110
0.0275527
0.0322050
0.0329807
-0.0009719
-0.0791164
-0.1560846
-0.2162760
-0.2507610
-0.2389611
-0.1825541
-0.1104992
-0.0540472
-0.0132707
0.0365907
0.0597565
0.0119244
-0.0538666
-0.0926131
-0.1060945
-0.0918014
-0.0697678
-0.0472084
-0.0166896
-0.0083167
-0.0147491
0.0173274
0.0708426
0.1380346
0.2061321
0.2511872
0.2718941
0.2173670
0.1505213
0.1169816
0.0751523
0.0582117
0.0929626
0.1608473
0.2293793
0.2389727
0.1782176
0.0871690
-0.0033270
-0.0527162
-0.0366163
0.0125495
0.0517771
0.1254803
0.2546870
0.3884897
0.4873407
0.5073670
0.4651065
0.3886804
0.2147053
-0.0411803
-0.2373846
-0.3266798
-0.3664795
-0.3723982
-0.3336967
-0.2197686
-0.0494538
0.0587866
0.0801607
0.0578579
-0.0226251
-0.1024189
-0.1638095
-0.2393354
-0.3006250
-0.3309642
-0.3249762
-0.2676154
-0.1857490
-0.1012363
-0.0285283
0.0290296
0.0893844
0.1160190
0.1193423
0.1276272
0.1245357
0.0881739
0.0198479
-0.0625130
-0.1378894
-0.1891664
-0.2031800
-0.1882589
-0.1461198
-0.1287572
-0.1098427
-0.0483584
0.0070344
0.0697611
0.1180185
0.1209751
0.0671715
0.0280774
0.0444514
0.0753073
0.1012574
0.1018370
0.1078298
0.1328076
0.1346396
0.0781358
-0.0166399
-0.0932094
-0.1243443
-0.1149810
-0.0872088
-0.0739990
-0.0845994
-0.1059075
-0.1264132
-0.1423928
-0.1685549
-0.1982526
-0.1920550
-0.1380770
-0.0512121
0.0437753
0.1113854
0.1399464
0.1378845
0.1254396
0.0838599
0.0141635
-0.0214721
-0.0499645
-0.0672019
-0.0492102
0.0073378
0.0883538
0.1623486
0.2029098
0.1622330
0.1115297
0.1044333
0.0995453
0.0739739
0.0663593
0.0916871
0.1270217
0.1759027
0.2144655
0.2066350
0.1667906
0.1313696
0.1081678
0.0837720
0.0408117
-0.0125721
-0.0422811
-0.0213468
0.0216078
0.0666872
0.1011672
0.1387213
0.1547508
0.0865093
-0.0162785
-0.1470360
-0.2892312
-0.3848382
-0.4145662
-0.3998893
-0.3599640
-0.2606086
-0.1156381
0.0285619
0.1159026
0.1626405
0.1618270
0.0869777
0.0328775
0.0013322
-0.0183382
-0.0190155
-0.0190348
-0.0297505
-0.0568099
-0.0441299
0.0169519
0.0974170
0.1246165
0.0938808
0.0886035
0.0500294
-0.0559196
-0.1303643
-0.1469999
-0.1449046
-0.1453352
-0.1304007
-0.0949684
-0.0577811
0.0296255
0.1260815
0.1531469
0.1352808
0.0751637
0.0477208
0.0673241
0.0729276
0.0774916
0.0863672
0.0894150
0.0891499
0.0541895
0.0002371
-0.0199252
-0.0338543
-0.0655784
-0.1115515
-0.1422893
-0.1637835
-0.1707744
-0.1643933
-0.1411764
-0.0908532
-0.0256094
0.0316185
0.0694200
0.0970383
0.0866480
0.0848422
0.1163354
0.1277309
0.1191527
0.0862791
0.0396427
0.0238835
0.0227787
0.0306648
0.0015166
-0.0613970
-0.0894857
-0.1233112
-0.1347069
-0.1138086
-0.1039206
-0.1074330
-0.1425433
-0.1547422
-0.1002863
-0.0217877
0.0124015
-0.0128402
-0.0594521
-0.0667909
-0.0295618
0.0106233
0.0628446
0.1147238
0.1508074
0.1836595
0.1900161
0.1568172
0.1471010
0.1079123
0.0109825
-0.0351297
-0.0163499
0.0238279
0.0236997
-0.0331036
-0.1058471
-0.1593806
-0.1831335
-0.1605800
-0.1286900
-0.1244346
-0.1240642
-0.1076328
-0.0737529
-0.0467468
-0.0282589
0.0112598
0.0660213
0.0834434
0.0616859
0.0410371
0.0241030
0.0080320
0.0367657
0.0770208
0.0981914
0.1236297
0.1348212
0.1326585
0.1454783
0.1415312
0.0887921
0.0235992
-0.0079062
-0.0301375
-0.0701812
-0.0697054
-0.0345417
-0.0109693
-0.0148056
-0.0371075
-0.0539738
-0.0654215
-0.0540888
-0.0000377
0.0451836
0.0396926
0.0450123
0.0641778
0.0563479
0.0424998
0.0252809
-0.0037336
-0.0368088
-0.0723247
-0.1083835
-0.1002459
-0.0306616
0.0567134
0.1116835
0.1103597
0.0920909
0.0692450
0.0104573
-0.0523089
-0.0968816
-0.1341289
-0.1312639
-0.0810291
-0.0565297
-0.0676273
-0.0584095
-0.0212639
0.0360136
0.0958370
0.1098303
0.0771682
0.0434484
0.0350522
0.0462088
0.0638135
0.0666144
0.0367167
0.0081284
-0.0082955
-0.0173858
-0.0253255
-0.0399112
-0.0470515
-0.0454507
-0.0250973
0.0035630
0.0028883
-0.0450369
-0.1101935
-0.1320035
-0.1243703
-0.1240452
-0.1069319
-0.0607903
0.0135684
0.0906284
0.1413320
0.1861622
0.1852129
0.1321821
0.0858171
0.0355110
0.0030989
0.0007439
-0.0012652
0.0261942
0.0717162
0.1153643
0.1447037
0.1470129
0.1313489
0.0934149
0.0398212
-0.0146712
-0.0479506
-0.0636450
-0.0571974
-0.0092634
0.0563499
0.0804124
0.0503240
0.0364179
0.0584492
0.0577790
0.0215304
-0.0292584
-0.0552006
-0.0446696
-0.0158865
0.0107086
0.0254480
0.0307667
0.0240088
0.0014288
-0.0305067
-0.0347205
-0.0261840
-0.0192660
-0.0139909
-0.0332824
-0.0730838
-0.1090391
-0.1126960
-0.0728409
-0.0238471
-0.0182713
-0.0489617
-0.0663923
-0.0243191
0.0366206
0.0627077
0.0662454
0.0332172
-0.0129363
-0.0423412
-0.0611629
-0.0783849
-0.1014439
-0.1029408
-0.0621851
-0.0078820
0.0106194
-0.0170230
-0.0584384
-0.0836503
-0.0935218
-0.1151716
-0.1497598
-0.1478351
-0.0864491
0.0176001
0.1073511
0.1571322
0.1966804
0.1824356
0.1335466
0.1160348
0.0926473
0.0608426
0.0526217
0.0659988
0.0885706
0.0881451
0.0911181
0.1052918
0.0966537
0.0603957
-0.0067534
-0.0767120
-0.0865873
-0.0461287
-0.0146669
-0.0103312
-0.0446960
-0.1038117
-0.1316788
-0.1053781
-0.0708470
-0.0525915
-0.0673793
-0.0747923
-0.0185826
0.0833206
0.1722541
0.2091724
0.2157284
0.1878934
0.1036321
0.0120325
-0.0370073
-0.0337675
-0.0116985
0.0028908
0.0206869
0.0349525
0.0712321
0.1201294
0.1421633
0.1235530
0.0532108
-0.0310201
-0.0673585
-0.0701815
-0.0764380
-0.0970258
-0.1212476
-0.1380513
-0.1412245
-0.1282098
-0.0835954
-0.0267298
-0.0084281
-0.0173784
-0.0492443
-0.0846046
-0.1170759
-0.1412443
-0.1438596
-0.1484709
-0.1577795
-0.1371464
-0.0678313
0.0046539
0.0339770
-0.0076629
-0.0860220
-0.1440058
-0.1461834
-0.0811823
0.0256655
0.1436672
0.2333791
0.2844439
0.2909421
0.2598861
0.2311827
0.1839586
0.0898443
0.0035874
-0.0375193
-0.0347718
-0.0119300
0.0247919
0.0904274
0.1325604
0.1337251
0.1156264
0.0692789
0.0118361
-0.0481655
-0.0776857
-0.0591074
-0.0487242
-0.0459683
-0.0082915
0.0246319
0.0072659
-0.0459442
-0.1162868
-0.1755227
-0.1999736
-0.1814617
-0.1255783
-0.0424212
0.0194857
0.0449187
0.0706007
0.0812866
0.0797160
0.0689944
0.0272239
-0.0451451
-0.1339833
-0.2039560
-0.2292478
-0.2020110
-0.1325264
-0.0536932
0.0100290
0.0041458
-0.0362741
-0.0520524
-0.0635067
-0.0648088
-0.0742288
-0.0653919
-0.0016374
0.0952096
0.1713467
0.2265644
0.2509387
0.2338819
0.2385550
0.2285369
0.1646375
0.0801940
-0.0272446
-0.1305860
-0.1587549
-0.1208094
-0.0604438
0.0068170
0.0697497
0.1093358
0.1249811
0.0936545
0.0286042
0.0118690
0.0311658
0.0310880
-0.0028666
-0.0402230
-0.0621328
-0.0613053
-0.0263364
0.0287760
0.0682059
0.0643391
0.0638275
0.1044456
0.1513796
0.1643572
0.1586957
0.1156870
0.0523958
0.0311187
0.0265678
0.0056865
-0.0389186
-0.1107491
-0.1802146
-0.1902487
-0.1418924
-0.0862273
-0.0671724
-0.0865023
-0.1128567
-0.1246860
-0.1293308
-0.1152361
-0.0739229
-0.0370258
-0.0099751
0.0096235
0.0398986
0.0987799
0.1277435
0.1333398
0.1556308
0.1480244
0.1040183
0.0624627
0.0466564
0.0190088
-0.0283195
-0.0488050
-0.0245170
0.0259279
0.0641183
0.0764499
0.0808454
0.0924978
0.1043267
0.1125149
0.0972215
0.0423073
-0.0416880
-0.0901709
-0.0789103
-0.0489566
-0.0220620
0.0035702
0.0348931
0.0615674
0.0671841
0.0210482
-0.0714917
-0.1628342
-0.1973205
-0.1706054
-0.1305860
-0.1083894
-0.0895519
-0.0657315
-0.0477807
-0.0298813
-0.0078505
-0.0054266
-0.0291419
-0.0774735
-0.1519750
-0.1849918
-0.1810441
-0.1837737
-0.1904077
-0.1910073
-0.1785485
-0.1584544
-0.1231595
-0.0835544
-0.0448369
-0.0068806
0.0437760
0.1047654
0.1500806
0.1554069
0.1139722
0.0380052
-0.0427078
-0.0858037
-0.0734616
-0.0333643
-0.0145105
-0.0272289
-0.0377408
0.0025105
0.0656981
0.0974816
0.1074658
0.1044434
0.1088271
0.1091082
0.0797053
0.0119564
-0.1223282
-0.2423800
-0.2584960
-0.1973581
-0.1198424
-0.0748631
-0.0427827
-0.0092774
-0.0010620
0.0332757
0.0979245
0.1272919
0.1142342
0.0787271
0.0207242
-0.0165873
-0.0507883
-0.1094914
-0.1504722
-0.1882604
-0.2065859
-0.1640422
-0.0775315
-0.0160401
-0.0025052
-0.0372508
-0.0821578
-0.0872828
-0.0834534
-0.0784353
-0.0668921
-0.0924557
-0.1194238
-0.0781811
0.0003015
0.0753279
0.1171297
0.1271487
0.1302227
0.1136445
0.0726425
0.0086826
-0.0545959
-0.1042254
-0.1326922
-0.1087519
-0.0522794
-0.0015580
0.0057312
0.0066900
0.0292326
0.0444375
0.0885230
0.1433696
0.1847852
0.1921445
0.1483206
0.0781264
0.0246215
0.0111759
0.0146419
0.0236599
0.0107277
-0.0060006
-0.0096497
-0.0288084
-0.0533230
-0.0514452
-0.0380184
-0.0318722
-0.0424489
-0.0650332
-0.0835542
-0.0949352
-0.0835961
-0.0322729
0.0212705
0.0496947
0.0507834
0.0289133
-0.0034697
-0.0477185
-0.0445518
-0.0229976
-0.0315014
-0.0542259
-0.0653510
-0.0301105
0.0420981
0.0925621
0.0869737
0.0820809
0.0922648
0.1297065
0.1915304
0.2177601
0.2162125
0.1898455
0.1518652
0.1283186
0.0940192
0.0583715
0.0348002
0.0252572
0.0260416
0.0397540
0.0599374
0.0736238
0.0993741
0.1239628
0.1390386
0.1481703
0.1345387
0.0889778
0.0474171
0.0304180
0.0203384
0.0189265
0.0092067
-0.0099282
-0.0177853
-0.0163512
-0.0003527
0.0168896
0.0332230
0.0779969
0.1326237
0.1650623
0.1773275
0.1732382
0.1514432
0.1172870
0.0714386
0.0330022
0.0240409
0.0310918
0.0491025
0.0761414
0.0953886
0.0997923
0.0995476
0.0880540
0.0425671
-0.0273835
-0.0910441
-0.1243839
-0.1189064
-0.0941338
-0.0622688
-0.0259586
-0.0040445
0.0068188
0.0082261
0.0013732
-0.0194195
-0.0662446
-0.0986697
-0.0895526
-0.0516231
-0.0203719
-0.0166587
-0.0156940
-0.0132570
-0.0333447
-0.0728539
-0.1122402
-0.1396171
-0.1479015
-0.1377953
-0.1108056
-0.0881553
-0.0852736
-0.1035902
-0.1368117
-0.1697759
-0.1991268
-0.2242409
-0.2394293
-0.2407124
-0.2326378
-0.2127517
-0.1711082
-0.1110498
-0.0537411
-0.0106644
0.0359285
0.0950960
0.1609947
0.1992034
0.1945273
0.1968162
0.2029994
0.1967483
0.1691401
0.1356023
0.1096092
0.0685719
0.0454048
0.0363511
0.0151495
-0.0190635
-0.0575510
-0.0920536
-0.1178020
-0.1292935
-0.1310748
-0.1189651
-0.0956974
-0.0573580
-0.0036542
0.0557322
0.0949479
0.1144691
0.1143203
0.0732127
0.0334304
0.0060350
-0.0165233
-0.0049134
0.0416056
0.0916438
0.1280245
0.1499057
0.1684032
0.1729867
0.1523088
0.1261465
0.0929665
0.0623253
0.0449116
0.0347575
0.0189616
-0.0022144
-0.0261139
-0.0475480
-0.0535004
-0.0553958
-0.0627160
-0.0681174
-0.0644026
-0.0492655
-0.0323911
-0.0091916
0.0281435
0.0786967
0.1226259
0.1363388
0.1165758
0.0692009
0.0362722
0.0316667
0.0469986
0.0761752
0.1005344
0.1226262
0.1472498
0.1411216
0.0985734
0.0337776
-0.0425566
-0.0760129
-0.0528441
-0.0261013
-0.0495313
-0.1109059
-0.1455707
-0.1338856
-0.1077911
-0.0911739
-0.0829978
-0.0749597
-0.0749098
-0.0813343
-0.0789308
-0.0681750
-0.0498388
-0.0131210
0.0233769
0.0353100
0.0299852
0.0184204
0.0329305
0.0767523
0.1117849
0.0994354
0.0456265
-0.0084568
-0.0622331
-0.1115667
-0.1439759
-0.1623024
-0.1852895
-0.2185230
-0.2472583
-0.2645347
-0.2618904
-0.2459679
-0.2322404
-0.2179783
-0.1882907
-0.1453323
-0.1001541
-0.0552913
0.0030569
0.0640360
0.1017950
0.1241151
0.1287889
0.1237197
0.1091409
0.0723289
0.0426573
0.0498271
0.0779296
0.1247291
0.1635827
0.1496355
0.1258016
0.0977616
0.0681198
0.0649444
0.0675341
0.0557823
0.0209000
-0.0145783
-0.0276553
-0.0107868
0.0162035
0.0228009
0.0107628
-0.0112232
-0.0282182
-0.0442864
-0.0690545
-0.0872105
-0.1038403
-0.1089005
-0.0919040
-0.0635056
-0.0257753
-0.0026307
-0.0113689
-0.0423002
-0.0759917
-0.1052503
-0.1313473
-0.1335918
-0.0999385
-0.0578319
-0.0215626
0.0110264
0.0267826
0.0341251
0.0331398
0.0126528
-0.0104069
-0.0426328
-0.0628449
-0.0664019
-0.0831493
-0.0757904
-0.0344352
0.0141754
0.0520187
0.0921718
0.1063166
0.0750834
0.0647951
0.0466986
0.0043617
-0.0159531
-0.0242340
-0.0239815
-0.0044541
0.0320472
0.0693677
0.1010808
0.1344807
0.1630581
0.1895551
0.2177312
0.2316610
0.2371982
0.2337923
0.2244591
0.2259156
0.2145377
0.1822159
0.1334382
0.0594274
0.0033921
-0.0153299
-0.0313685
-0.0496840
-0.0753836
-0.1002618
-0.1052980
-0.1080749
-0.1053401
-0.0837672
-0.0539153
-0.0231528
-0.0099958
-0.0150270
-0.0187843
-0.0065146
0.0160066
0.0170247
-0.0048578
-0.0372930
-0.0629597
-0.0650704
-0.0525351
-0.0358636
-0.0373174
-0.0582283
-0.0797766
-0.0964721
-0.1023012
-0.1086146
-0.1228997
-0.1430801
-0.1699074
-0.1886693
-0.1974072
-0.1998507
-0.2023564
-0.2044039
-0.1858617
-0.1684104
-0.1678628
-0.1633992
-0.1475937
-0.1180987
-0.0846795
-0.0684387
-0.0655875
-0.0561476
-0.0336033
0.0027590
0.0650065
0.1236066
0.1362707
0.1760660
0.2545989
0.2877342
0.2986671
0.3192612
0.3010123
0.2622964
0.2253275
0.1685202
0.1330284
0.1161222
0.1162937
0.1306088
0.1410925
0.1623631
0.1704739
0.1601147
0.1536107
0.1467022
0.1323341
0.1043761
0.0547393
0.0109657
-0.0194589
-0.0407382
-0.0479109
-0.0629425
-0.0842510
-0.0698374
-0.0214392
0.0180645
0.0286077
0.0175320
0.0084055
0.0017157
-0.0055497
-0.0090433
-0.0136449
-0.0233756
-0.0254149
-0.0043032
0.0205908
0.0276655
0.0301856
0.0243407
0.0247715
0.0243587
0.0207697
0.0095475
-0.0328519
-0.0566556
-0.0567914
-0.0644031
-0.0934513
-0.1286936
-0.1512554
-0.1635148
-0.1605467
-0.1280985
-0.0757548
-0.0116460
0.0537114
0.0960370
0.1032301
0.0885071
0.0396369
-0.0515970
-0.1102677
-0.1278390
-0.1053964
-0.0523077
0.0190767
0.0763917
0.1051584
0.1260381
0.1005522
0.0647000
0.0135890
-0.0419890
-0.0674152
-0.0791518
-0.0572496
-0.0033350
0.0340803
0.0407156
0.0259323
-0.0311187
-0.0994819
-0.1372332
-0.1587939
-0.1632445
-0.1231269
-0.0424548
0.0426856
0.0915301
0.0996303
0.0910010
0.0765558
0.0426909
0.0157226
-0.0015127
-0.0180592
-0.0039066
0.0346391
0.0861294
0.1261472
0.1474492
0.1498277
0.1336319
0.1027146
0.0454877
-0.0400807
-0.1201721
-0.1568981
-0.1578691
-0.1457947
-0.1432738
-0.1567507
-0.1841190
-0.1974361
-0.1947817
-0.1992048
-0.2214087
-0.2615147
-0.2870709
-0.2789240
-0.2385334
-0.1948149
-0.1596913
-0.1194590
-0.0675660
-0.0244789
-0.0011613
0.0339539
0.0721975
0.0889652
0.0680570
0.0464255
0.0472915
0.0666055
0.1105499
0.1213755
0.0837759
0.0214921
-0.0407983
-0.1020755
-0.1494636
-0.1778347
-0.1799083
-0.1406738
-0.0801962
-0.0067309
0.0672506
0.1434427
0.1974983
0.2018925
0.1722816
0.1002165
-0.0030539
-0.0653150
-0.0839678
-0.0751501
-0.0276952
0.0714852
0.1824630
0.2758072
0.3350536
0.3278286
0.3096837
0.2680359
0.1836060
0.0997348
0.0372155
-0.0153296
-0.0570680
-0.0920698
-0.1362837
-0.1719348
-0.1968336
-0.2156258
-0.2341594
-0.2513549
-0.2669218
-0.2631518
-0.2243319
-0.1624397
-0.0895358
-0.0121980
0.0520782
0.1148722
0.1545615
0.1355338
0.0956954
0.0349823
-0.0170058
-0.0371827
-0.0075755
0.0769033
0.1457557
0.1735098
0.1814804
0.1795904
0.1535674
0.1204608
0.0797725
0.0517135
0.0553993
0.0884500
0.1194875
0.1180991
0.1101786
0.0726683
0.0170488
-0.0252116
-0.0497902
-0.0552681
-0.0474956
-0.0322978
-0.0089714
0.0222260
0.0449646
0.0709339
0.0961295
0.0870665
0.0573778
0.0178628
-0.0272086
-0.0530881
-0.0615164
-0.0824734
-0.1071551
-0.0963334
-0.0614239
-0.0236321
-0.0042839
-0.0103273
-0.0103002
0.0002912
0.0046853
0.0153294
0.0369937
0.0569613
0.0815533
0.1205886
0.1673194
0.2099195
0.2447180
0.2681096
0.2768461
0.2854872
0.2881691
0.2709057
0.2377256
0.1914307
0.1437026
0.0926090
0.0525194
0.0268159
0.0046282
-0.0192960
-0.0547227
-0.0907763
-0.1103769
-0.1125054
-0.1112440
-0.1103392
-0.1110982
-0.1113624
-0.1088163
-0.1166564
-0.1433743
-0.1726009
-0.1823185
-0.1742930
-0.1558331
-0.1330225
-0.1269106
-0.1332234
-0.1351744
-0.1278345
-0.1131558
-0.0885880
-0.0670138
-0.0732131
-0.0831323
-0.0773988
-0.0547125
-0.0298143
-0.0332734
-0.0746068
-0.1312462
-0.1668787
-0.1770313
-0.1466314
-0.0974463
-0.0669138
-0.0392385
-0.0154411
0.0119855
0.0374155
0.0412370
0.0417320
0.0498617
0.0447095
0.0328808
0.0282230
0.0145597
0.0034463
0.0023612
0.0035092
0.0053084
0.0013515
-0.0037642
-0.0029965
-0.0120194
-0.0475200
-0.0894701
-0.1182243
-0.1300913
-0.1356359
-0.1455418
-0.1432086
-0.1174798
-0.0765406
-0.0444429
-0.0228152
-0.0154332
-0.0170465
-0.0155538
-0.0251898
-0.0326938
-0.0309246
-0.0143301
0.0187275
0.0675607
0.1259426
0.1779315
0.1980979
0.1717440
0.1390943
0.1130280
0.0789068
0.0374759
0.0228856
0.0469498
0.0923498
0.1498552
0.1832000
0.1871737
0.1683685
0.1256842
0.0824559
0.0380323
-0.0011310
-0.0059954
0.0134965
0.0188464
0.0075587
0.0074604
0.0379052
0.0955827
0.1388330
0.1656418
0.1695202
0.1426409
0.1346653
0.1284169
0.1083439
0.0813375
0.0455145
0.0320073
0.0356989
0.0408582
0.0386854
0.0242334
-0.0049708
-0.0403304
-0.0372671
0.0006476
0.0300041
0.0433652
0.0434737
0.0391443
0.0401873
0.0264124
-0.0028673
-0.0246948
-0.0330328
-0.0298710
-0.0204225
-0.0177770
-0.0169996
-0.0052772
0.0305600
0.1013199
0.1753782
0.2152934
0.2089008
0.1602534
0.0962478
0.0567327
0.0344843
0.0164636
0.0117073
0.0169919
0.0264419
0.0313499
0.0309151
0.0217760
0.0126949
0.0088272
0.0004747
-0.0144790
-0.0390803
-0.0643619
-0.0736255
-0.0585773
-0.0250027
0.0189191
0.0600263
0.0792019
0.0683564
0.0267474
-0.0280044
-0.0673879
-0.0831719
-0.0857451
-0.0661483
-0.0268744
0.0104321
0.0304402
0.0083622
-0.0365027
-0.0807502
-0.1264592
-0.1423513
-0.1157906
-0.0640722
-0.0134246
0.0107404
-0.0070063
-0.0082840
0.0225708
0.0211927
0.0043442
-0.0412779
-0.1112559
-0.1590049
-0.1877691
-0.1950866
-0.1859296
-0.1767856
-0.1690549
-0.1561698
-0.1313723
-0.0948488
-0.0743438
-0.0708733
-0.0795243
-0.1188083
-0.1722007
-0.2065844
-0.2181271
-0.2146100
-0.1901360
-0.1553057
-0.1217875
-0.0882947
-0.0429918
0.0042226
0.0327967
0.0346952
0.0149482
-0.0014598
0.0027540
0.0146587
0.0330366
0.0455776
0.0270625
-0.0097864
-0.0445608
-0.0593372
-0.0624126
-0.0572675
-0.0335965
0.0061539
0.0415740
0.0679787
0.0797699
0.0667463
0.0372788
0.0090802
-0.0075470
-0.0251258
-0.0398574
-0.0427359
-0.0462667
-0.0530858
-0.0548944
-0.0610223
-0.0804329
-0.1013183
-0.1127603
-0.1127411
-0.0921039
-0.0679309
-0.0562345
-0.0410783
-0.0071174
0.0439261
0.0929748
0.1230448
0.1379758
0.1334864
0.1165446
0.1185115
0.1238489
0.1262326
0.1243440
0.1044518
0.0835885
0.0777725
0.0903745
0.1172456
0.1473163
0.1720504
0.1880061
0.1876737
0.1861102
0.1910984
0.1950909
0.1814371
0.1498725
0.1134555
0.0798349
0.0646033
0.0764392
0.1073424
0.1390675
0.1647372
0.1756976
0.1762467
0.1811828
0.1762510
0.1531975
0.1273565
0.0916708
0.0587223
0.0338681
0.0129972
0.0114201
0.0114012
0.0116316
0.0249008
0.0366238
0.0447190
0.0442306
0.0107309
-0.0431971
-0.0873153
-0.1233823
-0.1664741
-0.2143542
-0.2463942
-0.2680070
-0.2851520
-0.2893006
-0.2856519
-0.2734995
-0.2599569
-0.2594367
-0.2541798
-0.2341623
-0.2158165
-0.1981312
-0.1805224
-0.1722700
-0.1748190
-0.1727801
-0.1698366
-0.1571539
-0.1278407
-0.1106679
-0.1097148
-0.1183413
-0.1225429
-0.1145480
-0.0945169
-0.0696441
-0.0470006
-0.0226924
-0.0080081
-0.0081042
-0.0060120
0.0032182
0.0176021
0.0291576
0.0365432
0.0618279
0.0988840
0.1413681
0.1857822
0.2298301
0.2527233
0.2449521
0.2447382
0.2448350
0.2389842
0.2419956
0.2445836
0.2492524
0.2520918
0.2483753
0.2401330
0.2203871
0.2075063
0.2015515
0.1879555
0.1665073
0.1277338
0.0671850
-0.0139534
-0.1033169
-0.1741196
-0.2202296
-0.2635478
-0.3027261
-0.3294412
-0.3437294
-0.3459836
-0.3401357
-0.3214749
-0.2982177
-0.2697815
-0.2351073
-0.2133571
-0.2048143
-0.1987598
-0.1972353
-0.1958784
-0.1807103
-0.1592982
-0.1464594
-0.1350789
-0.1170824
-0.0923715
-0.0480017
0.0145897
0.0695948
0.1051258
0.1215842
0.1319418
0.1334200
0.1199570
0.1036741
0.0751897
0.0414582
0.0157404
0.0043991
0.0152638
0.0269790
0.0332035
0.0302801
0.0066843
-0.0108074
-0.0144913
-0.0163271
-0.0088209
0.0070213
0.0274518
0.0419764
0.0503740
0.0565017
0.0478262
0.0309178
0.0102898
-0.0105238
-0.0170371
-0.0130102
-0.0087304
-0.0062058
-0.0024889
0.0045934
0.0147735
0.0164060
0.0130042
0.0136439
0.0111161
0.0144106
0.0253535
0.0468742
0.0738337
0.0891565
0.0966404
0.0993209
0.1015013
0.1067521
0.1237800
0.1447081
0.1473322
0.1680492
0.2077968
0.2179811
0.2166084
0.2187932
0.2168367
0.2071552
0.1960908
0.1864541
0.1737656
0.1673021
0.1642199
0.1587130
0.1478697
0.1376740
0.1326954
0.1312437
0.1304838
0.1245103
0.1061699
0.0709171
0.0360051
0.0139834
-0.0027739
-0.0120995
-0.0139110
-0.0110705
-0.0204850
-0.0488341
-0.0805390
-0.0999355
-0.0953054
-0.0681708
-0.0378362
-0.0296591
-0.0135410
0.0199118
0.0283385
0.0154489
0.0061628
-0.0066065
-0.0171053
-0.0177569
-0.0165061
-0.0054170
0.0074510
-0.0025901
-0.0223068
-0.0424918
-0.0728143
-0.1052067
-0.1399036
-0.1661100
-0.1715042
-0.1705823
-0.1663079
-0.1521195
-0.1408615
-0.1423277
-0.1492121
-0.1593662
-0.1739650
-0.1751730
-0.1682789
-0.1556886
-0.1363486
-0.1198272
-0.0858711
-0.0296552
0.0359127
0.0851741
0.0885867
0.0668362
0.0476159
0.0386880
0.0487716
0.0680770
0.0830077
0.1026375
0.1214011
0.1359741
0.1433246
0.1334968
0.1217293
0.1153484
0.1094517
0.1032460
0.0970521
0.0872897
0.0802242
0.0706224
0.0553090
0.0439199
0.0376053
0.0336581
0.0270024
0.0161781
0.0136010
0.0201898
0.0284114
0.0317901
0.0285798
0.0214132
0.0061496
-0.0198807
-0.0506217
-0.0815957
-0.1146350
-0.1355897
-0.1341482
-0.1171553
-0.1018003
-0.0882162
-0.0795001
-0.0755986
-0.0678253
-0.0605456
-0.0498765
-0.0414962
-0.0440315
-0.0432964
-0.0241633
-0.0100773
-0.0081524
-0.0065112
-0.0032920
0.0128662
0.0342997
0.0541709
0.0741967
0.0953779
0.1088254
0.1119004
0.1132212
0.0927905
0.0605678
0.0426915
0.0327343
0.0285629
0.0152283
-0.0099290
-0.0361296
-0.0597596
-0.0729495
-0.0763648
-0.0731943
-0.0708135
-0.0768292
-0.0864153
-0.0886444
-0.0796974
-0.0618115
-0.0463105
-0.0427171
-0.0374866
-0.0290741
-0.0258970
-0.0209654
-0.0160480
-0.0128137
-0.0101951
-0.0090889
-0.0068528
0.0012785
0.0100002
0.0153762
0.0258982
0.0354814
0.0368070
0.0351376
0.0325041
0.0294436
0.0305399
0.0364480
0.0477314
0.0630767
0.0789636
0.0938035
0.1049756
0.1191314
0.1243401
0.1077087
0.0888055
0.0771853
0.0661366
0.0537832
0.0446144
0.0447382
0.0431042
0.0365196
0.0316400
0.0064740
-0.0336951
-0.0664190
-0.0993107
-0.1256150
-0.1402622
-0.1542884
-0.1648326
-0.1679697
-0.1571698
-0.1360535
-0.1208536
-0.1108142
-0.1060861
-0.0992608
-0.0793397
-0.0536374
-0.0309502
-0.0108223
0.0012702
0.0087822
0.0231372
0.0366514
0.0470967
0.0456773
0.0360490
0.0310512
0.0233694
0.0118439
-0.0075757
-0.0364598
-0.0576679
-0.0633514
-0.0608364
-0.0511745
-0.0422622
-0.0417384
-0.0477851
-0.0559222
-0.0639073
-0.0711911
-0.0739928
-0.0728339
-0.0663277
-0.0638473
-0.0720562
-0.0726019
-0.0660628
-0.0620919
-0.0586741
-0.0585423
-0.0616173
-0.0709807
-0.0776407
-0.0732429
-0.0668864
-0.0599253
-0.0515599
-0.0513960
-0.0559682
-0.0611758
-0.0771230
-0.0965442
-0.1135760
-0.1387596
-0.1625582
-0.1766513
-0.1875393
-0.1925058
-0.1858834
-0.1732468
-0.1684003
-0.1600728
-0.1500950
-0.1442639
-0.1318120
-0.1231546
-0.1145122
-0.1039000
-0.0971465
-0.0911221
-0.0839773
-0.0711295
-0.0517570
-0.0255483
-0.0065219
0.0061375
0.0252652
0.0485319
0.0716268
0.0947320
0.1224588
0.1436814
0.1556901
0.1699190
0.1886852
0.1978639
0.1978422
0.2022624
0.1938988
0.1706314
0.1528882
0.1541902
0.1657531
0.1721732
0.1816683
0.1850467
0.1740344
0.1600005
0.1431088
0.1252802
0.1082684
0.0982811
0.1056955
0.1187037
0.1375313
0.1640219
0.1905709
0.2103501
0.2076508
0.2029055
0.1982554
0.1868775
0.1788332
0.1723090
0.1744245
0.1743147
0.1778101
0.1909567
0.2027364
0.2137025
0.2153050
0.2092230
0.2025659
0.1883688
0.1713380
0.1557898
0.1454132
0.1428550
0.1380536
0.1327714
0.1311436
0.1260416
0.1161764
0.1056165
0.0891051
0.0690548
0.0500148
0.0320182
0.0207157
0.0186973
0.0186873
0.0110397
0.0006683
-0.0133694
-0.0353368
-0.0534244
-0.0681991
-0.0847812
-0.1053453
-0.1249591
-0.1396853
-0.1510863
-0.1542321
-0.1564213
-0.1572319
-0.1548679
-0.1555167
-0.1515632
-0.1448641
-0.1433317
-0.1373574
-0.1258316
-0.1123766
-0.0930314
-0.0761579
-0.0602104
-0.0374426
-0.0105323
0.0221763
0.0481559
0.0589017
0.0635679
0.0648364
0.0606261
0.0529198
0.0507326
0.0499586
0.0461682
0.0430682
0.0400823
0.0314705
0.0120231
-0.0086949
-0.0240007
-0.0413786
-0.0573658
-0.0655886
-0.0780648
-0.0826815
-0.0849848
-0.0980772
-0.1087409
-0.1243515
-0.1397149
-0.1535703
-0.1742424
-0.1917717
-0.1979029
-0.1972627
-0.1940245
-0.1907371
-0.1894193
-0.1828185
-0.1766917
-0.1795933
-0.1865379
-0.1908411
-0.1895753
-0.1846869
-0.1786916
-0.1702311
-0.1537205
-0.1339863
-0.1138280
-0.0923065
-0.0762110
-0.0663343
-0.0617473
-0.0599805
-0.0513286
-0.0341852
-0.0174245
-0.0050661
0.0096704
0.0251839
0.0323917
0.0358640
0.0384156
0.0415143
0.0448646
0.0491020
0.0567905
0.0619568
0.0661307
0.0719172
0.0796300
0.0952355
0.1078194
0.1069832
0.0944705
0.0715736
0.0478775
0.0327490
0.0282756
0.0302295
0.0367319
0.0425618
0.0434280
0.0420940
0.0317365
0.0105506
-0.0128954
-0.0367044
-0.0507104
-0.0551786
-0.0637215
-0.0703111
-0.0678085
-0.0636722
-0.0523113
-0.0358155
-0.0282726
-0.0279665
-0.0345489
-0.0421798
-0.0426480
-0.0388231
-0.0312208
-0.0210221
-0.0157902
-0.0132027
-0.0057520
0.0067964
0.0176031
0.0257837
0.0310200
0.0332703
0.0338435
0.0370384
0.0426892
0.0546109
0.0700819
0.0800331
0.0931814
0.1002564
0.1015636
0.1036871
0.0992224
0.0843889
0.0682536
0.0578623
0.0485397
0.0440520
0.0433088
0.0427295
0.0427792
0.0443878
0.0550799
0.0630081
0.0657300
0.0728894
0.0694571
0.0647730
0.0662943
0.0655816
0.0649212
0.0640784
0.0664512
0.0663275
0.0597921
0.0557673
0.0507461
0.0432283
0.0422609
0.0432515
0.0404078
0.0353963
0.0320771
0.0292279
0.0194454
0.0085523
0.0008838
-0.0080595
-0.0130909
-0.0105528
0.0002193
0.0125859
0.0190403
0.0253348
0.0226900
0.0179426
0.0149962
0.0070961
0.0054019
0.0101914
0.0174520
0.0271553
0.0387173
0.0474250
0.0550704
0.0572299
0.0496245
0.0405255
0.0317176
0.0159044
-0.0058895
-0.0242243
-0.0394674
-0.0519417
-0.0578189
-0.0619363
-0.0643518
-0.0624148
-0.0598669
-0.0562576
-0.0561005
-0.0594194
-0.0622970
-0.0718078
-0.0811591
-0.0869954
-0.0981193
-0.1089907
-0.1179422
-0.1198662
-0.1125460
-0.1095457
-0.1067028
-0.0932065
-0.0778443
-0.0649938
-0.0537833
-0.0414471
-0.0216007
0.0034832
0.0248375
0.0371527
0.0474550
0.0577623
0.0628448
0.0635283
0.0648305
0.0672883
0.0688382
0.0657261
0.0617284
0.0637254
0.0659494
0.0681469
0.0692646
0.0667682
0.0604589
0.0482470
0.0337747
0.0151989
-0.0008318
-0.0138758
-0.0368393
-0.0566235
-0.0635271
-0.0730448
-0.0809410
-0.0824290
-0.0834970
-0.0876417
-0.0994105
-0.1110916
-0.1250938
-0.1335046
-0.1340512
-0.1348886
-0.1333547
-0.1346312
-0.1294466
-0.1146769
-0.1052990
-0.0967532
-0.0848043
-0.0816039
-0.0773339
-0.0637702
-0.0533209
-0.0445936
-0.0292956
-0.0192454
-0.0176189
-0.0127632
-0.0067026
0.0021508
0.0140523
0.0279515
0.0460391
0.0618136
0.0736917
0.0831583
0.0842970
0.0827614
0.0849452
0.0845821
0.0786736
0.0704877
0.0584040
0.0425888
0.0307547
0.0169040
-0.0015822
-0.0136784
-0.0233581
-0.0376123
-0.0445113
-0.0477126
-0.0487507
-0.0439599
-0.0440390
-0.0449528
-0.0456869
-0.0437336
-0.0300150
-0.0162528
-0.0095492
-0.0015904
0.0108151
0.0253385
0.0342429
0.0405096
0.0475047
0.0493481
0.0490979
0.0538329
0.0596185
0.0664980
0.0738139
0.0704768
0.0621797
0.0511661
0.0389059
0.0355314
0.0354204
0.0362010
0.0415643
0.0437449
0.0451359
0.0485154
0.0494404
0.0495661
0.0504418
0.0535292
0.0496055
0.0437374
0.0421518
0.0360234
0.0334478
0.0343534
0.0344882
0.0361792
0.0369888
0.0366916
0.0317284
0.0296609
0.0290803
0.0208219
0.0185144
0.0260691
0.0308818
0.0349693
0.0405652
0.0427526
0.0432146
0.0389501
0.0286143
0.0211786
0.0257094
0.0296559
0.0288283
0.0298521
0.0293072
0.0294727
0.0300203
0.0283565
0.0225843
0.0141503
0.0016921
-0.0092286
-0.0214786
-0.0390462
-0.0574799
-0.0739318
-0.0859155
-0.1009604
-0.1152926
-0.1290294
-0.1503364
-0.1693843
-0.1823417
-0.1970460
-0.2051669
-0.2119873
-0.2190793
-0.2188539
-0.2141721
-0.2050152
-0.1958336
-0.1833445
-0.1692283
-0.1568446
-0.1372198
-0.1159987
-0.1030161
-0.0856446
-0.0656069
-0.0464016
-0.0240056
-0.0061516
0.0117741
0.0272445
0.0346128
0.0387102
0.0436261
0.0477281
0.0501747
0.0570550
0.0637225
0.0772247
0.0949754
0.0994842
0.1073732
0.1214281
0.1293542
0.1314675
0.1327141
0.1301036
0.1250319
0.1210151
0.1093077
0.0985361
0.0823568
0.0628409
0.0481922
0.0380486
0.0365308
0.0382018
0.0387410
0.0347336
0.0346530
0.0366675
0.0345602
0.0345693
0.0360101
0.0376326
0.0388338
0.0412920
0.0505977
0.0606822
0.0661567
0.0683705
0.0734489
0.0757839
0.0685658
0.0626517
0.0574843
0.0544599
0.0539602
0.0519048
0.0503022
0.0469457
0.0408863
0.0351941
0.0338549
0.0309479
0.0222945
0.0129048
0.0052988
-0.0011561
-0.0041225
-0.0061451
-0.0092883
-0.0120707
-0.0175212
-0.0251877
-0.0330622
-0.0406840
-0.0450499
-0.0502691
-0.0541748
-0.0511812
-0.0425063
-0.0332743
-0.0348114
-0.0314790
-0.0192501
-0.0141201
-0.0102142
0.0005803
0.0159625
0.0313506
0.0461274
0.0594477
0.0673243
0.0723579
0.0761134
0.0807290
0.0858421
0.0897881
0.0906622
0.0871488
0.0843462
0.0799942
0.0752203
0.0683788
0.0615158
0.0591425
0.0561868
0.0508942
0.0457169
0.0414612
0.0396976
0.0384725
0.0332571
0.0216512
0.0031669
-0.0129451
-0.0267652
-0.0407727
-0.0467684
-0.0444413
-0.0424073
-0.0421303
-0.0433724
-0.0429367
-0.0334648
-0.0260375
-0.0266348
-0.0281227
-0.0282703
-0.0270972
-0.0282365
-0.0325177
-0.0347114
-0.0411575
-0.0504013
-0.0546381
-0.0620350
-0.0746652
-0.0857648
-0.0951428
-0.1024436
-0.1055203
-0.1100558
-0.1124645
-0.1120135
-0.1119476
-0.1107214
-0.1095535
-0.1067481
-0.1047413
-0.1051842
-0.1037650
-0.0989144
-0.0955920
-0.0907946
-0.0844110
-0.0771192
-0.0642048
-0.0527390
-0.0451492
-0.0312036
-0.0136629
0.0060449
0.0266818
0.0390946
0.0475051
0.0511427
0.0505506
0.0502338
0.0485741
0.0407470
0.0284299
0.0138862
0.0048014
-0.0005430
-0.0059267
-0.0071408
-0.0113226
-0.0257038
-0.0440687
-0.0525289
-0.0609676
-0.0659148
-0.0645938
-0.0658891
-0.0645532
-0.0579818
-0.0466164
-0.0370976
-0.0287116
-0.0169998
-0.0083870
-0.0073782
-0.0083605
-0.0033787
0.0044306
0.0092308
0.0175930
0.0280024
0.0285198
0.0204573
0.0164318
0.0133193
0.0023076
-0.0083598
-0.0166474
-0.0264301
-0.0369453
-0.0419596
-0.0334330
-0.0283458
-0.0302514
-0.0286646
-0.0278323
-0.0214691
-0.0158168
-0.0125446
-0.0028876
0.0084057
0.0246799
0.0448855
0.0619723
0.0771925
0.0931259
0.1097342
0.1250811
0.1345376
0.1434866
0.1546916
0.1528492
0.1448309
0.1430765
0.1344509
0.1262918
0.1244194
0.1153370
0.1093575
0.1061637
0.1012224
0.0998613
0.0998222
0.1015310
0.1029506
0.1026986
0.1012142
0.0985621
0.0904326
0.0837310
0.0777771
0.0668003
0.0590099
0.0473727
0.0315696
0.0196195
0.0097601
-0.0012055
-0.0161256
-0.0302985
-0.0414844
-0.0535501
-0.0632718
-0.0724452
-0.0868920
-0.0982237
-0.1021322
-0.1086834
-0.1121936
-0.1054786
-0.0932141
-0.0805001
-0.0677829
-0.0519733
-0.0376492
-0.0272975
-0.0178580
-0.0096033
-0.0015196
0.0071925
0.0157134
0.0265449
0.0354418
0.0427519
0.0501045
0.0549168
0.0642042
0.0733447
0.0753549
0.0748292
0.0697756
0.0591807
0.0468900
0.0424253
0.0440816
0.0426373
0.0437445
0.0482860
0.0506227
0.0521639
0.0533508
0.0563379
0.0622716
0.0634592
0.0572896
0.0514255
0.0436821
0.0346210
0.0282930
0.0203018
0.0173738
0.0186194
0.0180927
0.0176040
0.0174329
0.0176612
0.0171532
0.0117507
0.0060100
0.0046186
0.0026075
0.0031753
0.0079939
0.0151722
0.0262195
0.0341258
0.0350015
0.0370358
0.0395364
0.0381633
0.0353580
0.0316932
0.0232996
0.0129634
0.0087066
0.0065284
0.0000428
-0.0054049
-0.0096539
-0.0210714
-0.0346463
-0.0429968
-0.0501909
-0.0540917
-0.0563881
-0.0606344
-0.0664015
-0.0710431
-0.0681920
-0.0693895
-0.0680744
-0.0629189
-0.0616516
-0.0582529
-0.0581743
-0.0560549
-0.0520248
-0.0492086
-0.0463787
-0.0461724
-0.0448298
-0.0462269
-0.0460052
-0.0420332
-0.0413559
-0.0428392
-0.0419812
-0.0361577
-0.0331921
-0.0307830
-0.0340115
-0.0412196
-0.0423683
-0.0426636
-0.0436826
-0.0426604
-0.0299890
-0.0186243
-0.0179840
-0.0167825
-0.0177423
-0.0172410
-0.0123777
-0.0085986
-0.0035774
0.0049551
0.0166473
0.0269439
0.0317052
0.0344159
0.0366657
0.0368887
0.0340110
0.0307716
0.0323343
0.0286854
0.0215694
0.0255421
0.0297777
0.0301202
0.0313792
0.0329866
0.0346247
0.0376204
0.0415396
0.0439040
0.0441815
0.0423173
0.0438488
0.0427417
0.0376596
0.0366923
0.0372050
0.0350285
0.0306362
0.0287695
0.0304564
0.0301176
0.0226037
0.0153284
0.0074248
-0.0059709
-0.0168724
-0.0242639
-0.0329667
-0.0400464
-0.0431710
-0.0484763
-0.0524911
-0.0564303
-0.0598019
-0.0608141
-0.0647114
-0.0749805
-0.0859591
-0.0881323
-0.0879970
-0.0886521
-0.0854626
-0.0834593
-0.0842510
-0.0774913
-0.0672786
-0.0595259
-0.0536491
-0.0452684
-0.0301379
-0.0170998
-0.0048807
0.0054553
0.0116091
0.0160502
0.0125559
0.0093798
0.0153407
0.0251965
0.0333653
0.0426194
0.0557624
0.0644610
0.0766119
0.0899781
0.0919390
0.0959551
0.1005227
0.0982114
0.0934281
0.0861026
0.0787034
0.0772455
0.0782280
0.0786151
0.0807506
0.0790416
0.0726865
0.0659275
0.0504653
0.0344481
0.0247396
0.0107511
-0.0036705
-0.0107923
-0.0159532
-0.0217520
-0.0253603
-0.0361048
-0.0425732
-0.0415666
-0.0482406
-0.0593480
-0.0640482
-0.0695684
-0.0754774
-0.0770035
-0.0831333
-0.0842464
-0.0821650
-0.0864343
-0.0947715
-0.1029284
-0.1078541
-0.1100236
-0.1114936
-0.1124057
-0.1121319
-0.1120593
-0.1117326
-0.1104093
-0.1087488
-0.1082487
-0.1062539
-0.1024582
-0.0958811
-0.0898202
-0.0870851
-0.0864077
-0.0847631
-0.0799794
-0.0811854
-0.0793348
-0.0731728
-0.0743111
-0.0748169
-0.0667875
-0.0622568
-0.0607160
-0.0577448
-0.0580850
-0.0561802
-0.0562514
-0.0573435
-0.0555919
-0.0521574
-0.0489469
-0.0465247
-0.0441614
-0.0399813
-0.0310169
-0.0221745
-0.0173440
-0.0131637
-0.0026308
0.0123667
0.0260334
0.0422521
0.0614434
0.0745202
0.0869524
0.0965352
0.1033542
0.1151126
0.1176385
0.1173753
0.1167080
0.1122412
0.1091160
0.1080467
0.1055586
0.0988030
0.0872212
0.0774488
0.0702686
0.0586144
0.0523226
0.0467517
0.0346047
0.0253024
0.0201523
0.0147452
0.0077574
-0.0033801
-0.0128601
-0.0243264
-0.0418027
-0.0428779
-0.0304122
-0.0296712
-0.0288126
-0.0257866
-0.0248790
-0.0186684
-0.0146857
-0.0127495
-0.0096177
-0.0034514
0.0042694
0.0114989
0.0161612
0.0197127
0.0272797
0.0317511
0.0297044
0.0219910
0.0192155
0.0195548
0.0123093
0.0099964
0.0071114
-0.0005700
-0.0027963
-0.0035151
-0.0040688
-0.0028653
-0.0026490
-0.0013394
-0.0016426
-0.0034450
-0.0024601
-0.0056478
-0.0087044
-0.0100141
-0.0085547
-0.0021755
0.0069146
0.0229642
0.0287634
0.0295372
0.0357107
0.0318719
0.0288575
0.0310705
0.0293462
0.0274648
0.0278462
0.0284263
0.0286308
0.0284961
0.0295508
0.0283191
0.0208372
0.0182415
0.0180959
0.0150017
0.0126423
0.0111886
0.0126449
0.0172185
0.0250384
0.0290811
0.0306984
0.0364542
0.0401454
0.0371128
0.0324933
0.0330395
0.0298540
0.0154465
0.0057141
-0.0022971
-0.0111903
-0.0155022
-0.0205238
-0.0249885
-0.0358900
-0.0433176
-0.0467261
-0.0551226
-0.0604113
-0.0635940
-0.0649903
-0.0649350
-0.0656205
-0.0643301
-0.0571654
-0.0499333
-0.0450526
-0.0439894
-0.0427815
-0.0334500
-0.0251719
-0.0204494
-0.0151696
-0.0057409
0.0016054
0.0077123
0.0178491
0.0271659
0.0353155
0.0402545
0.0478321
0.0556741
0.0588733
0.0621649
0.0640451
0.0634582
0.0640050
0.0719951
0.0793360
0.0831261
0.0955196
0.0987685
0.0884427
0.0849378
0.0821412
0.0760986
0.0696312
0.0644019
0.0608549
0.0530630
0.0414300
0.0321221
0.0245348
0.0182505
0.0132960
0.0033766
-0.0071891
-0.0165954
-0.0239155
-0.0303501
-0.0410191
-0.0446397
-0.0427492
-0.0427077
-0.0429532
-0.0425724
-0.0381087
-0.0345225
-0.0368531
-0.0421191
-0.0443489
-0.0435539
-0.0447570
-0.0438991
-0.0338347
-0.0288594
-0.0294294
-0.0218387
-0.0160979
-0.0118945
-0.0055548
-0.0034863
-0.0033455
-0.0028844
-0.0043017
-0.0082227
-0.0095254
-0.0084973
-0.0106154
-0.0124112
-0.0151359
-0.0183022
-0.0190178
-0.0194282
-0.0197971
-0.0200800
-0.0183862
-0.0147961
-0.0097772
-0.0033217
-0.0042186
-0.0091494
-0.0130011
-0.0214208
-0.0270433
-0.0281570
-0.0302701
-0.0296592
-0.0327989
-0.0398509
-0.0377866
-0.0390047
-0.0390979
-0.0342084
-0.0318930
-0.0289814
-0.0282321
-0.0282287
-0.0277238
-0.0287705
-0.0288172
-0.0220688
-0.0172766
-0.0136232
-0.0094771
-0.0078703
-0.0050926
0.0004369
0.0090342
0.0181759
0.0271013
0.0320895
0.0342755
0.0363013
0.0375524
0.0380601
0.0360324
0.0354412
0.0361711
0.0347930
0.0323543
0.0291019
0.0200945
0.0171574
0.0253112
0.0216672
0.0170978
0.0205394
0.0204426
0.0184138
0.0125973
0.0079677
0.0011416
-0.0092892
-0.0152060
-0.0223208
-0.0294975
-0.0337068
-0.0323138
-0.0291654
-0.0272205
-0.0200559
-0.0161710
-0.0169972
-0.0119784
-0.0079522
-0.0083227
-0.0081880
-0.0076998
-0.0094633
-0.0141229
-0.0168910
-0.0235075
-0.0274075
-0.0300609
-0.0396807
-0.0430676
-0.0431458
-0.0456220
-0.0486625
-0.0502720
-0.0485461
-0.0475758
-0.0489352
-0.0503721
-0.0495995
-0.0501626
-0.0514804
-0.0469736
-0.0363082
-0.0269295
-0.0208313
-0.0181930
-0.0110704
0.0005177
0.0047755
0.0129356
0.0171669
0.0117720
0.0146970
0.0184159
0.0185435
0.0175354
0.0206901
0.0264760
0.0227807
0.0249690
0.0317110
0.0334227
0.0346038
0.0376726
0.0419745
0.0464705
0.0531611
0.0558764
0.0509204
0.0432551
0.0389006
0.0351920
0.0353353
0.0388769
0.0385107
0.0360741
0.0310620
0.0285363
0.0282411
0.0205035
0.0115208
0.0088655
0.0057053
-0.0021156
-0.0096212
-0.0132160
-0.0177979
-0.0244017
-0.0206024
-0.0159148
-0.0147180
-0.0065424
0.0083372
0.0246018
0.0312510
0.0384869
0.0479036
0.0533352
0.0580623
0.0634637
0.0729287
0.0769356
0.0798542
0.0942695
0.1042830
0.1100989
0.1202926
0.1235965
0.1216700
0.1164666
0.1108461
0.1057551
0.1006250
0.0977563
0.0925112
0.0890525
0.0839502
0.0781444
0.0782593
0.0772873
0.0756455
0.0758785
0.0757798
0.0748170
0.0748967
0.0750404
0.0748196
0.0765041
0.0780621
0.0813039
0.0831616
0.0828731
0.0839153
0.0854874
0.0879418
0.0899497
0.0961574
0.1017371
0.1031684
0.1045593
0.1049241
0.1039795
0.1013920
0.1010949
0.0998232
0.0997687
0.0992384
0.0884609
0.0820948
0.0780697
0.0647255
0.0503127
0.0388588
0.0297731
0.0127626
-0.0080278
-0.0270961
-0.0461584
-0.0633874
-0.0793325
-0.0879768
-0.1022086
-0.1187959
-0.1255806
-0.1337275
-0.1420230
-0.1444984
-0.1441961
-0.1453049
-0.1464753
-0.1459927
-0.1435210
-0.1373657
-0.1312514
-0.1259083
-0.1212998
-0.1147435
-0.1080044
-0.1015407
-0.0876541
-0.0781114
-0.0748126
-0.0666750
-0.0634729
-0.0641352
-0.0643104
-0.0711557
-0.0768135
-0.0777495
-0.0792697
-0.0830615
-0.0768276
-0.0653847
-0.0688732
-0.0747247
-0.0725988
-0.0731368
-0.0715529
-0.0660173
-0.0704095
-0.0725641
-0.0712035
-0.0749097
-0.0775741
-0.0815286
-0.0854742
-0.0852697
-0.0863022
-0.0868504
-0.0892168
-0.0936950
-0.0913522
-0.0933379
-0.0914666
-0.0856047
-0.0856011
-0.0822212
-0.0780856
-0.0749988
-0.0677517
-0.0631397
-0.0588567
-0.0506168
-0.0473983
-0.0433303
-0.0415695
-0.0415923
-0.0354778
-0.0286848
-0.0195776
-0.0096651
0.0012626
0.0112230
0.0175310
0.0262996
0.0357925
0.0431254
0.0492621
0.0539900
0.0523948
0.0537469
0.0559484
0.0526369
0.0543170
0.0530335
0.0559485
0.0636207
0.0632341
0.0664375
0.0738408
0.0763144
0.0768504
0.0780187
0.0768104
0.0762107
0.0760173
0.0762099
0.0758372
0.0680562
0.0622064
0.0604352
0.0563973
0.0573122
0.0555707
0.0489053
0.0474224
0.0467689
0.0449573
0.0431679
0.0434325
0.0441602
0.0398241
0.0378901
0.0381080
0.0358285
0.0352214
0.0326196
0.0310759
0.0313491
0.0296625
0.0220452
0.0123119
0.0087684
0.0057234
-0.0016980
-0.0088332
-0.0111788
-0.0133566
-0.0181621
-0.0241613
-0.0305353
-0.0378470
-0.0425145
-0.0470125
-0.0498758
-0.0511893
-0.0524265
-0.0510933
-0.0509344
-0.0507321
-0.0500925
-0.0501525
-0.0510826
-0.0502558
-0.0439576
-0.0420648
-0.0428875
-0.0348894
-0.0280752
-0.0222244
-0.0163818
-0.0180482
-0.0179468
-0.0117267
-0.0092798
-0.0096923
-0.0081064
-0.0087888
-0.0121231
-0.0132683
-0.0121354
-0.0094166
-0.0092002
-0.0098428
-0.0099245
-0.0104161
-0.0047848
-0.0005767
-0.0020630
0.0002819
0.0053648
0.0083434
0.0142057
0.0154158
0.0128242
0.0164265
0.0187529
0.0181910
0.0161126
0.0116839
0.0088147
0.0054677
-0.0003373
-0.0034003
-0.0080658
-0.0133633
-0.0140882
-0.0156707
-0.0162782
-0.0154479
-0.0145624
-0.0116883
-0.0079804
-0.0052383
-0.0031497
0.0024578
0.0083182
0.0112120
0.0138251
0.0180491
0.0200326
0.0199582
0.0196458
0.0222156
0.0267704
0.0191637
0.0092073
0.0086694
0.0136852
0.0152994
0.0171078
0.0255542
0.0232888
0.0206677
0.0281866
0.0299459
0.0295290
0.0317069
0.0304045
0.0331262
0.0399765
0.0425974
0.0483852
0.0546224
0.0561635
0.0616278
0.0637898
0.0610114
0.0631245
0.0582974
0.0464180
0.0429892
0.0436167
0.0395138
0.0318828
0.0297020
0.0265955
0.0211146
0.0232675
0.0221722
0.0239942
0.0222179
0.0172638
0.0190428
0.0184483
0.0179413
0.0195610
0.0272536
0.0307990
0.0299301
0.0354742
0.0431957
0.0438896
0.0429567
0.0482897
0.0498144
0.0502007
0.0503344
0.0461260
0.0448476
0.0430743
0.0396861
0.0353772
0.0313429
0.0274291
0.0192038
0.0147796
0.0116567
0.0060944
0.0014139
-0.0026939
-0.0079402
-0.0134367
-0.0171085
-0.0229996
-0.0322361
-0.0425933
-0.0503970
-0.0569774
-0.0639473
-0.0716206
-0.0802036
-0.0867319
-0.0952845
-0.1041442
-0.1076136
-0.1089693
-0.1113253
-0.1173733
-0.1217953
-0.1225496
-0.1203357
-0.1186761
-0.1187911
-0.1121363
-0.1084124
-0.1030846
-0.0897318
-0.0856696
-0.0845114
-0.0743552
-0.0655388
-0.0640608
-0.0609185
-0.0551863
-0.0511481
-0.0445277
-0.0407984
-0.0404642
-0.0421566
-0.0408451
-0.0292571
-0.0236494
-0.0194565
-0.0148266
-0.0154128
-0.0105578
-0.0080714
-0.0055092
0.0028886
0.0071681
0.0070650
0.0074693
0.0096931
0.0099017
0.0067038
0.0031922
-0.0005099
-0.0026418
-0.0030147
-0.0048713
-0.0046231
-0.0027226
-0.0045315
-0.0048642
-0.0034202
-0.0067657
-0.0096643
-0.0088474
-0.0056908
0.0012759
0.0090644
0.0161337
0.0215741
0.0275898
0.0332981
0.0392852
0.0476616
0.0563251
0.0666011
0.0742471
0.0743188
0.0748037
0.0744253
0.0682492
0.0632800
0.0551055
0.0451930
0.0385434
0.0319864
0.0251936
0.0193738
0.0117841
0.0004962
-0.0102496
-0.0172017
-0.0246982
-0.0347062
-0.0404104
-0.0426603
-0.0476495
-0.0520204
-0.0505520
-0.0502298
-0.0516141
-0.0502372
-0.0517463
-0.0552026
-0.0546545
-0.0530311
-0.0516356
-0.0469080
-0.0429370
-0.0425214
-0.0434172
-0.0430311
-0.0461923
-0.0501814
-0.0501000
-0.0521086
-0.0544638
-0.0582715
-0.0608320
-0.0600863
-0.0586281
-0.0569272
-0.0544251
-0.0507140
-0.0514429
-0.0513621
-0.0473863
-0.0426235
-0.0335620
-0.0268085
-0.0190087
-0.0090753
-0.0024645
0.0052512
0.0115410
0.0155008
0.0198216
0.0291930
0.0358062
0.0407392
0.0523539
0.0634523
0.0725351
0.0755147
0.0783339
0.0844299
0.0855704
0.0850325
0.0839928
0.0838359
0.0850170
0.0841350
0.0803102
0.0772610
0.0792338
0.0788862
0.0750808
0.0752153
0.0757168
0.0741716
0.0748483
0.0732245
0.0661968
0.0638022
0.0643217
0.0621242
0.0563440
0.0502262
0.0495027
0.0492319
0.0443842
0.0419592
0.0418882
0.0390078
0.0354853
0.0307916
0.0271906
0.0209651
0.0135623
0.0090481
0.0054280
0.0006852
-0.0067008
-0.0145459
-0.0159068
-0.0174543
-0.0256190
-0.0260217
-0.0259278
-0.0264736
-0.0296432
-0.0397275
-0.0327777
-0.0258162
-0.0270105
-0.0209840
-0.0182187
-0.0164821
-0.0102221
-0.0051098
-0.0018430
0.0055753
0.0117753
0.0175414
0.0263817
0.0329330
0.0373741
0.0434686
0.0493583
0.0485982
0.0491787
0.0505283
0.0457220
0.0438209
0.0411287
0.0323012
0.0307126
0.0292862
0.0199575
0.0157154
0.0122263
0.0087446
0.0058700
0.0004846
-0.0031684
-0.0098398
-0.0157983
-0.0155850
-0.0171232
-0.0255490
-0.0281683
-0.0199076
-0.0170705
-0.0163500
-0.0113858
-0.0059916
0.0030204
0.0094232
0.0114943
0.0113009
0.0108838
0.0125725
0.0128010
0.0090323
0.0010380
-0.0050672
-0.0102156
-0.0157311
-0.0150904
-0.0168510
-0.0246082
-0.0279177
-0.0336721
-0.0420933
-0.0478633
-0.0502523
-0.0506147
-0.0552332
-0.0559565
-0.0550377
-0.0550240
-0.0512023
-0.0506968
-0.0516879
-0.0510614
-0.0511870
-0.0492430
-0.0493047
-0.0521817
-0.0511907
-0.0517797
-0.0538339
-0.0504467
-0.0459581
-0.0439318
-0.0423875
-0.0410926
-0.0434717
-0.0423011
-0.0334554
-0.0319725
-0.0319611
-0.0284711
-0.0297244
-0.0273838
-0.0196678
-0.0173995
-0.0189506
-0.0187629
-0.0188448
-0.0195352
-0.0187454
-0.0143131
-0.0085613
-0.0036811
0.0003220
0.0092347
0.0175481
0.0172406
0.0199975
0.0276106
0.0295521
0.0286789
0.0291071
0.0290767
0.0289994
0.0296349
0.0293052
0.0297716
0.0286522
0.0215198
0.0173513
0.0128875
0.0044909
-0.0021001
-0.0060752
-0.0071499
-0.0072313
-0.0093734
-0.0124111
-0.0090962
-0.0045279
-0.0038986
-0.0000013
0.0045189
0.0093734
0.0187178
0.0280404
0.0326888
0.0370710
0.0436056
0.0477343
0.0507149
0.0495821
0.0507201
0.0555839
0.0530269
0.0496915
0.0487419
0.0494287
0.0501194
0.0456691
0.0428401
0.0385643
0.0320413
0.0285684
0.0218393
0.0130863
0.0038906
-0.0030659
-0.0073978
-0.0144720
-0.0238295
-0.0325521
-0.0398936
-0.0422284
-0.0470859
-0.0565150
-0.0581258
-0.0594141
-0.0623929
-0.0612761
-0.0602283
-0.0608179
-0.0588726
-0.0505095
-0.0434178
-0.0415047
-0.0311951
-0.0186633
-0.0159473
-0.0120434
-0.0043775
0.0003019
0.0053738
0.0089180
0.0102230
0.0155262
0.0187840
0.0186008
0.0172610
0.0146300
0.0108474
0.0060727
0.0052969
0.0033707
-0.0012213
-0.0033121
-0.0052978
-0.0078123
-0.0110315
-0.0105122
-0.0111698
-0.0164630
-0.0159365
-0.0142577
-0.0149873
-0.0147302
-0.0133384
-0.0119043
-0.0121442
-0.0138394
-0.0128337
-0.0050873
-0.0004945
0.0015861
0.0055722
0.0065716
0.0076121
0.0109169
0.0125158
0.0137516
0.0172390
0.0197595
0.0183155
0.0199862
0.0265552
0.0228973
0.0175026
0.0174859
0.0170436
0.0163103
0.0146887
0.0162828
0.0153602
0.0110483
0.0159631
0.0268011
0.0294459
0.0272430
0.0280233
0.0301889
0.0297547
0.0312958
0.0373725
0.0422833
0.0459806
0.0499577
0.0543028
0.0567720
0.0594654
0.0639751
0.0652024
0.0656618
0.0659910
0.0647635
0.0630829
0.0618956
0.0615097
0.0558329
0.0493330
0.0470570
0.0457595
0.0434682
0.0401529
0.0373548
0.0336120
0.0317890
0.0289640
0.0209434
0.0170572
0.0155527
0.0131919
0.0113457
0.0085270
0.0088514
0.0089838
0.0080886
0.0086603
0.0097841
0.0089159
0.0070691
0.0058267
0.0009282
-0.0020045
-0.0013007
-0.0035720
-0.0064096
-0.0097248
-0.0121731
-0.0125660
-0.0148399
-0.0131030
-0.0107434
-0.0105144
-0.0108302
-0.0157420
-0.0167613
-0.0157424
-0.0259706
-0.0392095
-0.0415680
-0.0403753
-0.0408684
-0.0407656
-0.0407752
-0.0411037
-0.0405979
-0.0421310
-0.0411789
-0.0320020
-0.0266841
-0.0205427
-0.0110331
-0.0034201
0.0050917
0.0136422
0.0251969
0.0349307
0.0421092
0.0538115
0.0612637
0.0629167
0.0708713
0.0767710
0.0738720
0.0748683
0.0790169
0.0798065
0.0823245
0.0836899
0.0807910
0.0774718
0.0757174
0.0759215
0.0750349
0.0671882
0.0597343
0.0559440
0.0470246
0.0389682
0.0313473
0.0210967
0.0173218
0.0131510
0.0045144
-0.0002411
-0.0060942
-0.0129829
-0.0160664
-0.0253759
-0.0393553
-0.0439729
-0.0473310
-0.0533543
-0.0552452
-0.0574928
-0.0608420
-0.0623662
-0.0641110
-0.0644937
-0.0644022
-0.0699172
-0.0748285
-0.0724907
-0.0662598
-0.0613574
-0.0579129
-0.0522966
-0.0458514
-0.0426878
-0.0371190
-0.0306776
-0.0280940
-0.0204027
-0.0145461
-0.0116473
-0.0078505
-0.0091897
-0.0076738
-0.0029782
-0.0038082
-0.0076090
-0.0082921
-0.0054994
-0.0017992
-0.0006760
-0.0018260
-0.0019573
-0.0016802
-0.0034041
-0.0063158
-0.0101780
-0.0133284
-0.0178014
-0.0254079
-0.0289253
-0.0315094
-0.0328659
-0.0344557
-0.0406552
-0.0414727
-0.0419021
-0.0465004
-0.0462215
-0.0472490
-0.0506016
-0.0501731
-0.0498315
-0.0496768
-0.0496395
-0.0500804
-0.0510513
-0.0486151
-0.0456970
-0.0417586
-0.0384266
-0.0400951
-0.0319218
-0.0243563
-0.0203423
-0.0156323
-0.0134293
-0.0050047
0.0030236
0.0092494
0.0148014
0.0193159
0.0256742
0.0294862
0.0306964
0.0315902
0.0351100
0.0368588
0.0333218
0.0329213
0.0335905
0.0326793
0.0335133
0.0339305
0.0319448
0.0299801
0.0316270
0.0336506
0.0323475
0.0324794
0.0327106
0.0342339
0.0373657
0.0378409
0.0382633
0.0376735
0.0351574
0.0340040
0.0355588
0.0343216
0.0319741
0.0307310
0.0298231
0.0285922
0.0237860
0.0174179
0.0096539
0.0057787
-0.0000820
-0.0105784
-0.0135975
-0.0134685
-0.0161376
-0.0223901
-0.0261468
-0.0263367
-0.0267140
-0.0290399
-0.0324771
-0.0330591
-0.0341289
-0.0350754
-0.0394235
-0.0319553
-0.0275811
-0.0393010
-0.0318292
-0.0249523
-0.0283269
-0.0276744
-0.0278079
-0.0224323
-0.0191249
-0.0200518
-0.0173770
-0.0136425
-0.0090320
-0.0042051
-0.0035336
0.0008992
0.0078699
0.0106009
0.0190899
0.0291779
0.0320690
0.0325917
0.0344972
0.0390268
0.0430402
0.0438370
0.0449288
0.0453645
0.0467261
0.0499226
0.0528195
0.0539475
0.0513378
0.0508695
0.0504389
0.0468793
0.0432030
0.0376370
0.0289110
0.0201592
0.0156072
0.0116660
0.0056868
-0.0028405
-0.0073998
-0.0083741
-0.0141008
-0.0161827
-0.0178761
-0.0252418
-0.0276333
-0.0254940
-0.0284457
-0.0342815
-0.0364108
-0.0399223
-0.0421810
-0.0415096
-0.0415277
-0.0433004
-0.0417992
-0.0328015
-0.0343127
-0.0384487
-0.0336501
-0.0301767
-0.0275949
-0.0271469
-0.0262749
-0.0194957
-0.0140284
-0.0106169
-0.0087451
-0.0105359
-0.0084119
-0.0072408
-0.0102114
-0.0112994
-0.0091451
-0.0083753
-0.0101308
-0.0099415
-0.0094921
-0.0101588
-0.0110280
-0.0117587
-0.0107300
-0.0106345
-0.0125039
-0.0120270
-0.0098150
-0.0070619
-0.0074246
-0.0087787
-0.0086341
-0.0108172
-0.0153878
-0.0175543
-0.0157061
-0.0154780
-0.0142544
-0.0138362
-0.0150563
-0.0108781
-0.0081077
-0.0086583
-0.0095157
-0.0103932
-0.0082448
-0.0110083
-0.0158389
-0.0154359
-0.0148904
-0.0166278
-0.0233144
-0.0271202
-0.0259808
-0.0275641
-0.0270240
-0.0265812
-0.0269620
-0.0287900
-0.0385907
-0.0424489
-0.0409275
-0.0420522
-0.0432121
-0.0482577
-0.0510610
-0.0546297
-0.0557260
-0.0534059
-0.0555176
-0.0523654
-0.0479575
-0.0464251
-0.0423798
-0.0345117
-0.0272651
-0.0198316
-0.0133925
-0.0116645
-0.0058403
-0.0006145
0.0065889
0.0147652
0.0183847
0.0253965
0.0300931
0.0342649
0.0373493
0.0378437
0.0366861
0.0315426
0.0310395
0.0302212
0.0213607
0.0137226
0.0081508
0.0013346
-0.0028061
-0.0074361
-0.0139635
-0.0159930
-0.0181846
-0.0231943
-0.0204833
-0.0161882
-0.0182512
-0.0247604
-0.0276181
-0.0256777
-0.0261273
-0.0275359
-0.0259747
-0.0201781
-0.0175923
-0.0196841
-0.0153771
-0.0061991
-0.0019440
0.0043699
0.0099238
0.0122826
0.0170319
0.0175305
0.0161953
0.0162136
0.0162652
0.0177225
0.0170776
0.0166211
0.0166017
0.0118002
0.0101886
0.0118452
0.0111437
0.0117215
0.0115276
0.0079051
0.0054036
0.0052724
0.0030448
-0.0019383
-0.0045149
-0.0038520
-0.0067965
-0.0089928
-0.0103175
-0.0151296
-0.0140829
-0.0101100
-0.0098650
-0.0105621
-0.0080622
-0.0034861
-0.0027575
-0.0029430
-0.0033322
-0.0007052
0.0052791
0.0079353
0.0102739
0.0116564
0.0175066
0.0277480
0.0314610
0.0334361
0.0383298
0.0395523
0.0426159
0.0495300
0.0510547
0.0573297
0.0624806
0.0573662
0.0571580
0.0589982
0.0620026
0.0650968
0.0659339
0.0727490
0.0759105
0.0745938
0.0750175
0.0748838
0.0754552
0.0756940
0.0757517
0.0749300
0.0756306
0.0749719
0.0697812
0.0665253
0.0614457
0.0580693
0.0562478
0.0507909
0.0455422
0.0372947
0.0298583
0.0299901
0.0299531
0.0285499
0.0288422
0.0297585
0.0294081
0.0228057
0.0186083
0.0205910
0.0205780
0.0182151
0.0169308
0.0178436
0.0176118
0.0152095
0.0147704
0.0148071
0.0120055
0.0085518
0.0085847
0.0081124
0.0029959
-0.0017230
-0.0040377
-0.0057865
-0.0082132
-0.0108224
-0.0132143
-0.0145046
-0.0166629
-0.0241360
-0.0266160
-0.0262730
-0.0338838
-0.0362181
-0.0353894
-0.0400100
-0.0425268
-0.0409874
-0.0369131
-0.0335945
-0.0290826
-0.0253363
-0.0241650
-0.0186503
-0.0135569
-0.0138872
-0.0156517
-0.0140126
-0.0110780
-0.0083480
-0.0024787
0.0011409
0.0014497
0.0041391
0.0052215
0.0059107
0.0082218
0.0091766
0.0115012
0.0126819
0.0117705
0.0107526
0.0104346
0.0136485
0.0165866
0.0170458
0.0176984
0.0188217
0.0189739
0.0180960
0.0181924
0.0184136
0.0177264
0.0179343
0.0177611
0.0148430
0.0157092
0.0174201
0.0176825
0.0199070
0.0218263
0.0275848
0.0303298
0.0293224
0.0312033
0.0326470
0.0326767
0.0316599
0.0303566
0.0303317
0.0306337
0.0296895
0.0288994
0.0221731
0.0129196
0.0099472
0.0072610
0.0022387
-0.0048240
-0.0136337
-0.0224398
-0.0305960
-0.0402711
-0.0499159
-0.0545151
-0.0621480
-0.0725939
-0.0765291
-0.0806072
-0.0875278
-0.0956708
-0.1029677
-0.1056772
-0.1067877
-0.1088523
-0.1096086
-0.1082788
-0.1093465
-0.1114527
-0.1101846
-0.1084522
-0.1096560
-0.1100954
-0.1072545
-0.1059921
-0.1015030
-0.0900931
-0.0869737
-0.0881583
-0.0796600
-0.0752043
-0.0753651
-0.0673542
-0.0631384
-0.0637570
-0.0633774
-0.0638415
-0.0594551
-0.0545811
-0.0545914
-0.0534386
-0.0516228
-0.0514297
-0.0520249
-0.0510484
-0.0482249
-0.0504775
-0.0489791
-0.0440526
-0.0427561
-0.0410306
-0.0408214
-0.0419335
-0.0407775
-0.0311686
-0.0243256
-0.0258769
-0.0270857
-0.0266313
-0.0192842
-0.0135253
-0.0140130
-0.0139459
-0.0147173
-0.0132792
-0.0087278
-0.0092607
-0.0143392
-0.0150835
-0.0151404
-0.0154067
-0.0167280
-0.0244124
-0.0268413
-0.0267467
-0.0279011
-0.0203663
-0.0152556
-0.0156756
-0.0159615
-0.0167007
-0.0131188
-0.0107947
-0.0112761
-0.0109008
-0.0065556
0.0007606
0.0038794
0.0134493
0.0256385
0.0297683
0.0338996
0.0353814
0.0362058
0.0410185
0.0418125
0.0403120
0.0437277
0.0474888
0.0515192
0.0561403
0.0557748
0.0562973
0.0543677
0.0549792
0.0599834
0.0606367
0.0600438
0.0551522
0.0523896
0.0523694
0.0499561
0.0487531
0.0470663
0.0423514
0.0368869
0.0326360
0.0298252
0.0300642
0.0298144
0.0244037
0.0197657
0.0202141
0.0174969
0.0129810
0.0155041
0.0129568
0.0055486
0.0062655
0.0069645
0.0058513
0.0047792
-0.0007617
-0.0048866
-0.0049362
-0.0046691
-0.0034331
-0.0003313
0.0047563
0.0084226
0.0125760
0.0172576
0.0201403
0.0265662
0.0289555
0.0281810
0.0293556
0.0302433
0.0351908
0.0394462
0.0413069
0.0431934
0.0485172
0.0552132
0.0554123
0.0515590
0.0510821
0.0555494
0.0611793
0.0645714
0.0672713
0.0734800
0.0767085
0.0755729
0.0745178
0.0690917
0.0661416
0.0642522
0.0577869
0.0557971
0.0547571
0.0500739
0.0454409
0.0424294
0.0361036
0.0325511
0.0289961
0.0200763
0.0152933
0.0104983
0.0081496
0.0104230
0.0138462
0.0119561
0.0084569
0.0094281
0.0087024
0.0066384
0.0018125
0.0003435
-0.0003704
-0.0029686
-0.0006324
0.0002386
0.0002537
0.0015664
-0.0017806
-0.0037680
-0.0023621
-0.0062065
-0.0093231
-0.0106382
-0.0140179
-0.0156001
-0.0163823
-0.0179852
-0.0173462
-0.0153878
-0.0139933
-0.0127242
-0.0138937
-0.0150768
-0.0146101
-0.0124416
-0.0121152
-0.0120068
-0.0086432
-0.0046954
-0.0038270
-0.0027118
0.0009108
0.0025275
0.0042530
0.0059411
0.0061553
0.0019073
-0.0038217
-0.0030140
-0.0013005
-0.0030297
-0.0025853
-0.0018370
-0.0009495
0.0018437
0.0035999
0.0052512
0.0076853
0.0069831
0.0032135
0.0036839
0.0066440
0.0059644
0.0029555
0.0056709
0.0067944
0.0032727
0.0041716
0.0027581
0.0038502
0.0052296
-0.0010606
-0.0040349
-0.0047039
-0.0085428
-0.0123079
-0.0149063
-0.0138523
-0.0151138
-0.0174599
-0.0180310
-0.0182693
-0.0188882
-0.0249842
-0.0280459
-0.0274459
-0.0288358
-0.0266274
-0.0303125
-0.0396663
-0.0326638
-0.0269951
-0.0291926
-0.0274894
-0.0277066
-0.0284853
-0.0290039
-0.0287695
-0.0268196
-0.0204121
-0.0169279
-0.0152828
-0.0109154
-0.0122184
-0.0132453
-0.0116566
-0.0118079
-0.0101076
-0.0116472
-0.0134677
-0.0078495
-0.0026373
-0.0028416
-0.0041244
-0.0045558
-0.0018538
0.0045495
0.0042391
-0.0019263
-0.0027843
-0.0036740
-0.0082302
-0.0083193
-0.0047860
-0.0046283
-0.0045448
-0.0024750
-0.0037397
-0.0059426
-0.0051363
-0.0009626
0.0023244
0.0014958
0.0013931
0.0043454
0.0059761
0.0142522
0.0267523
0.0233797
0.0193084
0.0269092
0.0296459
0.0282300
0.0293849
0.0319156
0.0307035
0.0309041
0.0362325
0.0364221
0.0405044
0.0457438
0.0431240
0.0418800
0.0426869
0.0438381
0.0406915
0.0344745
0.0318845
0.0297515
0.0287295
0.0282551
0.0291243
0.0286584
0.0201549
0.0130774
0.0112372
0.0104673
0.0082550
0.0060693
0.0058912
0.0075351
0.0084420
0.0079161
0.0113349
0.0116499
0.0097180
0.0139362
0.0195633
0.0253046
0.0279775
0.0299413
0.0324108
0.0323936
0.0374148
0.0414124
0.0406957
0.0427798
0.0433538
0.0453460
0.0500155
0.0486497
0.0484063
0.0508841
0.0479174
0.0447216
0.0456647
0.0446856
0.0411545
0.0354096
0.0321156
0.0323342
0.0312205
0.0287899
0.0207831
0.0168529
0.0197084
0.0174507
0.0123000
0.0079764
0.0035780
0.0005959
-0.0026606
-0.0036161
-0.0064338
-0.0103019
-0.0087806
-0.0067365
-0.0049200
-0.0034303
0.0006099
0.0028266
0.0051528
0.0081627
0.0088244
0.0086504
0.0077264
0.0080580
0.0116776
0.0126215
0.0137303
0.0241478
0.0252780
0.0255795
0.0302317
0.0295248
0.0312581
0.0323547
0.0315172
0.0296151
0.0297682
0.0290235
0.0228418
0.0201986
0.0205469
0.0178976
0.0134655
0.0098435
0.0069232
0.0034387
-0.0010427
-0.0076629
-0.0114310
-0.0135058
-0.0169017
-0.0222805
-0.0258323
-0.0247250
-0.0259742
-0.0311658
-0.0346002
-0.0355258
-0.0351850
-0.0322460
-0.0283412
-0.0271413
-0.0262545
-0.0196589
-0.0160498
-0.0165934
-0.0161707
-0.0156317
-0.0135768
-0.0137963
-0.0151222
-0.0133733
-0.0127477
-0.0118829
-0.0085926
-0.0082147
-0.0079632
-0.0073033
-0.0077291
-0.0076427
-0.0090881
-0.0107342
-0.0099286
-0.0094041
-0.0096238
-0.0102073
-0.0109230
-0.0126058
-0.0153852
-0.0147218
-0.0154462
-0.0170994
-0.0166480
-0.0160290
-0.0152819
-0.0160547
-0.0164941
-0.0172943
-0.0185680
-0.0182375
-0.0173400
-0.0174302
-0.0167593
-0.0165240
-0.0166090
-0.0160563
-0.0165720
-0.0138745
-0.0114325
-0.0109527
-0.0113202
-0.0158466
-0.0166478
-0.0129339
-0.0122415
-0.0114290
-0.0110233
-0.0119075
-0.0128755
-0.0170780
-0.0173495
-0.0171137
-0.0241308
-0.0268062
-0.0293021
-0.0400594
-0.0430278
-0.0431236
-0.0501927
-0.0499995
-0.0453493
-0.0441261
-0.0435839
-0.0427484
-0.0440776
-0.0478626
-0.0504480
-0.0503437
-0.0504419
-0.0542369
-0.0548899
-0.0514823
-0.0477908
-0.0425210
-0.0405863
-0.0413985
-0.0405889
-0.0406971
-0.0428919
-0.0440922
-0.0429473
-0.0432286
-0.0455192
-0.0434504
-0.0415779
-0.0423011
-0.0409155
-0.0405257
-0.0408127
-0.0407481
-0.0408747
-0.0411741
-0.0409166
-0.0416909
-0.0414805
-0.0373901
-0.0354055
-0.0371894
-0.0355521
-0.0364335
-0.0404093
-0.0321221
-0.0245968
-0.0208493
-0.0172585
-0.0151252
-0.0110532
-0.0123612
-0.0107659
-0.0048800
0.0016961
0.0069853
0.0094237
0.0108762
0.0116631
0.0138504
0.0134286
0.0167000
0.0213447
0.0185667
0.0211597
0.0283883
0.0309447
0.0301298
0.0241292
0.0180537
0.0219540
0.0290563
0.0234742
0.0174987
0.0189226
0.0191632
0.0181561
0.0140961
0.0099502
0.0049665
0.0037043
0.0027678
-0.0022225
-0.0027980
-0.0025995
-0.0035004
-0.0033994
-0.0038513
-0.0025933
0.0010975
0.0030264
0.0033909
0.0024772
-0.0005734
-0.0026036
-0.0020462
0.0010262
0.0042501
0.0053398
0.0065367
0.0074308
0.0083167
0.0081022
0.0077942
0.0091465
0.0104017
0.0130966
0.0133620
0.0145932
0.0176806
0.0172731
0.0162492
0.0194293
0.0268341
0.0293156
0.0281891
0.0286286
0.0285422
0.0284496
0.0283003
0.0289445
0.0301725
0.0306706
0.0329548
0.0369881
0.0368036
0.0322668
0.0293310
0.0304790
0.0292367
0.0205395
0.0178353
0.0181342
0.0141186
0.0116836
0.0077705
0.0080540
0.0092136
0.0076324
0.0052180
0.0007303
-0.0027609
-0.0076648
-0.0114281
-0.0144601
-0.0154313
-0.0151133
-0.0147130
-0.0126481
-0.0129548
-0.0105147
-0.0065550
-0.0029944
0.0025843
0.0078086
0.0101443
0.0104639
0.0174987
0.0267714
0.0283824
0.0307236
0.0347781
0.0334109
0.0349294
0.0416401
0.0424425
0.0394825
0.0413871
0.0424051
0.0411142
0.0416021
0.0387842
0.0376846
0.0364698
0.0317539
0.0306879
0.0301694
0.0278229
0.0227824
0.0182589
0.0133211
0.0094895
0.0109093
0.0119301
0.0114254
0.0109382
0.0095080
0.0064905
0.0032099
-0.0021787
-0.0049578
-0.0047749
-0.0093455
-0.0115713
-0.0134182
-0.0161513
-0.0109470
-0.0089980
-0.0124636
-0.0111252
-0.0083823
-0.0054776
-0.0039128
-0.0046343
-0.0029259
-0.0017888
-0.0013987
0.0012408
0.0057210
0.0098136
0.0106979
0.0151527
0.0185785
0.0194345
0.0266922
0.0302717
0.0290493
0.0296031
0.0311723
0.0313610
0.0297466
0.0315666
0.0318442
0.0308016
0.0334250
0.0339484
0.0360399
0.0417676
0.0447372
0.0441907
0.0422138
0.0423319
0.0432707
0.0454442
0.0473551
0.0470518
0.0457223
0.0433358
0.0438208
0.0412126
0.0345982
0.0320495
0.0293702
0.0235525
0.0190958
0.0143531
0.0114478
0.0093769
0.0039540
-0.0024394
-0.0093440
-0.0137191
-0.0177667
-0.0244770
-0.0277225
-0.0274147
-0.0293058
-0.0326430
-0.0311700
-0.0283226
-0.0276050
-0.0265288
-0.0290407
-0.0274261
-0.0195084
-0.0172433
-0.0180521
-0.0156245
-0.0119284
-0.0122809
-0.0117935
-0.0048678
-0.0019919
-0.0017683
0.0037902
0.0083484
0.0096812
0.0091190
0.0080699
0.0136513
0.0175737
0.0142926
0.0169056
0.0201962
0.0204251
0.0199498
0.0153017
0.0122783
0.0100176
0.0050995
-0.0015943
-0.0073526
-0.0086646
-0.0090839
-0.0137838
-0.0156249
-0.0168796
-0.0247096
-0.0273839
-0.0277466
-0.0343196
-0.0404635
-0.0442020
-0.0469346
-0.0478674
-0.0486598
-0.0508627
-0.0519092
-0.0499739
-0.0500591
-0.0520329
-0.0533399
-0.0546237
-0.0564970
-0.0573718
-0.0554678
-0.0526309
-0.0501018
-0.0514296
-0.0516090
-0.0494739
-0.0471577
-0.0490000
-0.0546651
-0.0536159
-0.0529789
-0.0582975
-0.0610018
-0.0583307
-0.0579341
-0.0566891
-0.0545083
-0.0566755
-0.0567560
-0.0545732
-0.0540343
-0.0532001
-0.0502022
-0.0500882
-0.0471918
-0.0430308
-0.0417777
-0.0336038
-0.0262424
-0.0199121
-0.0148464
-0.0134057
-0.0065642
0.0016052
0.0065008
0.0064182
0.0084463
0.0189369
0.0277865
0.0294965
0.0313357
0.0345037
0.0389910
0.0438248
0.0457889
0.0521096
0.0551064
0.0562683
0.0657702
0.0670057
0.0647991
0.0670574
0.0674946
0.0737342
0.0699201
0.0593574
0.0605663
0.0620791
0.0591547
0.0510258
0.0455497
0.0452217
0.0398603
0.0332075
0.0294595
0.0242244
0.0187155
0.0140352
0.0072684
0.0006118
-0.0056501
-0.0116192
-0.0135012
-0.0161830
-0.0245047
-0.0284651
-0.0269068
-0.0274017
-0.0310263
-0.0391790
-0.0420605
-0.0407107
-0.0415789
-0.0426252
-0.0461358
-0.0487095
-0.0518707
-0.0538510
-0.0548872
-0.0578425
-0.0600458
-0.0595646
-0.0583377
-0.0610700
-0.0623804
-0.0594951
-0.0611095
-0.0622831
-0.0613080
-0.0600317
-0.0561838
-0.0546505
-0.0506631
-0.0501614
-0.0513361
-0.0489380
-0.0493313
-0.0484773
-0.0441372
-0.0421810
-0.0420697
-0.0416172
-0.0427167
-0.0422178
-0.0415435
-0.0417404
-0.0418358
-0.0419200
-0.0417400
-0.0419690
-0.0422376
-0.0420593
-0.0422778
-0.0420686
-0.0430788
-0.0427437
-0.0347564
-0.0302823
-0.0278726
-0.0200828
-0.0175310
-0.0187679
-0.0181743
-0.0164636
-0.0159829
-0.0171150
-0.0176880
-0.0181610
-0.0180770
-0.0172738
-0.0171089
-0.0174250
-0.0158973
-0.0145397
-0.0152280
-0.0151812
-0.0146987
-0.0125832
-0.0101412
-0.0090647
-0.0090724
-0.0076529
-0.0038123
-0.0040755
-0.0029947
0.0041108
0.0069337
0.0076246
0.0108318
0.0112677
0.0132611
0.0145668
0.0099378
0.0094594
0.0165645
0.0186344
0.0158191
0.0179991
0.0174018
0.0121587
0.0110674
0.0098358
0.0084876
0.0083807
0.0064413
0.0056892
0.0059656
0.0062921
0.0059596
0.0021684
-0.0029894
-0.0062956
-0.0085667
-0.0079113
-0.0094753
-0.0141484
-0.0151319
-0.0157629
-0.0158135
-0.0170961
-0.0180931
-0.0174170
-0.0235115
-0.0278518
-0.0295351
-0.0331036
-0.0334867
-0.0394559
-0.0437348
-0.0419895
-0.0422709
-0.0426500
-0.0432945
-0.0448680
-0.0433964
-0.0377028
-0.0402911
-0.0439533
-0.0380143
-0.0310454
-0.0255777
-0.0197917
-0.0180001
-0.0184888
-0.0168145
-0.0159316
-0.0144005
-0.0122592
-0.0057550
0.0020565
0.0019541
0.0047514
0.0102301
0.0107553
0.0157674
0.0190494
0.0199252
0.0268365
0.0293555
0.0293920
0.0307141
0.0293413
0.0302639
0.0320800
0.0305616
0.0327622
0.0384468
0.0399818
0.0415729
0.0440159
0.0455133
0.0458987
0.0431876
0.0429950
0.0438878
0.0420167
0.0447177
0.0459639
0.0413347
0.0374927
0.0347890
0.0376055
0.0378133
0.0322229
0.0318598
0.0304837
0.0293673
0.0290871
0.0212578
0.0183496
0.0199848
0.0204027
0.0264971
0.0291974
0.0278626
0.0281172
0.0283983
0.0289644
0.0300330
0.0300827
0.0301090
0.0344235
0.0364325
0.0356493
0.0372596
0.0375199
0.0391897
0.0392463
0.0348700
0.0340604
0.0347884
0.0342066
0.0326983
0.0284701
0.0225703
0.0210821
0.0207048
0.0170610
0.0123203
0.0092980
0.0081478
0.0019390
-0.0037840
-0.0047122
-0.0072079
-0.0116068
-0.0165838
-0.0187655
-0.0184706
-0.0186782
-0.0187060
-0.0186365
-0.0190632
-0.0184255
-0.0160785
-0.0155127
-0.0147355
-0.0130573
-0.0115392
-0.0098238
-0.0083570
-0.0086955
-0.0062883
0.0006635
0.0061440
0.0065993
0.0053107
0.0121844
0.0179944
0.0157806
0.0176062
0.0192647
0.0195605
0.0261766
0.0287673
0.0268874
0.0274064
0.0277668
0.0274062
0.0268773
0.0268290
0.0286750
0.0303131
0.0308148
0.0327855
0.0324979
0.0347790
0.0367211
0.0310315
0.0305685
0.0352346
0.0367135
0.0383782
0.0412010
0.0422267
0.0429064
0.0421142
0.0412928
0.0461559
0.0520921
0.0521589
0.0504718
0.0560079
0.0613625
0.0591781
0.0610765
0.0651866
0.0659369
0.0657028
0.0652331
0.0656112
0.0650814
0.0639615
0.0640110
0.0664933
0.0676360
0.0676588
0.0666996
0.0609930
0.0567840
0.0608320
0.0639521
0.0574854
0.0509770
0.0510584
0.0509624
0.0482381
0.0482855
0.0511838
0.0509316
0.0461008
0.0427165
0.0425151
0.0416390
0.0417476
0.0436339
0.0439274
0.0426960
0.0389890
0.0367612
0.0368570
0.0355311
0.0345105
0.0323271
0.0281417
0.0285532
0.0271783
0.0223319
0.0252615
0.0218267
0.0167234
0.0191840
0.0179507
0.0122911
0.0096291
0.0106825
0.0086663
0.0078598
0.0083089
0.0056920
0.0022378
0.0038381
0.0065349
0.0052594
0.0027492
0.0017837
0.0004200
-0.0006570
0.0033988
0.0000605
-0.0022887
0.0035926
0.0026487
0.0036160
0.0038269
-0.0022672
-0.0031304
-0.0041092
-0.0095621
-0.0097102
-0.0091048
-0.0125157
-0.0148459
-0.0168012
-0.0180007
-0.0166499
-0.0180067
-0.0255603
-0.0280961
-0.0251999
-0.0281506
-0.0349470
-0.0356312
-0.0325605
-0.0351833
-0.0407192
-0.0420361
-0.0413384
-0.0415306
-0.0416250
-0.0414981
-0.0416570
-0.0426528
-0.0423165
-0.0410873
-0.0422128
-0.0414167
-0.0372387
-0.0396479
-0.0426801
-0.0412180
-0.0417491
-0.0430721
-0.0417209
-0.0422950
-0.0421785
-0.0322767
-0.0283055
-0.0283386
-0.0199709
-0.0170403
-0.0177998
-0.0149552
-0.0114026
-0.0103720
-0.0122907
-0.0087287
-0.0039207
-0.0057037
-0.0058142
-0.0024765
-0.0009210
0.0043635
0.0091751
0.0102605
0.0097042
0.0102167
0.0164697
0.0200706
0.0194107
0.0206056
0.0258878
0.0312866
0.0332734
0.0319549
0.0342429
0.0372622
0.0371194
0.0360311
0.0338764
0.0341873
0.0344687
0.0343891
0.0318764
0.0285494
0.0290621
0.0313124
0.0312158
0.0296183
0.0292998
0.0283422
0.0291376
0.0287075
0.0211763
0.0178547
0.0175981
0.0112554
0.0097086
0.0143344
0.0134519
0.0081625
0.0073621
0.0090542
0.0087827
0.0053001
-0.0000930
-0.0015845
-0.0015618
-0.0021810
-0.0026427
-0.0058014
-0.0078685
-0.0072954
-0.0059889
-0.0043740
-0.0052340
-0.0059130
-0.0060171
-0.0028439
-0.0005479
-0.0029682
-0.0029124
-0.0046502
-0.0070559
-0.0095036
-0.0136930
-0.0150157
-0.0143203
-0.0160697
-0.0178765
-0.0182014
-0.0169918
-0.0177017
-0.0247481
-0.0276037
-0.0323801
-0.0411562
-0.0421811
-0.0410640
-0.0449456
-0.0475736
-0.0436224
-0.0423050
-0.0448027
-0.0471365
-0.0488300
-0.0464700
-0.0439346
-0.0478317
-0.0514096
-0.0508806
-0.0490781
-0.0454305
-0.0427827
-0.0423528
-0.0375122
-0.0327996
-0.0337867
-0.0305888
-0.0281035
-0.0283697
-0.0257545
-0.0271458
-0.0273615
-0.0196266
-0.0161914
-0.0161385
-0.0131670
-0.0101447
-0.0043407
-0.0016123
-0.0057943
-0.0054387
-0.0019568
-0.0037720
-0.0067615
-0.0061032
-0.0029029
-0.0021514
-0.0024930
-0.0020037
-0.0032484
-0.0077429
-0.0086756
-0.0072423
-0.0109649
-0.0113161
-0.0092220
-0.0088121
-0.0067104
-0.0077990
-0.0070437
-0.0023897
-0.0023821
-0.0030601
-0.0007421
0.0055416
0.0088755
0.0086843
0.0102620
0.0093419
0.0113234
0.0129332
0.0109961
0.0111548
0.0111056
0.0113942
0.0123011
0.0115797
0.0110496
0.0110182
0.0113302
0.0123053
0.0109834
0.0130117
0.0168811
0.0136795
0.0118079
0.0102739
0.0074428
0.0088346
0.0088541
0.0064835
0.0033870
0.0021075
0.0014679
-0.0011171
-0.0011241
-0.0013493
-0.0058579
-0.0077560
-0.0092807
-0.0139852
-0.0157441
-0.0174568
-0.0234076
-0.0277404
-0.0287955
-0.0281209
-0.0306997
-0.0330526
-0.0310707
-0.0382029
-0.0433740
-0.0412104
-0.0417153
-0.0416013
-0.0415302
-0.0415777
-0.0414537
-0.0414507
-0.0412389
-0.0416332
-0.0416375
-0.0365631
-0.0331086
-0.0340829
-0.0301105
-0.0258038
-0.0268394
-0.0260915
-0.0194376
-0.0148920
-0.0151784
-0.0154449
-0.0122551
-0.0080966
-0.0095916
-0.0109289
-0.0093998
-0.0103552
-0.0083908
-0.0062842
-0.0071919
-0.0057227
-0.0039363
-0.0038700
-0.0036378
-0.0037387
-0.0060464
-0.0071128
-0.0051978
-0.0039917
-0.0061314
-0.0069671
-0.0051500
-0.0062661
-0.0075714
-0.0095845
-0.0139207
-0.0138430
-0.0139227
-0.0158144
-0.0158506
-0.0165367
-0.0174318
-0.0181207
-0.0171769
-0.0174933
-0.0252287
-0.0291628
-0.0264673
-0.0272546
-0.0297927
-0.0328064
-0.0364326
-0.0411510
-0.0365399
-0.0288991
-0.0330450
-0.0358635
-0.0332096
-0.0297864
-0.0259529
-0.0264221
-0.0266371
-0.0199992
-0.0169452
-0.0180691
-0.0181006
-0.0179121
-0.0161694
-0.0171360
-0.0183344
-0.0177504
-0.0179509
-0.0178268
-0.0176713
-0.0178090
-0.0176806
-0.0174913
-0.0176023
-0.0175620
-0.0176898
-0.0174513
-0.0162691
-0.0164217
-0.0155244
-0.0147881
-0.0149725
-0.0106822
-0.0095460
-0.0114925
-0.0077523
-0.0031987
-0.0023967
-0.0015613
0.0026412
0.0065903
0.0080007
0.0103753
0.0121326
0.0110446
0.0104466
0.0105046
0.0100828
0.0125094
0.0141470
0.0115736
0.0118036
0.0121680
0.0137436
0.0166752
0.0125412
0.0111895
0.0141913
0.0112904
0.0095033
0.0095289
0.0097087
0.0152294
0.0190804
0.0197270
0.0189961
0.0180421
0.0182489
0.0190915
0.0204402
0.0205989
0.0263960
0.0305977
0.0305061
0.0344859
0.0358305
0.0357942
0.0378359
0.0379255
0.0357466
0.0380139
0.0442225
0.0479957
0.0493478
0.0493809
0.0511160
0.0553435
0.0556449
0.0529689
0.0546990
0.0559042
0.0551872
0.0544346
0.0528175
0.0545359
0.0531035
0.0510251
0.0508826
0.0486662
0.0498636
0.0518298
0.0510747
0.0490950
0.0478179
0.0487099
0.0493579
0.0468103
0.0449453
0.0434777
0.0421993
0.0428416
0.0431623
0.0424723
0.0428817
0.0436232
0.0421024
0.0429931
0.0432241
0.0430684
0.0437105
0.0418453
0.0437282
0.0448424
0.0404101
0.0386194
0.0384692
0.0350530
0.0333938
0.0342992
0.0340897
0.0318299
0.0297076
0.0289069
0.0296339
0.0291537
0.0227829
0.0204823
0.0203114
0.0151213
0.0106815
0.0087292
0.0085202
0.0079258
0.0052159
-0.0002353
-0.0019438
-0.0038334
-0.0080772
-0.0098506
-0.0111289
-0.0089382
-0.0098971
-0.0151370
-0.0150806
-0.0139561
-0.0156673
-0.0158191
-0.0159959
-0.0169104
-0.0163259
-0.0167545
-0.0174729
-0.0176456
-0.0180395
-0.0180170
-0.0179842
-0.0179008
-0.0178554
-0.0179285
-0.0180306
-0.0179049
-0.0178280
-0.0179427
-0.0171566
-0.0160151
-0.0155450
-0.0131608
-0.0112024
-0.0122273
-0.0118055
-0.0100108
-0.0073428
-0.0043217
-0.0038184
-0.0029270
-0.0002050
0.0027735
0.0058529
0.0069521
0.0069126
0.0087188
0.0098736
0.0108052
0.0119422
0.0115709
0.0111879
0.0116500
0.0159365
0.0161089
0.0152861
0.0166538
0.0142870
0.0165723
0.0144286
0.0101819
0.0145116
0.0173595
0.0175833
0.0185548
0.0193215
0.0193172
0.0185305
0.0190765
0.0198627
0.0190111
0.0176421
0.0154931
0.0139927
0.0125332
0.0101354
0.0076402
0.0037167
-0.0009246
-0.0014608
-0.0023753
-0.0093623
-0.0101071
-0.0088298
-0.0146614
-0.0159738
-0.0171069
-0.0242808
-0.0266257
-0.0260028
-0.0282690
-0.0307736
-0.0351580
-0.0410094
-0.0416459
-0.0412205
-0.0456055
-0.0505923
-0.0546172
-0.0562991
-0.0577158
-0.0581815
-0.0608647
-0.0636092
-0.0639878
-0.0701809
-0.0733404
-0.0731608
-0.0741805
-0.0751831
-0.0777965
-0.0784869
-0.0807229
-0.0833925
-0.0820905
-0.0772708
-0.0745526
-0.0752854
-0.0754189
-0.0744880
-0.0730238
-0.0730699
-0.0737060
-0.0723591
-0.0665336
-0.0637550
-0.0651753
-0.0641904
-0.0614527
-0.0616875
-0.0641934
-0.0608738
-0.0574403
-0.0595298
-0.0590596
-0.0547734
-0.0526039
-0.0516166
-0.0485718
-0.0463754
-0.0431049
-0.0321397
-0.0265260
-0.0278751
-0.0207199
-0.0142813
-0.0142158
-0.0109724
-0.0043929
-0.0015269
0.0011709
0.0050378
0.0060396
0.0074316
0.0099847
0.0150092
0.0177359
0.0185086
0.0183015
0.0185905
0.0259714
0.0293008
0.0282935
0.0288908
0.0283422
0.0292458
0.0301923
0.0304295
0.0298576
0.0305222
0.0341269
0.0345212
0.0338832
0.0339581
0.0346861
0.0352035
0.0337386
0.0321115
0.0297216
0.0283136
0.0301583
0.0283599
0.0237317
0.0268569
0.0245890
0.0190562
0.0196336
0.0180530
0.0146614
0.0128926
0.0124734
0.0116723
0.0129230
0.0125358
0.0110902
0.0090865
0.0043897
0.0051488
0.0038478
-0.0003194
0.0031042
0.0043889
0.0027195
0.0035719
0.0005976
-0.0020431
-0.0008913
-0.0030878
-0.0031065
0.0024872
0.0050340
0.0063075
0.0087221
0.0099094
0.0116176
0.0132502
0.0117421
0.0117458
0.0157970
0.0135424
0.0094767
0.0114557
0.0160100
0.0156473
0.0149662
0.0173643
0.0137556
0.0126625
0.0131697
0.0089673
0.0092461
0.0091049
0.0035655
0.0006478
0.0003945
-0.0012360
-0.0050433
-0.0070476
-0.0060840
-0.0065227
-0.0076511
-0.0085948
-0.0111972
-0.0105256
-0.0100532
-0.0139437
-0.0154086
-0.0152664
-0.0165922
-0.0176572
-0.0175754
-0.0176737
-0.0177719
-0.0178157
-0.0178851
-0.0180404
-0.0179966
-0.0177008
-0.0166572
-0.0153361
-0.0156119
-0.0131556
-0.0097043
-0.0088964
-0.0088979
-0.0104104
-0.0094222
-0.0047540
-0.0068153
-0.0110944
-0.0088941
-0.0092458
-0.0088456
-0.0066791
-0.0087392
-0.0129596
-0.0134355
-0.0116930
-0.0142234
-0.0155913
-0.0160334
-0.0175553
-0.0173576
-0.0183551
-0.0247885
-0.0285279
-0.0249995
-0.0248482
-0.0283497
-0.0285958
-0.0285492
-0.0285081
-0.0275303
-0.0272541
-0.0275819
-0.0277722
-0.0280951
-0.0275687
-0.0255597
-0.0266149
-0.0283405
-0.0285145
-0.0285750
-0.0274021
-0.0261084
-0.0246245
-0.0198387
-0.0174318
-0.0183554
-0.0182372
-0.0176599
-0.0148693
-0.0143474
-0.0141659
-0.0125699
-0.0122086
-0.0089781
-0.0067777
-0.0052537
-0.0033978
-0.0039406
-0.0064907
-0.0075928
-0.0033277
-0.0008735
-0.0024054
-0.0029673
-0.0015568
0.0024258
0.0045690
0.0023156
0.0015975
0.0038197
0.0044553
0.0046824
0.0073305
0.0081847
0.0099276
0.0131652
0.0159360
0.0174190
0.0174254
0.0182745
0.0193373
0.0187285
0.0189468
0.0259633
0.0295290
0.0279123
0.0286278
0.0280730
0.0292399
0.0283145
0.0212000
0.0187057
0.0208810
0.0260325
0.0291663
0.0279158
0.0281268
0.0282174
0.0282284
0.0282573
0.0280772
0.0283305
0.0284380
0.0289055
0.0310887
0.0321843
0.0317277
0.0320875
0.0316459
0.0316032
0.0325884
0.0314338
0.0317510
0.0323144
0.0311530
0.0319482
0.0303807
0.0292153
0.0282022
0.0210742
0.0181579
0.0188389
0.0158518
0.0134680
0.0128139
0.0107331
0.0079677
0.0067255
0.0036733
-0.0010527
-0.0044699
-0.0040182
-0.0031888
-0.0067628
-0.0086256
-0.0078020
-0.0086959
-0.0091427
-0.0108332
-0.0143837
-0.0159057
-0.0150075
-0.0151229
-0.0163414
-0.0155027
-0.0153056
-0.0185901
-0.0168117
-0.0114890
-0.0118239
-0.0113265
-0.0120132
-0.0125205
-0.0105644
-0.0088795
-0.0052143
-0.0034896
-0.0046308
-0.0049815
-0.0035199
-0.0018659
0.0016807
0.0010481
0.0006935
0.0050100
0.0065969
0.0094779
0.0112788
0.0119361
0.0135241
0.0172232
0.0185412
0.0195293
0.0261971
0.0289309
0.0305031
0.0301246
0.0293731
0.0350350
0.0368864
0.0365533
0.0406211
0.0429447
0.0437708
0.0469869
0.0499103
0.0498052
0.0512452
0.0546852
0.0543733
0.0539382
0.0574159
0.0577147
0.0546603
0.0547795
0.0554035
0.0552585
0.0552545
0.0556595
0.0556982
0.0512930
0.0485861
0.0496082
0.0450956
0.0423727
0.0449447
0.0451977
0.0424659
0.0382528
0.0379337
0.0388809
0.0368748
0.0322728
0.0304727
0.0323970
0.0315157
0.0301220
0.0291274
0.0286694
0.0286801
0.0290926
0.0288015
0.0236757
0.0206457
0.0182886
0.0128173
0.0126979
0.0152245
0.0135391
0.0108344
0.0150062
0.0176342
0.0137278
0.0118606
0.0092984
0.0060108
0.0059707
0.0070824
0.0051915
-0.0004599
-0.0019759
-0.0013565
-0.0043850
-0.0037567
-0.0023528
-0.0038867
-0.0042466
-0.0067895
-0.0081398
-0.0051439
-0.0030484
-0.0031630
-0.0040644
-0.0046682
-0.0065441
-0.0076991
-0.0089014
-0.0100406
-0.0083879
-0.0082448
-0.0080701
-0.0070286
-0.0089863
-0.0104742
-0.0080167
-0.0090864
-0.0133973
-0.0115977
-0.0094336
-0.0081000
-0.0059602
-0.0072515
-0.0038208
0.0011185
-0.0017251
-0.0051707
-0.0013994
0.0047269
0.0060782
0.0056868
0.0080272
0.0107620
0.0104104
0.0109795
0.0117945
0.0100730
0.0109281
0.0159944
0.0167043
0.0191817
0.0268676
0.0207649
0.0175770
0.0212133
0.0204809
0.0260840
0.0242285
0.0203524
0.0212714
0.0175307
0.0194322
0.0273893
0.0291016
0.0290822
0.0290345
0.0212828
0.0182412
0.0194257
0.0180683
0.0166834
0.0121712
0.0109300
0.0120307
0.0107946
0.0118334
0.0112399
0.0078237
0.0066128
0.0036347
0.0024300
0.0002049
-0.0036836
-0.0018924
-0.0033990
-0.0044963
-0.0015976
-0.0035394
-0.0050289
-0.0022770
-0.0011946
-0.0036874
-0.0034670
0.0001624
0.0009896
0.0010845
0.0022805
0.0050534
0.0059172
0.0055266
0.0066703
0.0070121
0.0107063
0.0153735
0.0170839
0.0191111
0.0201582
0.0199211
0.0195167
0.0177963
0.0200377
0.0265238
0.0287205
0.0293306
0.0304053
0.0295130
0.0299955
0.0302765
0.0292586
0.0280407
0.0287126
0.0283953
0.0222949
0.0180194
0.0179852
0.0182729
0.0181876
0.0168543
0.0136973
0.0097846
0.0036490
-0.0034545
-0.0041582
-0.0064900
-0.0118422
-0.0114009
-0.0128417
-0.0163772
-0.0153169
-0.0173295
-0.0252421
-0.0271083
-0.0261538
-0.0279766
-0.0286377
-0.0281320
-0.0284830
-0.0334236
-0.0331951
-0.0302784
-0.0277051
-0.0284786
-0.0383611
-0.0334827
-0.0252570
-0.0279001
-0.0272657
-0.0269115
-0.0250258
-0.0182557
-0.0145769
-0.0154794
-0.0159433
-0.0143258
-0.0092811
-0.0051085
-0.0052403
-0.0055308
-0.0017575
0.0036176
0.0058732
0.0061630
0.0088873
0.0107970
0.0077902
0.0081446
0.0127385
0.0154051
0.0159258
0.0162918
0.0123721
0.0096731
0.0147195
0.0155101
0.0114790
0.0116543
0.0126688
0.0118293
0.0114994
0.0099344
0.0092512
0.0090232
0.0071018
0.0038051
0.0001038
-0.0014003
-0.0030804
-0.0036197
-0.0022017
-0.0029344
-0.0076322
-0.0119260
-0.0103181
-0.0099832
-0.0134243
-0.0162878
-0.0175514
-0.0169584
-0.0163704
-0.0160839
-0.0164431
-0.0165820
-0.0164035
-0.0170555
-0.0173394
-0.0171561
-0.0173560
-0.0172053
-0.0173143
-0.0165435
-0.0169143
-0.0253157
-0.0261765
-0.0183395
-0.0225143
-0.0277654
-0.0275176
-0.0254202
-0.0258412
-0.0320778
-0.0358370
-0.0395203
-0.0417421
-0.0408399
-0.0412696
-0.0407012
-0.0409202
-0.0456884
-0.0487505
-0.0483627
-0.0486773
-0.0484175
-0.0484040
-0.0513167
-0.0502669
-0.0476815
-0.0514602
-0.0515245
-0.0494287
-0.0492924
-0.0485871
-0.0488738
-0.0479572
-0.0450139
-0.0419514
-0.0412485
-0.0415844
-0.0414663
-0.0415630
-0.0416726
-0.0414214
-0.0418008
-0.0420872
-0.0368963
-0.0324082
-0.0338695
-0.0303898
-0.0265464
-0.0272458
-0.0258405
-0.0253190
-0.0278741
-0.0285523
-0.0272080
-0.0268004
-0.0259123
-0.0254113
-0.0261185
-0.0247735
-0.0182415
-0.0166656
-0.0241038
-0.0262968
-0.0272674
-0.0275473
-0.0197883
-0.0167740
-0.0182577
-0.0179593
-0.0178835
-0.0171441
-0.0176705
-0.0180033
-0.0175146
-0.0170857
-0.0155790
-0.0143926
-0.0120775
-0.0100033
-0.0098050
-0.0085153
-0.0090344
-0.0096812
-0.0075072
-0.0076832
-0.0073062
-0.0052994
-0.0050886
-0.0040676
-0.0027476
-0.0021768
-0.0019514
-0.0025671
-0.0018162
-0.0016607
-0.0054667
-0.0070744
-0.0033782
-0.0022458
-0.0038918
-0.0028312
-0.0049029
-0.0069678
-0.0060145
-0.0076779
-0.0095186
-0.0084987
-0.0068402
-0.0076493
-0.0084797
-0.0082342
-0.0071651
-0.0064573
-0.0079522
-0.0096862
-0.0101543
-0.0088002
-0.0086584
-0.0107829
-0.0091125
-0.0075753
-0.0095148
-0.0114505
-0.0112948
-0.0076278
-0.0061890
-0.0067677
-0.0077025
-0.0108614
-0.0113681
-0.0087579
-0.0078651
-0.0083639
-0.0083731
-0.0066752
-0.0069805
-0.0081371
-0.0039534
-0.0020671
-0.0027146
-0.0024294
-0.0035815
-0.0032160
-0.0022711
-0.0018879
0.0016394
0.0077659
0.0095596
0.0090593
0.0090247
0.0082622
0.0099007
0.0115399
0.0125398
0.0165253
0.0153229
0.0114059
0.0134752
0.0123581
0.0095519
0.0098380
0.0107636
0.0084844
0.0067267
0.0083426
0.0070939
0.0066688
0.0064281
0.0071501
0.0076393
0.0050594
0.0050148
0.0062753
0.0066471
0.0069133
0.0053360
0.0020812
0.0047925
0.0077432
0.0078061
0.0081136
0.0063342
0.0093622
0.0120614
0.0104083
0.0100899
0.0101202
0.0098100
0.0109043
0.0164528
0.0200965
0.0193905
0.0203972
0.0223293
0.0268714
0.0293338
0.0283419
0.0287487
0.0286877
0.0287155
0.0286950
0.0286938
0.0286856
0.0287497
0.0284158
0.0294488
0.0288770
0.0227892
0.0176088
0.0205061
0.0270998
0.0224231
0.0165895
0.0181475
0.0144023
0.0112101
0.0155574
0.0143643
0.0081709
0.0081109
0.0076289
0.0032602
0.0024072
0.0027868
-0.0007453
-0.0032122
-0.0027073
-0.0053629
-0.0086160
-0.0081740
-0.0064220
-0.0091027
-0.0145681
-0.0127127
-0.0097056
-0.0111441
-0.0144114
-0.0159372
-0.0157897
-0.0160839
-0.0119835
-0.0089379
-0.0121027
-0.0116550
-0.0108455
-0.0125807
-0.0116696
-0.0121723
-0.0107117
-0.0111495
-0.0134536
-0.0117185
-0.0131271
-0.0125154
-0.0094238
-0.0121118
-0.0144087
-0.0134794
-0.0099460
-0.0090511
-0.0127646
-0.0140956
-0.0131201
-0.0119278
-0.0123496
-0.0123652
-0.0143080
-0.0165559
-0.0140548
-0.0101654
-0.0087687
-0.0122604
-0.0127707
-0.0078998
-0.0044069
-0.0026625
-0.0028922
-0.0041636
-0.0045617
-0.0015209
0.0042090
0.0061064
0.0064634
0.0075603
0.0090098
0.0117444
0.0122937
0.0122527
0.0128951
0.0126637
0.0120611
0.0121531
0.0126430
0.0096976
0.0075760
0.0070127
0.0063204
0.0085811
0.0084878
0.0063820
0.0041386
-0.0004265
-0.0040878
-0.0031251
-0.0010770
-0.0022453
-0.0043636
-0.0041520
-0.0031513
-0.0036514
-0.0028000
-0.0023625
-0.0016279
-0.0014631
-0.0025400
0.0000481
0.0023554
0.0024809
0.0007842
0.0017612
0.0058323
0.0062298
0.0054212
0.0056997
0.0062300
0.0073363
0.0065123
0.0059072
0.0078346
0.0083707
0.0095029
0.0115238
0.0088650
0.0063743
0.0093104
0.0118384
0.0117141
0.0110963
0.0113488
0.0121005
0.0117819
0.0092890
0.0085377
0.0081001
0.0073669
0.0061511
0.0007158
-0.0020629
-0.0029664
-0.0044393
-0.0062901
-0.0099578
-0.0113495
-0.0118527
-0.0142885
-0.0164679
-0.0172825
-0.0184193
-0.0233707
-0.0263828
-0.0280238
-0.0328622
-0.0312527
-0.0290212
-0.0297391
-0.0301093
-0.0283276
-0.0311617
-0.0382915
-0.0366968
-0.0385847
-0.0343095
-0.0266416
-0.0277483
-0.0260143
-0.0275456
-0.0264071
-0.0211100
-0.0238828
-0.0216275
-0.0170998
-0.0189571
-0.0184924
-0.0179275
-0.0178153
-0.0165798
-0.0151384
-0.0141212
-0.0118527
-0.0103910
-0.0090785
-0.0078538
-0.0085390
-0.0055291
-0.0025409
-0.0040903
-0.0044906
-0.0030058
-0.0034409
-0.0028868
-0.0017249
-0.0033776
-0.0024784
-0.0021668
-0.0018904
0.0005317
0.0026991
0.0048143
0.0027257
0.0036187
0.0057356
0.0051258
0.0048956
0.0026057
0.0046132
0.0074200
0.0059969
0.0064605
0.0087251
0.0086982
0.0064489
0.0048146
0.0055938
0.0101352
0.0119217
0.0104223
0.0117264
0.0117074
0.0094272
0.0093346
0.0098101
0.0092150
0.0122582
0.0159800
0.0119142
0.0107141
0.0149916
0.0138471
0.0149884
0.0175378
0.0181415
0.0167802
0.0131899
0.0131295
0.0144753
0.0153817
0.0169303
0.0157034
0.0176765
0.0256191
0.0239233
0.0168341
0.0137518
0.0125296
0.0121215
0.0120523
0.0120786
0.0147715
0.0118016
0.0103109
0.0173406
0.0187906
0.0170368
0.0197086
0.0261783
0.0222822
0.0173365
0.0195261
0.0183360
0.0190658
0.0202523
0.0213978
0.0263804
0.0230681
0.0185089
0.0191931
0.0187617
0.0162824
0.0110734
0.0146228
0.0175611
0.0121368
0.0110355
0.0116758
0.0103878
0.0093664
0.0103379
0.0110536
0.0108128
0.0144307
0.0154874
0.0153153
0.0172328
0.0145108
0.0107790
0.0113565
0.0104397
0.0092496
0.0146933
0.0164545
0.0167906
0.0255774
0.0294329
0.0275101
0.0288694
0.0287315
0.0211869
0.0178459
0.0261440
0.0308435
0.0304849
0.0304171
0.0301293
0.0303509
0.0307561
0.0310580
0.0303001
0.0301687
0.0314610
0.0321148
0.0317741
0.0295771
0.0282391
0.0280558
0.0290458
0.0285285
0.0211411
0.0169331
0.0180647
0.0176039
0.0186482
0.0267634
0.0295872
0.0224138
0.0175800
0.0118618
0.0096763
0.0098775
0.0107469
0.0146527
0.0138266
0.0144655
0.0150940
0.0134532
0.0113504
0.0105990
0.0112346
0.0105188
0.0111473
0.0116298
0.0111290
0.0096938
0.0132824
0.0159402
0.0124357
0.0145698
0.0149254
0.0123057
0.0158131
0.0172964
0.0176115
0.0167249
0.0181064
0.0259373
0.0231470
0.0177342
0.0170428
0.0186064
0.0261301
0.0301007
0.0279904
0.0212674
0.0175692
0.0186401
0.0166319
0.0131303
0.0148362
0.0154427
0.0160905
0.0171097
0.0115372
0.0093300
0.0106152
0.0105134
0.0086789
0.0081916
0.0087770
0.0068046
0.0051049
0.0056290
0.0070439
0.0108122
0.0154853
0.0108470
0.0055813
0.0063094
0.0067531
0.0080727
0.0087744
0.0078089
0.0071040
0.0052010
-0.0000457
-0.0035323
-0.0041903
-0.0034822
-0.0027784
-0.0045929
-0.0043855
-0.0030661
-0.0059005
-0.0105036
-0.0127287
-0.0105367
-0.0099784
-0.0095165
-0.0085744
-0.0144624
-0.0171337
-0.0137746
-0.0108174
-0.0088642
-0.0087488
-0.0101804
-0.0099747
-0.0103247
-0.0149011
-0.0155738
-0.0142205
-0.0151724
-0.0158648
-0.0157124
-0.0154345
-0.0168163
-0.0160657
-0.0154069
-0.0154947
-0.0157577
-0.0172098
-0.0172357
-0.0168185
-0.0156020
-0.0150994
-0.0160670
-0.0164726
-0.0148176
-0.0132193
-0.0131217
-0.0093722
-0.0082871
-0.0107949
-0.0109422
-0.0113004
-0.0105300
-0.0108863
-0.0086588
-0.0038644
-0.0027593
-0.0000837
-0.0008742
-0.0043500
-0.0031425
-0.0076557
-0.0132790
-0.0118936
-0.0100249
-0.0060858
-0.0042556
-0.0048156
-0.0023113
-0.0009831
-0.0010083
-0.0070403
-0.0152780
-0.0156245
-0.0140529
-0.0141323
-0.0154645
-0.0160528
-0.0172140
-0.0175083
-0.0116500
-0.0118590
-0.0153829
-0.0181310
-0.0235367
-0.0207564
-0.0165911
-0.0154715
-0.0140592
-0.0161352
-0.0161446
-0.0115020
-0.0088252
-0.0091585
-0.0096911
-0.0094981
-0.0071148
-0.0048789
-0.0030689
0.0050111
0.0115572
0.0107526
0.0104016
0.0096360
0.0082522
0.0070576
0.0096301
0.0162300
0.0194929
0.0176257
0.0120429
0.0100432
0.0122019
0.0124388
0.0110914
0.0101503
0.0092828
0.0086384
0.0088222
0.0088294
0.0090625
0.0081686
0.0039854
-0.0020167
-0.0043164
-0.0030337
-0.0034874
-0.0070200
-0.0098621
-0.0081055
-0.0069564
-0.0072814
-0.0073260
-0.0093914
-0.0104228
-0.0124049
-0.0150875
-0.0148086
-0.0143106
-0.0145516
-0.0155689
-0.0172271
-0.0181203
-0.0182118
-0.0181803
-0.0184888
-0.0174641
-0.0178774
-0.0260781
-0.0267335
-0.0266337
-0.0389842
-0.0351538
-0.0265393
-0.0275573
-0.0254254
-0.0258846
-0.0271439
-0.0264607
-0.0269968
-0.0268987
-0.0281460
-0.0278265
-0.0203180
-0.0171126
-0.0187169
-0.0179181
-0.0168051
-0.0158138
-0.0144666
-0.0138334
-0.0153047
-0.0155092
-0.0156819
-0.0156319
-0.0108990
-0.0081046
-0.0104108
-0.0149140
-0.0150432
-0.0121257
-0.0139653
-0.0113832
-0.0077329
-0.0097411
-0.0129965
-0.0163217
-0.0168253
-0.0154079
-0.0149573
-0.0162684
-0.0173930
-0.0174737
-0.0174819
-0.0175920
-0.0174326
-0.0177907
-0.0169931
-0.0174487
-0.0237061
-0.0282698
-0.0260302
-0.0196085
-0.0169066
-0.0179664
-0.0177381
-0.0177864
-0.0177589
-0.0178809
-0.0177443
-0.0171046
-0.0177342
-0.0179609
-0.0162958
-0.0147549
-0.0135576
-0.0128502
-0.0107003
-0.0085314
-0.0083143
-0.0085721
-0.0100573
-0.0079515
-0.0033570
-0.0036304
-0.0033341
-0.0016001
-0.0011690
0.0004291
0.0017398
0.0040887
0.0060910
0.0065709
0.0085149
0.0117227
0.0132012
0.0106683
0.0104003
0.0158220
0.0143703
0.0075188
0.0068077
0.0073933
0.0070684
0.0065488
0.0063214
0.0056762
0.0054117
0.0045088
0.0019160
0.0046817
0.0077972
0.0062849
0.0055928
0.0057914
0.0071330
0.0078911
0.0061608
0.0068497
0.0072553
0.0054185
0.0070375
0.0081279
0.0072231
0.0077396
0.0074302
0.0069528
0.0072529
0.0064411
0.0056524
0.0075111
0.0073728
0.0052177
0.0065483
0.0074486
0.0034736
-0.0023925
-0.0049403
-0.0047572
-0.0036265
-0.0031239
-0.0039831
-0.0031297
-0.0027799
-0.0065770
-0.0090128
-0.0089910
-0.0100432
-0.0093067
-0.0086421
-0.0103203
-0.0096829
-0.0053228
-0.0015657
-0.0010972
-0.0036595
-0.0028984
0.0004890
-0.0024753
-0.0044152
-0.0042207
-0.0032960
0.0018437
0.0036873
0.0024477
-0.0005776
-0.0037903
-0.0038506
-0.0041177
-0.0037408
-0.0035168
-0.0042931
-0.0032494
-0.0025165
-0.0027986
-0.0042814
-0.0044339
-0.0020600
-0.0025459
-0.0024559
0.0023036
0.0047184
0.0018326
0.0030458
0.0065548
0.0079422
0.0086769
0.0104478
0.0142075
0.0142539
0.0141737
0.0192650
0.0254963
0.0208227
0.0189492
0.0269562
0.0282039
0.0272664
0.0275962
0.0274547
0.0280405
0.0292809
0.0297190
0.0293299
0.0300941
0.0306591
0.0318128
0.0334376
0.0306435
0.0284437
0.0305736
0.0332210
0.0335766
0.0321904
0.0329727
0.0334376
0.0342279
0.0347153
0.0302327
0.0283880
0.0302530
0.0285789
0.0271638
0.0282831
0.0290214
0.0283964
0.0274806
0.0268735
0.0272189
0.0265624
0.0212597
0.0148445
0.0172975
0.0245160
0.0200348
0.0158788
0.0171887
0.0123939
0.0087767
0.0083497
0.0085769
0.0095852
0.0091286
0.0070621
0.0054493
0.0039987
0.0034711
0.0020587
-0.0001422
0.0019451
0.0005457
-0.0039144
-0.0051974
-0.0044334
-0.0037356
-0.0073707
-0.0110554
-0.0112060
-0.0098858
-0.0094992
-0.0106960
-0.0121782
-0.0134694
-0.0155609
-0.0162099
-0.0152601
-0.0168987
-0.0180577
-0.0175117
-0.0176410
-0.0175607
-0.0175257
-0.0179681
-0.0182204
-0.0181089
-0.0180655
-0.0180556
-0.0179589
-0.0179346
-0.0178361
-0.0177518
-0.0176517
-0.0179025
-0.0169916
-0.0175313
-0.0232359
-0.0243993
-0.0246072
-0.0250666
-0.0191699
-0.0155975
-0.0179166
-0.0229676
-0.0188739
-0.0155616
-0.0244468
-0.0254774
-0.0179157
-0.0161340
-0.0169932
-0.0166385
-0.0166756
-0.0154381
-0.0152099
-0.0150932
-0.0137295
-0.0137644
-0.0138226
-0.0131583
-0.0124955
-0.0136726
-0.0125981
-0.0098982
-0.0100337
-0.0097841
-0.0112483
-0.0118974
-0.0092038
-0.0076048
-0.0046129
-0.0022471
-0.0032448
-0.0041086
-0.0035140
-0.0017155
-0.0020373
-0.0006789
0.0040417
0.0054409
0.0047268
0.0057088
0.0059606
0.0056685
0.0052551
0.0024373
0.0006883
0.0015054
0.0036645
0.0056673
0.0050692
0.0020492
0.0022953
0.0029489
-0.0015881
-0.0029139
-0.0011719
-0.0020362
-0.0027934
-0.0023748
-0.0015544
-0.0013050
0.0003538
0.0023977
-0.0002060
-0.0026485
-0.0027039
-0.0015476
0.0017193
0.0026248
0.0020097
0.0038302
0.0058316
0.0063943
0.0058355
0.0051060
0.0065998
0.0076088
0.0072471
0.0065260
0.0067042
0.0080216
0.0069019
0.0078968
0.0134589
0.0141247
0.0095347
0.0071662
0.0088548
0.0123774
0.0095984
0.0069268
0.0125426
0.0132858
0.0092756
0.0096461
0.0094905
0.0092913
0.0086105
0.0098777
0.0131518
0.0105444
0.0076747
0.0081138
0.0084692
0.0078378
0.0060983
0.0048591
0.0044756
0.0037389
0.0035448
0.0017046
-0.0018862
-0.0025071
-0.0021935
-0.0030425
-0.0043400
-0.0041253
-0.0025387
-0.0033288
-0.0034889
-0.0044831
-0.0064305
-0.0062328
-0.0072327
-0.0084907
-0.0070558
-0.0071564
-0.0080490
-0.0068059
-0.0074913
-0.0073372
-0.0056505
-0.0060523
-0.0066536
-0.0063556
-0.0065036
-0.0065121
-0.0056837
-0.0030737
-0.0030860
-0.0055965
-0.0038250
-0.0020747
-0.0025637
-0.0022445
-0.0024296
-0.0037496
-0.0028005
-0.0024005
-0.0031129
-0.0020508
-0.0026582
-0.0021576
-0.0014047
-0.0016700
-0.0005636
0.0016939
0.0031278
0.0025223
0.0027984
0.0024488
0.0027432
0.0049320
0.0038836
0.0014113
0.0037989
0.0056770
0.0048242
0.0053391
0.0043873
0.0012320
0.0004888
0.0030212
0.0041850
0.0036694
0.0023461
-0.0006148
-0.0014949
-0.0013124
-0.0034324
-0.0029620
-0.0015870
-0.0029675
-0.0047221
-0.0059187
-0.0078516
-0.0090930
-0.0073756
-0.0073717
-0.0105037
-0.0118333
-0.0108455
-0.0109171
-0.0120213
-0.0120766
-0.0120457
-0.0114408
-0.0116326
-0.0158647
-0.0183175
-0.0173342
-0.0168458
-0.0165715
-0.0164455
-0.0171600
-0.0176404
-0.0164818
-0.0158596
-0.0158930
-0.0157584
-0.0159798
-0.0161123
-0.0158188
-0.0153953
-0.0153125
-0.0164577
-0.0147373
-0.0105406
-0.0136441
-0.0161201
-0.0154381
-0.0152748
-0.0104638
-0.0082650
-0.0092807
-0.0087898
-0.0076176
-0.0067349
-0.0072517
-0.0066103
-0.0060592
-0.0066073
-0.0043899
-0.0027437
-0.0031742
-0.0032082
-0.0018464
0.0002286
0.0010727
0.0013685
0.0008088
0.0004146
0.0014211
0.0021880
0.0023789
0.0050348
0.0063323
0.0046469
0.0063483
0.0073167
0.0062860
0.0065230
0.0064318
0.0072226
0.0076821
0.0070703
0.0073987
0.0078728
0.0075931
0.0070292
0.0066073
0.0064087
0.0066467
0.0060741
0.0042117
0.0042250
0.0059223
0.0060112
0.0050449
0.0042959
0.0026999
0.0012999
0.0020497
0.0033635
0.0046248
0.0057594
0.0057849
0.0060692
0.0064730
0.0065612
0.0068036
0.0065592
0.0063163
0.0070535
0.0075151
0.0071541
0.0072693
0.0082426
0.0077492
0.0069924
0.0072055
0.0060239
0.0056489
0.0063586
0.0069686
0.0071318
0.0063317
0.0057850
0.0062927
0.0054387
0.0034540
0.0039985
0.0042654
0.0028587
0.0023355
0.0034675
0.0038890
0.0025745
0.0014802
0.0010370
0.0012239
0.0010879
0.0008623
0.0010447
0.0014134
0.0011688
0.0000381
0.0002518
0.0012884
0.0006725
0.0005585
0.0011478
0.0009155
0.0010128
0.0013415
0.0015097
0.0009422
0.0010402
0.0033595
0.0033984
0.0019779
0.0028586
0.0033058
0.0045312
0.0055673
0.0050456
0.0054811
0.0057401
0.0055942
0.0055470
0.0055084
0.0060917
0.0061402
0.0054938
0.0058488
0.0061179
0.0054418
0.0047038
0.0043746
0.0043281
0.0031801
0.0022216
0.0025666
0.0011949
0.0002446
0.0006452
-0.0005156
-0.0002977
0.0004278
0.0001506
0.0007430
0.0009519
0.0009272
0.0009146
0.0005603
0.0001419
0.0004954
0.0012045
0.0008999
0.0010928
0.0008263
0.0005550
0.0019997
0.0038256
0.0042798
0.0034274
0.0026035
0.0026709
0.0041598
0.0045373
0.0041481
0.0046812
0.0053292
0.0051769
0.0047954
0.0058841
0.0058048
0.0059551
0.0074277
0.0088607
0.0111151
0.0100045
0.0080880
0.0084328
0.0086701
0.0080542
0.0083362
0.0105653
0.0111147
0.0106077
0.0106056
0.0104594
0.0103132
0.0101641
0.0099115
0.0100805
0.0097448
0.0078939
0.0068608
0.0061951
0.0062605
0.0062241
0.0066581
0.0083448
0.0068728
0.0056764
0.0058679
0.0052114
0.0054019
0.0048587
0.0038286
0.0040513
0.0033322
0.0039572
0.0046709
0.0037206
0.0040286
0.0030665
0.0025167
0.0030809
0.0027508
0.0027445
0.0025936
0.0022825
0.0030562
0.0033045
0.0029097
0.0035923
0.0038428
0.0036738
0.0037077
0.0039493
0.0037214
0.0042951
0.0057282
0.0041028
0.0030907
0.0040295
0.0033020
0.0032201
0.0050264
0.0056242
0.0051758
0.0051831
0.0050233
0.0048953
0.0048370
0.0046281
0.0046949
0.0044913
0.0028663
0.0022105
0.0040219
0.0040388
0.0026358
0.0033011
0.0028393
0.0019962
0.0021874
0.0018237
0.0017559
0.0016983
0.0013446
0.0012747
0.0013222
0.0012351
0.0014219
0.0014277
0.0013174
0.0010201
0.0009509
0.0009931
0.0006861
0.0010161
0.0011531
0.0005671
0.0002572
0.0003897
0.0003830
0.0003385
0.0005930
0.0004993
0.0003261
0.0003327
0.0000801
-0.0000546
-0.0002803
-0.0002752
-0.0004264
-0.0011081
-0.0008170
-0.0007422
-0.0015826
-0.0016526
-0.0015018
-0.0018644
-0.0018410
-0.0018337
-0.0021496
-0.0022967
-0.0023766
-0.0023384
-0.0024120
-0.0023596
-0.0022609
-0.0023376
-0.0023121
-0.0023375
-0.0023387
-0.0022389
-0.0025293
-0.0028975
-0.0026736
-0.0028443
-0.0031019
-0.0030498
-0.0030107
-0.0026193
-0.0026100
-0.0027319
-0.0025094
-0.0025183
-0.0025478
-0.0026203
-0.0028774
-0.0026452
-0.0024346
-0.0025356
-0.0023157
-0.0024125
-0.0027886
-0.0026997
-0.0027703
-0.0026292
-0.0025033
-0.0029111
-0.0026644
-0.0023829
-0.0024965
-0.0025423
-0.0026188
-0.0025549
-0.0024737
-0.0025141
-0.0025860
-0.0026889
-0.0027660
-0.0027862
-0.0029646
-0.0030085
-0.0029303
-0.0031114
-0.0031103
-0.0029185
-0.0029828
-0.0029648
-0.0029761
-0.0032244
-0.0032666
-0.0033131
-0.0034952
-0.0035572
-0.0035073
-0.0035005
-0.0035703
-0.0035305
-0.0035069
-0.0038431
-0.0039907
-0.0037934
-0.0037087
-0.0038350
-0.0039532
-0.0038361
-0.0039145
-0.0040331
-0.0041040
-0.0041583
-0.0040334
-0.0039569
-0.0038864
-0.0038121
-0.0037816
-0.0037887
-0.0037382
-0.0035994
-0.0034085
-0.0033782
-0.0034951
-0.0033633
-0.0031606
-0.0031528
-0.0032552
-0.0031289
-0.0029113
-0.0028613
-0.0027954
-0.0027591
-0.0027836
-0.0027440
-0.0025699
-0.0024479
-0.0024043
-0.0023900
-0.0023359
-0.0021788
-0.0021032
-0.0020644
-0.0019847
-0.0019378
-0.0019010
-0.0016963
-0.0014666
-0.0014962
-0.0014855
-0.0013253
-0.0012361
-0.0011913
-0.0011385
-0.0010837
-0.0010609
-0.0010360
-0.0009624
-0.0009119
-0.0008800
-0.0008926
-0.0008699
-0.0007077
-0.0006344
-0.0006395
-0.0006068
-0.0005903
-0.0005646
-0.0005243
-0.0004947
-0.0004650
-0.0004432
-0.0004148
-0.0004004
-0.0004100
-0.0003661
-0.0003305
-0.0003091
-0.0002859
-0.0003047
-0.0002927
-0.0002353
-0.0002125
-0.0002222
-0.0002104
-0.0001737
-0.0001518
-0.0001555
-0.0001607
-0.0001473
-0.0001067
-0.0000811
-0.0000670
-0.0000459
-0.0000335
-0.0000401
-0.0000370
-0.0000100
-0.0000013
-0.0000137
-0.0000220
-0.0000034
0.0000144
0.0000139
0.0000139
0.0000140
0.0000146
0.0000086
0.0000034
0.0000005
-0.0000083
-0.0000149
-0.0000245
-0.0000260
-0.0000296
-0.0000402
-0.0000456
-0.0000698
-0.0000787
-0.0000633
-0.0000653
-0.0000745
-0.0000783
-0.0000835
-0.0000863
-0.0000924
-0.0001113
-0.0001166
-0.0001099
-0.0001097
-0.0001180
-0.0001216
-0.0001155
-0.0001196
-0.0001189
-0.0001117
-0.0001084
-0.0001070
-0.0001011
-0.0000944
-0.0001021
-0.0001029
-0.0000938
-0.0000862
-0.0000829
-0.0000765
-0.0000725
-0.0000798
-0.0000637
-0.0000464
-0.0000451
-0.0000370
-0.0000318
-0.0000278
-0.0000213
-0.0000148
-0.0000054
0.0000008
0.0000037
0.0000087
0.0000118
0.0000157
0.0000221
0.0000251
0.0000283
0.0000311
0.0000346
0.0000383
0.0000385
0.0000412
0.0000442
0.0000456
0.0000472
0.0000486
0.0000515
0.0000529
0.0000530
0.0000542
0.0000557
0.0000569
0.0000580
0.0000586
0.0000597
0.0000606
0.0000607
0.0000619
0.0000626
0.0000628
0.0000637
0.0000647
0.0000652
0.0000655
0.0000662
0.0000670
0.0000675
0.0000678
0.0000683
0.0000693
0.0000702
0.0000705
0.0000712
0.0000721
0.0000726
0.0000730
0.0000735
0.0000742
0.0000748
0.0000754
0.0000761
0.0000766
0.0000771
0.0000776
0.0000781
0.0000785
0.0000791
0.0000796
0.0000800
0.0000804
0.0000808
0.0000812
0.0000815
0.0000818
0.0000821
0.0000824
0.0000826
0.0000828
0.0000830
0.0000831
0.0000832
0.0000833
0.0000833
0.0000833
0.0000832
0.0000832
