-0.0039433
-0.0042520
-0.0038432
-0.0025212
-0.0004245
0.0010487
0.0009728
0.0009870
0.0010289
0.0010676
0.0011053
0.0011415
0.0011658
0.0011820
0.0011909
0.0011963
0.0012064
0.0012240
0.0012574
0.0012970
0.0013445
0.0013865
0.0014224
0.0014373
0.0014365
0.0014249
0.0014068
0.0013980
0.0013994
0.0014272
0.0014616
0.0015039
0.0015354
0.0015585
0.0015636
0.0015622
0.0015593
0.0015690
0.0015918
0.0016249
0.0016688
0.0017095
0.0017462
0.0017737
0.0017985
0.0018201
0.0018346
0.0018417
0.0018279
0.0017913
0.0017402
0.0016707
0.0016084
0.0015528
0.0015347
0.0015346
0.0015590
0.0016080
0.0016690
0.0017484
0.0018461
0.0019507
0.0020543
0.0021196
0.0021545
0.0020749
0.0019453
0.0017615
0.0015563
0.0013696
0.0012191
0.0011354
0.0010844
0.0010843
0.0011158
0.0011666
0.0012497
0.0013456
0.0014515
0.0015377
0.0015836
0.0015782
0.0014429
0.0012503
0.0009732
0.0006876
0.0004250
0.0002652
0.0002357
0.0002920
0.0004920
0.0006894
0.0008845
0.0008961
0.0007928
0.0005287
0.0001198
-0.0003106
-0.0007259
-0.0010137
-0.0012152
-0.0012241
-0.0011119
-0.0009139
-0.0005922
-0.0002650
0.0000684
0.0002651
0.0003445
0.0002366
-0.0001256
-0.0005919
-0.0011865
-0.0017223
-0.0021957
-0.0024150
-0.0024576
-0.0023614
-0.0020844
-0.0017954
-0.0014913
-0.0011896
-0.0008705
-0.0005140
-0.0001483
0.0001805
0.0003503
0.0002779
0.0000456
-0.0004602
-0.0009648
-0.0014685
-0.0017238
-0.0018510
-0.0018013
-0.0016063
-0.0013655
-0.0010782
-0.0007542
-0.0004042
0.0000071
0.0004379
0.0008781
0.0012310
0.0014740
0.0015978
0.0014632
0.0012439
0.0009138
0.0006268
0.0004092
0.0003771
0.0005177
0.0007488
0.0010482
0.0012686
0.0014271
0.0013503
0.0012062
0.0009763
0.0007386
0.0005076
0.0002932
0.0000223
-0.0002911
-0.0007033
-0.0010956
-0.0014540
-0.0015509
-0.0014710
-0.0012279
-0.0009072
-0.0006740
-0.0005769
-0.0006878
-0.0008373
-0.0009841
-0.0009676
-0.0008483
-0.0005237
-0.0001089
0.0003686
0.0009042
0.0014036
0.0018636
0.0020414
0.0020215
0.0016938
0.0010648
0.0003691
-0.0002993
-0.0006193
-0.0006910
-0.0001424
0.0006504
0.0016351
0.0024498
0.0029369
0.0030068
0.0022927
0.0013138
-0.0000004
-0.0011958
-0.0022171
-0.0026928
-0.0025617
-0.0020169
-0.0006393
0.0009313
0.0026799
0.0037984
0.0042585
0.0037704
0.0019368
-0.0003200
-0.0030057
-0.0052162
-0.0070394
-0.0077986
-0.0079303
-0.0076245
-0.0068588
-0.0060625
-0.0052331
-0.0044900
-0.0038031
-0.0032030
-0.0027197
-0.0022842
-0.0019075
-0.0014758
-0.0009966
-0.0003589
0.0002933
0.0009569
0.0012741
0.0013308
0.0010561
0.0004422
-0.0001694
-0.0006774
-0.0007825
-0.0006646
-0.0001632
0.0004803
0.0012081
0.0019879
0.0027267
0.0034276
0.0036992
0.0035786
0.0028967
0.0013464
-0.0004946
-0.0026578
-0.0044475
-0.0058919
-0.0062866
-0.0058595
-0.0048502
-0.0030187
-0.0012225
0.0005354
0.0014344
0.0018294
0.0014615
0.0004917
-0.0006307
-0.0017593
-0.0024835
-0.0029159
-0.0026032
-0.0019267
-0.0009645
-0.0000158
0.0005945
0.0007740
0.0001098
-0.0007822
-0.0019134
-0.0026310
-0.0030248
-0.0026454
-0.0018852
-0.0009240
-0.0001121
0.0003705
0.0005492
0.0001675
-0.0003762
-0.0011279
-0.0021081
-0.0032044
-0.0044873
-0.0057634
-0.0069488
-0.0076729
-0.0077996
-0.0074885
-0.0062296
-0.0047436
-0.0030119
-0.0015630
-0.0004726
0.0000245
-0.0002537
-0.0008196
-0.0016825
-0.0023091
-0.0027477
-0.0026232
-0.0023531
-0.0019687
-0.0019766
-0.0022494
-0.0028591
-0.0035384
-0.0040244
-0.0040797
-0.0035818
-0.0028873
-0.0021055
-0.0016388
-0.0013833
-0.0015168
-0.0015529
-0.0014989
-0.0007827
0.0002326
0.0016551
0.0033020
0.0049127
0.0063206
0.0071993
0.0077494
0.0076539
0.0074440
0.0071835
0.0075420
0.0083628
0.0096844
0.0112212
0.0123775
0.0128239
0.0117464
0.0099252
0.0069555
0.0037659
0.0005866
-0.0017587
-0.0031081
-0.0036752
-0.0026193
-0.0014619
-0.0001753
-0.0002079
-0.0010442
-0.0032063
-0.0058292
-0.0083463
-0.0098577
-0.0100298
-0.0093197
-0.0071266
-0.0047097
-0.0020863
-0.0003016
0.0007764
0.0008467
-0.0001668
-0.0013408
-0.0023968
-0.0025142
-0.0021235
-0.0009816
-0.0001634
0.0003882
-0.0002797
-0.0011832
-0.0023420
-0.0028325
-0.0029459
-0.0024923
-0.0020850
-0.0018653
-0.0022023
-0.0026270
-0.0029660
-0.0023748
-0.0010680
0.0008010
0.0027214
0.0039910
0.0044327
0.0032430
0.0015781
-0.0006241
-0.0022229
-0.0032582
-0.0028022
-0.0011094
0.0013511
0.0046395
0.0074094
0.0097003
0.0093093
0.0075721
0.0039830
-0.0008094
-0.0055533
-0.0095826
-0.0118428
-0.0130612
-0.0124227
-0.0112554
-0.0097538
-0.0086875
-0.0081689
-0.0082437
-0.0092405
-0.0103636
-0.0115687
-0.0119241
-0.0116033
-0.0098140
-0.0066708
-0.0027457
0.0022411
0.0072965
0.0124054
0.0167215
0.0203222
0.0230131
0.0235208
0.0228342
0.0202416
0.0163193
0.0120711
0.0081979
0.0057854
0.0043832
0.0051496
0.0064442
0.0082261
0.0095869
0.0103873
0.0103734
0.0087603
0.0062944
0.0024196
-0.0021537
-0.0068520
-0.0107813
-0.0132185
-0.0145582
-0.0134403
-0.0117863
-0.0095518
-0.0080141
-0.0072136
-0.0076156
-0.0093791
-0.0115689
-0.0140312
-0.0154921
-0.0161668
-0.0145312
-0.0117418
-0.0080461
-0.0042637
-0.0012032
0.0009391
0.0014556
0.0014708
0.0008917
0.0003438
-0.0001517
-0.0004772
-0.0008111
-0.0011431
-0.0013980
-0.0012459
-0.0007183
0.0013817
0.0042466
0.0081602
0.0124447
0.0162685
0.0187269
0.0185661
0.0168686
0.0124518
0.0075320
0.0023511
-0.0010609
-0.0029648
-0.0032356
-0.0010545
0.0016770
0.0050076
0.0072670
0.0084871
0.0072658
0.0036834
-0.0012072
-0.0075482
-0.0132865
-0.0185518
-0.0209422
-0.0219631
-0.0212412
-0.0183151
-0.0145785
-0.0097577
-0.0048962
-0.0004293
0.0024060
0.0030737
0.0023112
-0.0008808
-0.0041145
-0.0073870
-0.0083641
-0.0080734
-0.0060250
-0.0028458
0.0003177
0.0028869
0.0041512
0.0047389
0.0044386
0.0044508
0.0047284
0.0063723
0.0084398
0.0109658
0.0128815
0.0139832
0.0137325
0.0115225
0.0085187
0.0045525
0.0012374
-0.0014148
-0.0014545
0.0003920
0.0037205
0.0086530
0.0130092
0.0166315
0.0173529
0.0166900
0.0139271
0.0101414
0.0061216
0.0024562
-0.0002646
-0.0023152
-0.0027661
-0.0025934
-0.0018454
-0.0012425
-0.0012768
-0.0022578
-0.0048344
-0.0079202
-0.0115341
-0.0144361
-0.0167491
-0.0174242
-0.0171540
-0.0162396
-0.0149891
-0.0140804
-0.0135418
-0.0138615
-0.0144034
-0.0152078
-0.0157603
-0.0160629
-0.0157728
-0.0149466
-0.0138138
-0.0122815
-0.0107025
-0.0090870
-0.0075751
-0.0061103
-0.0047054
-0.0033209
-0.0018654
-0.0002530
0.0019270
0.0044895
0.0078654
0.0113148
0.0146559
0.0162756
0.0161789
0.0144983
0.0103223
0.0060381
0.0017476
-0.0004915
-0.0015785
-0.0007078
0.0006316
0.0018571
0.0015283
-0.0003111
-0.0031865
-0.0067652
-0.0094207
-0.0110765
-0.0100274
-0.0083271
-0.0058870
-0.0049248
-0.0050892
-0.0076504
-0.0113231
-0.0153949
-0.0185565
-0.0203155
-0.0209724
-0.0195516
-0.0177939
-0.0156077
-0.0135962
-0.0117728
-0.0102983
-0.0093717
-0.0088577
-0.0093021
-0.0106010
-0.0123870
-0.0142495
-0.0148221
-0.0142045
-0.0093757
-0.0031178
0.0050198
0.0120384
0.0173566
0.0188526
0.0168864
0.0134877
0.0096370
0.0074968
0.0065993
0.0081521
0.0097730
0.0114677
0.0118879
0.0118560
0.0112175
0.0108747
0.0108804
0.0117550
0.0132669
0.0150911
0.0170074
0.0184463
0.0195104
0.0190058
0.0177140
0.0154209
0.0119216
0.0081231
0.0040376
0.0005141
-0.0025081
-0.0042339
-0.0048987
-0.0049120
-0.0042951
-0.0039931
-0.0039817
-0.0050501
-0.0063832
-0.0080460
-0.0092914
-0.0100845
-0.0099194
-0.0084880
-0.0062722
-0.0025224
0.0020104
0.0070597
0.0119698
0.0159581
0.0189476
0.0195618
0.0194147
0.0182816
0.0172312
0.0163942
0.0161680
0.0161274
0.0161090
0.0156137
0.0147902
0.0137089
0.0130107
0.0129076
0.0135616
0.0148507
0.0156736
0.0153225
0.0121412
0.0075140
0.0006766
-0.0056774
-0.0114554
-0.0137316
-0.0139999
-0.0124152
-0.0096712
-0.0075765
-0.0065272
-0.0079693
-0.0104907
-0.0145669
-0.0188846
-0.0230879
-0.0262018
-0.0280246
-0.0288951
-0.0275645
-0.0252937
-0.0220045
-0.0175939
-0.0130804
-0.0085582
-0.0051055
-0.0023989
-0.0012074
-0.0009982
-0.0012691
-0.0016715
-0.0016121
-0.0011899
0.0001052
0.0015912
0.0033205
0.0053667
0.0077193
0.0106306
0.0143802
0.0184973
0.0230274
0.0270513
0.0306315
0.0323856
0.0329558
0.0324337
0.0304527
0.0282742
0.0258906
0.0237915
0.0217799
0.0198536
0.0175609
0.0150108
0.0118559
0.0085317
0.0050987
0.0017572
-0.0016399
-0.0050975
-0.0088523
-0.0125563
-0.0161236
-0.0187317
-0.0206803
-0.0213007
-0.0208560
-0.0197959
-0.0179005
-0.0159898
-0.0140669
-0.0134335
-0.0138133
-0.0154826
-0.0186003
-0.0216770
-0.0242474
-0.0246005
-0.0236753
-0.0204366
-0.0166169
-0.0125453
-0.0093284
-0.0066137
-0.0043622
-0.0018681
0.0010413
0.0045581
0.0085696
0.0125872
0.0163786
0.0196630
0.0226352
0.0250033
0.0266863
0.0278412
0.0272855
0.0259382
0.0237335
0.0210629
0.0184999
0.0162008
0.0138303
0.0111291
0.0074376
0.0028188
-0.0021887
-0.0068423
-0.0100684
-0.0121729
-0.0113344
-0.0100840
-0.0083098
-0.0080378
-0.0087717
-0.0112077
-0.0142665
-0.0171685
-0.0186571
-0.0181334
-0.0162737
-0.0120662
-0.0075094
-0.0026293
0.0009617
0.0035320
0.0046523
0.0041646
0.0032941
0.0022264
0.0018672
0.0019002
0.0025458
0.0028834
0.0029713
0.0019946
0.0008306
-0.0005363
-0.0013510
-0.0018936
-0.0020376
-0.0023754
-0.0029222
-0.0039768
-0.0049363
-0.0056809
-0.0051785
-0.0036338
-0.0012701
0.0020615
0.0051315
0.0078684
0.0091862
0.0098370
0.0094822
0.0085640
0.0074112
0.0060315
0.0043000
0.0022769
-0.0008263
-0.0044554
-0.0085699
-0.0122301
-0.0149198
-0.0161815
-0.0147977
-0.0123550
-0.0084857
-0.0047097
-0.0011906
0.0011722
0.0028835
0.0041521
0.0052096
0.0063219
0.0074934
0.0085111
0.0092581
0.0095479
0.0089357
0.0078352
0.0059023
0.0036080
0.0012070
-0.0007323
-0.0017462
-0.0020332
-0.0003640
0.0016697
0.0041673
0.0057382
0.0064779
0.0057209
0.0036618
0.0011411
-0.0015816
-0.0039715
-0.0061626
-0.0082169
-0.0104170
-0.0127512
-0.0149413
-0.0165818
-0.0174070
-0.0163310
-0.0143573
-0.0110070
-0.0071655
-0.0031856
0.0005203
0.0038987
0.0070423
0.0097889
0.0122442
0.0143836
0.0154650
0.0159657
0.0155978
0.0146449
0.0136171
0.0128149
0.0126399
0.0128584
0.0138000
0.0148595
0.0160113
0.0165794
0.0166055
0.0159421
0.0139771
0.0114609
0.0081513
0.0046658
0.0012820
-0.0014746
-0.0034854
-0.0050261
-0.0059830
-0.0071936
-0.0086384
-0.0113225
-0.0144903
-0.0183054
-0.0220439
-0.0253871
-0.0277517
-0.0288132
-0.0291188
-0.0281145
-0.0264884
-0.0244403
-0.0221984
-0.0203995
-0.0190801
-0.0193695
-0.0202481
-0.0219251
-0.0230190
-0.0233068
-0.0215041
-0.0174612
-0.0121053
-0.0048488
0.0025591
0.0100853
0.0162187
0.0213169
0.0250978
0.0266860
0.0273751
0.0267903
0.0254675
0.0238012
0.0216921
0.0190958
0.0161477
0.0122990
0.0081475
0.0037168
-0.0003591
-0.0039934
-0.0069868
-0.0092736
-0.0114414
-0.0136501
-0.0162961
-0.0191360
-0.0221000
-0.0245504
-0.0265974
-0.0271826
-0.0271050
-0.0263097
-0.0249696
-0.0236304
-0.0223771
-0.0212606
-0.0200754
-0.0185649
-0.0163360
-0.0136287
-0.0098894
-0.0057165
-0.0012032
0.0033686
0.0075784
0.0113272
0.0138207
0.0156923
0.0166068
0.0168514
0.0168350
0.0166200
0.0164860
0.0164203
0.0166136
0.0170329
0.0176606
0.0187194
0.0198748
0.0211483
0.0224108
0.0237106
0.0251115
0.0269062
0.0288991
0.0311301
0.0326154
0.0334859
0.0315355
0.0281441
0.0231918
0.0174118
0.0122215
0.0082056
0.0067804
0.0066745
0.0086946
0.0114335
0.0143600
0.0161840
0.0162983
0.0150696
0.0104945
0.0051956
-0.0010240
-0.0061619
-0.0101191
-0.0118798
-0.0111834
-0.0093955
-0.0063422
-0.0036002
-0.0011783
-0.0004213
-0.0007083
-0.0019590
-0.0042999
-0.0066334
-0.0088883
-0.0104618
-0.0117554
-0.0126627
-0.0137112
-0.0148767
-0.0163675
-0.0177309
-0.0189807
-0.0195501
-0.0199164
-0.0200631
-0.0202655
-0.0204554
-0.0206139
-0.0202851
-0.0195808
-0.0180738
-0.0158564
-0.0132295
-0.0100516
-0.0069261
-0.0038421
-0.0016271
0.0001114
0.0012439
0.0021724
0.0035450
0.0059195
0.0102095
0.0153601
0.0215332
0.0266322
0.0308343
0.0316769
0.0310963
0.0292026
0.0272559
0.0259591
0.0256407
0.0260736
0.0263646
0.0259236
0.0241301
0.0216909
0.0186236
0.0163899
0.0148084
0.0155288
0.0167733
0.0185852
0.0190223
0.0183003
0.0157314
0.0118445
0.0078961
0.0047958
0.0036877
0.0037749
0.0057561
0.0074739
0.0089846
0.0078807
0.0056540
0.0019987
-0.0021303
-0.0058163
-0.0084251
-0.0093399
-0.0094763
-0.0086389
-0.0080367
-0.0076612
-0.0083728
-0.0094549
-0.0108791
-0.0118482
-0.0122677
-0.0118917
-0.0105465
-0.0089899
-0.0073637
-0.0064990
-0.0061599
-0.0070259
-0.0083039
-0.0098354
-0.0108621
-0.0113955
-0.0113947
-0.0110156
-0.0107826
-0.0108678
-0.0114607
-0.0121518
-0.0127529
-0.0127550
-0.0123918
-0.0114163
-0.0105115
-0.0096622
-0.0092761
-0.0089340
-0.0086480
-0.0082767
-0.0080362
-0.0080981
-0.0090203
-0.0104201
-0.0126451
-0.0149595
-0.0172715
-0.0189768
-0.0202770
-0.0212035
-0.0214919
-0.0213279
-0.0205248
-0.0181830
-0.0150570
-0.0106685
-0.0062731
-0.0022170
0.0000467
0.0006790
0.0001757
-0.0014912
-0.0025488
-0.0029468
-0.0006694
0.0027089
0.0076303
0.0123951
0.0164113
0.0181830
0.0176709
0.0159834
0.0135540
0.0124272
0.0123241
0.0152228
0.0183503
0.0217696
0.0228131
0.0222654
0.0190260
0.0138250
0.0080090
0.0022103
-0.0024108
-0.0061933
-0.0079397
-0.0087287
-0.0086344
-0.0072387
-0.0055241
-0.0034127
-0.0018735
-0.0010242
-0.0016679
-0.0038286
-0.0066818
-0.0100739
-0.0129889
-0.0155531
-0.0173429
-0.0192071
-0.0211521
-0.0234154
-0.0254307
-0.0269565
-0.0270413
-0.0264348
-0.0247807
-0.0232304
-0.0218504
-0.0213620
-0.0208993
-0.0204569
-0.0183279
-0.0152533
-0.0109755
-0.0060781
-0.0014277
0.0025205
0.0055680
0.0083302
0.0110871
0.0144909
0.0183132
0.0227661
0.0268750
0.0306671
0.0328755
0.0343263
0.0347400
0.0340364
0.0328807
0.0311097
0.0290571
0.0268630
0.0245030
0.0218118
0.0188551
0.0148162
0.0101855
0.0049143
-0.0008301
-0.0063854
-0.0115333
-0.0153351
-0.0182515
-0.0194300
-0.0192776
-0.0183986
-0.0167845
-0.0153387
-0.0140248
-0.0134403
-0.0129283
-0.0125087
-0.0115381
-0.0102790
-0.0085666
-0.0069957
-0.0057385
-0.0055572
-0.0064517
-0.0080059
-0.0101922
-0.0118546
-0.0130338
-0.0121836
-0.0106094
-0.0080754
-0.0054984
-0.0031907
-0.0015961
-0.0005716
0.0001660
0.0005616
0.0002638
-0.0005839
-0.0035326
-0.0072255
-0.0117237
-0.0154077
-0.0179423
-0.0185596
-0.0169136
-0.0145173
-0.0115366
-0.0092014
-0.0072858
-0.0062198
-0.0051914
-0.0041927
-0.0028559
-0.0016284
-0.0005395
-0.0004142
-0.0007565
-0.0018130
-0.0027348
-0.0032869
-0.0025325
-0.0006093
0.0019707
0.0045465
0.0057948
0.0058182
0.0025668
-0.0015016
-0.0065902
-0.0107531
-0.0139758
-0.0152335
-0.0147511
-0.0134165
-0.0111575
-0.0088360
-0.0064807
-0.0043141
-0.0021361
0.0000550
0.0026515
0.0054193
0.0084284
0.0110695
0.0131976
0.0139928
0.0129797
0.0108086
0.0063854
0.0011364
-0.0047603
-0.0103923
-0.0151147
-0.0186799
-0.0196985
-0.0196750
-0.0181741
-0.0164273
-0.0148529
-0.0142774
-0.0143490
-0.0147504
-0.0147631
-0.0140051
-0.0125360
-0.0097732
-0.0068535
-0.0037796
-0.0011679
0.0011818
0.0030839
0.0048026
0.0064830
0.0083350
0.0103947
0.0125998
0.0149797
0.0174147
0.0199092
0.0225825
0.0252021
0.0276982
0.0293474
0.0303784
0.0301223
0.0287871
0.0268839
0.0245370
0.0226988
0.0212600
0.0215962
0.0225446
0.0242715
0.0255778
0.0259844
0.0246021
0.0205619
0.0151724
0.0077440
0.0001277
-0.0074433
-0.0132909
-0.0177293
-0.0208674
-0.0218250
-0.0222325
-0.0219507
-0.0215406
-0.0211682
-0.0209554
-0.0209970
-0.0212060
-0.0217738
-0.0225341
-0.0234193
-0.0242260
-0.0246501
-0.0246596
-0.0235483
-0.0219886
-0.0198056
-0.0174070
-0.0150367
-0.0129269
-0.0109347
-0.0089193
-0.0063283
-0.0031090
0.0006039
0.0050052
0.0093959
0.0137724
0.0178995
0.0219022
0.0257139
0.0286658
0.0307730
0.0305895
0.0280207
0.0239321
0.0177921
0.0121432
0.0069476
0.0047484
0.0037747
0.0044516
0.0054994
0.0061161
0.0054435
0.0033698
0.0007013
-0.0022319
-0.0044599
-0.0061751
-0.0068679
-0.0077103
-0.0087147
-0.0110359
-0.0138437
-0.0173137
-0.0204099
-0.0230324
-0.0244517
-0.0249158
-0.0249186
-0.0248319
-0.0253051
-0.0262181
-0.0279200
-0.0293124
-0.0303109
-0.0290595
-0.0263617
-0.0212434
-0.0137354
-0.0052245
0.0042859
0.0127854
0.0203916
0.0242695
0.0257008
0.0248744
0.0211671
0.0172501
0.0131970
0.0105111
0.0085509
0.0077866
0.0075471
0.0075260
0.0075810
0.0075174
0.0073595
0.0068379
0.0061301
0.0052206
0.0040117
0.0026255
0.0009709
-0.0013942
-0.0042457
-0.0080756
-0.0125497
-0.0172780
-0.0216487
-0.0248273
-0.0270688
-0.0263832
-0.0244909
-0.0210632
-0.0159839
-0.0105755
-0.0049459
-0.0004263
0.0031846
0.0045603
0.0044089
0.0033825
0.0021651
0.0019964
0.0027950
0.0061434
0.0101447
0.0149654
0.0193175
0.0230186
0.0252771
0.0258917
0.0256482
0.0242559
0.0226986
0.0210376
0.0195193
0.0179303
0.0162642
0.0142993
0.0123314
0.0104046
0.0088577
0.0074595
0.0062327
0.0047144
0.0029897
0.0007561
-0.0013811
-0.0034424
-0.0040093
-0.0037372
-0.0023978
-0.0008268
0.0000059
-0.0007964
-0.0043884
-0.0092644
-0.0157534
-0.0213760
-0.0262153
-0.0276574
-0.0272286
-0.0250736
-0.0209022
-0.0163896
-0.0114908
-0.0069716
-0.0029056
0.0001801
0.0019645
0.0030260
0.0029483
0.0027755
0.0025838
0.0034580
0.0049636
0.0071527
0.0097196
0.0121298
0.0142041
0.0155444
0.0164902
0.0167675
0.0166516
0.0163934
0.0164470
0.0172438
0.0186245
0.0208921
0.0227252
0.0240056
0.0230502
0.0210555
0.0175014
0.0134648
0.0094542
0.0061553
0.0036109
0.0015586
0.0002834
-0.0005249
-0.0009022
-0.0000622
0.0013736
0.0036266
0.0062830
0.0086755
0.0101927
0.0099265
0.0086444
0.0056653
0.0026611
-0.0002747
-0.0011673
-0.0005766
0.0016205
0.0055804
0.0094752
0.0129823
0.0144819
0.0149628
0.0138076
0.0127721
0.0120464
0.0131770
0.0152033
0.0179324
0.0196699
0.0199527
0.0183842
0.0142881
0.0097746
0.0051049
0.0019406
-0.0002467
-0.0004281
0.0005447
0.0022266
0.0045983
0.0066772
0.0084859
0.0084479
0.0073956
0.0049382
0.0013662
-0.0022399
-0.0053882
-0.0070838
-0.0079124
-0.0071540
-0.0056370
-0.0035820
-0.0007270
0.0025107
0.0061630
0.0102598
0.0140231
0.0171253
0.0179468
0.0173212
0.0139196
0.0087120
0.0026782
-0.0031846
-0.0073380
-0.0101486
-0.0094605
-0.0080970
-0.0058747
-0.0049363
-0.0052674
-0.0079237
-0.0124531
-0.0174666
-0.0220514
-0.0244553
-0.0253168
-0.0225397
-0.0190120
-0.0147916
-0.0123551
-0.0114026
-0.0125635
-0.0157139
-0.0190577
-0.0219277
-0.0227952
-0.0224731
-0.0199975
-0.0171488
-0.0141028
-0.0122783
-0.0112514
-0.0110879
-0.0114456
-0.0116004
-0.0113144
-0.0104788
-0.0096655
-0.0093570
-0.0101448
-0.0115356
-0.0135693
-0.0147826
-0.0153514
-0.0127677
-0.0090305
-0.0038264
0.0013610
0.0057226
0.0083376
0.0088126
0.0084128
0.0072160
0.0065909
0.0063863
0.0073183
0.0083370
0.0094353
0.0097434
0.0097937
0.0095070
0.0091708
0.0086439
0.0076513
0.0054219
0.0024179
-0.0021325
-0.0067328
-0.0112664
-0.0134055
-0.0136409
-0.0118162
-0.0072726
-0.0024906
0.0022992
0.0050362
0.0064436
0.0052667
0.0025355
-0.0009400
-0.0045133
-0.0072817
-0.0094179
-0.0097786
-0.0095594
-0.0086024
-0.0072948
-0.0060326
-0.0049679
-0.0040041
-0.0029599
-0.0014659
0.0005951
0.0029958
0.0056368
0.0080384
0.0102191
0.0116963
0.0128996
0.0137366
0.0147435
0.0159988
0.0178093
0.0199254
0.0220137
0.0233354
0.0230618
0.0216340
0.0180018
0.0146108
0.0114811
0.0110022
0.0118951
0.0148166
0.0186352
0.0221698
0.0241004
0.0235242
0.0214685
0.0172115
0.0129589
0.0087099
0.0058554
0.0034578
0.0016403
-0.0000790
-0.0019295
-0.0040866
-0.0061175
-0.0079084
-0.0088992
-0.0092277
-0.0091527
-0.0087168
-0.0083949
-0.0081781
-0.0078158
-0.0071001
-0.0058639
-0.0037528
-0.0013397
0.0014236
0.0037519
0.0056739
0.0063529
0.0061689
0.0053950
0.0042607
0.0036348
0.0035589
0.0052425
0.0077098
0.0112981
0.0155733
0.0199130
0.0239140
0.0268738
0.0291539
0.0300469
0.0305854
0.0308457
0.0312734
0.0314965
0.0314591
0.0294258
0.0260562
0.0204228
0.0128630
0.0046784
-0.0035729
-0.0101529
-0.0155099
-0.0176228
-0.0185564
-0.0184029
-0.0187906
-0.0203934
-0.0237841
-0.0293729
-0.0353947
-0.0414552
-0.0455084
-0.0481140
-0.0472178
-0.0442186
-0.0397469
-0.0335980
-0.0276908
-0.0220454
-0.0184454
-0.0159473
-0.0150904
-0.0155057
-0.0161109
-0.0163114
-0.0148445
-0.0122777
-0.0073993
-0.0018275
0.0042909
0.0092208
0.0126104
0.0140411
0.0127471
0.0110197
0.0091592
0.0090381
0.0100338
0.0133020
0.0173916
0.0218906
0.0257875
0.0291574
0.0320410
0.0341511
0.0356210
0.0361802
0.0343455
0.0311559
0.0256557
0.0188762
0.0117107
0.0051276
0.0000727
-0.0038471
-0.0049248
-0.0048818
-0.0036250
-0.0013536
0.0009471
0.0031436
0.0039571
0.0038005
0.0016666
-0.0015609
-0.0052454
-0.0085089
-0.0102624
-0.0108297
-0.0079390
-0.0043152
0.0002427
0.0036985
0.0060722
0.0064660
0.0049323
0.0026116
-0.0004249
-0.0033418
-0.0061574
-0.0085729
-0.0104579
-0.0118535
-0.0115034
-0.0101649
-0.0074534
-0.0033440
0.0009428
0.0050049
0.0071250
0.0078686
0.0053514
0.0010454
-0.0044716
-0.0104603
-0.0154372
-0.0193210
-0.0204940
-0.0207157
-0.0196649
-0.0183044
-0.0170266
-0.0162547
-0.0158571
-0.0156590
-0.0156326
-0.0157134
-0.0158784
-0.0160129
-0.0157641
-0.0150279
-0.0130189
-0.0105520
-0.0074783
-0.0045013
-0.0016626
0.0007447
0.0028745
0.0048275
0.0065409
0.0081737
0.0097325
0.0108263
0.0116632
0.0121438
0.0127397
0.0136443
0.0152856
0.0178105
0.0206730
0.0235032
0.0251179
0.0258126
0.0238932
0.0213044
0.0179907
0.0153968
0.0133958
0.0123365
0.0116956
0.0109364
0.0094718
0.0069029
0.0037659
0.0002723
-0.0024871
-0.0046703
-0.0043539
-0.0025957
0.0009958
0.0071075
0.0137846
0.0209340
0.0261847
0.0298754
0.0297184
0.0268800
0.0224817
0.0174831
0.0140488
0.0120577
0.0140442
0.0171904
0.0218295
0.0260435
0.0294121
0.0308166
0.0301483
0.0284064
0.0252579
0.0220930
0.0189681
0.0170904
0.0158816
0.0153969
0.0155559
0.0157952
0.0160778
0.0160096
0.0156420
0.0146045
0.0124467
0.0094681
0.0043371
-0.0016832
-0.0084016
-0.0145990
-0.0198842
-0.0240114
-0.0262361
-0.0278832
-0.0288546
-0.0295851
-0.0301028
-0.0300738
-0.0293273
-0.0281129
-0.0261561
-0.0241159
-0.0219990
-0.0199995
-0.0181281
-0.0164412
-0.0148310
-0.0133260
-0.0120542
-0.0114614
-0.0112003
-0.0112960
-0.0112518
-0.0110941
-0.0104525
-0.0096125
-0.0085572
-0.0073985
-0.0060386
-0.0043372
-0.0016056
0.0017706
0.0063708
0.0116750
0.0172706
0.0225666
0.0268534
0.0303479
0.0315115
0.0320150
0.0316789
0.0311334
0.0306073
0.0301834
0.0296128
0.0289857
0.0283172
0.0280748
0.0281149
0.0286502
0.0285757
0.0279389
0.0242266
0.0189567
0.0115434
0.0033640
-0.0041863
-0.0097462
-0.0122035
-0.0129518
-0.0110546
-0.0089293
-0.0067489
-0.0068752
-0.0087338
-0.0124670
-0.0179920
-0.0233526
-0.0281434
-0.0310351
-0.0329126
-0.0330826
-0.0327485
-0.0322546
-0.0323244
-0.0327795
-0.0335373
-0.0339225
-0.0336134
-0.0324218
-0.0297106
-0.0264487
-0.0224566
-0.0183594
-0.0143114
-0.0105970
-0.0070373
-0.0035554
0.0000322
0.0037775
0.0076681
0.0112248
0.0143208
0.0167458
0.0185492
0.0201575
0.0215681
0.0228988
0.0241689
0.0252839
0.0257574
0.0257249
0.0238090
0.0209865
0.0171821
0.0125103
0.0081127
0.0043351
0.0030024
0.0031133
0.0058629
0.0097245
0.0139497
0.0170088
0.0182742
0.0181308
0.0154726
0.0128216
0.0101806
0.0092118
0.0089985
0.0099059
0.0105151
0.0105668
0.0087680
0.0055869
0.0016020
-0.0026824
-0.0061090
-0.0087442
-0.0093796
-0.0096278
-0.0094202
-0.0097342
-0.0104160
-0.0117883
-0.0132485
-0.0146342
-0.0154498
-0.0156384
-0.0153585
-0.0138676
-0.0120313
-0.0098213
-0.0078221
-0.0062288
-0.0053243
-0.0052317
-0.0052608
-0.0050341
-0.0036856
-0.0016259
0.0017789
0.0053506
0.0090532
0.0115102
0.0130274
0.0133493
0.0122085
0.0106524
0.0086376
0.0066559
0.0047584
0.0031555
0.0015834
0.0000117
-0.0017542
-0.0031846
-0.0043053
-0.0038425
-0.0027527
-0.0008215
0.0009545
0.0021091
0.0017431
-0.0005174
-0.0037422
-0.0081599
-0.0125332
-0.0168587
-0.0207476
-0.0245676
-0.0283132
-0.0317219
-0.0349144
-0.0377727
-0.0403334
-0.0426317
-0.0443349
-0.0449632
-0.0448654
-0.0431549
-0.0405490
-0.0372401
-0.0328238
-0.0281619
-0.0231881
-0.0181934
-0.0133523
-0.0088430
-0.0047842
-0.0009132
0.0027707
0.0064821
0.0102149
0.0140151
0.0180739
0.0223712
0.0271260
0.0316672
0.0358584
0.0385909
0.0404357
0.0407129
0.0401483
0.0393903
0.0393332
0.0401664
0.0415864
0.0428438
0.0429347
0.0417627
0.0379635
0.0335473
0.0284398
0.0240921
0.0203861
0.0181142
0.0166627
0.0155579
0.0141671
0.0120805
0.0094472
0.0052986
0.0004380
-0.0053268
-0.0123341
-0.0195360
-0.0267920
-0.0323222
-0.0365062
-0.0374872
-0.0358279
-0.0324953
-0.0269977
-0.0216881
-0.0165519
-0.0133157
-0.0107677
-0.0091325
-0.0075181
-0.0057129
-0.0034079
-0.0010727
0.0010344
0.0018840
0.0013034
-0.0002799
-0.0030581
-0.0053374
-0.0070757
-0.0063435
-0.0044590
-0.0009093
0.0034017
0.0078184
0.0119675
0.0163373
0.0210129
0.0271682
0.0340600
0.0415296
0.0480201
0.0529692
0.0559583
0.0554075
0.0536307
0.0502734
0.0461053
0.0414714
0.0359970
0.0299686
0.0236343
0.0173637
0.0115526
0.0061666
0.0012863
-0.0036294
-0.0086296
-0.0131881
-0.0170705
-0.0194313
-0.0200874
-0.0200491
-0.0198448
-0.0211704
-0.0236341
-0.0289295
-0.0345502
-0.0405230
-0.0449606
-0.0483773
-0.0502145
-0.0504334
-0.0499802
-0.0486794
-0.0468647
-0.0446813
-0.0415680
-0.0378931
-0.0337775
-0.0292243
-0.0245852
-0.0198371
-0.0148558
-0.0098014
-0.0046602
0.0000636
0.0044131
0.0077941
0.0104833
0.0127411
0.0145136
0.0160882
0.0174803
0.0177894
0.0173841
0.0159751
0.0136604
0.0110664
0.0081972
0.0051384
0.0019650
-0.0014225
-0.0043912
-0.0069938
-0.0075318
-0.0069003
-0.0050030
-0.0023047
-0.0001250
0.0010106
-0.0000284
-0.0020364
-0.0053913
-0.0089081
-0.0124177
-0.0153179
-0.0175963
-0.0193858
-0.0193824
-0.0185086
-0.0165279
-0.0135496
-0.0104652
-0.0074436
-0.0054334
-0.0039888
-0.0035296
-0.0030876
-0.0025952
-0.0014131
0.0003235
0.0025717
0.0054824
0.0083513
0.0111161
0.0133569
0.0153041
0.0167533
0.0176562
0.0182074
0.0180281
0.0172238
0.0159587
0.0136299
0.0110625
0.0082371
0.0060662
0.0045387
0.0040522
0.0047346
0.0057337
0.0068121
0.0069041
0.0063027
0.0040222
0.0013204
-0.0017121
-0.0033893
-0.0039661
-0.0031439
-0.0005443
0.0024943
0.0059506
0.0086968
0.0109451
0.0120996
0.0126875
0.0129103
0.0125953
0.0120143
0.0111878
0.0099597
0.0085102
0.0067537
0.0043058
0.0013631
-0.0025113
-0.0071536
-0.0120182
-0.0164860
-0.0196480
-0.0218263
-0.0212993
-0.0198531
-0.0174128
-0.0149108
-0.0128899
-0.0117337
-0.0119933
-0.0129510
-0.0149974
-0.0176783
-0.0207193
-0.0242121
-0.0278284
-0.0315409
-0.0349421
-0.0375852
-0.0392640
-0.0386763
-0.0371585
-0.0343216
-0.0311671
-0.0280110
-0.0252498
-0.0218767
-0.0179153
-0.0111504
-0.0027480
0.0071621
0.0177881
0.0275207
0.0358701
0.0412948
0.0454611
0.0478247
0.0496827
0.0513880
0.0533212
0.0551558
0.0568781
0.0574996
0.0572755
0.0561362
0.0534357
0.0501692
0.0461393
0.0418173
0.0376018
0.0339536
0.0314191
0.0296807
0.0299387
0.0313065
0.0335451
0.0358640
0.0370349
0.0367456
0.0325599
0.0265988
0.0179950
0.0084748
-0.0008741
-0.0083835
-0.0132249
-0.0163503
-0.0170063
-0.0179856
-0.0192630
-0.0238974
-0.0301625
-0.0386610
-0.0481497
-0.0574179
-0.0656362
-0.0718516
-0.0768824
-0.0797841
-0.0815399
-0.0824451
-0.0812570
-0.0787363
-0.0747725
-0.0682849
-0.0607764
-0.0518437
-0.0416583
-0.0310418
-0.0200517
-0.0094064
0.0009015
0.0099337
0.0177114
0.0245034
0.0290587
0.0329149
0.0358818
0.0376905
0.0388675
0.0390381
0.0383915
0.0374333
0.0362607
0.0353151
0.0345283
0.0340978
0.0335260
0.0328239
0.0311369
0.0289087
0.0259307
0.0221617
0.0181879
0.0140753
0.0103934
0.0069978
0.0042243
0.0015509
-0.0011058
-0.0049539
-0.0098923
-0.0160096
-0.0232600
-0.0301472
-0.0362139
-0.0397402
-0.0419209
-0.0418531
-0.0411188
-0.0402237
-0.0404429
-0.0416771
-0.0437084
-0.0462886
-0.0483407
-0.0497219
-0.0488085
-0.0467473
-0.0429133
-0.0376849
-0.0317893
-0.0249858
-0.0177538
-0.0102416
-0.0022739
0.0055858
0.0133446
0.0201196
0.0261934
0.0312770
0.0345932
0.0370560
0.0381902
0.0384065
0.0381596
0.0373535
0.0364510
0.0354821
0.0344705
0.0333291
0.0320475
0.0303118
0.0284370
0.0263854
0.0240462
0.0214344
0.0181868
0.0143453
0.0102325
0.0061776
0.0030071
0.0005311
-0.0005354
-0.0018084
-0.0033440
-0.0060479
-0.0090462
-0.0123322
-0.0150849
-0.0175852
-0.0197507
-0.0226482
-0.0260843
-0.0309770
-0.0355330
-0.0397785
-0.0404879
-0.0391416
-0.0349355
-0.0279359
-0.0201959
-0.0119181
-0.0046735
0.0017699
0.0061180
0.0092392
0.0115126
0.0130595
0.0147800
0.0166883
0.0195497
0.0228486
0.0267773
0.0309525
0.0350492
0.0387059
0.0415436
0.0438703
0.0452766
0.0466193
0.0479122
0.0493725
0.0503947
0.0508601
0.0491943
0.0464008
0.0418291
0.0364056
0.0308169
0.0256414
0.0212664
0.0174477
0.0148461
0.0127915
0.0112416
0.0102057
0.0090126
0.0075520
0.0050818
0.0019961
-0.0021802
-0.0072051
-0.0125914
-0.0181439
-0.0233996
-0.0284077
-0.0322205
-0.0352408
-0.0374028
-0.0383424
-0.0388665
-0.0388413
-0.0384604
-0.0378535
-0.0368121
-0.0349534
-0.0325398
-0.0288712
-0.0248760
-0.0206243
-0.0171062
-0.0142551
-0.0122519
-0.0111449
-0.0099306
-0.0082288
-0.0047650
-0.0002968
0.0059638
0.0123707
0.0187486
0.0238515
0.0286814
0.0332586
0.0393614
0.0464075
0.0547730
0.0626337
0.0691188
0.0723173
0.0711752
0.0676696
0.0606036
0.0529818
0.0450495
0.0385337
0.0330791
0.0287733
0.0261915
0.0242701
0.0232551
0.0229038
0.0226281
0.0220665
0.0205717
0.0184759
0.0151932
0.0116513
0.0079070
0.0049125
0.0025258
0.0009121
0.0004182
0.0004111
0.0011139
0.0020165
0.0027333
0.0024557
0.0008702
-0.0015921
-0.0056739
-0.0102753
-0.0153559
-0.0206272
-0.0257294
-0.0305683
-0.0344176
-0.0375736
-0.0394317
-0.0399106
-0.0395968
-0.0379379
-0.0356328
-0.0328817
-0.0297439
-0.0266319
-0.0235477
-0.0207777
-0.0181441
-0.0157047
-0.0133813
-0.0113633
-0.0102183
-0.0109451
-0.0129485
-0.0178534
-0.0240111
-0.0311525
-0.0380136
-0.0436062
-0.0475885
-0.0483150
-0.0478260
-0.0456974
-0.0433205
-0.0409835
-0.0391189
-0.0371699
-0.0350658
-0.0317193
-0.0275235
-0.0225443
-0.0175953
-0.0134607
-0.0105439
-0.0098279
-0.0099541
-0.0111697
-0.0120012
-0.0124137
-0.0114121
-0.0094415
-0.0068080
-0.0037530
-0.0013306
0.0004080
0.0003541
-0.0002290
-0.0014754
-0.0022741
-0.0025165
-0.0013531
0.0008307
0.0034262
0.0055309
0.0062330
0.0058333
0.0027393
-0.0008153
-0.0049557
-0.0082891
-0.0109379
-0.0123689
-0.0130007
-0.0134663
-0.0142744
-0.0153735
-0.0165736
-0.0170572
-0.0166347
-0.0153764
-0.0122015
-0.0083197
-0.0034974
0.0023047
0.0085380
0.0153995
0.0222764
0.0289631
0.0346299
0.0390013
0.0424240
0.0437953
0.0445676
0.0446911
0.0437953
0.0422009
0.0395215
0.0352420
0.0302496
0.0242660
0.0187323
0.0136738
0.0105451
0.0086392
0.0076923
0.0077232
0.0075581
0.0071437
0.0057828
0.0040526
0.0018119
-0.0001417
-0.0017617
-0.0024113
-0.0026690
-0.0028017
-0.0040256
-0.0066813
-0.0106572
-0.0167241
-0.0227096
-0.0284466
-0.0314094
-0.0325189
-0.0302233
-0.0249541
-0.0182784
-0.0102849
-0.0033537
0.0027201
0.0051544
0.0059823
0.0050718
0.0036700
0.0029640
0.0035691
0.0061927
0.0096275
0.0140378
0.0179166
0.0212726
0.0226319
0.0227556
0.0219092
0.0203433
0.0192471
0.0187474
0.0204102
0.0233648
0.0284372
0.0351938
0.0424795
0.0497567
0.0552161
0.0592872
0.0591297
0.0571249
0.0534160
0.0491894
0.0456383
0.0431308
0.0417156
0.0402151
0.0379620
0.0336265
0.0280519
0.0202247
0.0118205
0.0030534
-0.0052040
-0.0128072
-0.0197055
-0.0246751
-0.0285960
-0.0309515
-0.0315201
-0.0312484
-0.0297293
-0.0275041
-0.0248595
-0.0215778
-0.0183235
-0.0150910
-0.0130880
-0.0118695
-0.0116487
-0.0126260
-0.0138558
-0.0152767
-0.0161026
-0.0165217
-0.0160649
-0.0152933
-0.0143701
-0.0137341
-0.0133520
-0.0132040
-0.0124264
-0.0107261
-0.0076818
-0.0024693
0.0034118
0.0099501
0.0150011
0.0188684
0.0195517
0.0183547
0.0158600
0.0122817
0.0090521
0.0061999
0.0044932
0.0031991
0.0024610
0.0021589
0.0019854
0.0018740
0.0013342
0.0004995
-0.0010194
-0.0024973
-0.0039432
-0.0039035
-0.0027169
-0.0000721
0.0044987
0.0093725
0.0143333
0.0174976
0.0193019
0.0179346
0.0141703
0.0088936
0.0017191
-0.0053191
-0.0122317
-0.0169730
-0.0205037
-0.0223566
-0.0222790
-0.0214234
-0.0195130
-0.0170420
-0.0142576
-0.0109715
-0.0073779
-0.0035703
0.0004338
0.0042646
0.0079079
0.0111923
0.0145790
0.0182025
0.0226788
0.0275255
0.0328667
0.0375790
0.0417268
0.0439063
0.0449545
0.0451151
0.0447665
0.0446116
0.0447031
0.0448477
0.0446316
0.0436345
0.0410509
0.0376594
0.0330401
0.0286353
0.0245625
0.0229343
0.0231278
0.0250008
0.0283391
0.0309292
0.0323083
0.0293507
0.0239163
0.0142376
0.0017775
-0.0118224
-0.0257326
-0.0377873
-0.0484097
-0.0543486
-0.0582183
-0.0598510
-0.0594791
-0.0588710
-0.0581520
-0.0576936
-0.0571005
-0.0558750
-0.0532293
-0.0496761
-0.0443700
-0.0388404
-0.0331356
-0.0289110
-0.0255680
-0.0233451
-0.0218983
-0.0203215
-0.0182464
-0.0150560
-0.0113250
-0.0068391
-0.0024863
0.0017466
0.0054623
0.0095174
0.0138867
0.0206235
0.0287556
0.0388324
0.0503363
0.0616090
0.0715928
0.0778971
0.0818019
0.0806099
0.0768585
0.0713307
0.0640941
0.0566051
0.0488430
0.0409110
0.0330779
0.0254496
0.0187716
0.0126930
0.0077601
0.0032333
-0.0011966
-0.0063124
-0.0119967
-0.0181290
-0.0244730
-0.0306417
-0.0365875
-0.0418664
-0.0467047
-0.0508004
-0.0537202
-0.0559162
-0.0566978
-0.0568405
-0.0566100
-0.0562150
-0.0557050
-0.0550889
-0.0539816
-0.0524233
-0.0502201
-0.0465781
-0.0422407
-0.0368199
-0.0312626
-0.0259087
-0.0218968
-0.0193879
-0.0179485
-0.0181715
-0.0182671
-0.0182251
-0.0166311
-0.0143997
-0.0112751
-0.0078773
-0.0045210
-0.0015147
0.0011300
0.0035622
0.0056849
0.0076198
0.0094074
0.0110370
0.0127299
0.0145029
0.0166091
0.0188094
0.0211133
0.0229434
0.0243650
0.0247521
0.0243120
0.0233609
0.0218852
0.0204928
0.0191770
0.0177056
0.0155934
0.0125315
0.0072079
0.0009828
-0.0064515
-0.0128890
-0.0182488
-0.0199896
-0.0189247
-0.0159047
-0.0108235
-0.0062413
-0.0022002
-0.0007569
-0.0005855
-0.0022725
-0.0052290
-0.0084262
-0.0113829
-0.0133137
-0.0145764
-0.0144749
-0.0139622
-0.0131266
-0.0124598
-0.0120621
-0.0120062
-0.0122922
-0.0124902
-0.0124027
-0.0114217
-0.0097649
-0.0065357
-0.0017639
0.0039801
0.0109329
0.0175348
0.0238119
0.0277937
0.0306586
0.0319929
0.0324157
0.0327745
0.0334130
0.0343429
0.0352451
0.0354083
0.0347056
0.0333880
0.0311617
0.0289801
0.0268468
0.0256212
0.0247053
0.0242007
0.0232161
0.0216803
0.0187810
0.0140812
0.0082081
-0.0000571
-0.0093103
-0.0193381
-0.0294607
-0.0387611
-0.0470151
-0.0522941
-0.0558952
-0.0567969
-0.0552009
-0.0524505
-0.0482383
-0.0437472
-0.0391354
-0.0349067
-0.0310411
-0.0275131
-0.0245961
-0.0217874
-0.0191006
-0.0162382
-0.0132108
-0.0098437
-0.0063973
-0.0030331
-0.0002725
0.0019338
0.0037552
0.0052349
0.0068605
0.0086446
0.0112115
0.0141713
0.0177118
0.0219670
0.0266149
0.0319320
0.0370914
0.0419377
0.0450565
0.0461744
0.0457210
0.0411091
0.0352084
0.0276642
0.0194825
0.0115444
0.0043056
-0.0014081
-0.0061589
-0.0089697
-0.0101199
-0.0101649
-0.0082359
-0.0063622
-0.0045386
-0.0055892
-0.0083677
-0.0135586
-0.0207938
-0.0281334
-0.0347342
-0.0385571
-0.0406253
-0.0391566
-0.0361812
-0.0322033
-0.0281993
-0.0248465
-0.0221951
-0.0208603
-0.0200929
-0.0201306
-0.0210870
-0.0224867
-0.0245601
-0.0266452
-0.0286023
-0.0295901
-0.0296689
-0.0290351
-0.0274102
-0.0261676
-0.0254102
-0.0270755
-0.0298424
-0.0342433
-0.0386168
-0.0424557
-0.0442054
-0.0434331
-0.0409714
-0.0353700
-0.0287792
-0.0212720
-0.0133140
-0.0054908
0.0021048
0.0086936
0.0146107
0.0192861
0.0231567
0.0266812
0.0300433
0.0335262
0.0370862
0.0405600
0.0436318
0.0462711
0.0477535
0.0486656
0.0487430
0.0473128
0.0448917
0.0405269
0.0345541
0.0276580
0.0195136
0.0112020
0.0027539
-0.0047677
-0.0116179
-0.0176170
-0.0220985
-0.0257563
-0.0280992
-0.0295526
-0.0307094
-0.0318078
-0.0333564
-0.0352058
-0.0376019
-0.0395615
-0.0411204
-0.0401982
-0.0379276
-0.0337938
-0.0277379
-0.0212045
-0.0143772
-0.0088208
-0.0042479
-0.0022231
-0.0021922
-0.0035861
-0.0072680
-0.0112016
-0.0154090
-0.0179569
-0.0191236
-0.0180931
-0.0142507
-0.0090512
-0.0017743
0.0063683
0.0149215
0.0234948
0.0318208
0.0399579
0.0474578
0.0544012
0.0606319
0.0649528
0.0681527
0.0695312
0.0690047
0.0675074
0.0645324
0.0606922
0.0562869
0.0510128
0.0454994
0.0397631
0.0341144
0.0286240
0.0233704
0.0183457
0.0135037
0.0090111
0.0056777
0.0032151
0.0029608
0.0039019
0.0056423
0.0074412
0.0085013
0.0087606
0.0073896
0.0056258
0.0034150
0.0013667
-0.0005630
-0.0022500
-0.0038265
-0.0053071
-0.0064591
-0.0068686
-0.0066940
-0.0043449
-0.0007383
0.0044647
0.0120921
0.0203700
0.0293384
0.0374108
0.0446538
0.0497109
0.0527350
0.0544246
0.0538986
0.0528554
0.0513356
0.0502896
0.0498902
0.0504298
0.0522906
0.0546305
0.0575594
0.0600700
0.0620804
0.0623187
0.0610670
0.0587445
0.0545872
0.0500216
0.0450175
0.0400603
0.0352040
0.0305144
0.0257776
0.0207768
0.0149758
0.0079035
0.0001034
-0.0086157
-0.0169608
-0.0250060
-0.0306074
-0.0345041
-0.0362368
-0.0348859
-0.0325141
-0.0288630
-0.0251738
-0.0217523
-0.0194561
-0.0182829
-0.0178169
-0.0182246
-0.0185395
-0.0187687
-0.0187347
-0.0189120
-0.0194224
-0.0210019
-0.0231503
-0.0262412
-0.0297527
-0.0333494
-0.0365264
-0.0386876
-0.0400821
-0.0393718
-0.0377616
-0.0351778
-0.0313192
-0.0272264
-0.0229098
-0.0187594
-0.0146298
-0.0104419
-0.0065230
-0.0028342
0.0000832
0.0026388
0.0049083
0.0065808
0.0078034
0.0084553
0.0073637
0.0052866
0.0016170
-0.0030484
-0.0080044
-0.0128566
-0.0168059
-0.0201163
-0.0219376
-0.0230824
-0.0236047
-0.0232550
-0.0229950
-0.0229230
-0.0238276
-0.0252496
-0.0275220
-0.0304107
-0.0335861
-0.0370027
-0.0401833
-0.0431744
-0.0454393
-0.0472753
-0.0486488
-0.0489033
-0.0487472
-0.0480327
-0.0469577
-0.0456685
-0.0439888
-0.0422882
-0.0406385
-0.0394257
-0.0385983
-0.0380726
-0.0384429
-0.0391183
-0.0401817
-0.0415322
-0.0427434
-0.0435743
-0.0430237
-0.0416219
-0.0385620
-0.0347002
-0.0304597
-0.0270134
-0.0248667
-0.0239162
-0.0246940
-0.0255332
-0.0263572
-0.0259950
-0.0250997
-0.0234158
-0.0220839
-0.0211859
-0.0218410
-0.0233678
-0.0254576
-0.0271411
-0.0276283
-0.0268215
-0.0227024
-0.0174836
-0.0108282
-0.0041099
0.0023343
0.0078520
0.0122982
0.0161787
0.0196219
0.0232106
0.0269153
0.0303381
0.0332442
0.0354948
0.0356703
0.0346180
0.0315615
0.0261731
0.0194816
0.0105118
0.0003087
-0.0106360
-0.0221325
-0.0330405
-0.0434139
-0.0511274
-0.0572956
-0.0613086
-0.0622857
-0.0616839
-0.0585128
-0.0531147
-0.0465039
-0.0380570
-0.0291975
-0.0201251
-0.0126436
-0.0065854
-0.0020649
0.0007881
0.0033410
0.0056146
0.0078563
0.0100985
0.0123715
0.0144215
0.0163408
0.0180687
0.0198160
0.0215796
0.0232363
0.0248378
0.0263675
0.0284364
0.0309968
0.0344409
0.0386578
0.0431620
0.0478494
0.0508224
0.0523976
0.0489921
0.0431233
0.0349811
0.0249398
0.0151725
0.0059421
-0.0016279
-0.0086116
-0.0149123
-0.0212341
-0.0274765
-0.0332562
-0.0381246
-0.0423129
-0.0446980
-0.0462292
-0.0468358
-0.0463754
-0.0455239
-0.0441436
-0.0420444
-0.0397986
-0.0376531
-0.0364337
-0.0358360
-0.0366049
-0.0375856
-0.0387326
-0.0385371
-0.0372865
-0.0346950
-0.0293387
-0.0226641
-0.0139838
-0.0038094
0.0068520
0.0175770
0.0270916
0.0357882
0.0428470
0.0494332
0.0555786
0.0612488
0.0666068
0.0715214
0.0754187
0.0786730
0.0807785
0.0817172
0.0820610
0.0816623
0.0809921
0.0801276
0.0789512
0.0776154
0.0761079
0.0742892
0.0721280
0.0694045
0.0657095
0.0617001
0.0574604
0.0536465
0.0501257
0.0473006
0.0445203
0.0417767
0.0386288
0.0351706
0.0313208
0.0263545
0.0207839
0.0142451
0.0068076
-0.0009860
-0.0090527
-0.0163675
-0.0230785
-0.0276881
-0.0309385
-0.0329333
-0.0327206
-0.0319664
-0.0305370
-0.0290175
-0.0274966
-0.0260166
-0.0244821
-0.0228433
-0.0207749
-0.0183256
-0.0156392
-0.0133085
-0.0116319
-0.0106651
-0.0109281
-0.0118487
-0.0137492
-0.0170809
-0.0210214
-0.0257519
-0.0304248
-0.0348482
-0.0376372
-0.0387111
-0.0384370
-0.0355671
-0.0318741
-0.0271313
-0.0211356
-0.0148545
-0.0083265
-0.0026338
0.0023612
0.0056075
0.0078900
0.0097481
0.0129557
0.0177709
0.0240655
0.0321212
0.0399249
0.0472493
0.0516478
0.0543626
0.0541755
0.0521183
0.0491471
0.0451987
0.0403496
0.0348220
0.0273377
0.0194029
0.0109745
0.0026481
-0.0048786
-0.0110019
-0.0141367
-0.0159807
-0.0160935
-0.0156064
-0.0148569
-0.0142495
-0.0138069
-0.0134941
-0.0124033
-0.0105796
-0.0078225
-0.0030985
0.0024595
0.0092141
0.0168871
0.0249270
0.0332600
0.0406294
0.0472631
0.0517139
0.0553321
0.0581855
0.0603884
0.0627282
0.0653137
0.0688999
0.0727115
0.0766087
0.0797033
0.0822935
0.0838799
0.0845770
0.0846309
0.0834763
0.0821322
0.0805820
0.0787723
0.0768295
0.0746923
0.0724996
0.0702072
0.0676477
0.0648126
0.0617925
0.0583546
0.0541772
0.0494168
0.0436764
0.0380643
0.0326131
0.0283464
0.0249231
0.0229519
0.0223005
0.0222341
0.0228413
0.0236096
0.0244224
0.0247148
0.0241795
0.0228811
0.0197167
0.0158779
0.0111489
0.0056792
-0.0000551
-0.0060991
-0.0124753
-0.0190587
-0.0260729
-0.0333266
-0.0407504
-0.0483085
-0.0554465
-0.0621324
-0.0677815
-0.0731793
-0.0782846
-0.0826315
-0.0861811
-0.0878160
-0.0869747
-0.0846050
-0.0795565
-0.0738999
-0.0677628
-0.0625224
-0.0578286
-0.0538329
-0.0503788
-0.0472162
-0.0445193
-0.0425252
-0.0410085
-0.0405086
-0.0406023
-0.0410478
-0.0416966
-0.0418956
-0.0416796
-0.0387516
-0.0345651
-0.0286665
-0.0224011
-0.0168614
-0.0133558
-0.0137120
-0.0163466
-0.0230563
-0.0305794
-0.0385814
-0.0449746
-0.0503892
-0.0547415
-0.0584952
-0.0627498
-0.0679809
-0.0755901
-0.0842358
-0.0942955
-0.1036909
-0.1123979
-0.1183214
-0.1224961
-0.1252978
-0.1266045
-0.1278055
-0.1288712
-0.1298075
-0.1303909
-0.1302637
-0.1289060
-0.1269430
-0.1241099
-0.1202867
-0.1157172
-0.1090031
-0.1014480
-0.0931224
-0.0844056
-0.0758715
-0.0676432
-0.0593937
-0.0507397
-0.0410458
-0.0300138
-0.0183307
-0.0059937
0.0055020
0.0163263
0.0244124
0.0313624
0.0370770
0.0409581
0.0437347
0.0448366
0.0436022
0.0413253
0.0375954
0.0334663
0.0292081
0.0253952
0.0223463
0.0198997
0.0186078
0.0177686
0.0175057
0.0180702
0.0189750
0.0203642
0.0222127
0.0243222
0.0268909
0.0297182
0.0326746
0.0354310
0.0378597
0.0399843
0.0411267
0.0417514
0.0416618
0.0409705
0.0401821
0.0394372
0.0395151
0.0402411
0.0426843
0.0462659
0.0506400
0.0558858
0.0608079
0.0653758
0.0684603
0.0709008
0.0724282
0.0731093
0.0735001
0.0736392
0.0735709
0.0732752
0.0720324
0.0705552
0.0688951
0.0679471
0.0671941
0.0666888
0.0656380
0.0639976
0.0612602
0.0575523
0.0537250
0.0506496
0.0494514
0.0495366
0.0522313
0.0558663
0.0603659
0.0649698
0.0690840
0.0724620
0.0746736
0.0764967
0.0778877
0.0796416
0.0815347
0.0834139
0.0848462
0.0859258
0.0857243
0.0846819
0.0827296
0.0794262
0.0752046
0.0695548
0.0618616
0.0532033
0.0431191
0.0321767
0.0208420
0.0095413
-0.0007828
-0.0103319
-0.0164958
-0.0210418
-0.0235351
-0.0239757
-0.0238775
-0.0232269
-0.0227192
-0.0222383
-0.0216863
-0.0205482
-0.0190197
-0.0167801
-0.0142644
-0.0114935
-0.0074873
-0.0025951
0.0035531
0.0113250
0.0197063
0.0288486
0.0375149
0.0455007
0.0509120
0.0539452
0.0552804
0.0539141
0.0522096
0.0501382
0.0490992
0.0488056
0.0496772
0.0518001
0.0543567
0.0572942
0.0598649
0.0620278
0.0624782
0.0616878
0.0599247
0.0569983
0.0540356
0.0510244
0.0490547
0.0475412
0.0466981
0.0462724
0.0460615
0.0461834
0.0466947
0.0474710
0.0487809
0.0498243
0.0506231
0.0500604
0.0486316
0.0459919
0.0418223
0.0368622
0.0306246
0.0234022
0.0158381
0.0084622
0.0019563
-0.0039291
-0.0087691
-0.0136441
-0.0185606
-0.0245007
-0.0308606
-0.0378009
-0.0435774
-0.0483075
-0.0506578
-0.0513364
-0.0511391
-0.0502824
-0.0497521
-0.0494777
-0.0498376
-0.0498863
-0.0495394
-0.0473119
-0.0444959
-0.0409773
-0.0380843
-0.0356863
-0.0344705
-0.0350280
-0.0368096
-0.0412286
-0.0462310
-0.0517749
-0.0568928
-0.0612706
-0.0645623
-0.0662041
-0.0673934
-0.0682277
-0.0696640
-0.0713827
-0.0733599
-0.0745731
-0.0752241
-0.0745814
-0.0737024
-0.0725686
-0.0718941
-0.0716249
-0.0720045
-0.0721899
-0.0719468
-0.0705020
-0.0683582
-0.0659940
-0.0644210
-0.0637963
-0.0639152
-0.0647882
-0.0653192
-0.0654150
-0.0627292
-0.0584898
-0.0517570
-0.0444680
-0.0374434
-0.0321589
-0.0290191
-0.0272921
-0.0279587
-0.0288733
-0.0300157
-0.0302884
-0.0303888
-0.0302849
-0.0310419
-0.0324264
-0.0350027
-0.0382114
-0.0415215
-0.0440742
-0.0453490
-0.0457276
-0.0450174
-0.0445595
-0.0443745
-0.0455609
-0.0472118
-0.0494769
-0.0506662
-0.0508428
-0.0486695
-0.0439276
-0.0376576
-0.0290676
-0.0202340
-0.0112157
-0.0033280
0.0036094
0.0093336
0.0122764
0.0138079
0.0131520
0.0115897
0.0098435
0.0085032
0.0082697
0.0088619
0.0117830
0.0153966
0.0196465
0.0235593
0.0268670
0.0292929
0.0310622
0.0326751
0.0342102
0.0354123
0.0364958
0.0376316
0.0393663
0.0415422
0.0447469
0.0483159
0.0522763
0.0557796
0.0581611
0.0586234
0.0560994
0.0521261
0.0459217
0.0395566
0.0334000
0.0293438
0.0268511
0.0255883
0.0261781
0.0267961
0.0274508
0.0275427
0.0271781
0.0260060
0.0240217
0.0217065
0.0190974
0.0165902
0.0142610
0.0132956
0.0132081
0.0139303
0.0150563
0.0156251
0.0153339
0.0130580
0.0099876
0.0058418
0.0010684
-0.0039442
-0.0089188
-0.0136833
-0.0183418
-0.0238792
-0.0297028
-0.0358383
-0.0417219
-0.0474655
-0.0530059
-0.0580325
-0.0628283
-0.0672903
-0.0723720
-0.0780573
-0.0860450
-0.0947440
-0.1039946
-0.1110328
-0.1164881
-0.1199362
-0.1202577
-0.1194038
-0.1169531
-0.1138674
-0.1103216
-0.1057447
-0.1002748
-0.0943020
-0.0882727
-0.0823104
-0.0764077
-0.0701903
-0.0634114
-0.0558037
-0.0464296
-0.0365670
-0.0263259
-0.0164528
-0.0068432
0.0021605
0.0107321
0.0190236
0.0276264
0.0360783
0.0443738
0.0513156
0.0574928
0.0625205
0.0658634
0.0683273
0.0693349
0.0692379
0.0684387
0.0662937
0.0631488
0.0592190
0.0542410
0.0494163
0.0447823
0.0402750
0.0356161
0.0306050
0.0259314
0.0216380
0.0184295
0.0164016
0.0151702
0.0154543
0.0164051
0.0179710
0.0192733
0.0197614
0.0190454
0.0173159
0.0151537
0.0123782
0.0099729
0.0079930
0.0074828
0.0080953
0.0095340
0.0128781
0.0163245
0.0198842
0.0224079
0.0243880
0.0255603
0.0258957
0.0259492
0.0257713
0.0262879
0.0273515
0.0300352
0.0334591
0.0374664
0.0420063
0.0462075
0.0499794
0.0523723
0.0541322
0.0549447
0.0549789
0.0548927
0.0553030
0.0572206
0.0602215
0.0659537
0.0726032
0.0801026
0.0866124
0.0920047
0.0957797
0.0968517
0.0964539
0.0936046
0.0890705
0.0836138
0.0767333
0.0683484
0.0588257
0.0461751
0.0323301
0.0171873
0.0032268
-0.0092533
-0.0192738
-0.0269543
-0.0336224
-0.0389523
-0.0441999
-0.0495258
-0.0557001
-0.0620058
-0.0684183
-0.0737446
-0.0778211
-0.0803067
-0.0796657
-0.0777390
-0.0739880
-0.0686810
-0.0626854
-0.0558880
-0.0490757
-0.0422502
-0.0354177
-0.0285896
-0.0217634
-0.0148204
-0.0075812
0.0000871
0.0088932
0.0179969
0.0273225
0.0366877
0.0460757
0.0554993
0.0641531
0.0722124
0.0781875
0.0827089
0.0856556
0.0865817
0.0865502
0.0851316
0.0820494
0.0784953
0.0747561
0.0714668
0.0686410
0.0676699
0.0686729
0.0712258
0.0757614
0.0799066
0.0835526
0.0858281
0.0872240
0.0871527
0.0847410
0.0810837
0.0753955
0.0685881
0.0610690
0.0526546
0.0449733
0.0379736
0.0330373
0.0280977
0.0230229
0.0176937
0.0121857
0.0063346
-0.0002549
-0.0070622
-0.0134890
-0.0191311
-0.0241816
-0.0275466
-0.0298317
-0.0309463
-0.0310580
-0.0309934
-0.0307704
-0.0299483
-0.0288064
-0.0271253
-0.0248517
-0.0221659
-0.0185141
-0.0145048
-0.0102178
-0.0066236
-0.0037642
-0.0018369
-0.0011054
-0.0008693
-0.0013383
-0.0033419
-0.0064486
-0.0120175
-0.0194705
-0.0281620
-0.0388675
-0.0497534
-0.0607978
-0.0706845
-0.0798060
-0.0878618
-0.0940555
-0.0992455
-0.1027664
-0.1043231
-0.1049018
-0.1043494
-0.1043959
-0.1049106
-0.1070793
-0.1094274
-0.1119703
-0.1131328
-0.1134296
-0.1124019
-0.1096827
-0.1062727
-0.1020192
-0.0975940
-0.0929694
-0.0874936
-0.0810586
-0.0738748
-0.0656966
-0.0576795
-0.0498599
-0.0427164
-0.0358827
-0.0295102
-0.0235773
-0.0178192
-0.0122185
-0.0067701
-0.0015483
0.0020987
0.0045349
0.0058566
0.0061761
0.0062170
0.0059023
0.0055340
0.0051231
0.0046299
0.0029275
0.0004597
-0.0035494
-0.0079849
-0.0126573
-0.0162805
-0.0185074
-0.0192256
-0.0184378
-0.0177332
-0.0174069
-0.0188406
-0.0214541
-0.0264061
-0.0327807
-0.0400253
-0.0487754
-0.0581397
-0.0679880
-0.0776102
-0.0865825
-0.0947361
-0.0999106
-0.1029571
-0.1023421
-0.0969676
-0.0890585
-0.0770311
-0.0631420
-0.0482769
-0.0341086
-0.0214467
-0.0101636
0.0006665
0.0117173
0.0231307
0.0348051
0.0466413
0.0587475
0.0695031
0.0791507
0.0857710
0.0903466
0.0934937
0.0949629
0.0964608
0.0979911
0.0994963
0.1005564
0.1008294
0.0999926
0.0987689
0.0971994
0.0961542
0.0956302
0.0971150
0.0994607
0.1024827
0.1049388
0.1067176
0.1076354
0.1062222
0.1034491
0.0984655
0.0907922
0.0816856
0.0702176
0.0584388
0.0466057
0.0361760
0.0269581
0.0188503
0.0125215
0.0065364
0.0009619
-0.0041176
-0.0085948
-0.0117608
-0.0133977
-0.0142045
-0.0137746
-0.0133518
-0.0130172
-0.0146688
-0.0175854
-0.0218717
-0.0284269
-0.0357471
-0.0440682
-0.0520281
-0.0593603
-0.0650074
-0.0691892
-0.0725514
-0.0749377
-0.0778673
-0.0812259
-0.0865431
-0.0917942
-0.0969570
-0.1015157
-0.1058249
-0.1097740
-0.1130860
-0.1161948
-0.1193021
-0.1220641
-0.1244467
-0.1246938
-0.1235224
-0.1210426
-0.1163856
-0.1107111
-0.1036538
-0.0960938
-0.0888778
-0.0827783
-0.0782488
-0.0747488
-0.0734598
-0.0732327
-0.0737408
-0.0749331
-0.0759173
-0.0766757
-0.0762970
-0.0754553
-0.0739678
-0.0716171
-0.0689590
-0.0660059
-0.0629063
-0.0595321
-0.0546696
-0.0478330
-0.0394437
-0.0267055
-0.0125167
0.0035021
0.0201382
0.0359571
0.0498859
0.0591564
0.0658945
0.0683760
0.0697202
0.0704117
0.0709356
0.0721366
0.0739600
0.0770202
0.0798912
0.0823994
0.0846761
0.0867464
0.0884029
0.0881558
0.0866434
0.0823810
0.0763266
0.0689667
0.0590190
0.0486388
0.0377992
0.0275950
0.0175193
0.0075629
-0.0011340
-0.0088186
-0.0142950
-0.0181290
-0.0209778
-0.0222550
-0.0234515
-0.0245844
-0.0273749
-0.0309100
-0.0353873
-0.0399239
-0.0439261
-0.0467838
-0.0477945
-0.0481598
-0.0482698
-0.0493481
-0.0510604
-0.0537914
-0.0566426
-0.0596023
-0.0610145
-0.0613463
-0.0601580
-0.0576882
-0.0549334
-0.0520699
-0.0498248
-0.0481296
-0.0480619
-0.0495180
-0.0520792
-0.0568063
-0.0619919
-0.0676699
-0.0731245
-0.0783759
-0.0833070
-0.0878202
-0.0926374
-0.0987341
-0.1062587
-0.1144191
-0.1222974
-0.1291028
-0.1350600
-0.1377615
-0.1396731
-0.1405820
-0.1420137
-0.1436579
-0.1456025
-0.1477830
-0.1500488
-0.1523579
-0.1545919
-0.1567334
-0.1583055
-0.1591104
-0.1592058
-0.1580873
-0.1565253
-0.1543722
-0.1514866
-0.1483610
-0.1449812
-0.1421610
-0.1398004
-0.1387162
-0.1388496
-0.1398452
-0.1420624
-0.1444684
-0.1470808
-0.1490604
-0.1504968
-0.1510617
-0.1506716
-0.1495055
-0.1466415
-0.1424098
-0.1374026
-0.1314018
-0.1242931
-0.1163195
-0.1069599
-0.0975758
-0.0881521
-0.0777073
-0.0667930
-0.0551899
-0.0431805
-0.0307324
-0.0170665
-0.0026679
0.0121404
0.0270309
0.0414420
0.0554220
0.0669097
0.0768471
0.0846166
0.0900989
0.0949469
0.0992718
0.1037928
0.1083017
0.1123619
0.1157386
0.1185896
0.1198167
0.1203551
0.1201491
0.1205400
0.1215553
0.1235859
0.1260959
0.1287599
0.1315284
0.1343966
0.1372399
0.1395736
0.1420764
0.1447139
0.1482859
0.1519663
0.1557869
0.1598632
0.1639309
0.1679003
0.1714608
0.1748031
0.1777870
0.1803143
0.1825122
0.1838705
0.1849311
0.1857186
0.1856088
0.1848097
0.1830324
0.1798086
0.1755950
0.1695549
0.1620206
0.1537523
0.1446503
0.1345766
0.1237958
0.1116822
0.0991347
0.0861129
0.0719155
0.0577376
0.0437903
0.0310860
0.0188814
0.0072576
-0.0037591
-0.0145561
-0.0258827
-0.0381164
-0.0510705
-0.0658203
-0.0812372
-0.0974882
-0.1118023
-0.1248093
-0.1355851
-0.1442202
-0.1515502
-0.1563822
-0.1599933
-0.1627634
-0.1637402
-0.1637243
-0.1627923
-0.1613660
-0.1595627
-0.1572232
-0.1527567
-0.1469088
-0.1385498
-0.1275538
-0.1152203
-0.1012040
-0.0872125
-0.0733551
-0.0624996
-0.0537708
-0.0473477
-0.0423017
-0.0375938
-0.0332794
-0.0289561
-0.0246062
-0.0201709
-0.0169227
-0.0144780
-0.0138478
-0.0140560
-0.0149222
-0.0158089
-0.0164549
-0.0167952
-0.0162174
-0.0149335
-0.0124172
-0.0084063
-0.0037559
0.0015741
0.0062121
0.0104983
0.0151689
0.0205670
0.0266309
0.0339779
0.0419416
0.0507418
0.0587413
0.0662194
0.0727621
0.0787925
0.0845798
0.0901166
0.0963110
0.1029539
0.1097969
0.1163290
0.1225198
0.1287075
0.1351003
0.1418616
0.1490460
0.1564386
0.1641751
0.1720576
0.1798389
0.1863414
0.1921200
0.1973292
0.2028549
0.2085005
0.2142949
0.2200533
0.2257003
0.2311306
0.2360422
0.2405217
0.2439131
0.2465849
0.2488218
0.2507104
0.2523606
0.2537897
0.2552405
0.2563141
0.2568227
0.2558474
0.2541004
0.2510991
0.2461659
0.2401301
0.2322809
0.2237135
0.2146678
0.2054414
0.1967266
0.1885682
0.1820584
0.1764172
0.1720547
0.1685968
0.1655219
0.1629425
0.1605901
0.1582116
0.1548549
0.1506196
0.1456979
0.1400208
0.1341986
0.1281899
0.1218824
0.1154542
0.1088479
0.1023015
0.0958341
0.0896222
0.0839432
0.0786737
0.0746253
0.0710683
0.0679675
0.0650522
0.0618769
0.0582975
0.0543720
0.0509295
0.0488975
0.0486891
0.0494927
0.0518839
0.0546172
0.0574853
0.0581849
0.0571239
0.0541585
0.0472473
0.0385396
0.0272381
0.0141481
0.0007153
-0.0123676
-0.0242646
-0.0354434
-0.0454964
-0.0546050
-0.0629652
-0.0691109
-0.0747514
-0.0797546
-0.0846718
-0.0898200
-0.0954764
-0.1011821
-0.1065803
-0.1106809
-0.1129379
-0.1138023
-0.1106042
-0.1054528
-0.0985003
-0.0899822
-0.0811099
-0.0717953
-0.0620581
-0.0523142
-0.0427730
-0.0342345
-0.0264218
-0.0203466
-0.0155576
-0.0117142
-0.0099126
-0.0087216
-0.0081903
-0.0080721
-0.0082283
-0.0088080
-0.0092598
-0.0096246
-0.0098144
-0.0106370
-0.0120022
-0.0151620
-0.0205411
-0.0276637
-0.0394963
-0.0532578
-0.0694834
-0.0875085
-0.1055843
-0.1232261
-0.1399160
-0.1559256
-0.1704522
-0.1845901
-0.1985300
-0.2127907
-0.2267075
-0.2403180
-0.2522089
-0.2631432
-0.2727409
-0.2810597
-0.2889104
-0.2961686
-0.3036971
-0.3113989
-0.3194837
-0.3270541
-0.3342271
-0.3399623
-0.3449374
-0.3490976
-0.3523242
-0.3553154
-0.3580262
-0.3600015
-0.3616286
-0.3627398
-0.3639521
-0.3651356
-0.3657772
-0.3661558
-0.3663292
-0.3665387
-0.3667338
-0.3669101
-0.3680343
-0.3694229
-0.3710962
-0.3717812
-0.3720095
-0.3716583
-0.3706584
-0.3690964
-0.3652599
-0.3601937
-0.3539918
-0.3460024
-0.3373945
-0.3279803
-0.3183942
-0.3089627
-0.3000022
-0.2913366
-0.2827952
-0.2742798
-0.2656185
-0.2568213
-0.2472236
-0.2375320
-0.2277465
-0.2188611
-0.2102403
-0.2019561
-0.1932023
-0.1842014
-0.1747785
-0.1645812
-0.1539055
-0.1424147
-0.1313440
-0.1205957
-0.1098795
-0.0990001
-0.0879228
-0.0768792
-0.0657670
-0.0544901
-0.0428544
-0.0311192
-0.0194094
-0.0084952
0.0017920
0.0099371
0.0157593
0.0194380
0.0180947
0.0150488
0.0097674
0.0029001
-0.0040932
-0.0106463
-0.0159108
-0.0203946
-0.0234011
-0.0255555
-0.0270805
-0.0270784
-0.0258229
-0.0232131
-0.0188698
-0.0139844
-0.0084003
-0.0022336
0.0042598
0.0113376
0.0191064
0.0272121
0.0353758
0.0433905
0.0512826
0.0583320
0.0646464
0.0700217
0.0745421
0.0788620
0.0830096
0.0867247
0.0902164
0.0933604
0.0966682
0.1000223
0.1028343
0.1053646
0.1076339
0.1105960
0.1138086
0.1173551
0.1221119
0.1278023
0.1353059
0.1443793
0.1543144
0.1655392
0.1773188
0.1894886
0.2022769
0.2153122
0.2286062
0.2420606
0.2553344
0.2682758
0.2807360
0.2929217
0.3046118
0.3153915
0.3255773
0.3345074
0.3425084
0.3497724
0.3551709
0.3602183
0.3648220
0.3687467
0.3720355
0.3741813
0.3754442
0.3762130
0.3761263
0.3747492
0.3725037
0.3686426
0.3643885
0.3597761
0.3549411
0.3503316
0.3460659
0.3419650
0.3377529
0.3331765
0.3276263
0.3213001
0.3129061
0.3039095
0.2945242
0.2853066
0.2765903
0.2684145
0.2625074
0.2574137
0.2534125
0.2509445
0.2493608
0.2493622
0.2500703
0.2512450
0.2534154
0.2551436
0.2565222
0.2564196
0.2560034
0.2551899
0.2520990
0.2472655
0.2393859
0.2272927
0.2128731
0.1945042
0.1748089
0.1544445
0.1348033
0.1160737
0.0981768
0.0801537
0.0613934
0.0415183
0.0210054
0.0008788
-0.0179164
-0.0335302
-0.0470150
-0.0558675
-0.0621655
-0.0667129
-0.0701829
-0.0741658
-0.0787065
-0.0850023
-0.0916809
-0.0987734
-0.1053321
-0.1117323
-0.1180405
-0.1241696
-0.1301393
-0.1355854
-0.1407852
-0.1457933
-0.1510473
-0.1561091
-0.1609297
-0.1643254
-0.1673700
-0.1700751
-0.1728711
-0.1758348
-0.1793462
-0.1843965
-0.1905261
-0.1991701
-0.2091955
-0.2205027
-0.2335033
-0.2464361
-0.2591665
-0.2703624
-0.2804933
-0.2886229
-0.2952453
-0.3012392
-0.3070119
-0.3124697
-0.3176804
-0.3219402
-0.3257984
-0.3292288
-0.3309541
-0.3317561
-0.3311723
-0.3296869
-0.3277347
-0.3250137
-0.3217928
-0.3183075
-0.3145996
-0.3104872
-0.3060568
-0.3014545
-0.2970487
-0.2928928
-0.2891098
-0.2854944
-0.2821276
-0.2787824
-0.2753939
-0.2717958
-0.2676328
-0.2630464
-0.2572432
-0.2508722
-0.2439724
-0.2356983
-0.2270716
-0.2180086
-0.2100308
-0.2027075
-0.1965258
-0.1906938
-0.1849224
-0.1787451
-0.1715995
-0.1636968
-0.1532133
-0.1417757
-0.1293018
-0.1160984
-0.1029271
-0.0899387
-0.0778543
-0.0663076
-0.0557266
-0.0463635
-0.0376505
-0.0295234
-0.0206502
-0.0111853
0.0000607
0.0116463
0.0236531
0.0344770
0.0439479
0.0509004
0.0548057
0.0574942
0.0591641
0.0618113
0.0652537
0.0714986
0.0799147
0.0903355
0.1035223
0.1169631
0.1306000
0.1434433
0.1557609
0.1671388
0.1783101
0.1894771
0.2010226
0.2129598
0.2251700
0.2374294
0.2486961
0.2588819
0.2669190
0.2740703
0.2799832
0.2857950
0.2921053
0.3000832
0.3090234
0.3185271
0.3287924
0.3388727
0.3488114
0.3565379
0.3635490
0.3696426
0.3745223
0.3787475
0.3819410
0.3855246
0.3894029
0.3939691
0.3984790
0.4029686
0.4075377
0.4121443
0.4167842
0.4215759
0.4259123
0.4295624
0.4303253
0.4294208
0.4256493
0.4182711
0.4087067
0.3950616
0.3797865
0.3633958
0.3464099
0.3305047
0.3157845
0.3038662
0.2934997
0.2854439
0.2799601
0.2750442
0.2698957
0.2623903
0.2531871
0.2397212
0.2229447
0.2035832
0.1789329
0.1530732
0.1256660
0.0963613
0.0664401
0.0357205
0.0058526
-0.0232560
-0.0503370
-0.0740396
-0.0953554
-0.1109912
-0.1244554
-0.1359102
-0.1424844
-0.1474160
-0.1501976
-0.1516065
-0.1517597
-0.1493610
-0.1454898
-0.1410408
-0.1365719
-0.1321671
-0.1278683
-0.1250075
-0.1224731
-0.1202897
-0.1178429
-0.1157826
-0.1144463
-0.1143993
-0.1151955
-0.1176379
-0.1212690
-0.1254228
-0.1293003
-0.1324832
-0.1351180
-0.1358099
-0.1361444
-0.1360257
-0.1359320
-0.1356239
-0.1348535
-0.1338249
-0.1324004
-0.1297250
-0.1256471
-0.1206523
-0.1141538
-0.1070842
-0.0994861
-0.0922319
-0.0853553
-0.0790159
-0.0737620
-0.0691675
-0.0657422
-0.0620194
-0.0578376
-0.0518686
-0.0448233
-0.0369903
-0.0273533
-0.0168246
-0.0053227
0.0069483
0.0195170
0.0325011
0.0457402
0.0587741
0.0709353
0.0810999
0.0900287
0.0968310
0.1025804
0.1075051
0.1103914
0.1131597
0.1157800
0.1182589
0.1207102
0.1231403
0.1254425
0.1276786
0.1298091
0.1316107
0.1331633
0.1339889
0.1352004
0.1367685
0.1396449
0.1434451
0.1485518
0.1553158
0.1626810
0.1707701
0.1778101
0.1840063
0.1879540
0.1902689
0.1913700
0.1893904
0.1867995
0.1835439
0.1798750
0.1763651
0.1732020
0.1714334
0.1698207
0.1676027
0.1630191
0.1568923
0.1475836
0.1370731
0.1256127
0.1146879
0.1045225
0.0953186
0.0873118
0.0796218
0.0722697
0.0626081
0.0511774
0.0355620
0.0169702
-0.0035399
-0.0268575
-0.0500141
-0.0730393
-0.0942637
-0.1149298
-0.1348497
-0.1545702
-0.1739534
-0.1925434
-0.2094773
-0.2254980
-0.2401706
-0.2536047
-0.2661762
-0.2776105
-0.2885593
-0.2989878
-0.3073096
-0.3149695
-0.3217668
-0.3274572
-0.3326000
-0.3368960
-0.3409824
-0.3450646
-0.3498273
-0.3554324
-0.3616994
-0.3672887
-0.3726221
-0.3776247
-0.3820551
-0.3860303
-0.3892021
-0.3926325
-0.3960846
-0.3993084
-0.4020019
-0.4042807
-0.4052170
-0.4043876
-0.4019311
-0.3962089
-0.3902353
-0.3840882
-0.3804280
-0.3781941
-0.3784021
-0.3802619
-0.3828137
-0.3856430
-0.3878481
-0.3895937
-0.3903075
-0.3903826
-0.3897671
-0.3895922
-0.3894000
-0.3891053
-0.3869855
-0.3834481
-0.3768661
-0.3676441
-0.3568384
-0.3435589
-0.3279847
-0.3106028
-0.2913265
-0.2713450
-0.2504850
-0.2288259
-0.2073459
-0.1864484
-0.1663282
-0.1466184
-0.1275786
-0.1080260
-0.0882593
-0.0694662
-0.0514034
-0.0340266
-0.0168958
-0.0002924
0.0155212
0.0306745
0.0455825
0.0602065
0.0741191
0.0874041
0.0988069
0.1095080
0.1197347
0.1296921
0.1393880
0.1487945
0.1592925
0.1700360
0.1810571
0.1917631
0.2021873
0.2119743
0.2210980
0.2297868
0.2375190
0.2444449
0.2507364
0.2572678
0.2636778
0.2699289
0.2759141
0.2819498
0.2881764
0.2944505
0.3010672
0.3089699
0.3189332
0.3302562
0.3438825
0.3574424
0.3709329
0.3811029
0.3877166
0.3892209
0.3812705
0.3684678
0.3478115
0.3208348
0.2906993
0.2569528
0.2232149
0.1895291
0.1564285
0.1229812
0.0891844
0.0567038
0.0256424
-0.0031396
-0.0285600
-0.0519213
-0.0713837
-0.0883053
-0.1039088
-0.1185582
-0.1332585
-0.1479882
-0.1625741
-0.1766180
-0.1899886
-0.2015038
-0.2120061
-0.2208943
-0.2287449
-0.2361867
-0.2432730
-0.2490689
-0.2539342
-0.2564731
-0.2579831
-0.2585452
-0.2569470
-0.2549052
-0.2523331
-0.2494272
-0.2461977
-0.2423005
-0.2377328
-0.2324283
-0.2246426
-0.2141403
-0.2017075
-0.1862056
-0.1697470
-0.1522423
-0.1338938
-0.1154572
-0.0969878
-0.0799881
-0.0642972
-0.0516102
-0.0407293
-0.0307070
-0.0207125
-0.0097412
0.0019906
0.0169987
0.0332048
0.0509480
0.0685697
0.0850971
0.0993202
0.1097642
0.1185021
0.1251701
0.1310286
0.1362762
0.1397834
0.1430699
0.1461545
0.1490142
0.1513464
0.1529056
0.1524923
0.1514447
0.1497367
0.1488957
0.1486139
0.1494983
0.1526931
0.1575527
0.1654265
0.1739737
0.1832549
0.1922182
0.2002033
0.2064948
0.2125306
0.2186704
0.2253290
0.2325597
0.2401561
0.2484822
0.2560670
0.2630724
0.2683929
0.2722236
0.2741627
0.2717814
0.2676877
0.2612112
0.2507133
0.2377632
0.2200619
0.1998811
0.1782191
0.1553924
0.1336788
0.1129760
0.0959090
0.0812880
0.0701211
0.0637007
0.0593385
0.0579542
0.0580389
0.0586241
0.0588478
0.0597736
0.0612066
0.0635690
0.0648299
0.0648990
0.0628945
0.0601918
0.0565699
0.0526906
0.0491166
0.0467043
0.0465508
0.0478229
0.0517535
0.0559274
0.0602961
0.0665476
0.0736162
0.0817168
0.0889244
0.0959135
0.1026873
0.1095310
0.1163943
0.1232646
0.1309189
0.1391174
0.1484521
0.1572449
0.1655435
0.1704869
0.1735980
0.1741673
0.1687254
0.1595728
0.1438110
0.1231315
0.1002323
0.0756356
0.0526236
0.0308840
0.0146835
0.0015614
-0.0082226
-0.0146351
-0.0202816
-0.0250784
-0.0299814
-0.0349785
-0.0401987
-0.0466755
-0.0539382
-0.0626040
-0.0700691
-0.0765945
-0.0816376
-0.0861950
-0.0901319
-0.0934505
-0.0971789
-0.1019566
-0.1082069
-0.1153106
-0.1239850
-0.1318343
-0.1389752
-0.1432553
-0.1458381
-0.1468582
-0.1425964
-0.1360660
-0.1264719
-0.1135029
-0.0992886
-0.0835000
-0.0685194
-0.0543771
-0.0430246
-0.0333812
-0.0249645
-0.0187651
-0.0138964
-0.0104702
-0.0079420
-0.0052367
-0.0020778
0.0008129
0.0035065
0.0057940
0.0092812
0.0132829
0.0169150
0.0195559
0.0214184
0.0235467
0.0258733
0.0284500
0.0321508
0.0364121
0.0415432
0.0469420
0.0523415
0.0573957
0.0633375
0.0697662
0.0760381
0.0807754
0.0840958
0.0893857
0.0959877
0.1044343
0.1130526
0.1220710
0.1320467
0.1416801
0.1509649
0.1590959
0.1663730
0.1730012
0.1777870
0.1829529
0.1885263
0.1939898
0.1994418
0.2048981
0.2119194
0.2196371
0.2283028
0.2359093
0.2427195
0.2473132
0.2510774
0.2541885
0.2531943
0.2511352
0.2477221
0.2437151
0.2391880
0.2337244
0.2283664
0.2227829
0.2161778
0.2077852
0.1983826
0.1888572
0.1792479
0.1695664
0.1570729
0.1442437
0.1310715
0.1173395
0.1031008
0.0878574
0.0717312
0.0552072
0.0384360
0.0224898
0.0071006
-0.0083478
-0.0235723
-0.0385613
-0.0517205
-0.0643872
-0.0764758
-0.0897708
-0.1035488
-0.1178766
-0.1314165
-0.1446127
-0.1580599
-0.1710331
-0.1836263
-0.1945360
-0.2050325
-0.2150117
-0.2235603
-0.2313792
-0.2380580
-0.2435172
-0.2486816
-0.2541957
-0.2588992
-0.2629756
-0.2651488
-0.2670533
-0.2687079
-0.2685706
-0.2672369
-0.2642211
-0.2589642
-0.2524603
-0.2438611
-0.2323574
-0.2191010
-0.2025456
-0.1847013
-0.1659843
-0.1466906
-0.1274137
-0.1081390
-0.0911325
-0.0748566
-0.0595470
-0.0450122
-0.0310707
-0.0184132
-0.0046158
0.0098781
0.0256089
0.0417380
0.0581834
0.0731157
0.0868420
0.0990472
0.1109498
0.1228214
0.1346987
0.1459305
0.1568678
0.1674596
0.1788751
0.1907992
0.2033592
0.2165636
0.2303706
0.2449723
0.2589686
0.2719967
0.2824975
0.2917932
0.2992190
0.3056637
0.3115348
0.3164218
0.3205400
0.3241149
0.3269471
0.3293588
0.3313154
0.3317489
0.3321578
0.3327532
0.3345984
0.3369798
0.3400779
0.3431167
0.3459951
0.3479242
0.3489921
0.3493837
0.3473925
0.3448030
0.3414578
0.3382543
0.3349279
0.3313053
0.3281017
0.3251799
0.3228506
0.3204938
0.3181529
0.3161747
0.3137644
0.3109510
0.3071767
0.3035454
0.3001915
0.2951557
0.2889408
0.2805135
0.2734489
0.2671660
0.2621822
0.2574426
0.2529342
0.2501165
0.2476990
0.2457121
0.2440966
0.2425606
0.2411127
0.2397587
0.2379019
0.2343732
0.2286669
0.2218725
0.2146071
0.2071812
0.1996253
0.1920015
0.1846609
0.1776859
0.1711834
0.1651071
0.1597982
0.1555557
0.1521484
0.1507279
0.1501586
0.1498451
0.1469883
0.1431057
0.1382816
0.1337161
0.1284829
0.1222396
0.1167686
0.1117053
0.1073048
0.1003042
0.0918127
0.0807863
0.0686009
0.0555938
0.0415709
0.0280472
0.0150734
0.0014661
-0.0135059
-0.0308114
-0.0490309
-0.0675250
-0.0862023
-0.1030617
-0.1185624
-0.1302977
-0.1419510
-0.1535327
-0.1647430
-0.1762770
-0.1882156
-0.2006729
-0.2129497
-0.2247105
-0.2370335
-0.2494923
-0.2617834
-0.2738058
-0.2856678
-0.2973550
-0.3086722
-0.3196383
-0.3315870
-0.3438638
-0.3565754
-0.3678378
-0.3784426
-0.3880880
-0.3970022
-0.4055913
-0.4139304
-0.4227998
-0.4320521
-0.4421830
-0.4534410
-0.4659085
-0.4795204
-0.4929906
-0.5060433
-0.5178403
-0.5285463
-0.5367900
-0.5430585
-0.5482475
-0.5523209
-0.5563958
-0.5604707
-0.5643043
-0.5679674
-0.5714195
-0.5723529
-0.5712894
-0.5667218
-0.5618955
-0.5573379
-0.5541821
-0.5517487
-0.5498615
-0.5495769
-0.5491896
-0.5487070
-0.5496477
-0.5516620
-0.5551950
-0.5594592
-0.5642783
-0.5701667
-0.5774075
-0.5851325
-0.5926191
-0.5979540
-0.6017255
-0.6024061
-0.6017312
-0.5995941
-0.5958197
-0.5925295
-0.5903461
-0.5901062
-0.5903157
-0.5904198
-0.5900889
-0.5897204
-0.5905802
-0.5910151
-0.5911134
-0.5890759
-0.5863492
-0.5827468
-0.5740378
-0.5607655
-0.5392841
-0.5054971
-0.4652351
-0.4147179
-0.3609812
-0.3058747
-0.2554124
-0.2142545
-0.1816423
-0.1674379
-0.1591003
-0.1583980
-0.1608184
-0.1617822
-0.1574920
-0.1472282
-0.1336324
-0.1147135
-0.0942764
-0.0729235
-0.0535024
-0.0352447
-0.0182291
-0.0025161
0.0130820
0.0286804
0.0453138
0.0628490
0.0823826
0.1025570
0.1232623
0.1457355
0.1686922
0.1920318
0.2123211
0.2316451
0.2497581
0.2656271
0.2805222
0.2939852
0.3079700
0.3222119
0.3368584
0.3511480
0.3651240
0.3778978
0.3898538
0.4010626
0.4094523
0.4164837
0.4216496
0.4259470
0.4296520
0.4322515
0.4335491
0.4342398
0.4344031
0.4350115
0.4359970
0.4388797
0.4420660
0.4455831
0.4473778
0.4484832
0.4486292
0.4480627
0.4472795
0.4463750
0.4457695
0.4452161
0.4440023
0.4421021
0.4396615
0.4358539
0.4305074
0.4232058
0.4118553
0.3986365
0.3826259
0.3616532
0.3378771
0.3091043
0.2787318
0.2474866
0.2165809
0.1888008
0.1638818
0.1468553
0.1325215
0.1217509
0.1167346
0.1141538
0.1150167
0.1162079
0.1173174
0.1173372
0.1156184
0.1126417
0.1073076
0.1014298
0.0949612
0.0880404
0.0812857
0.0749022
0.0690521
0.0633901
0.0578918
0.0528172
0.0480503
0.0440825
0.0417972
0.0408314
0.0420155
0.0436487
0.0458506
0.0516538
0.0585908
0.0669021
0.0756642
0.0849107
0.0955446
0.1055659
0.1150892
0.1227841
0.1302899
0.1376243
0.1452225
0.1528261
0.1604138
0.1680593
0.1753464
0.1816929
0.1858400
0.1888312
0.1902371
0.1912819
0.1921185
0.1936734
0.1952238
0.1967671
0.1970214
0.1973046
0.1978321
0.1984187
0.1989938
0.1994909
0.1997221
0.1996773
0.1985242
0.1972700
0.1959362
0.1935447
0.1916792
0.1904828
0.1913845
0.1922457
0.1924220
0.1912573
0.1896996
0.1882488
0.1869411
0.1856652
0.1838589
0.1825064
0.1815715
0.1805556
0.1788635
0.1761672
0.1707874
0.1644352
0.1568880
0.1488148
0.1404049
0.1313330
0.1244551
0.1191119
0.1156056
0.1117864
0.1076315
0.1031710
0.0980974
0.0919780
0.0864165
0.0818903
0.0801991
0.0798121
0.0799107
0.0790889
0.0766369
0.0729073
0.0656073
0.0567612
0.0459488
0.0333526
0.0211854
0.0104266
0.0020757
-0.0052988
-0.0117807
-0.0179245
-0.0238905
-0.0299629
-0.0362238
-0.0426538
-0.0472946
-0.0513947
-0.0548013
-0.0591795
-0.0639826
-0.0694045
-0.0746341
-0.0795263
-0.0830285
-0.0850709
-0.0861409
-0.0871936
-0.0892185
-0.0922936
-0.0965584
-0.1013412
-0.1068653
-0.1117027
-0.1157475
-0.1178231
-0.1190197
-0.1196769
-0.1194060
-0.1197847
-0.1206731
-0.1235335
-0.1264119
-0.1293159
-0.1324269
-0.1351259
-0.1368870
-0.1386277
-0.1409913
-0.1458641
-0.1519215
-0.1585310
-0.1637792
-0.1676605
-0.1702904
-0.1714088
-0.1723871
-0.1732468
-0.1747915
-0.1765299
-0.1784257
-0.1801756
-0.1818200
-0.1831928
-0.1839861
-0.1842939
-0.1821769
-0.1790760
-0.1749144
-0.1719160
-0.1700924
-0.1701762
-0.1713394
-0.1724810
-0.1726992
-0.1713842
-0.1691734
-0.1656664
-0.1622576
-0.1589225
-0.1569342
-0.1553866
-0.1543997
-0.1519446
-0.1482122
-0.1421957
-0.1342080
-0.1252298
-0.1148026
-0.1043880
-0.0940169
-0.0842119
-0.0744999
-0.0648806
-0.0554571
-0.0461744
-0.0370968
-0.0284977
-0.0199501
-0.0112977
-0.0027661
0.0058121
0.0148328
0.0246634
0.0350199
0.0447871
0.0537987
0.0619869
0.0687467
0.0753305
0.0818210
0.0900923
0.0991783
0.1094141
0.1200966
0.1309255
0.1412087
0.1504996
0.1590064
0.1673541
0.1750907
0.1820469
0.1876954
0.1931401
0.1985286
0.2033679
0.2079774
0.2123312
0.2156547
0.2182427
0.2189796
0.2191993
0.2189450
0.2196675
0.2210503
0.2233580
0.2248666
0.2259980
0.2265485
0.2268578
0.2268173
0.2254229
0.2226528
0.2189450
0.2145623
0.2104859
0.2067419
0.2028448
0.1982424
0.1924148
0.1834167
0.1724853
0.1579602
0.1407294
0.1220651
0.1023401
0.0833894
0.0650592
0.0484691
0.0323848
0.0169422
0.0033021
-0.0089260
-0.0186502
-0.0257930
-0.0309786
-0.0315802
-0.0282437
-0.0224845
-0.0142090
-0.0058883
0.0024675
0.0088668
0.0141907
0.0180257
0.0196351
0.0204261
0.0201988
0.0202742
0.0204830
0.0207765
0.0207453
0.0204729
0.0195851
0.0187940
0.0181074
0.0190016
0.0206136
0.0232544
0.0255632
0.0270387
0.0261334
0.0219891
0.0159417
0.0070729
-0.0017078
-0.0104129
-0.0174536
-0.0239033
-0.0296039
-0.0339793
-0.0377801
-0.0407338
-0.0441969
-0.0475539
-0.0498336
-0.0506501
-0.0505829
-0.0497868
-0.0491842
-0.0487595
-0.0519223
-0.0564306
-0.0627318
-0.0698465
-0.0765593
-0.0818293
-0.0850130
-0.0871273
-0.0878837
-0.0870562
-0.0850690
-0.0805624
-0.0746545
-0.0672319
-0.0574502
-0.0463484
-0.0332823
-0.0188419
-0.0041981
0.0099643
0.0237753
0.0370484
0.0476862
0.0564570
0.0637628
0.0685577
0.0716333
0.0725170
0.0699108
0.0657559
0.0593212
0.0525766
0.0460641
0.0408384
0.0360265
0.0314876
0.0273755
0.0235453
0.0199750
0.0172095
0.0144659
0.0117099
0.0087351
0.0056928
0.0025909
-0.0012257
-0.0051022
-0.0078623
-0.0086966
-0.0081306
-0.0048186
-0.0006762
0.0043610
0.0091938
0.0135606
0.0171232
0.0192718
0.0209623
0.0223211
0.0249842
0.0284308
0.0331443
0.0377511
0.0422736
0.0459939
0.0489411
0.0509016
0.0510517
0.0505026
0.0489890
0.0479247
0.0474315
0.0486464
0.0495207
0.0501006
0.0495045
0.0485271
0.0471983
0.0422570
0.0364480
0.0295648
0.0233737
0.0172023
0.0107272
0.0053800
0.0004005
-0.0049645
-0.0112678
-0.0181359
-0.0236016
-0.0293039
-0.0352576
-0.0417904
-0.0482107
-0.0543327
-0.0606599
-0.0671367
-0.0739453
-0.0808480
-0.0874517
-0.0915649
-0.0942575
-0.0958341
-0.0975443
-0.0995307
-0.1018673
-0.1061183
-0.1112861
-0.1178607
-0.1237890
-0.1290863
-0.1326954
-0.1358879
-0.1388287
-0.1415580
-0.1441239
-0.1465360
-0.1492107
-0.1524215
-0.1564169
-0.1611883
-0.1661822
-0.1713871
-0.1765284
-0.1814010
-0.1849802
-0.1880335
-0.1907530
-0.1938915
-0.1965344
-0.1986384
-0.1991037
-0.1997655
-0.2010284
-0.2021150
-0.2027552
-0.2021324
-0.2016382
-0.2009850
-0.1987063
-0.1956299
-0.1919307
-0.1878471
-0.1828994
-0.1768564
-0.1703525
-0.1639714
-0.1579732
-0.1533058
-0.1492916
-0.1462037
-0.1433407
-0.1407346
-0.1395906
-0.1391460
-0.1393471
-0.1399345
-0.1405436
-0.1411623
-0.1409311
-0.1401732
-0.1384739
-0.1367656
-0.1352410
-0.1346929
-0.1356830
-0.1377032
-0.1398500
-0.1411583
-0.1415583
-0.1399259
-0.1371023
-0.1324691
-0.1277620
-0.1232004
-0.1191587
-0.1155824
-0.1122209
-0.1088247
-0.1050901
-0.1010922
-0.0970312
-0.0924601
-0.0872332
-0.0838502
-0.0823563
-0.0843308
-0.0875323
-0.0912036
-0.0952027
-0.0994628
-0.1036689
-0.1056164
-0.1070810
-0.1080990
-0.1101003
-0.1118046
-0.1130072
-0.1131812
-0.1130890
-0.1128143
-0.1113654
-0.1090913
-0.1048894
-0.1012228
-0.0979927
-0.0966050
-0.0967017
-0.0984006
-0.1022749
-0.1057136
-0.1080531
-0.1095100
-0.1101573
-0.1089497
-0.1056156
-0.1013796
-0.0978508
-0.0936041
-0.0887951
-0.0814258
-0.0739395
-0.0662917
-0.0574341
-0.0481377
-0.0382691
-0.0303392
-0.0234401
-0.0182095
-0.0128199
-0.0072605
-0.0007558
0.0074971
0.0173718
0.0298140
0.0421881
0.0543249
0.0651670
0.0753121
0.0842929
0.0919550
0.0989800
0.1053665
0.1118485
0.1183526
0.1239439
0.1292792
0.1343466
0.1389042
0.1435196
0.1483105
0.1537205
0.1587593
0.1621362
0.1630914
0.1626521
0.1603444
0.1572579
0.1535544
0.1482093
0.1429692
0.1378518
0.1331930
0.1281147
0.1220232
0.1155607
0.1091254
0.1032622
0.0976141
0.0922278
0.0884161
0.0860814
0.0851037
0.0869040
0.0891251
0.0918010
0.0938282
0.0959690
0.0987147
0.1013306
0.1039209
0.1066466
0.1106746
0.1155736
0.1204899
0.1251851
0.1296486
0.1349598
0.1395432
0.1427050
0.1438665
0.1448930
0.1470707
0.1497266
0.1526180
0.1556019
0.1592101
0.1633081
0.1653904
0.1657458
0.1639136
0.1606378
0.1567623
0.1520371
0.1459855
0.1393632
0.1321279
0.1246482
0.1171081
0.1105439
0.1046768
0.0994427
0.0954024
0.0919797
0.0894104
0.0880102
0.0872102
0.0873792
0.0880268
0.0890630
0.0911554
0.0938926
0.0970104
0.0989048
0.0998069
0.0996364
0.1002821
0.1012137
0.1025261
0.1031629
0.1036331
0.1041111
0.1046531
0.1052268
0.1058069
0.1051555
0.1035343
0.0983084
0.0919576
0.0841860
0.0754083
0.0664528
0.0574155
0.0485560
0.0397170
0.0307268
0.0224345
0.0146313
0.0080504
0.0017793
-0.0042025
-0.0092282
-0.0150352
-0.0220662
-0.0299621
-0.0377076
-0.0446501
-0.0516605
-0.0584573
-0.0639556
-0.0683014
-0.0718587
-0.0747410
-0.0773717
-0.0797282
-0.0836427
-0.0884097
-0.0944451
-0.1007051
-0.1067166
-0.1117686
-0.1149138
-0.1169441
-0.1173347
-0.1169625
-0.1159936
-0.1154577
-0.1150437
-0.1147844
-0.1126440
-0.1102727
-0.1079551
-0.1068371
-0.1062701
-0.1064037
-0.1069940
-0.1078181
-0.1083750
-0.1083210
-0.1077055
-0.1051041
-0.1020842
-0.0985635
-0.0962838
-0.0949025
-0.0952194
-0.0975787
-0.1007950
-0.1043397
-0.1073215
-0.1099145
-0.1121927
-0.1136058
-0.1140835
-0.1133805
-0.1126669
-0.1121151
-0.1122720
-0.1126505
-0.1131715
-0.1137300
-0.1141489
-0.1134186
-0.1108876
-0.1069482
-0.1026671
-0.0991261
-0.0965257
-0.0964644
-0.0976564
-0.1007733
-0.1046374
-0.1086936
-0.1125659
-0.1154000
-0.1175120
-0.1180376
-0.1182978
-0.1183137
-0.1212709
-0.1260745
-0.1334601
-0.1412791
-0.1485344
-0.1541165
-0.1570151
-0.1583373
-0.1568389
-0.1550471
-0.1531324
-0.1528348
-0.1533029
-0.1545948
-0.1556626
-0.1560123
-0.1551280
-0.1530313
-0.1505242
-0.1476804
-0.1456358
-0.1442516
-0.1449523
-0.1462109
-0.1479059
-0.1481226
-0.1476559
-0.1463236
-0.1447876
-0.1432887
-0.1419334
-0.1418049
-0.1420809
-0.1424271
-0.1427841
-0.1432538
-0.1449537
-0.1458352
-0.1459638
-0.1440182
-0.1418019
-0.1393083
-0.1370968
-0.1351669
-0.1338259
-0.1334653
-0.1336259
-0.1345296
-0.1355276
-0.1365391
-0.1364044
-0.1359121
-0.1350334
-0.1345919
-0.1341352
-0.1335855
-0.1336723
-0.1339891
-0.1345312
-0.1353149
-0.1362006
-0.1370122
-0.1360868
-0.1338021
-0.1299697
-0.1265501
-0.1236536
-0.1229536
-0.1238093
-0.1273370
-0.1318252
-0.1363079
-0.1395809
-0.1411463
-0.1415505
-0.1396231
-0.1368925
-0.1334234
-0.1300160
-0.1269947
-0.1245516
-0.1225575
-0.1209582
-0.1201571
-0.1197912
-0.1197474
-0.1205079
-0.1213801
-0.1222622
-0.1216290
-0.1201929
-0.1178889
-0.1144687
-0.1100421
-0.1040075
-0.0946479
-0.0838009
-0.0708306
-0.0557240
-0.0394054
-0.0214640
-0.0047340
0.0110441
0.0232787
0.0340841
0.0430653
0.0501656
0.0572960
0.0650166
0.0737214
0.0828085
0.0922169
0.1023035
0.1128067
0.1238249
0.1347441
0.1455722
0.1549965
0.1638933
0.1720778
0.1795658
0.1862836
0.1913931
0.1969203
0.2029329
0.2106752
0.2171980
0.2228898
0.2280817
0.2336001
0.2394683
0.2434868
0.2470126
0.2499388
0.2517797
0.2527666
0.2519112
0.2495804
0.2462555
0.2407139
0.2336695
0.2254431
0.2146576
0.2023564
0.1881404
0.1700389
0.1513507
0.1324848
0.1151507
0.0989050
0.0850104
0.0745506
0.0663339
0.0617246
0.0580808
0.0553305
0.0535070
0.0515728
0.0494183
0.0466676
0.0443346
0.0433590
0.0435251
0.0444550
0.0470717
0.0515043
0.0571919
0.0639459
0.0707601
0.0776336
0.0840116
0.0901353
0.0958966
0.1006334
0.1047288
0.1076152
0.1115409
0.1159961
0.1207497
0.1249792
0.1287975
0.1353162
0.1414749
0.1471689
0.1518724
0.1568750
0.1628110
0.1669856
0.1705013
0.1736196
0.1780168
0.1830006
0.1865018
0.1888471
0.1901244
0.1917703
0.1931517
0.1941184
0.1946227
0.1951501
0.1959622
0.1966168
0.1970994
0.1970026
0.1954941
0.1930621
0.1909466
0.1895970
0.1890783
0.1890118
0.1896057
0.1913007
0.1930968
0.1947210
0.1957296
0.1949941
0.1930144
0.1879555
0.1825613
0.1769070
0.1710345
0.1646924
0.1577391
0.1513594
0.1452355
0.1394746
0.1337813
0.1282270
0.1231455
0.1176499
0.1118722
0.1055097
0.0991839
0.0928963
0.0890055
0.0858277
0.0835646
0.0817523
0.0802776
0.0794461
0.0777867
0.0756128
0.0724308
0.0681677
0.0631962
0.0584530
0.0547142
0.0520540
0.0498953
0.0474122
0.0442713
0.0405139
0.0365519
0.0324316
0.0273676
0.0218761
0.0164948
0.0125731
0.0097999
0.0085067
0.0069983
0.0052140
0.0030638
0.0008516
-0.0013917
-0.0049945
-0.0092693
-0.0145121
-0.0186048
-0.0219646
-0.0243485
-0.0269329
-0.0297059
-0.0332929
-0.0374742
-0.0425019
-0.0484115
-0.0540171
-0.0584115
-0.0612018
-0.0632094
-0.0643811
-0.0648330
-0.0648061
-0.0648046
-0.0653449
-0.0664706
-0.0678130
-0.0691065
-0.0702831
-0.0721189
-0.0741456
-0.0762527
-0.0788116
-0.0816749
-0.0852171
-0.0882579
-0.0909089
-0.0916001
-0.0916431
-0.0908622
-0.0904320
-0.0902439
-0.0904664
-0.0912580
-0.0923049
-0.0936542
-0.0941942
-0.0941956
-0.0932437
-0.0927320
-0.0926246
-0.0930778
-0.0952417
-0.0999329
-0.1083054
-0.1169297
-0.1244048
-0.1312512
-0.1372877
-0.1403865
-0.1404072
-0.1383944
-0.1366756
-0.1364430
-0.1378137
-0.1414110
-0.1450867
-0.1485576
-0.1526859
-0.1566828
-0.1597433
-0.1602910
-0.1598170
-0.1605164
-0.1620567
-0.1642589
-0.1665088
-0.1690491
-0.1719622
-0.1749779
-0.1778347
-0.1803244
-0.1815440
-0.1821885
-0.1821480
-0.1807652
-0.1782436
-0.1713784
-0.1641867
-0.1566857
-0.1495344
-0.1413226
-0.1315122
-0.1218931
-0.1123785
-0.1030422
-0.0926781
-0.0819884
-0.0716710
-0.0625106
-0.0541889
-0.0477980
-0.0415359
-0.0354032
-0.0276236
-0.0196182
-0.0114705
-0.0062044
-0.0022811
-0.0003149
0.0009992
0.0020744
0.0036257
0.0060967
0.0092927
0.0125476
0.0162393
0.0204819
0.0249427
0.0285701
0.0303726
0.0288133
0.0254827
0.0193157
0.0115272
0.0026715
-0.0078625
-0.0165818
-0.0236427
-0.0295620
-0.0365349
-0.0451493
-0.0528387
-0.0609781
-0.0707235
-0.0824482
-0.0945750
-0.1047311
-0.1133880
-0.1209771
-0.1266116
-0.1309940
-0.1340204
-0.1363878
-0.1394181
-0.1437203
-0.1471357
-0.1500806
-0.1522481
-0.1542104
-0.1555701
-0.1532148
-0.1500372
-0.1462094
-0.1422722
-0.1380887
-0.1335963
-0.1295591
-0.1250685
-0.1194837
-0.1132186
-0.1065273
-0.0990141
-0.0905381
-0.0816100
-0.0738029
-0.0673785
-0.0622289
-0.0575872
-0.0535156
-0.0502688
-0.0481796
-0.0454552
-0.0405393
-0.0355063
-0.0305727
-0.0264214
-0.0204862
-0.0133161
-0.0051598
0.0023297
0.0090931
0.0153621
0.0215377
0.0276241
0.0353053
0.0438598
0.0538976
0.0638545
0.0738538
0.0843559
0.0936103
0.1018776
0.1059085
0.1091592
0.1114186
0.1127963
0.1141813
0.1158370
0.1186187
0.1215801
0.1238372
0.1246412
0.1244937
0.1227725
0.1198802
0.1159139
0.1103994
0.1052365
0.1006950
0.0954570
0.0891720
0.0805531
0.0711556
0.0615089
0.0521918
0.0440192
0.0367492
0.0327430
0.0286075
0.0243360
0.0184795
0.0129119
0.0080972
0.0040919
0.0002413
-0.0037452
-0.0063750
-0.0080878
-0.0077258
-0.0079579
-0.0086550
-0.0098657
-0.0115649
-0.0138839
-0.0181673
-0.0225225
-0.0264588
-0.0301580
-0.0337113
-0.0369644
-0.0384107
-0.0388042
-0.0387467
-0.0400814
-0.0426944
-0.0445116
-0.0447209
-0.0425717
-0.0393258
-0.0353888
-0.0302183
-0.0252642
-0.0213210
-0.0222646
-0.0246219
-0.0279082
-0.0310374
-0.0344904
-0.0382931
-0.0399097
-0.0408512
-0.0409280
-0.0401103
-0.0383509
-0.0343206
-0.0297934
-0.0247432
-0.0175420
-0.0095890
-0.0010537
0.0050338
0.0106525
0.0156767
0.0198533
0.0234996
0.0262562
0.0293193
0.0327174
0.0370553
0.0417988
0.0466839
0.0506282
0.0530686
0.0541264
0.0535919
0.0524245
0.0504065
0.0482478
0.0465355
0.0460402
0.0447837
0.0432643
0.0419051
0.0410954
0.0405507
0.0376407
0.0342386
0.0303048
0.0258331
0.0201732
0.0124972
0.0037254
-0.0046378
-0.0108206
-0.0156767
-0.0196571
-0.0218207
-0.0217763
-0.0200026
-0.0190448
-0.0189350
-0.0199014
-0.0203587
-0.0211961
-0.0229849
-0.0243825
-0.0254242
-0.0255431
-0.0269676
-0.0292030
-0.0323616
-0.0366072
-0.0418521
-0.0481435
-0.0534938
-0.0573642
-0.0610609
-0.0647850
-0.0686547
-0.0715472
-0.0740467
-0.0764828
-0.0794504
-0.0828130
-0.0871273
-0.0914581
-0.0958034
-0.1001573
-0.1043528
-0.1082598
-0.1109978
-0.1134350
-0.1158483
-0.1191652
-0.1232195
-0.1295791
-0.1369509
-0.1451141
-0.1517770
-0.1573085
-0.1614007
-0.1648918
-0.1683960
-0.1720923
-0.1755805
-0.1788520
-0.1815296
-0.1836161
-0.1852490
-0.1855134
-0.1849788
-0.1837086
-0.1816206
-0.1788607
-0.1751470
-0.1703438
-0.1647705
-0.1577391
-0.1500517
-0.1421604
-0.1344899
-0.1264512
-0.1182072
-0.1108997
-0.1031091
-0.0948024
-0.0864600
-0.0789029
-0.0727549
-0.0670974
-0.0617700
-0.0570834
-0.0515322
-0.0451919
-0.0360850
-0.0259327
-0.0149662
-0.0027517
0.0103635
0.0246127
0.0380795
0.0504541
0.0607672
0.0707010
0.0804291
0.0898514
0.0990243
0.1080387
0.1168353
0.1245594
0.1312884
0.1366421
0.1413843
0.1452875
0.1470114
0.1477888
0.1472007
0.1449349
0.1416739
0.1366258
0.1308013
0.1244609
0.1180932
0.1116446
0.1051139
0.0988764
0.0932956
0.0888243
0.0848839
0.0816202
0.0800670
0.0805992
0.0820381
0.0829505
0.0820763
0.0797987
0.0741853
0.0676832
0.0600559
0.0534449
0.0479278
0.0444246
0.0418244
0.0394208
0.0366702
0.0340360
0.0314533
0.0287036
0.0263552
0.0243789
0.0239929
0.0240343
0.0246180
0.0271151
0.0300196
0.0330457
0.0350256
0.0363617
0.0364534
0.0348693
0.0321164
0.0281337
0.0244623
0.0211310
0.0202592
0.0200294
0.0205628
0.0202549
0.0196056
0.0185412
0.0167332
0.0142277
0.0091828
0.0030932
-0.0038098
-0.0078496
-0.0103044
-0.0107503
-0.0102867
-0.0095367
-0.0084379
-0.0097833
-0.0128529
-0.0197208
-0.0252371
-0.0297919
-0.0320608
-0.0341393
-0.0360402
-0.0347066
-0.0331646
-0.0315039
-0.0309262
-0.0301202
-0.0282044
-0.0244062
-0.0195608
-0.0130600
-0.0070113
-0.0013005
0.0036145
0.0071437
0.0091828
0.0069526
0.0034555
-0.0016450
-0.0066585
-0.0110890
-0.0137498
-0.0144213
-0.0139340
-0.0118169
-0.0095776
-0.0072445
-0.0061169
-0.0054167
-0.0052581
-0.0052690
-0.0055523
-0.0063621
-0.0070945
-0.0078351
-0.0087058
-0.0098282
-0.0109812
-0.0108823
-0.0106417
-0.0102702
-0.0103855
-0.0103869
-0.0101880
-0.0103750
-0.0109087
-0.0121427
-0.0131084
-0.0135956
-0.0121339
-0.0095596
-0.0061960
-0.0016614
0.0030412
0.0079327
0.0113295
0.0136564
0.0143156
0.0139388
0.0135647
0.0140142
0.0154096
0.0173917
0.0204151
0.0243360
0.0289639
0.0328720
0.0358239
0.0375661
0.0404113
0.0435902
0.0471541
0.0497440
0.0520480
0.0544381
0.0557430
0.0563807
0.0563603
0.0564559
0.0566583
0.0552481
0.0540069
0.0531179
0.0527844
0.0524223
0.0517173
0.0515710
0.0517865
0.0527525
0.0532636
0.0535188
0.0548640
0.0565177
0.0585070
0.0579186
0.0572062
0.0566680
0.0561497
0.0556102
0.0549893
0.0554656
0.0564635
0.0575058
0.0594941
0.0622259
0.0656648
0.0679900
0.0689019
0.0688907
0.0686233
0.0680809
0.0669450
0.0658732
0.0658023
0.0665909
0.0679017
0.0696512
0.0711746
0.0724925
0.0745630
0.0771419
0.0804304
0.0822881
0.0832230
0.0824901
0.0800011
0.0766925
0.0726695
0.0698418
0.0678835
0.0677910
0.0682689
0.0693604
0.0710715
0.0722139
0.0722546
0.0729192
0.0740266
0.0760378
0.0763974
0.0758730
0.0745403
0.0728137
0.0707760
0.0691451
0.0678653
0.0670312
0.0658624
0.0648276
0.0641732
0.0641735
0.0641844
0.0634158
0.0616712
0.0595058
0.0588108
0.0581639
0.0575619
0.0555563
0.0534835
0.0513981
0.0490268
0.0461474
0.0421035
0.0364451
0.0304612
0.0260759
0.0228560
0.0204063
0.0179538
0.0165311
0.0162219
0.0175502
0.0190133
0.0204639
0.0215971
0.0227421
0.0241743
0.0252173
0.0260981
0.0271176
0.0279274
0.0285710
0.0274943
0.0264939
0.0255911
0.0250366
0.0243179
0.0231496
0.0217474
0.0202801
0.0188531
0.0173176
0.0158428
0.0157684
0.0162096
0.0171241
0.0180222
0.0191364
0.0205739
0.0211684
0.0211953
0.0201781
0.0189182
0.0177845
0.0178066
0.0191637
0.0214653
0.0251991
0.0285814
0.0315815
0.0320410
0.0327957
0.0344614
0.0377326
0.0414079
0.0450892
0.0497113
0.0546671
0.0588007
0.0618470
0.0640389
0.0655985
0.0669279
0.0679646
0.0668575
0.0647213
0.0610199
0.0573564
0.0540605
0.0521972
0.0521671
0.0532826
0.0557465
0.0583293
0.0610195
0.0620706
0.0618034
0.0596639
0.0562640
0.0522612
0.0473307
0.0411448
0.0343726
0.0271130
0.0193234
0.0111429
0.0018758
-0.0074459
-0.0168192
-0.0265886
-0.0364735
-0.0465037
-0.0560680
-0.0655695
-0.0752101
-0.0847546
-0.0940863
-0.1022544
-0.1102651
-0.1181464
-0.1274057
-0.1370364
-0.1471386
-0.1562637
-0.1649150
-0.1728263
-0.1800326
-0.1864960
-0.1908513
-0.1946646
-0.1982294
-0.2024488
-0.2065526
-0.2105481
-0.2141085
-0.2170838
-0.2192108
-0.2197903
-0.2195735
-0.2180707
-0.2146649
-0.2098545
-0.2015154
-0.1911460
-0.1793231
-0.1647618
-0.1492786
-0.1328007
-0.1172217
-0.1025977
-0.0895510
-0.0793513
-0.0702169
-0.0622414
-0.0540190
-0.0457633
-0.0380552
-0.0311707
-0.0249364
-0.0206141
-0.0174742
-0.0158342
-0.0167889
-0.0182788
-0.0201579
-0.0216857
-0.0228694
-0.0231266
-0.0214575
-0.0186090
-0.0145970
-0.0104873
-0.0062880
-0.0004720
0.0059212
0.0130737
0.0198592
0.0265324
0.0330802
0.0397829
0.0463364
0.0518264
0.0566472
0.0610153
0.0652591
0.0694366
0.0735423
0.0774773
0.0812054
0.0845876
0.0866785
0.0877853
0.0868013
0.0844121
0.0812204
0.0769529
0.0717005
0.0656747
0.0576279
0.0495719
0.0415118
0.0354485
0.0303118
0.0265793
0.0242419
0.0225998
0.0219701
0.0209492
0.0195247
0.0159709
0.0114428
0.0060189
0.0005172
-0.0048914
-0.0101494
-0.0142249
-0.0173451
-0.0186028
-0.0187594
-0.0184646
-0.0180382
-0.0189480
-0.0208558
-0.0252813
-0.0299465
-0.0348671
-0.0400310
-0.0446102
-0.0481093
-0.0478571
-0.0457353
-0.0406457
-0.0331437
-0.0241520
-0.0125062
-0.0011401
0.0100057
0.0197510
0.0291137
0.0379820
0.0448651
0.0508727
0.0556074
0.0594453
0.0627561
0.0651053
0.0670304
0.0686947
0.0700997
0.0713649
0.0725001
0.0722085
0.0711519
0.0690366
0.0666213
0.0641398
0.0616278
0.0594512
0.0575386
0.0563183
0.0543589
0.0518102
0.0470006
0.0413409
0.0347661
0.0277472
0.0213713
0.0161873
0.0114335
0.0067156
0.0017585
-0.0028131
-0.0074617
-0.0139757
-0.0212185
-0.0290267
-0.0345299
-0.0391407
-0.0426113
-0.0446381
-0.0459686
-0.0462401
-0.0460889
-0.0453698
-0.0429184
-0.0384191
-0.0325819
-0.0245926
-0.0160011
-0.0068597
0.0014932
0.0095955
0.0173862
0.0257313
0.0337636
0.0407481
0.0459350
0.0501165
0.0526834
0.0535036
0.0531191
0.0517869
0.0510274
0.0508878
0.0518728
0.0532303
0.0550808
0.0562430
0.0569821
0.0569262
0.0565405
0.0558615
0.0541816
0.0519920
0.0494037
0.0465108
0.0432964
0.0396680
0.0356682
0.0318362
0.0284574
0.0254181
0.0227229
0.0209697
0.0202108
0.0198948
0.0182670
0.0157160
0.0123146
0.0100520
0.0086362
0.0084150
0.0088715
0.0093796
0.0096917
0.0082740
0.0058130
0.0014094
-0.0024726
-0.0058973
-0.0068175
-0.0062904
-0.0042004
-0.0015668
0.0004724
0.0013775
0.0005919
-0.0011624
-0.0046409
-0.0085439
-0.0124510
-0.0149409
-0.0162911
-0.0167454
-0.0155986
-0.0138515
-0.0113388
-0.0094974
-0.0086041
-0.0095259
-0.0119529
-0.0149365
-0.0182464
-0.0199812
-0.0205606
-0.0180638
-0.0147574
-0.0107006
-0.0075816
-0.0057658
-0.0058385
-0.0071326
-0.0084594
-0.0092758
-0.0079806
-0.0052537
0.0006680
0.0072078
0.0141067
0.0198307
0.0245900
0.0283156
0.0298663
0.0307763
0.0308837
0.0324658
0.0345718
0.0371718
0.0388245
0.0400109
0.0410455
0.0417647
0.0422366
0.0410212
0.0394112
0.0372968
0.0357161
0.0341877
0.0326194
0.0316037
0.0309770
0.0312046
0.0311266
0.0308925
0.0308320
0.0311048
0.0316849
0.0325059
0.0333934
0.0343674
0.0351621
0.0355312
0.0348983
0.0333437
0.0313637
0.0290276
0.0264668
0.0237629
0.0212860
0.0193725
0.0180638
0.0181255
0.0179694
0.0172191
0.0161087
0.0151682
0.0150435
0.0140471
0.0126242
0.0110757
0.0099185
0.0090651
0.0069744
0.0049069
0.0028653
0.0018046
0.0012498
0.0014820
0.0032417
0.0055231
0.0079666
0.0091786
0.0094500
0.0068465
0.0028401
-0.0024641
-0.0071659
-0.0109408
-0.0133674
-0.0138093
-0.0133973
-0.0117639
-0.0103854
-0.0093968
-0.0099222
-0.0115293
-0.0138544
-0.0161107
-0.0175280
-0.0180418
-0.0169403
-0.0154414
-0.0134863
-0.0118090
-0.0107492
-0.0114138
-0.0141299
-0.0179012
-0.0223355
-0.0258567
-0.0286661
-0.0286951
-0.0278966
-0.0260497
-0.0241016
-0.0226294
-0.0221929
-0.0240455
-0.0271137
-0.0321512
-0.0384542
-0.0455721
-0.0537911
-0.0612021
-0.0678796
-0.0727517
-0.0773308
-0.0815808
-0.0864119
-0.0917936
-0.0983055
-0.1050021
-0.1118171
-0.1188390
-0.1262116
-0.1337531
-0.1395461
-0.1446445
-0.1489896
-0.1520863
-0.1543087
-0.1551713
-0.1563533
-0.1575642
-0.1586133
-0.1587217
-0.1582362
-0.1566322
-0.1528781
-0.1474261
-0.1378371
-0.1270659
-0.1148060
-0.1015334
-0.0880735
-0.0745058
-0.0612330
-0.0488271
-0.0395590
-0.0328305
-0.0277413
-0.0251732
-0.0239714
-0.0240260
-0.0222378
-0.0190071
-0.0137410
-0.0075070
-0.0012099
0.0047801
0.0088932
0.0119287
0.0131177
0.0138476
0.0142634
0.0144427
0.0148088
0.0153762
0.0147881
0.0135122
0.0111941
0.0091151
0.0069985
0.0045825
0.0019927
-0.0006156
-0.0027429
-0.0053203
-0.0082485
-0.0116406
-0.0151461
-0.0187927
-0.0227478
-0.0270237
-0.0318919
-0.0371783
-0.0423060
-0.0462579
-0.0491693
-0.0513786
-0.0522076
-0.0521813
-0.0513693
-0.0488437
-0.0458610
-0.0422993
-0.0392260
-0.0362179
-0.0331480
-0.0291605
-0.0246029
-0.0189489
-0.0133135
-0.0077694
-0.0039917
-0.0011354
0.0007234
0.0016842
0.0025460
0.0033699
0.0051451
0.0076605
0.0117623
0.0168840
0.0225460
0.0286205
0.0347439
0.0409016
0.0480371
0.0549924
0.0617188
0.0670292
0.0718649
0.0760898
0.0792418
0.0820428
0.0847748
0.0888994
0.0939626
0.1008633
0.1071671
0.1129176
0.1161569
0.1187995
0.1207043
0.1218879
0.1229919
0.1242382
0.1257277
0.1270823
0.1272265
0.1264150
0.1248859
0.1213536
0.1171697
0.1122816
0.1075817
0.1024303
0.0964578
0.0895164
0.0823345
0.0751747
0.0674829
0.0597516
0.0534995
0.0494254
0.0470599
0.0449071
0.0419417
0.0379461
0.0333272
0.0281906
0.0221432
0.0154518
0.0087912
0.0030849
-0.0020104
-0.0066732
-0.0103495
-0.0134510
-0.0160240
-0.0190684
-0.0223901
-0.0260951
-0.0293011
-0.0320498
-0.0338608
-0.0339488
-0.0328420
-0.0289659
-0.0240740
-0.0185103
-0.0129018
-0.0074222
-0.0020822
0.0043937
0.0119349
0.0211804
0.0314942
0.0422371
0.0534651
0.0637664
0.0732914
0.0803803
0.0865977
0.0921312
0.0965747
0.1011379
0.1058487
0.1103934
0.1148944
0.1193424
0.1227642
0.1254254
0.1263498
0.1276968
0.1291740
0.1294396
0.1289235
0.1276886
0.1281225
0.1290587
0.1306452
0.1317485
0.1325971
0.1330261
0.1333551
0.1337254
0.1345152
0.1357014
0.1371624
0.1388972
0.1405391
0.1420792
0.1424297
0.1423618
0.1417338
0.1422108
0.1431394
0.1446301
0.1462976
0.1480229
0.1495835
0.1496283
0.1484853
0.1453034
0.1423338
0.1396379
0.1375906
0.1351784
0.1318102
0.1273161
0.1223640
0.1169811
0.1108834
0.1043406
0.0972997
0.0912179
0.0860230
0.0826576
0.0797628
0.0774659
0.0774068
0.0780978
0.0796238
0.0808418
0.0817593
0.0817330
0.0800409
0.0772062
0.0735193
0.0704789
0.0681404
0.0678926
0.0680027
0.0684278
0.0669213
0.0638270
0.0572245
0.0472173
0.0354372
0.0224080
0.0103989
-0.0008002
-0.0081589
-0.0141905
-0.0185318
-0.0214328
-0.0240837
-0.0266233
-0.0312526
-0.0365472
-0.0418900
-0.0463829
-0.0504893
-0.0556144
-0.0603205
-0.0646375
-0.0666019
-0.0681906
-0.0693567
-0.0701745
-0.0703803
-0.0691882
-0.0672048
-0.0648298
-0.0620132
-0.0589937
-0.0559144
-0.0545558
-0.0541729
-0.0548457
-0.0546951
-0.0535510
-0.0507715
-0.0460124
-0.0400180
-0.0316563
-0.0230316
-0.0143048
-0.0057412
0.0028940
0.0115798
0.0195750
0.0274684
0.0352251
0.0409205
0.0461101
0.0508295
0.0551785
0.0588349
0.0602071
0.0609715
0.0613754
0.0615606
0.0607618
0.0590551
0.0565811
0.0542702
0.0522453
0.0501768
0.0479763
0.0454532
0.0421703
0.0384221
0.0337867
0.0288182
0.0236242
0.0182876
0.0134025
0.0090097
0.0057325
0.0029751
0.0009641
-0.0010753
-0.0033436
-0.0063083
-0.0087835
-0.0111141
-0.0140688
-0.0170917
-0.0201658
-0.0224725
-0.0255200
-0.0295141
-0.0358305
-0.0428311
-0.0506335
-0.0578192
-0.0644512
-0.0696532
-0.0728484
-0.0746653
-0.0736326
-0.0720710
-0.0700224
-0.0704605
-0.0725117
-0.0768283
-0.0831715
-0.0896449
-0.0954633
-0.0970961
-0.0958571
-0.0881152
-0.0755223
-0.0595749
-0.0406301
-0.0239830
-0.0097898
-0.0010002
0.0052970
0.0080090
0.0077211
0.0068328
0.0064025
0.0066064
0.0070842
0.0073859
0.0068622
0.0056901
0.0027052
-0.0009147
-0.0053477
-0.0097367
-0.0139496
-0.0177998
-0.0210146
-0.0235825
-0.0243734
-0.0247917
-0.0250271
-0.0255622
-0.0260591
-0.0265214
-0.0272543
-0.0286741
-0.0311075
-0.0343380
-0.0376243
-0.0406648
-0.0432265
-0.0452260
-0.0452658
-0.0450922
-0.0448451
-0.0462196
-0.0481392
-0.0506500
-0.0533562
-0.0556413
-0.0571496
-0.0580430
-0.0585355
-0.0582481
-0.0572386
-0.0558932
-0.0545694
-0.0540916
-0.0542767
-0.0571089
-0.0597292
-0.0620850
-0.0611473
-0.0592087
-0.0560968
-0.0522704
-0.0479900
-0.0427983
-0.0384292
-0.0345170
-0.0305323
-0.0258753
-0.0205926
-0.0142515
-0.0075295
-0.0003095
0.0057885
0.0114864
0.0167033
0.0211028
0.0247689
0.0262710
0.0282548
0.0305964
0.0337670
0.0367201
0.0394429
0.0441439
0.0490593
0.0540489
0.0574827
0.0602153
0.0619602
0.0628309
0.0631956
0.0628698
0.0619817
0.0606520
0.0584328
0.0557387
0.0524451
0.0479012
0.0430333
0.0378434
0.0337513
0.0301069
0.0268641
0.0227995
0.0182859
0.0139519
0.0103409
0.0073904
0.0063901
0.0058498
0.0058759
0.0062562
0.0071132
0.0090179
0.0109956
0.0131875
0.0163525
0.0209880
0.0266243
0.0326686
0.0378672
0.0421512
0.0443686
0.0461260
0.0473831
0.0491001
0.0514463
0.0554130
0.0604942
0.0659203
0.0700082
0.0728224
0.0746415
0.0735535
0.0707593
0.0658049
0.0603868
0.0552460
0.0508267
0.0467027
0.0430168
0.0407023
0.0383145
0.0356281
0.0300481
0.0230391
0.0147227
0.0063314
-0.0012952
-0.0077712
-0.0118218
-0.0142502
-0.0137025
-0.0115685
-0.0089673
-0.0071481
-0.0057953
-0.0047533
-0.0037718
-0.0031240
-0.0028360
-0.0028543
-0.0027514
-0.0023871
-0.0015689
-0.0007149
-0.0001051
-0.0003618
-0.0011753
-0.0030886
-0.0054201
-0.0080769
-0.0101393
-0.0121314
-0.0140329
-0.0155683
-0.0167645
-0.0173491
-0.0181879
-0.0190993
-0.0199787
-0.0201958
-0.0199563
-0.0187510
-0.0176066
-0.0165191
-0.0151005
-0.0135067
-0.0116726
-0.0106303
-0.0097179
-0.0087530
-0.0072420
-0.0053553
-0.0026224
-0.0001130
0.0021647
0.0025089
0.0026829
0.0026729
0.0028255
0.0035067
0.0050997
0.0078367
0.0106701
0.0129023
0.0152738
0.0176726
0.0197742
0.0212694
0.0222888
0.0236197
0.0252231
0.0271703
0.0298916
0.0330957
0.0370985
0.0419982
0.0472907
0.0530061
0.0574005
0.0608026
0.0613793
0.0607458
0.0590008
0.0547515
0.0501548
0.0451928
0.0411218
0.0374756
0.0344968
0.0330581
0.0323696
0.0324868
0.0319279
0.0308448
0.0279511
0.0236720
0.0178998
0.0099777
0.0020891
-0.0054127
-0.0103919
-0.0142766
-0.0166698
-0.0190437
-0.0214954
-0.0245966
-0.0284554
-0.0329045
-0.0376470
-0.0417619
-0.0450808
-0.0466093
-0.0476000
-0.0479601
-0.0496508
-0.0521791
-0.0563748
-0.0605769
-0.0646551
-0.0673241
-0.0684849
-0.0682588
-0.0655381
-0.0622324
-0.0582052
-0.0544342
-0.0507730
-0.0472778
-0.0428480
-0.0381807
-0.0341429
-0.0315581
-0.0300241
-0.0305146
-0.0320575
-0.0347377
-0.0385605
-0.0425118
-0.0465122
-0.0489005
-0.0501230
-0.0489198
-0.0466297
-0.0436673
-0.0394939
-0.0347205
-0.0294820
-0.0254912
-0.0224797
-0.0207102
-0.0199939
-0.0195946
-0.0195676
-0.0194131
-0.0190217
-0.0178439
-0.0166343
-0.0154510
-0.0147630
-0.0146014
-0.0149238
-0.0160636
-0.0172792
-0.0185567
-0.0193579
-0.0198729
-0.0198826
-0.0188681
-0.0174134
-0.0157243
-0.0156090
-0.0165885
-0.0187843
-0.0212330
-0.0239555
-0.0263072
-0.0278129
-0.0278722
-0.0271339
-0.0261213
-0.0248644
-0.0232781
-0.0215910
-0.0202836
-0.0194808
-0.0190739
-0.0191788
-0.0201885
-0.0223452
-0.0269032
-0.0321994
-0.0383652
-0.0450561
-0.0515754
-0.0567807
-0.0603172
-0.0628759
-0.0649776
-0.0668880
-0.0686225
-0.0706505
-0.0733054
-0.0768783
-0.0802648
-0.0832836
-0.0854599
-0.0874443
-0.0893702
-0.0913871
-0.0939253
-0.0968468
-0.1006395
-0.1042404
-0.1076313
-0.1097067
-0.1113693
-0.1124985
-0.1140695
-0.1161231
-0.1193600
-0.1233283
-0.1273273
-0.1290800
-0.1283744
-0.1257401
-0.1201143
-0.1139923
-0.1072465
-0.1015964
-0.0964760
-0.0921518
-0.0878949
-0.0837601
-0.0800125
-0.0762259
-0.0724166
-0.0686014
-0.0650094
-0.0616253
-0.0587624
-0.0567532
-0.0559940
-0.0568989
-0.0581402
-0.0594375
-0.0591693
-0.0577861
-0.0537338
-0.0487546
-0.0431516
-0.0373499
-0.0321049
-0.0274663
-0.0257044
-0.0250644
-0.0259701
-0.0276897
-0.0296000
-0.0314790
-0.0319468
-0.0315514
-0.0297078
-0.0272786
-0.0243909
-0.0205450
-0.0171079
-0.0141928
-0.0129542
-0.0126593
-0.0138842
-0.0157048
-0.0173529
-0.0175725
-0.0171987
-0.0165083
-0.0160045
-0.0157282
-0.0156618
-0.0166496
-0.0176471
-0.0185973
-0.0180785
-0.0164772
-0.0128134
-0.0075634
-0.0015826
0.0050007
0.0115541
0.0179959
0.0223761
0.0253151
0.0266925
0.0265458
0.0263426
0.0262718
0.0273854
0.0290977
0.0317774
0.0343417
0.0364130
0.0353042
0.0312681
0.0249358
0.0150940
0.0048958
-0.0057715
-0.0145484
-0.0223855
-0.0287913
-0.0339169
-0.0384150
-0.0420209
-0.0456447
-0.0491059
-0.0506212
-0.0509416
-0.0501587
-0.0488838
-0.0478587
-0.0472350
-0.0477999
-0.0486758
-0.0497733
-0.0504306
-0.0507880
-0.0504712
-0.0508543
-0.0518145
-0.0553555
-0.0594980
-0.0642967
-0.0690323
-0.0730147
-0.0756783
-0.0753140
-0.0736173
-0.0700975
-0.0661702
-0.0620325
-0.0577551
-0.0531948
-0.0484139
-0.0416540
-0.0335338
-0.0236714
-0.0126567
-0.0020239
0.0074951
0.0152096
0.0215863
0.0249082
0.0251395
0.0234431
0.0195468
0.0151770
0.0103646
0.0075243
0.0062917
0.0073417
0.0095762
0.0121088
0.0148277
0.0165041
0.0173250
0.0157975
0.0134026
0.0104548
0.0080590
0.0067370
0.0065717
0.0085242
0.0111125
0.0145111
0.0177679
0.0205502
0.0219487
0.0224187
0.0223933
0.0219433
0.0221487
0.0228677
0.0246701
0.0260804
0.0269951
0.0284392
0.0301874
0.0324255
0.0339691
0.0350287
0.0350343
0.0337182
0.0315848
0.0285885
0.0260629
0.0239669
0.0236073
0.0241639
0.0259864
0.0282779
0.0306610
0.0330496
0.0355489
0.0380026
0.0399990
0.0420587
0.0441573
0.0461238
0.0479373
0.0495884
0.0518239
0.0539560
0.0558140
0.0574882
0.0589116
0.0596906
0.0587774
0.0568852
0.0536500
0.0501204
0.0463563
0.0430610
0.0403502
0.0383773
0.0370757
0.0356726
0.0338647
0.0312019
0.0280920
0.0242717
0.0208560
0.0178410
0.0168510
0.0166361
0.0171345
0.0181165
0.0190643
0.0199306
0.0195686
0.0185927
0.0166415
0.0142116
0.0114366
0.0078257
0.0046259
0.0017690
0.0006653
-0.0003786
-0.0013594
-0.0021153
-0.0032073
-0.0049278
-0.0089171
-0.0136107
-0.0187474
-0.0238156
-0.0287507
-0.0329066
-0.0348702
-0.0351186
-0.0314929
-0.0276397
-0.0235013
-0.0204194
-0.0178989
-0.0162616
-0.0156280
-0.0153947
-0.0154955
-0.0151029
-0.0143672
-0.0128714
-0.0122074
-0.0123082
-0.0150654
-0.0180631
-0.0212539
-0.0237289
-0.0261273
-0.0286779
-0.0310765
-0.0333372
-0.0351732
-0.0361970
-0.0365614
-0.0340605
-0.0301593
-0.0247534
-0.0185603
-0.0129812
-0.0086132
-0.0060052
-0.0039438
-0.0022164
0.0001772
0.0031244
0.0078139
0.0133937
0.0196776
0.0258875
0.0316111
0.0367141
0.0395043
0.0409202
0.0400969
0.0380938
0.0357194
0.0333486
0.0314010
0.0298119
0.0296307
0.0301446
0.0312962
0.0317312
0.0311353
0.0290470
0.0259486
0.0226212
0.0191971
0.0150794
0.0106320
0.0058906
0.0013246
-0.0030532
-0.0055974
-0.0068050
-0.0065725
-0.0059512
-0.0058175
-0.0066072
-0.0096184
-0.0136886
-0.0193441
-0.0245819
-0.0293662
-0.0322255
-0.0339168
-0.0346905
-0.0336085
-0.0321388
-0.0301790
-0.0291319
-0.0286542
-0.0291175
-0.0300470
-0.0311020
-0.0320693
-0.0331919
-0.0344310
-0.0359886
-0.0377109
-0.0395830
-0.0413666
-0.0428688
-0.0439562
-0.0438698
-0.0428395
-0.0399587
-0.0361808
-0.0320475
-0.0278970
-0.0237531
-0.0196420
-0.0161343
-0.0127112
-0.0093824
-0.0066440
-0.0048122
-0.0044961
-0.0057753
-0.0076228
-0.0100066
-0.0124377
-0.0147425
-0.0159440
-0.0160357
-0.0152579
-0.0141443
-0.0136491
-0.0139382
-0.0156894
-0.0178895
-0.0206177
-0.0229404
-0.0247465
-0.0249920
-0.0238843
-0.0219756
-0.0195689
-0.0172178
-0.0149192
-0.0124911
-0.0100791
-0.0076988
-0.0051003
-0.0026666
-0.0007668
-0.0010256
-0.0024673
-0.0057116
-0.0094921
-0.0136142
-0.0174747
-0.0198683
-0.0206766
-0.0180397
-0.0145134
-0.0099370
-0.0064584
-0.0036848
-0.0022812
-0.0015916
-0.0013125
-0.0015888
-0.0010366
0.0001658
0.0037674
0.0080139
0.0130784
0.0182823
0.0232012
0.0274657
0.0295429
0.0301293
0.0275034
0.0238002
0.0196152
0.0167786
0.0155327
0.0157496
0.0187964
0.0225073
0.0270375
0.0309190
0.0340102
0.0353813
0.0346791
0.0330500
0.0307641
0.0292816
0.0283956
0.0289883
0.0301586
0.0319533
0.0331746
0.0340809
0.0345140
0.0352123
0.0358902
0.0362923
0.0358846
0.0349245
0.0326960
0.0302488
0.0276301
0.0250111
0.0226865
0.0207379
0.0196215
0.0184547
0.0169441
0.0154775
0.0141855
0.0135287
0.0138015
0.0146858
0.0166129
0.0181345
0.0192834
0.0212953
0.0238624
0.0272062
0.0305102
0.0342514
0.0391244
0.0439201
0.0483007
0.0506842
0.0524214
0.0536930
0.0541108
0.0543623
0.0544339
0.0559990
0.0581007
0.0609257
0.0633547
0.0654524
0.0668210
0.0674017
0.0675014
0.0667831
0.0659647
0.0650675
0.0641057
0.0621145
0.0588187
0.0527695
0.0460191
0.0385821
0.0321261
0.0266744
0.0239759
0.0225078
0.0215912
0.0191023
0.0155968
0.0111580
0.0064310
0.0022032
-0.0012544
-0.0022083
-0.0019779
0.0000763
0.0017559
0.0030028
0.0027491
0.0019165
0.0006481
-0.0018176
-0.0046504
-0.0078778
-0.0109018
-0.0134702
-0.0152578
-0.0155829
-0.0151975
-0.0137147
-0.0117938
-0.0097979
-0.0087457
-0.0085202
-0.0089444
-0.0111385
-0.0141811
-0.0182976
-0.0226538
-0.0265998
-0.0296169
-0.0310243
-0.0314074
-0.0297235
-0.0265892
-0.0225108
-0.0169527
-0.0103091
-0.0026714
0.0053843
0.0127774
0.0191436
0.0237889
0.0274458
0.0294183
0.0305313
0.0313780
0.0325707
0.0343783
0.0366170
0.0394104
0.0423154
0.0453388
0.0477152
0.0492783
0.0495035
0.0486741
0.0476484
0.0468277
0.0462160
0.0456558
0.0447583
0.0439975
0.0433445
0.0430182
0.0431435
0.0438417
0.0463852
0.0493405
0.0526476
0.0543018
0.0549113
0.0534432
0.0511715
0.0484062
0.0451487
0.0420270
0.0390325
0.0363331
0.0331547
0.0292360
0.0244917
0.0199836
0.0164687
0.0145241
0.0135244
0.0142788
0.0152420
0.0162558
0.0152177
0.0125117
0.0080038
0.0004572
-0.0074337
-0.0154875
-0.0207680
-0.0244692
-0.0253671
-0.0253795
-0.0249703
-0.0245240
-0.0243975
-0.0245228
-0.0255560
-0.0267147
-0.0280344
-0.0291809
-0.0304382
-0.0319833
-0.0335593
-0.0349027
-0.0352849
-0.0348077
-0.0337220
-0.0311961
-0.0279898
-0.0241578
-0.0197951
-0.0151755
-0.0101957
-0.0050462
-0.0000353
0.0045360
0.0078399
0.0100798
0.0093400
0.0063690
0.0018937
-0.0030234
-0.0063987
-0.0081153
-0.0063344
-0.0037658
-0.0003309
0.0022317
0.0043207
0.0056000
0.0065484
0.0074133
0.0088020
0.0108275
0.0133507
0.0151289
0.0156311
0.0145134
0.0100905
0.0047276
-0.0016734
-0.0065147
-0.0100981
-0.0106473
-0.0090293
-0.0060967
-0.0020368
0.0015939
0.0048347
0.0063961
0.0072408
0.0071174
0.0066844
0.0063787
0.0065497
0.0075037
0.0091346
0.0127107
0.0175832
0.0233155
0.0290136
0.0339709
0.0381366
0.0407038
0.0429205
0.0447592
0.0470797
0.0496681
0.0527210
0.0554613
0.0579501
0.0596912
0.0611223
0.0623132
0.0637223
0.0653959
0.0674082
0.0686758
0.0694640
0.0694520
0.0686181
0.0672961
0.0650626
0.0623921
0.0595083
0.0569706
0.0543631
0.0516874
0.0467060
0.0407421
0.0334564
0.0255236
0.0178864
0.0113232
0.0068724
0.0036957
0.0028852
0.0030872
0.0039528
0.0045958
0.0047171
0.0042753
0.0016452
-0.0024505
-0.0088035
-0.0165824
-0.0243533
-0.0309818
-0.0350499
-0.0373572
-0.0356084
-0.0321926
-0.0274677
-0.0224979
-0.0180332
-0.0142116
-0.0111001
-0.0081269
-0.0052446
-0.0021259
0.0011691
0.0048729
0.0087290
0.0126542
0.0163450
0.0195839
0.0224117
0.0237632
0.0239468
0.0224778
0.0195139
0.0165916
0.0145039
0.0135951
0.0134074
0.0145962
0.0168409
0.0198110
0.0232765
0.0263415
0.0289728
0.0296368
0.0291802
0.0270400
0.0230558
0.0185630
0.0139106
0.0104498
0.0077734
0.0067750
0.0070089
0.0082081
0.0108436
0.0133855
0.0158067
0.0170650
0.0176962
0.0173368
0.0165913
0.0155309
0.0136987
0.0108438
0.0074043
0.0038636
0.0006707
-0.0022003
-0.0052314
-0.0083282
-0.0115110
-0.0142610
-0.0166824
-0.0184729
-0.0187148
-0.0179931
-0.0153644
-0.0122232
-0.0087178
-0.0047465
-0.0007136
0.0033826
0.0059477
0.0075991
0.0078657
0.0070985
0.0058612
0.0039572
0.0024228
0.0012422
0.0013920
0.0025374
0.0044599
0.0071048
0.0094607
0.0114484
0.0122891
0.0124543
0.0115221
0.0102695
0.0088680
0.0072796
0.0054696
0.0034916
0.0010370
-0.0017509
-0.0048429
-0.0081439
-0.0115061
-0.0149442
-0.0179394
-0.0207545
-0.0233245
-0.0255998
-0.0276533
-0.0291337
-0.0310465
-0.0332918
-0.0366501
-0.0405268
-0.0449589
-0.0500321
-0.0551188
-0.0601319
-0.0644249
-0.0681076
-0.0704203
-0.0718412
-0.0727839
-0.0732761
-0.0742282
-0.0755387
-0.0768938
-0.0774087
-0.0768585
-0.0752484
-0.0735661
-0.0720360
-0.0717227
-0.0720598
-0.0734673
-0.0747545
-0.0757629
-0.0743801
-0.0711050
-0.0660939
-0.0596580
-0.0535292
-0.0479463
-0.0446502
-0.0424665
-0.0420352
-0.0412114
-0.0397093
-0.0354687
-0.0293501
-0.0219591
-0.0138102
-0.0065623
-0.0002932
0.0043720
0.0090066
0.0138325
0.0193348
0.0252856
0.0321026
0.0394523
0.0468005
0.0523658
0.0552811
0.0561151
0.0517322
0.0459246
0.0383104
0.0305255
0.0231925
0.0168786
0.0126352
0.0094111
0.0076752
0.0059988
0.0043980
0.0032634
0.0027153
0.0027067
0.0032556
0.0034067
0.0029277
-0.0000521
-0.0042149
-0.0101924
-0.0162090
-0.0218626
-0.0255735
-0.0273484
-0.0277547
-0.0261798
-0.0245318
-0.0228047
-0.0228978
-0.0238409
-0.0260149
-0.0287926
-0.0317909
-0.0350018
-0.0372434
-0.0387540
-0.0382531
-0.0361092
-0.0326795
-0.0275582
-0.0228816
-0.0187687
-0.0153049
-0.0122300
-0.0098006
-0.0079944
-0.0064971
-0.0054451
-0.0053306
-0.0058884
-0.0081183
-0.0107869
-0.0138589
-0.0160865
-0.0175914
-0.0180632
-0.0164315
-0.0139076
-0.0101186
-0.0062545
-0.0025695
0.0000490
0.0016980
0.0026752
0.0029993
0.0033812
0.0038255
0.0054263
0.0074518
0.0100524
0.0120321
0.0136264
0.0144960
0.0146530
0.0143127
0.0127755
0.0116496
0.0108501
0.0127612
0.0151307
0.0180798
0.0202918
0.0217293
0.0217306
0.0197111
0.0171756
0.0150991
0.0151195
0.0165817
0.0210799
0.0265545
0.0329266
0.0384015
0.0425281
0.0446846
0.0437253
0.0414173
0.0371543
0.0321475
0.0270955
0.0232915
0.0200871
0.0172303
0.0131977
0.0081967
0.0021523
-0.0052520
-0.0126305
-0.0197472
-0.0245599
-0.0278164
-0.0279759
-0.0260312
-0.0228489
-0.0178046
-0.0130872
-0.0086283
-0.0068225
-0.0057950
-0.0057565
-0.0075459
-0.0101417
-0.0138046
-0.0175833
-0.0211668
-0.0240082
-0.0260703
-0.0276018
-0.0280720
-0.0275781
-0.0261974
-0.0232454
-0.0200764
-0.0166817
-0.0126039
-0.0081022
-0.0028325
0.0021022
0.0065584
0.0092114
0.0103522
0.0104267
0.0090416
0.0079595
0.0072060
0.0088225
0.0113581
0.0151641
0.0192825
0.0232662
0.0265955
0.0285458
0.0296144
0.0289737
0.0280034
0.0267764
0.0272541
0.0291572
0.0328661
0.0381749
0.0433501
0.0478006
0.0501596
0.0513664
0.0506069
0.0493559
0.0479045
0.0473061
0.0473060
0.0478557
0.0475944
0.0462123
0.0432023
0.0387462
0.0341040
0.0296715
0.0269766
0.0254557
0.0265442
0.0287347
0.0316870
0.0353917
0.0384899
0.0409306
0.0402638
0.0380860
0.0337053
0.0277846
0.0215925
0.0157245
0.0118240
0.0092809
0.0098934
0.0115028
0.0138908
0.0153865
0.0155342
0.0139779
0.0102153
0.0058124
0.0006706
-0.0048265
-0.0102842
-0.0151515
-0.0198521
-0.0244718
-0.0292805
-0.0335184
-0.0372285
-0.0399619
-0.0424652
-0.0446908
-0.0467462
-0.0488112
-0.0509936
-0.0527954
-0.0542882
-0.0549468
-0.0551734
-0.0551192
-0.0552309
-0.0558552
-0.0570324
-0.0587890
-0.0603607
-0.0615236
-0.0610567
-0.0594895
-0.0557373
-0.0508389
-0.0454046
-0.0399557
-0.0349547
-0.0303097
-0.0265473
-0.0229222
-0.0194628
-0.0166474
-0.0141740
-0.0122310
-0.0104232
-0.0086064
-0.0065819
-0.0043268
-0.0019639
0.0001856
0.0019661
0.0034101
0.0039523
0.0042722
0.0043159
0.0044397
0.0047309
0.0054102
0.0071830
0.0095962
0.0131504
0.0171075
0.0213318
0.0256516
0.0296027
0.0331635
0.0363068
0.0391244
0.0414412
0.0427521
0.0437808
0.0447109
0.0456309
0.0464715
0.0467838
0.0471178
0.0474691
0.0478799
0.0476679
0.0466671
0.0444829
0.0421391
0.0397941
0.0383458
0.0376473
0.0387949
0.0410244
0.0438157
0.0461550
0.0470350
0.0465765
0.0428132
0.0388149
0.0346544
0.0331268
0.0328983
0.0347062
0.0371180
0.0396125
0.0413425
0.0416695
0.0409598
0.0377477
0.0335481
0.0282795
0.0214668
0.0144103
0.0071518
0.0004444
-0.0060201
-0.0121768
-0.0180498
-0.0236603
-0.0284003
-0.0320439
-0.0348336
-0.0360632
-0.0372960
-0.0385366
-0.0404370
-0.0428684
-0.0462349
-0.0500425
-0.0536995
-0.0562341
-0.0574955
-0.0579051
-0.0567034
-0.0551093
-0.0531533
-0.0516742
-0.0506712
-0.0503467
-0.0513406
-0.0528345
-0.0549737
-0.0570162
-0.0589693
-0.0606740
-0.0618668
-0.0626577
-0.0619794
-0.0606404
-0.0585894
-0.0558206
-0.0528062
-0.0494647
-0.0458735
-0.0423771
-0.0393547
-0.0372832
-0.0357778
-0.0351635
-0.0348897
-0.0348811
-0.0353839
-0.0358598
-0.0363026
-0.0362266
-0.0358096
-0.0348225
-0.0331201
-0.0310286
-0.0282711
-0.0251869
-0.0219189
-0.0186240
-0.0155538
-0.0126860
-0.0104762
-0.0083272
-0.0062268
-0.0036886
-0.0007814
0.0028692
0.0075283
0.0126002
0.0178195
0.0220390
0.0254751
0.0260195
0.0253235
0.0232992
0.0206764
0.0183190
0.0165158
0.0161511
0.0164224
0.0175713
0.0180768
0.0180852
0.0166626
0.0148598
0.0127611
0.0115020
0.0112989
0.0124266
0.0151914
0.0182103
0.0213110
0.0236143
0.0252885
0.0254621
0.0247268
0.0234165
0.0213184
0.0188100
0.0159297
0.0129863
0.0101288
0.0073992
0.0052679
0.0036324
0.0029628
0.0031057
0.0036650
0.0047676
0.0056846
0.0064363
0.0061878
0.0055308
0.0044371
0.0035191
0.0025829
0.0015852
-0.0006339
-0.0034980
-0.0074463
-0.0116341
-0.0158228
-0.0192330
-0.0216689
-0.0233430
-0.0231266
-0.0223531
-0.0208779
-0.0188587
-0.0167559
-0.0146243
-0.0132608
-0.0123514
-0.0122865
-0.0124781
-0.0127837
-0.0127665
-0.0118931
-0.0102393
-0.0068208
-0.0030890
0.0010078
0.0046480
0.0078792
0.0102984
0.0122364
0.0139759
0.0156618
0.0171389
0.0184219
0.0184531
0.0175339
0.0155991
0.0122836
0.0086308
0.0045806
0.0004804
-0.0035516
-0.0073508
-0.0107598
-0.0139341
-0.0167530
-0.0194650
-0.0220878
-0.0244822
-0.0267779
-0.0289532
-0.0312186
-0.0335845
-0.0361441
-0.0384279
-0.0403996
-0.0414891
-0.0417556
-0.0414734
-0.0401774
-0.0383315
-0.0359866
-0.0327782
-0.0293137
-0.0255138
-0.0210234
-0.0163837
-0.0116747
-0.0077825
-0.0044183
-0.0021316
-0.0002740
0.0013088
0.0031946
0.0056413
0.0086886
0.0134358
0.0187627
0.0248693
0.0303238
0.0350613
0.0380905
0.0395525
0.0402022
0.0402795
0.0410501
0.0423579
0.0450932
0.0479152
0.0508516
0.0526016
0.0536914
0.0537361
0.0530123
0.0519326
0.0503886
0.0486971
0.0468342
0.0439068
0.0402327
0.0358804
0.0306971
0.0252826
0.0195662
0.0148006
0.0107487
0.0080374
0.0063444
0.0052716
0.0053565
0.0057531
0.0063618
0.0071770
0.0077012
0.0079140
0.0062701
0.0036699
-0.0003415
-0.0057362
-0.0114520
-0.0171413
-0.0217575
-0.0256196
-0.0277496
-0.0289282
-0.0293649
-0.0290915
-0.0285493
-0.0276690
-0.0256960
-0.0231850
-0.0198409
-0.0161989
-0.0127704
-0.0104951
-0.0097553
-0.0100094
-0.0118394
-0.0140223
-0.0165250
-0.0187766
-0.0207963
-0.0224916
-0.0239778
-0.0254425
-0.0269631
-0.0288538
-0.0309578
-0.0334789
-0.0356317
-0.0374778
-0.0379588
-0.0374914
-0.0360087
-0.0329511
-0.0295021
-0.0255895
-0.0214058
-0.0172730
-0.0134507
-0.0102498
-0.0075040
-0.0058773
-0.0050711
-0.0049040
-0.0054998
-0.0061184
-0.0067663
-0.0069528
-0.0068054
-0.0060862
-0.0048293
-0.0034006
-0.0019288
-0.0006909
0.0003227
0.0003199
-0.0005182
-0.0021151
-0.0041929
-0.0060070
-0.0074065
-0.0078753
-0.0078619
-0.0070701
-0.0058170
-0.0044366
-0.0032842
-0.0024182
-0.0017383
-0.0009588
0.0000631
0.0013440
0.0031879
0.0049438
0.0064688
0.0068683
0.0065540
0.0048733
0.0025381
-0.0000192
-0.0020523
-0.0034237
-0.0042764
-0.0036414
-0.0027116
-0.0014105
-0.0005980
-0.0001389
-0.0002776
-0.0009654
-0.0017987
-0.0025477
-0.0028465
-0.0028595
-0.0024751
-0.0020990
-0.0017309
-0.0014012
-0.0009988
-0.0004857
0.0005906
0.0019006
0.0035523
0.0049746
0.0062083
0.0069522
0.0070673
0.0067256
0.0053736
0.0039113
0.0023312
0.0010722
0.0001096
-0.0003909
-0.0002156
0.0002835
0.0012812
0.0024702
0.0037240
0.0048439
0.0055615
0.0059646
0.0052198
0.0041493
0.0026690
0.0015740
0.0009002
0.0009926
0.0018002
0.0029587
0.0046409
0.0064646
0.0083236
0.0097872
0.0108745
0.0116182
0.0114850
0.0109082
0.0097265
0.0078585
0.0057210
0.0031995
0.0007235
-0.0016083
-0.0033419
-0.0044221
-0.0050309
-0.0047343
-0.0043103
-0.0037505
-0.0039378
-0.0047595
-0.0065841
-0.0094950
-0.0127621
-0.0163515
-0.0194951
-0.0222698
-0.0239883
-0.0250814
-0.0256866
-0.0255463
-0.0252639
-0.0248039
-0.0242620
-0.0237782
-0.0234356
-0.0235080
-0.0238318
-0.0246413
-0.0256581
-0.0267598
-0.0275908
-0.0281685
-0.0285156
-0.0283886
-0.0282011
-0.0279534
-0.0282008
-0.0287425
-0.0297998
-0.0314750
-0.0334413
-0.0357474
-0.0376035
-0.0390903
-0.0390517
-0.0382023
-0.0364907
-0.0339189
-0.0312944
-0.0286838
-0.0265805
-0.0247494
-0.0233477
-0.0218553
-0.0202674
-0.0182450
-0.0161707
-0.0140635
-0.0128401
-0.0124390
-0.0130605
-0.0150122
-0.0172426
-0.0197058
-0.0215882
-0.0230109
-0.0233846
-0.0230421
-0.0222511
-0.0208541
-0.0192837
-0.0175559
-0.0156751
-0.0138400
-0.0120686
-0.0106008
-0.0093541
-0.0085039
-0.0079703
-0.0076057
-0.0074774
-0.0073245
-0.0071400
-0.0065991
-0.0059108
-0.0050651
-0.0039258
-0.0027583
-0.0015770
-0.0006535
0.0001243
0.0006615
0.0009278
0.0010321
0.0008810
0.0007493
0.0006329
0.0006907
0.0007128
0.0006901
0.0004686
0.0001710
-0.0002332
-0.0007343
-0.0012533
-0.0017395
-0.0020602
-0.0022347
-0.0018159
-0.0009588
0.0002941
0.0020659
0.0039166
0.0058622
0.0077550
0.0095658
0.0112249
0.0125582
0.0136591
0.0142502
0.0145335
0.0145997
0.0143123
0.0140227
0.0137303
0.0137078
0.0137833
0.0139902
0.0142070
0.0143589
0.0143074
0.0138141
0.0130282
0.0115838
0.0099370
0.0081393
0.0067385
0.0057263
0.0051930
0.0053854
0.0058124
0.0065293
0.0070531
0.0074246
0.0074485
0.0072608
0.0069563
0.0066324
0.0064162
0.0062970
0.0063361
0.0064725
0.0067427
0.0070792
0.0074143
0.0077209
0.0079586
0.0081714
0.0084013
0.0087868
0.0092804
0.0099759
0.0107306
0.0115478
0.0123228
0.0130344
0.0136506
0.0142417
0.0148127
0.0153579
0.0159279
0.0164864
0.0169110
0.0170068
0.0168501
0.0162041
0.0154588
0.0145880
0.0138003
0.0131904
0.0129175
0.0128892
0.0129117
0.0128381
0.0124999
0.0119842
0.0110823
0.0101315
0.0091392
0.0084307
0.0078869
0.0075625
0.0071057
0.0065175
0.0056499
0.0047954
0.0040204
0.0035978
0.0035937
0.0038881
0.0048273
0.0058429
0.0069393
0.0076897
0.0082109
0.0083938
0.0082555
0.0080122
0.0076840
0.0074986
0.0073988
0.0074370
0.0074502
0.0074441
0.0073414
0.0072231
0.0070853
0.0070747
0.0071814
0.0074974
0.0080140
0.0085917
0.0091872
0.0096419
0.0099786
0.0098907
0.0095461
0.0089730
0.0082237
0.0075316
0.0069277
0.0065959
0.0063952
0.0063907
0.0064666
0.0065581
0.0065793
0.0064669
0.0062648
0.0059662
0.0056879
0.0054309
0.0052810
0.0052245
0.0053125
0.0055492
0.0057975
0.0059783
0.0059191
0.0057122
0.0052288
0.0046939
0.0041235
0.0036398
0.0032774
0.0030622
0.0030562
0.0031017
0.0031963
0.0033265
0.0034542
0.0035350
0.0035239
0.0034559
0.0033098
0.0031065
0.0028531
0.0025205
0.0022221
0.0019745
0.0018084
0.0016392
0.0014202
0.0011271
0.0008117
0.0005087
0.0003143
0.0002044
0.0003933
0.0007301
0.0012211
0.0018595
0.0024776
0.0030491
0.0034631
0.0037751
0.0039045
0.0039211
0.0038866
0.0038575
0.0038937
0.0039789
0.0041942
0.0043889
0.0045600
0.0045624
0.0044833
0.0042825
0.0040710
0.0038901
0.0038340
0.0038130
0.0038055
0.0037374
0.0036434
0.0035267
0.0033850
0.0032902
0.0032634
0.0033781
0.0035252
0.0036927
0.0038077
0.0038762
0.0038182
0.0036732
0.0034725
0.0032416
0.0030309
0.0028408
0.0027054
0.0025944
0.0025154
0.0024388
0.0023600
0.0022701
0.0021770
0.0020899
0.0020483
0.0020522
0.0020901
0.0021570
0.0022243
0.0022926
0.0023375
0.0023738
0.0024001
0.0024482
0.0025080
0.0025926
0.0026688
0.0027328
0.0027255
0.0026957
0.0026461
0.0026305
0.0026359
0.0026699
0.0027338
0.0027865
0.0028009
0.0027334
0.0026324
0.0025126
0.0024198
0.0023463
0.0023038
0.0022557
0.0022019
0.0020835
0.0019417
0.0017670
0.0016027
0.0014521
0.0013281
0.0012255
0.0011380
0.0010798
0.0010275
0.0009802
0.0009571
0.0009502
0.0009625
0.0009774
0.0009887
0.0009929
0.0009625
0.0009160
0.0008453
0.0007900
0.0007455
0.0007176
0.0006852
0.0006490
0.0006191
0.0005952
0.0005790
0.0005642
0.0005577
0.0005705
0.0005995
0.0006350
0.0006761
0.0007287
0.0007881
0.0008534
0.0009063
0.0009465
0.0009587
0.0009540
0.0009250
0.0008823
0.0008401
0.0008068
0.0007893
0.0007841
0.0008141
0.0008554
0.0009043
0.0009532
0.0009937
0.0010248
0.0010340
0.0010337
0.0010208
0.0009974
0.0009734
0.0009579
0.0009527
0.0009532
0.0009575
0.0009573
0.0009533
0.0009418
0.0009266
0.0009065
0.0008772
0.0008490
0.0008267
0.0008082
0.0007911
0.0007728
0.0007597
0.0007501
0.0007405
0.0007260
0.0007066
0.0006837
0.0006611
0.0006387
0.0006169
0.0005963
0.0005773
0.0005596
0.0005430
0.0005263
0.0005099
0.0004940
0.0004812
0.0004707
0.0004627
0.0004603
0.0004625
0.0004721
0.0004843
0.0004958
0.0005031
0.0005058
0.0005056
0.0005003
0.0004940
0.0004870
0.0004807
0.0004768
0.0004760
0.0004773
0.0004794
0.0004826
0.0004887
0.0004949
0.0004980
0.0005000
0.0005013
0.0005023
0.0005012
0.0004979
0.0004966
0.0004952
0.0004937
0.0004929
0.0004930
0.0004952
0.0004958
0.0004956
0.0004947
0.0004937
0.0004926
0.0004914
0.0004897
0.0004876
0.0004864
0.0004855
0.0004854
0.0004846
0.0004841
0.0004849
0.0004855
0.0004859
0.0004852
0.0004852
0.0004857
0.0004855
0.0004850
0.0004839
0.0004836
0.0004833
0.0004828
0.0004821
0.0004813
0.0004804
0.0004793
0.0004780
0.0004769
0.0004757
0.0004744
0.0004734
0.0004723
0.0004712
0.0004700
0.0004689
0.0004680
0.0004671
0.0004660
0.0004652
0.0004642
0.0004631
0.0004618
0.0004607
0.0004599
0.0004592
0.0004584
0.0004572
0.0004563
0.0004555
0.0004548
0.0004541
0.0004535
0.0004528
0.0004521
0.0004514
0.0004508
0.0004503
0.0004498
0.0004493
0.0004488
0.0004483
0.0004479
0.0004476
0.0004473
0.0004471
0.0004469
0.0004467
0.0004466
0.0004465
0.0004465
0.0004465
0.0004466
