-0.0010047
-0.0015440
-0.0022768
-0.0032560
-0.0036832
-0.0039172
-0.0039002
-0.0039190
-0.0039521
-0.0039980
-0.0040427
-0.0040853
-0.0041103
-0.0041240
-0.0041274
-0.0041182
-0.0041073
-0.0040946
-0.0040814
-0.0040658
-0.0040441
-0.0040069
-0.0039588
-0.0038855
-0.0037971
-0.0036983
-0.0035917
-0.0034903
-0.0033944
-0.0033164
-0.0032452
-0.0031834
-0.0031236
-0.0030618
-0.0029922
-0.0029102
-0.0028207
-0.0027193
-0.0026214
-0.0025262
-0.0024609
-0.0024124
-0.0023854
-0.0023779
-0.0023708
-0.0023586
-0.0023268
-0.0022849
-0.0022273
-0.0021730
-0.0021234
-0.0021042
-0.0021086
-0.0021349
-0.0021966
-0.0022653
-0.0023424
-0.0024144
-0.0024815
-0.0025385
-0.0025832
-0.0026198
-0.0026394
-0.0026458
-0.0026427
-0.0026253
-0.0026085
-0.0025926
-0.0025965
-0.0026166
-0.0026627
-0.0027423
-0.0028335
-0.0029346
-0.0030163
-0.0030836
-0.0031111
-0.0031249
-0.0031279
-0.0031314
-0.0031312
-0.0031266
-0.0030882
-0.0030340
-0.0029559
-0.0028933
-0.0028494
-0.0028616
-0.0029127
-0.0029854
-0.0030531
-0.0030796
-0.0030681
-0.0029553
-0.0028058
-0.0026074
-0.0023875
-0.0021761
-0.0019971
-0.0018771
-0.0017880
-0.0017400
-0.0016754
-0.0015964
-0.0014379
-0.0012528
-0.0010389
-0.0008457
-0.0006779
-0.0005518
-0.0004796
-0.0004377
-0.0004489
-0.0005132
-0.0006104
-0.0007651
-0.0009334
-0.0011122
-0.0012817
-0.0014512
-0.0016207
-0.0018018
-0.0019764
-0.0021339
-0.0022059
-0.0022132
-0.0020694
-0.0018032
-0.0014610
-0.0010360
-0.0006637
-0.0003400
-0.0002943
-0.0003986
-0.0007106
-0.0011979
-0.0017036
-0.0021711
-0.0024489
-0.0026021
-0.0024887
-0.0022206
-0.0018432
-0.0013144
-0.0007778
-0.0002329
0.0001488
0.0003925
0.0004160
0.0001390
-0.0002673
-0.0008448
-0.0014139
-0.0019570
-0.0023398
-0.0025787
-0.0027046
-0.0025618
-0.0023472
-0.0020412
-0.0017928
-0.0016449
-0.0016935
-0.0020076
-0.0024402
-0.0030119
-0.0035030
-0.0039191
-0.0039923
-0.0038328
-0.0034586
-0.0028158
-0.0021851
-0.0015894
-0.0012776
-0.0011234
-0.0012355
-0.0014716
-0.0017380
-0.0019109
-0.0018851
-0.0017114
-0.0011670
-0.0004950
0.0003151
0.0011047
0.0017410
0.0021080
0.0019006
0.0013857
0.0003523
-0.0008820
-0.0021837
-0.0032864
-0.0040529
-0.0045553
-0.0043632
-0.0039303
-0.0031907
-0.0022705
-0.0014142
-0.0007462
-0.0005743
-0.0006857
-0.0013038
-0.0020710
-0.0028988
-0.0034596
-0.0036633
-0.0035373
-0.0026061
-0.0013548
0.0003260
0.0022544
0.0041489
0.0058354
0.0069992
0.0078299
0.0079789
0.0078014
0.0074012
0.0068750
0.0064053
0.0059966
0.0056118
0.0051157
0.0044180
0.0032664
0.0019043
0.0002347
-0.0013336
-0.0027636
-0.0035284
-0.0037150
-0.0034473
-0.0022848
-0.0008697
0.0008671
0.0027165
0.0044220
0.0057894
0.0062595
0.0061662
0.0049529
0.0032137
0.0011899
-0.0007044
-0.0021396
-0.0031511
-0.0031556
-0.0028071
-0.0019921
-0.0009668
-0.0000076
0.0006788
0.0007609
0.0004605
-0.0006137
-0.0019791
-0.0035304
-0.0048893
-0.0059140
-0.0065767
-0.0064837
-0.0061120
-0.0053617
-0.0044623
-0.0035662
-0.0027987
-0.0022343
-0.0017954
-0.0015753
-0.0014727
-0.0014625
-0.0016126
-0.0016863
-0.0016626
-0.0010334
-0.0001128
0.0012513
0.0025175
0.0035475
0.0037562
0.0030977
0.0018807
-0.0001500
-0.0021856
-0.0042257
-0.0055561
-0.0064236
-0.0066413
-0.0060833
-0.0052697
-0.0041787
-0.0032127
-0.0023721
-0.0019345
-0.0017600
-0.0017725
-0.0020639
-0.0024461
-0.0029268
-0.0031482
-0.0029270
-0.0019594
0.0004431
0.0035533
0.0077691
0.0120332
0.0161479
0.0190000
0.0206667
0.0214019
0.0202978
0.0187912
0.0167727
0.0148371
0.0131158
0.0118261
0.0110360
0.0104737
0.0101919
0.0098603
0.0094759
0.0088061
0.0079183
0.0068295
0.0052864
0.0036648
0.0019538
0.0007524
0.0000245
0.0002646
0.0013709
0.0028111
0.0042359
0.0049593
0.0051630
0.0041168
0.0028223
0.0012586
0.0000454
-0.0008738
-0.0013249
-0.0012787
-0.0011016
-0.0009032
-0.0013517
-0.0022887
-0.0045760
-0.0074094
-0.0106717
-0.0133450
-0.0151531
-0.0158605
-0.0147176
-0.0130174
-0.0106686
-0.0087639
-0.0072859
-0.0069538
-0.0074286
-0.0083753
-0.0095299
-0.0101024
-0.0101376
-0.0083062
-0.0056554
-0.0018924
0.0027781
0.0076113
0.0124189
0.0163703
0.0196766
0.0213437
0.0216295
0.0209129
0.0182371
0.0151530
0.0116268
0.0086255
0.0061478
0.0045198
0.0038910
0.0036536
0.0038648
0.0041075
0.0043644
0.0046181
0.0049997
0.0054817
0.0064152
0.0074468
0.0086034
0.0093558
0.0096149
0.0089428
0.0067384
0.0037378
-0.0005123
-0.0047028
-0.0086908
-0.0107359
-0.0110724
-0.0098319
-0.0059221
-0.0017020
0.0028173
0.0051969
0.0059611
0.0036187
-0.0013872
-0.0075934
-0.0146665
-0.0204602
-0.0252434
-0.0262382
-0.0252937
-0.0222487
-0.0166845
-0.0106410
-0.0041334
0.0013918
0.0060921
0.0089566
0.0101704
0.0104009
0.0091183
0.0074485
0.0054747
0.0040794
0.0034413
0.0037668
0.0058825
0.0085217
0.0117544
0.0140000
0.0154127
0.0147410
0.0127500
0.0099890
0.0069092
0.0045013
0.0027139
0.0029631
0.0040552
0.0062845
0.0089565
0.0113227
0.0126854
0.0119935
0.0100323
0.0056039
0.0001342
-0.0060312
-0.0122472
-0.0178173
-0.0226882
-0.0254793
-0.0271812
-0.0272686
-0.0258194
-0.0236914
-0.0206297
-0.0167529
-0.0123532
-0.0069347
-0.0017100
0.0033622
0.0058488
0.0070829
0.0067232
0.0059691
0.0058456
0.0071761
0.0103958
0.0143172
0.0186591
0.0216897
0.0237210
0.0227450
0.0205560
0.0172474
0.0137783
0.0108966
0.0089060
0.0081305
0.0076201
0.0071960
0.0061861
0.0048686
0.0031335
0.0016445
0.0003439
-0.0003743
-0.0012134
-0.0021834
-0.0040217
-0.0061338
-0.0085982
-0.0105569
-0.0120118
-0.0122724
-0.0115854
-0.0104132
-0.0089509
-0.0078822
-0.0071228
-0.0075134
-0.0082399
-0.0093936
-0.0102533
-0.0105893
-0.0098980
-0.0076904
-0.0046941
-0.0004588
0.0039980
0.0084839
0.0118766
0.0141802
0.0154788
0.0150212
0.0142675
0.0131796
0.0127939
0.0128935
0.0138968
0.0153609
0.0169626
0.0183463
0.0192905
0.0199198
0.0200250
0.0201034
0.0201531
0.0206399
0.0213246
0.0222932
0.0225891
0.0221092
0.0197058
0.0152346
0.0096047
0.0026068
-0.0037561
-0.0096205
-0.0121471
-0.0129284
-0.0114883
-0.0074508
-0.0028299
0.0022779
0.0056338
0.0074898
0.0055601
0.0006165
-0.0061649
-0.0145854
-0.0217347
-0.0277102
-0.0287871
-0.0279372
-0.0245032
-0.0203564
-0.0167520
-0.0148913
-0.0153536
-0.0169629
-0.0198531
-0.0219773
-0.0234578
-0.0217535
-0.0184071
-0.0132824
-0.0066228
-0.0001137
0.0058904
0.0099157
0.0128474
0.0138835
0.0142234
0.0143175
0.0150085
0.0165528
0.0187672
0.0220602
0.0252148
0.0281938
0.0295448
0.0297562
0.0280177
0.0241616
0.0193368
0.0133107
0.0075149
0.0019975
-0.0018031
-0.0044918
-0.0061539
-0.0069747
-0.0081520
-0.0099165
-0.0131349
-0.0167578
-0.0207097
-0.0235797
-0.0256477
-0.0257157
-0.0247693
-0.0231495
-0.0215843
-0.0205917
-0.0202192
-0.0204007
-0.0203007
-0.0196153
-0.0172974
-0.0140817
-0.0093144
-0.0039604
0.0015911
0.0065625
0.0106487
0.0140392
0.0160589
0.0179343
0.0196261
0.0216796
0.0238616
0.0262126
0.0279151
0.0289604
0.0281961
0.0258246
0.0224540
0.0179872
0.0139180
0.0102153
0.0083517
0.0072149
0.0070535
0.0072716
0.0073774
0.0070088
0.0060486
0.0047649
0.0029905
0.0007270
-0.0019089
-0.0056622
-0.0096366
-0.0138505
-0.0166819
-0.0182281
-0.0177036
-0.0146795
-0.0108646
-0.0065247
-0.0037159
-0.0019947
-0.0029634
-0.0046244
-0.0068293
-0.0078023
-0.0079334
-0.0069932
-0.0058100
-0.0051555
-0.0056945
-0.0079094
-0.0107913
-0.0142237
-0.0166606
-0.0183243
-0.0175393
-0.0156369
-0.0127036
-0.0091149
-0.0057312
-0.0026951
-0.0004148
0.0015231
0.0029503
0.0040889
0.0050742
0.0058435
0.0064981
0.0070955
0.0081535
0.0099300
0.0124846
0.0168708
0.0218816
0.0277204
0.0329305
0.0372304
0.0391448
0.0382480
0.0356843
0.0305950
0.0254586
0.0202852
0.0171591
0.0147831
0.0133609
0.0113330
0.0083794
0.0036349
-0.0028996
-0.0100220
-0.0172380
-0.0232901
-0.0285474
-0.0321880
-0.0353174
-0.0379747
-0.0394942
-0.0400944
-0.0393874
-0.0367735
-0.0335801
-0.0298312
-0.0267636
-0.0241400
-0.0224546
-0.0205954
-0.0185577
-0.0150138
-0.0107247
-0.0056280
0.0001024
0.0059165
0.0117808
0.0175094
0.0230921
0.0283221
0.0328212
0.0367527
0.0390445
0.0401628
0.0403590
0.0387965
0.0366753
0.0338425
0.0303612
0.0265722
0.0223182
0.0174390
0.0122410
0.0065562
0.0009241
-0.0045837
-0.0090069
-0.0126415
-0.0155486
-0.0176108
-0.0195774
-0.0214530
-0.0233746
-0.0251931
-0.0267247
-0.0277508
-0.0284967
-0.0288023
-0.0289223
-0.0289078
-0.0286452
-0.0282956
-0.0278517
-0.0276310
-0.0276064
-0.0278959
-0.0281995
-0.0282541
-0.0275092
-0.0254248
-0.0224698
-0.0177514
-0.0123293
-0.0063539
-0.0004453
0.0048894
0.0094935
0.0126847
0.0154758
0.0178265
0.0207833
0.0241487
0.0283820
0.0325944
0.0366784
0.0394268
0.0411329
0.0418777
0.0415131
0.0411065
0.0407061
0.0407860
0.0410522
0.0415622
0.0415477
0.0410464
0.0390624
0.0357093
0.0313655
0.0251499
0.0187794
0.0122398
0.0072820
0.0034099
0.0012235
0.0003484
-0.0003797
-0.0016802
-0.0048628
-0.0092367
-0.0158503
-0.0224942
-0.0291608
-0.0326655
-0.0339864
-0.0325294
-0.0276150
-0.0220300
-0.0160222
-0.0119943
-0.0093073
-0.0094816
-0.0109530
-0.0130991
-0.0146189
-0.0146936
-0.0134349
-0.0090849
-0.0039251
0.0022560
0.0078122
0.0124317
0.0149494
0.0147972
0.0131839
0.0093496
0.0051451
0.0007584
-0.0020989
-0.0035319
-0.0034223
-0.0006929
0.0028534
0.0074469
0.0122116
0.0167938
0.0206629
0.0234243
0.0254342
0.0257591
0.0249976
0.0233823
0.0202221
0.0165750
0.0123090
0.0073033
0.0021198
-0.0032271
-0.0077781
-0.0115201
-0.0130297
-0.0122012
-0.0098937
-0.0056939
-0.0022277
0.0005614
-0.0004063
-0.0029126
-0.0074921
-0.0126986
-0.0175034
-0.0209688
-0.0225932
-0.0232053
-0.0222633
-0.0208732
-0.0192041
-0.0180059
-0.0173256
-0.0172062
-0.0174404
-0.0172704
-0.0163279
-0.0134748
-0.0097661
-0.0048604
-0.0009000
0.0021214
0.0015228
-0.0012638
-0.0057688
-0.0108551
-0.0143964
-0.0159709
-0.0129363
-0.0080881
-0.0007222
0.0070023
0.0143588
0.0197925
0.0228797
0.0244023
0.0231029
0.0209603
0.0180401
0.0148373
0.0119910
0.0096969
0.0087424
0.0084610
0.0092546
0.0105778
0.0120550
0.0132614
0.0139276
0.0142191
0.0141637
0.0145139
0.0153030
0.0171646
0.0191502
0.0211906
0.0222766
0.0227817
0.0222039
0.0211841
0.0199359
0.0185391
0.0166815
0.0144626
0.0106616
0.0064238
0.0016303
-0.0026034
-0.0062774
-0.0089230
-0.0111046
-0.0133527
-0.0164536
-0.0204707
-0.0249601
-0.0289551
-0.0312639
-0.0320159
-0.0287673
-0.0245653
-0.0191838
-0.0153400
-0.0129829
-0.0136948
-0.0172256
-0.0220495
-0.0279070
-0.0325324
-0.0361597
-0.0355473
-0.0324924
-0.0267922
-0.0175911
-0.0077984
0.0025034
0.0110521
0.0183342
0.0229963
0.0257454
0.0274228
0.0278404
0.0279051
0.0276927
0.0269738
0.0258276
0.0241380
0.0216454
0.0190594
0.0165080
0.0145442
0.0130085
0.0124435
0.0127258
0.0135598
0.0152608
0.0168996
0.0184810
0.0185535
0.0177489
0.0157229
0.0126455
0.0093575
0.0060412
0.0031404
0.0004469
-0.0020076
-0.0047767
-0.0077956
-0.0117784
-0.0159814
-0.0204226
-0.0239621
-0.0264822
-0.0273299
-0.0258664
-0.0235726
-0.0204793
-0.0183962
-0.0170449
-0.0175739
-0.0182191
-0.0189554
-0.0169298
-0.0128632
-0.0061994
0.0037991
0.0144328
0.0254544
0.0343141
0.0415549
0.0450498
0.0457464
0.0446950
0.0416446
0.0385876
0.0355247
0.0333960
0.0317556
0.0307889
0.0303190
0.0299057
0.0293956
0.0285831
0.0276534
0.0267250
0.0261035
0.0257012
0.0256518
0.0253793
0.0248651
0.0229463
0.0201345
0.0159511
0.0104165
0.0045051
-0.0015301
-0.0066750
-0.0111865
-0.0141286
-0.0163742
-0.0180722
-0.0197472
-0.0219238
-0.0247387
-0.0285265
-0.0323196
-0.0358416
-0.0373775
-0.0375235
-0.0346182
-0.0298722
-0.0240457
-0.0176968
-0.0121270
-0.0072767
-0.0045904
-0.0027524
-0.0020514
-0.0018227
-0.0014663
-0.0005503
0.0012975
0.0037180
0.0072417
0.0111778
0.0153644
0.0189821
0.0217546
0.0236116
0.0237177
0.0232996
0.0222201
0.0213538
0.0207623
0.0208717
0.0215195
0.0224781
0.0238594
0.0249846
0.0259089
0.0249345
0.0225913
0.0185060
0.0117450
0.0043248
-0.0037202
-0.0102026
-0.0154434
-0.0176933
-0.0179238
-0.0169059
-0.0145932
-0.0123460
-0.0101594
-0.0086711
-0.0072552
-0.0059047
-0.0039512
-0.0016930
0.0010540
0.0034869
0.0054418
0.0055292
0.0036899
0.0004855
-0.0046532
-0.0092155
-0.0131546
-0.0133656
-0.0120136
-0.0084599
-0.0048815
-0.0020136
-0.0014136
-0.0028844
-0.0053391
-0.0078692
-0.0085591
-0.0078031
-0.0023010
0.0045246
0.0130331
0.0208415
0.0272494
0.0308867
0.0305500
0.0281680
0.0226275
0.0159928
0.0087441
0.0015084
-0.0053280
-0.0117973
-0.0174670
-0.0227551
-0.0275206
-0.0314299
-0.0348277
-0.0373301
-0.0387900
-0.0395710
-0.0389169
-0.0372038
-0.0347213
-0.0307100
-0.0259385
-0.0203442
-0.0134262
-0.0060263
0.0020276
0.0103289
0.0184632
0.0258727
0.0316553
0.0363114
0.0383246
0.0388876
0.0383119
0.0362104
0.0340896
0.0319445
0.0304196
0.0289935
0.0275973
0.0254493
0.0227702
0.0189140
0.0143996
0.0095095
0.0045558
-0.0002371
-0.0048814
-0.0093443
-0.0136463
-0.0177190
-0.0208239
-0.0232680
-0.0244870
-0.0246283
-0.0241565
-0.0226654
-0.0207868
-0.0186669
-0.0169578
-0.0158717
-0.0154603
-0.0162071
-0.0169488
-0.0175029
-0.0165185
-0.0147601
-0.0117667
-0.0086636
-0.0056147
-0.0033406
-0.0015066
-0.0000185
0.0014375
0.0029820
0.0046393
0.0062719
0.0077869
0.0090595
0.0095892
0.0095548
0.0082024
0.0058033
0.0027766
-0.0006966
-0.0035179
-0.0057373
-0.0057520
-0.0048678
-0.0027732
0.0001346
0.0031615
0.0060977
0.0085713
0.0107731
0.0124924
0.0139910
0.0153183
0.0160671
0.0161178
0.0154125
0.0129133
0.0097329
0.0056194
0.0010828
-0.0035233
-0.0080152
-0.0121666
-0.0161026
-0.0196290
-0.0229116
-0.0260022
-0.0281188
-0.0296245
-0.0303525
-0.0298856
-0.0289623
-0.0274144
-0.0261190
-0.0251784
-0.0253382
-0.0262981
-0.0277394
-0.0295426
-0.0309737
-0.0320615
-0.0318345
-0.0310322
-0.0294500
-0.0268797
-0.0238421
-0.0200859
-0.0161113
-0.0121062
-0.0083889
-0.0048168
-0.0013179
0.0027522
0.0075203
0.0130446
0.0194669
0.0256197
0.0311565
0.0344244
0.0363225
0.0356805
0.0334260
0.0303269
0.0265987
0.0232113
0.0200913
0.0183162
0.0172487
0.0170811
0.0179176
0.0189929
0.0202849
0.0213403
0.0222016
0.0225852
0.0225755
0.0222767
0.0211973
0.0196364
0.0176310
0.0152774
0.0129361
0.0106344
0.0081854
0.0054163
0.0018975
-0.0029163
-0.0083853
-0.0146514
-0.0202849
-0.0254032
-0.0282537
-0.0300602
-0.0307366
-0.0308049
-0.0311694
-0.0321534
-0.0342910
-0.0368357
-0.0397557
-0.0418923
-0.0433896
-0.0429028
-0.0412890
-0.0387899
-0.0353399
-0.0318146
-0.0281927
-0.0248621
-0.0218878
-0.0195867
-0.0184566
-0.0179882
-0.0186872
-0.0197253
-0.0208515
-0.0207992
-0.0192805
-0.0164090
-0.0108767
-0.0046928
0.0023021
0.0084308
0.0135237
0.0163763
0.0167136
0.0156978
0.0127101
0.0094541
0.0060639
0.0037445
0.0022178
0.0015489
0.0020080
0.0026759
0.0035406
0.0043674
0.0053577
0.0068960
0.0098087
0.0136233
0.0193065
0.0249306
0.0305073
0.0330052
0.0336444
0.0319189
0.0277170
0.0230464
0.0180983
0.0139411
0.0102181
0.0072324
0.0043606
0.0015510
-0.0012820
-0.0039972
-0.0066040
-0.0087906
-0.0107229
-0.0122998
-0.0133371
-0.0140426
-0.0141591
-0.0132535
-0.0116674
-0.0085961
-0.0048939
-0.0007978
0.0026731
0.0050304
0.0061815
0.0050087
0.0032860
0.0009444
-0.0004743
-0.0011561
-0.0002356
0.0016849
0.0040691
0.0064060
0.0080140
0.0090496
0.0089184
0.0087626
0.0085755
0.0093502
0.0107066
0.0130200
0.0156190
0.0181492
0.0200417
0.0213356
0.0222815
0.0230957
0.0241996
0.0255704
0.0269900
0.0279979
0.0283853
0.0275481
0.0262889
0.0245443
0.0234385
0.0229223
0.0241985
0.0266556
0.0299173
0.0335889
0.0365899
0.0388644
0.0387454
0.0375369
0.0347621
0.0310185
0.0271105
0.0234490
0.0207553
0.0186992
0.0179777
0.0175086
0.0172374
0.0155220
0.0127101
0.0085034
0.0029109
-0.0026353
-0.0076838
-0.0106329
-0.0123469
-0.0117742
-0.0102251
-0.0081466
-0.0062943
-0.0052406
-0.0049237
-0.0062999
-0.0082927
-0.0111043
-0.0142587
-0.0173412
-0.0200699
-0.0225832
-0.0251155
-0.0281901
-0.0319455
-0.0361712
-0.0407963
-0.0448508
-0.0482868
-0.0498052
-0.0506185
-0.0504753
-0.0501792
-0.0499607
-0.0501093
-0.0500380
-0.0496736
-0.0479200
-0.0451360
-0.0415436
-0.0369469
-0.0322929
-0.0275660
-0.0226458
-0.0173458
-0.0112965
-0.0042022
0.0033385
0.0113499
0.0190908
0.0265814
0.0329459
0.0384600
0.0431886
0.0462835
0.0485780
0.0497749
0.0492956
0.0480973
0.0458715
0.0434701
0.0410764
0.0390841
0.0372596
0.0355246
0.0332474
0.0303358
0.0267374
0.0219404
0.0167801
0.0111593
0.0057291
0.0006638
-0.0033999
-0.0060961
-0.0078763
-0.0076584
-0.0063767
-0.0042592
-0.0011832
0.0019952
0.0053045
0.0086113
0.0117538
0.0145484
0.0163236
0.0174732
0.0174078
0.0169230
0.0162220
0.0157463
0.0151913
0.0145629
0.0121039
0.0081645
0.0021202
-0.0065491
-0.0158990
-0.0257178
-0.0339214
-0.0409551
-0.0451448
-0.0477967
-0.0493553
-0.0492850
-0.0485127
-0.0469796
-0.0444687
-0.0417804
-0.0389282
-0.0365257
-0.0343770
-0.0326771
-0.0307299
-0.0285525
-0.0255353
-0.0223403
-0.0190057
-0.0161719
-0.0135187
-0.0110956
-0.0082934
-0.0050694
-0.0010584
0.0034863
0.0080608
0.0120817
0.0149757
0.0170704
0.0172662
0.0166062
0.0151569
0.0131196
0.0110715
0.0090435
0.0068385
0.0043741
0.0013304
-0.0022375
-0.0059520
-0.0093698
-0.0117424
-0.0133124
-0.0123438
-0.0102907
-0.0070632
-0.0027121
0.0016564
0.0058838
0.0086329
0.0105039
0.0107652
0.0103089
0.0095670
0.0092058
0.0096514
0.0107307
0.0129203
0.0151215
0.0173374
0.0190221
0.0204616
0.0215334
0.0223861
0.0230605
0.0232983
0.0224760
0.0208537
0.0168954
0.0118654
0.0058480
-0.0005256
-0.0060944
-0.0104347
-0.0115267
-0.0110147
-0.0079694
-0.0041466
-0.0003674
0.0016019
0.0011711
-0.0009900
-0.0062800
-0.0119125
-0.0179160
-0.0220169
-0.0247462
-0.0253329
-0.0238857
-0.0217993
-0.0192983
-0.0175526
-0.0163164
-0.0162103
-0.0159581
-0.0155915
-0.0134346
-0.0104621
-0.0064514
-0.0021457
0.0015378
0.0038157
0.0036946
0.0024231
-0.0004236
-0.0029097
-0.0049927
-0.0047783
-0.0031316
-0.0001635
0.0042054
0.0084707
0.0124927
0.0151653
0.0169676
0.0171949
0.0158047
0.0134889
0.0096156
0.0050690
0.0000699
-0.0050518
-0.0096276
-0.0136122
-0.0154533
-0.0159709
-0.0144671
-0.0107107
-0.0063083
-0.0016386
0.0009904
0.0020622
-0.0012399
-0.0066821
-0.0138046
-0.0211323
-0.0269547
-0.0308627
-0.0299206
-0.0267036
-0.0200583
-0.0116598
-0.0028609
0.0053271
0.0117467
0.0169159
0.0191464
0.0198953
0.0192773
0.0163565
0.0128192
0.0085012
0.0041753
0.0001806
-0.0029612
-0.0045378
-0.0051926
-0.0042064
-0.0026895
-0.0008300
0.0007687
0.0018692
0.0024304
0.0019855
0.0012636
0.0002047
-0.0005206
-0.0008220
-0.0000461
0.0019282
0.0045967
0.0082286
0.0119795
0.0158235
0.0187833
0.0208391
0.0217451
0.0201534
0.0172364
0.0122246
0.0053904
-0.0021886
-0.0104448
-0.0181469
-0.0253839
-0.0308596
-0.0353181
-0.0388384
-0.0410548
-0.0428486
-0.0440901
-0.0442632
-0.0436205
-0.0414047
-0.0375609
-0.0329683
-0.0277595
-0.0232064
-0.0191545
-0.0166298
-0.0144637
-0.0126855
-0.0100621
-0.0065778
-0.0016924
0.0048481
0.0119972
0.0197634
0.0267181
0.0329564
0.0367426
0.0386815
0.0391698
0.0372184
0.0350232
0.0325174
0.0304931
0.0287324
0.0273923
0.0264431
0.0257011
0.0252934
0.0250057
0.0247475
0.0240552
0.0226770
0.0206658
0.0172608
0.0134345
0.0090611
0.0045050
0.0001565
-0.0035697
-0.0061312
-0.0080150
-0.0087177
-0.0091171
-0.0093504
-0.0104448
-0.0123824
-0.0152332
-0.0191478
-0.0230460
-0.0267506
-0.0292416
-0.0310146
-0.0314753
-0.0313030
-0.0307456
-0.0295466
-0.0273580
-0.0243915
-0.0186464
-0.0119355
-0.0039929
0.0034113
0.0095687
0.0132334
0.0133030
0.0116752
0.0077958
0.0040811
0.0006314
-0.0008469
-0.0010837
-0.0001752
0.0021340
0.0047199
0.0076335
0.0103476
0.0127929
0.0146462
0.0158009
0.0166374
0.0172299
0.0183123
0.0197612
0.0221689
0.0247394
0.0274872
0.0299252
0.0319617
0.0333324
0.0335434
0.0331181
0.0315964
0.0292144
0.0263912
0.0232961
0.0204923
0.0179170
0.0160155
0.0142287
0.0125879
0.0103590
0.0078131
0.0047620
0.0011113
-0.0030056
-0.0082295
-0.0143077
-0.0208944
-0.0278032
-0.0338506
-0.0391056
-0.0409227
-0.0409276
-0.0384302
-0.0334961
-0.0280226
-0.0223534
-0.0181843
-0.0150563
-0.0143301
-0.0146318
-0.0156181
-0.0165931
-0.0169058
-0.0165015
-0.0145129
-0.0119839
-0.0087377
-0.0049418
-0.0009836
0.0030538
0.0066404
0.0098310
0.0116760
0.0124308
0.0123294
0.0112074
0.0102726
0.0095756
0.0101988
0.0114051
0.0134678
0.0155853
0.0175789
0.0190103
0.0197198
0.0199390
0.0191886
0.0180267
0.0164851
0.0142983
0.0121067
0.0099470
0.0086836
0.0078970
0.0078974
0.0079050
0.0077462
0.0067002
0.0050937
0.0031279
0.0015156
0.0005832
0.0003873
0.0011366
0.0019458
0.0027155
0.0026380
0.0019362
-0.0000725
-0.0034381
-0.0077066
-0.0139140
-0.0212661
-0.0295172
-0.0386724
-0.0470924
-0.0545807
-0.0582283
-0.0597869
-0.0580192
-0.0540353
-0.0493706
-0.0447771
-0.0415643
-0.0392593
-0.0384832
-0.0378246
-0.0372742
-0.0362985
-0.0348349
-0.0326662
-0.0287460
-0.0237307
-0.0167526
-0.0085015
0.0001681
0.0084379
0.0154125
0.0214195
0.0249248
0.0275970
0.0293683
0.0305775
0.0315652
0.0322462
0.0320404
0.0312741
0.0294361
0.0269127
0.0240551
0.0211117
0.0185350
0.0162466
0.0150605
0.0146383
0.0151878
0.0171035
0.0193472
0.0218945
0.0239939
0.0256885
0.0263292
0.0259552
0.0249150
0.0227729
0.0204654
0.0180044
0.0158021
0.0137237
0.0118150
0.0096440
0.0072563
0.0044401
0.0018164
-0.0005358
-0.0018520
-0.0025161
-0.0027591
-0.0033213
-0.0048130
-0.0073107
-0.0116680
-0.0161678
-0.0206371
-0.0229913
-0.0238688
-0.0217457
-0.0178410
-0.0131193
-0.0085502
-0.0050651
-0.0024309
-0.0019116
-0.0016915
-0.0018517
-0.0011902
0.0000482
0.0022739
0.0054461
0.0089449
0.0125523
0.0150784
0.0167746
0.0159201
0.0138429
0.0106376
0.0067356
0.0033785
0.0008797
0.0009107
0.0021707
0.0053518
0.0094363
0.0138273
0.0179861
0.0210104
0.0231817
0.0229985
0.0217896
0.0194699
0.0160148
0.0125214
0.0091343
0.0064153
0.0040125
0.0020843
0.0005818
-0.0006127
-0.0010177
-0.0008576
-0.0002536
0.0011060
0.0024358
0.0037283
0.0043689
0.0047320
0.0046947
0.0047785
0.0050632
0.0059976
0.0073675
0.0089619
0.0103172
0.0109789
0.0110006
0.0099927
0.0089678
0.0079813
0.0077656
0.0081498
0.0096986
0.0121490
0.0149670
0.0178758
0.0201524
0.0219296
0.0218389
0.0206418
0.0182467
0.0141001
0.0095512
0.0045580
-0.0000603
-0.0042464
-0.0073620
-0.0090247
-0.0097658
-0.0087560
-0.0074490
-0.0059088
-0.0055207
-0.0058738
-0.0071695
-0.0089355
-0.0104635
-0.0113494
-0.0113115
-0.0108540
-0.0098857
-0.0091295
-0.0085251
-0.0082968
-0.0078880
-0.0073125
-0.0069663
-0.0071602
-0.0081492
-0.0105745
-0.0136194
-0.0175541
-0.0211120
-0.0241949
-0.0255479
-0.0252920
-0.0238645
-0.0200523
-0.0154738
-0.0100657
-0.0043177
0.0010138
0.0055509
0.0080056
0.0093366
0.0087578
0.0076295
0.0063550
0.0059009
0.0066006
0.0082064
0.0118775
0.0157119
0.0197542
0.0227365
0.0250997
0.0264545
0.0266668
0.0262633
0.0248391
0.0234376
0.0221049
0.0214194
0.0208733
0.0204559
0.0198770
0.0189682
0.0175752
0.0158165
0.0139941
0.0121867
0.0099845
0.0075983
0.0050513
0.0031068
0.0016323
0.0018184
0.0025859
0.0039832
0.0046780
0.0044882
0.0028355
-0.0006557
-0.0048226
-0.0096728
-0.0138718
-0.0175819
-0.0199531
-0.0218523
-0.0233807
-0.0253184
-0.0275657
-0.0302060
-0.0321527
-0.0333909
-0.0333255
-0.0320238
-0.0303206
-0.0285705
-0.0282122
-0.0288003
-0.0312795
-0.0334679
-0.0353882
-0.0350876
-0.0338418
-0.0313172
-0.0283583
-0.0255849
-0.0235015
-0.0220792
-0.0208551
-0.0193230
-0.0168730
-0.0137564
-0.0093312
-0.0046531
0.0002979
0.0047414
0.0088311
0.0123704
0.0157834
0.0193512
0.0235065
0.0283983
0.0336159
0.0386769
0.0425561
0.0455070
0.0453778
0.0441700
0.0415906
0.0380489
0.0344271
0.0309148
0.0277891
0.0247319
0.0214616
0.0172679
0.0124035
0.0057981
-0.0012364
-0.0086657
-0.0153846
-0.0211947
-0.0256866
-0.0277421
-0.0287179
-0.0281102
-0.0270488
-0.0260032
-0.0259659
-0.0271050
-0.0290722
-0.0321033
-0.0350274
-0.0378356
-0.0393043
-0.0398834
-0.0390875
-0.0365000
-0.0329229
-0.0276309
-0.0211967
-0.0142130
-0.0071411
-0.0010414
0.0042935
0.0075243
0.0102826
0.0124401
0.0145801
0.0167837
0.0191279
0.0211434
0.0229362
0.0242516
0.0251212
0.0256295
0.0248696
0.0233723
0.0211954
0.0179780
0.0142511
0.0098261
0.0047712
-0.0003425
-0.0052995
-0.0095214
-0.0132162
-0.0156449
-0.0172032
-0.0181245
-0.0176881
-0.0166981
-0.0151091
-0.0136491
-0.0128456
-0.0131882
-0.0159034
-0.0197300
-0.0251979
-0.0305278
-0.0355729
-0.0390089
-0.0408978
-0.0415715
-0.0391929
-0.0354542
-0.0299868
-0.0216918
-0.0125329
-0.0023573
0.0066936
0.0147517
0.0202602
0.0238075
0.0261101
0.0267877
0.0271193
0.0271318
0.0268821
0.0263675
0.0254729
0.0239688
0.0224556
0.0212177
0.0206223
0.0203968
0.0208011
0.0213708
0.0220163
0.0218415
0.0212450
0.0201920
0.0193181
0.0185428
0.0179151
0.0168126
0.0153648
0.0132009
0.0101813
0.0066252
0.0020852
-0.0025417
-0.0072365
-0.0113819
-0.0150326
-0.0180543
-0.0201238
-0.0217470
-0.0226959
-0.0227251
-0.0223937
-0.0217802
-0.0213876
-0.0210951
-0.0205313
-0.0194030
-0.0177544
-0.0147341
-0.0109346
-0.0060524
-0.0005011
0.0049602
0.0098626
0.0134204
0.0159765
0.0160214
0.0147701
0.0126388
0.0101157
0.0077063
0.0054200
0.0030632
0.0004277
-0.0026914
-0.0063896
-0.0101198
-0.0134935
-0.0153372
-0.0161469
-0.0146523
-0.0124081
-0.0095754
-0.0065204
-0.0035303
-0.0006229
0.0022086
0.0049761
0.0076288
0.0102065
0.0126866
0.0148721
0.0163938
0.0174475
0.0174179
0.0167734
0.0155624
0.0129777
0.0098526
0.0060034
0.0027715
0.0002020
-0.0009672
-0.0018421
-0.0028843
-0.0054029
-0.0095737
-0.0148974
-0.0214564
-0.0273453
-0.0325093
-0.0345849
-0.0349635
-0.0328044
-0.0286918
-0.0239783
-0.0189075
-0.0144290
-0.0104545
-0.0081311
-0.0065834
-0.0056447
-0.0047957
-0.0033382
-0.0011069
0.0035075
0.0088773
0.0151622
0.0205768
0.0252590
0.0281119
0.0294981
0.0299934
0.0297328
0.0297524
0.0300307
0.0307217
0.0312228
0.0314139
0.0303408
0.0286421
0.0259539
0.0231525
0.0203885
0.0180507
0.0155304
0.0128269
0.0086532
0.0036242
-0.0023301
-0.0091080
-0.0152656
-0.0201945
-0.0219189
-0.0219597
-0.0192068
-0.0143041
-0.0082842
-0.0014854
0.0044709
0.0097653
0.0128339
0.0149896
0.0159842
0.0165583
0.0173151
0.0185818
0.0206431
0.0230732
0.0259752
0.0284385
0.0305295
0.0311791
0.0307620
0.0293607
0.0258695
0.0217465
0.0168064
0.0114316
0.0060449
0.0008405
-0.0033093
-0.0067507
-0.0086276
-0.0097582
-0.0103914
-0.0110141
-0.0123187
-0.0143608
-0.0182753
-0.0230950
-0.0292342
-0.0365414
-0.0440793
-0.0514234
-0.0573325
-0.0622377
-0.0647317
-0.0658475
-0.0658809
-0.0635817
-0.0602786
-0.0556985
-0.0490398
-0.0413004
-0.0318692
-0.0217111
-0.0114954
-0.0019643
0.0070625
0.0157905
0.0243399
0.0328594
0.0413497
0.0487708
0.0548539
0.0589982
0.0594473
0.0581068
0.0539744
0.0478052
0.0405927
0.0320598
0.0229876
0.0135359
0.0035743
-0.0061240
-0.0155375
-0.0240660
-0.0320686
-0.0392722
-0.0448859
-0.0495139
-0.0522810
-0.0533391
-0.0533323
-0.0514124
-0.0490375
-0.0463065
-0.0445095
-0.0431452
-0.0423311
-0.0415027
-0.0403880
-0.0386696
-0.0362056
-0.0336736
-0.0318084
-0.0316732
-0.0326807
-0.0356344
-0.0385825
-0.0415257
-0.0419184
-0.0409942
-0.0382559
-0.0351308
-0.0326009
-0.0317894
-0.0335455
-0.0365175
-0.0406318
-0.0431175
-0.0442790
-0.0397007
-0.0324713
-0.0223712
-0.0107753
0.0003365
0.0103585
0.0180395
0.0246510
0.0297271
0.0348895
0.0402145
0.0464361
0.0522435
0.0577254
0.0604637
0.0620312
0.0621096
0.0606380
0.0587296
0.0563417
0.0541024
0.0519242
0.0498034
0.0470511
0.0437409
0.0380883
0.0306971
0.0217016
0.0099999
-0.0021969
-0.0149673
-0.0260301
-0.0356153
-0.0422402
-0.0461958
-0.0487907
-0.0496931
-0.0504134
-0.0510435
-0.0524155
-0.0540141
-0.0558579
-0.0568645
-0.0572214
-0.0565533
-0.0550276
-0.0531475
-0.0508241
-0.0482551
-0.0454603
-0.0418543
-0.0370969
-0.0314351
-0.0239473
-0.0164493
-0.0089386
-0.0029494
0.0020579
0.0054201
0.0074580
0.0089764
0.0100907
0.0121104
0.0148280
0.0197140
0.0252167
0.0312866
0.0375587
0.0436929
0.0496077
0.0542969
0.0580404
0.0599541
0.0595191
0.0576450
0.0530078
0.0471493
0.0404678
0.0335525
0.0270523
0.0210013
0.0156216
0.0102575
0.0048193
-0.0015409
-0.0084413
-0.0163236
-0.0245081
-0.0327498
-0.0403695
-0.0468855
-0.0525337
-0.0554225
-0.0571961
-0.0575513
-0.0565800
-0.0550415
-0.0526821
-0.0493992
-0.0455666
-0.0406974
-0.0346624
-0.0278411
-0.0195182
-0.0107986
-0.0017135
0.0067564
0.0145559
0.0213882
0.0267721
0.0316133
0.0357682
0.0400696
0.0444329
0.0488247
0.0528030
0.0564219
0.0580458
0.0581143
0.0564994
0.0520755
0.0464290
0.0390433
0.0304420
0.0217185
0.0135621
0.0069566
0.0012504
-0.0032122
-0.0078293
-0.0125677
-0.0179642
-0.0232557
-0.0284130
-0.0318000
-0.0339767
-0.0340961
-0.0316910
-0.0277492
-0.0208508
-0.0129190
-0.0045889
0.0016682
0.0057309
0.0077689
0.0057972
0.0027763
-0.0015667
-0.0049492
-0.0073259
-0.0075898
-0.0058684
-0.0031279
0.0009125
0.0044646
0.0075872
0.0082257
0.0077711
0.0061340
0.0036911
0.0013091
-0.0008404
-0.0024683
-0.0038672
-0.0049537
-0.0056431
-0.0061059
-0.0062761
-0.0064843
-0.0067225
-0.0079704
-0.0099526
-0.0128686
-0.0166684
-0.0207126
-0.0250234
-0.0286155
-0.0315920
-0.0330154
-0.0336653
-0.0339076
-0.0344586
-0.0358656
-0.0380613
-0.0413196
-0.0442579
-0.0466502
-0.0473151
-0.0470082
-0.0450487
-0.0421254
-0.0388425
-0.0356331
-0.0325171
-0.0294617
-0.0263668
-0.0234990
-0.0208771
-0.0185908
-0.0162287
-0.0136789
-0.0103085
-0.0062255
-0.0005367
0.0066871
0.0147981
0.0241165
0.0331099
0.0418462
0.0480772
0.0528986
0.0559276
0.0563325
0.0557534
0.0538437
0.0508718
0.0472555
0.0423985
0.0367579
0.0306430
0.0241393
0.0177173
0.0113705
0.0059212
0.0012104
-0.0024515
-0.0044112
-0.0055679
-0.0054940
-0.0048705
-0.0040491
-0.0033100
-0.0027922
-0.0024208
-0.0020207
-0.0016155
-0.0012046
-0.0010866
-0.0008636
-0.0004092
0.0011278
0.0033685
0.0069825
0.0114474
0.0163610
0.0216303
0.0264012
0.0307795
0.0328726
0.0338659
0.0334613
0.0309690
0.0278457
0.0239863
0.0204092
0.0169811
0.0137920
0.0106467
0.0074503
0.0033764
-0.0018125
-0.0080300
-0.0152371
-0.0219285
-0.0277858
-0.0309283
-0.0326782
-0.0321767
-0.0312026
-0.0302833
-0.0306123
-0.0314951
-0.0327115
-0.0330948
-0.0326973
-0.0314545
-0.0294238
-0.0277238
-0.0267321
-0.0275709
-0.0290865
-0.0312980
-0.0324168
-0.0326915
-0.0305428
-0.0276603
-0.0242017
-0.0223829
-0.0218860
-0.0230703
-0.0256683
-0.0280529
-0.0295778
-0.0284412
-0.0258314
-0.0206912
-0.0146315
-0.0080706
-0.0016899
0.0040051
0.0090698
0.0123866
0.0147881
0.0159265
0.0160860
0.0161938
0.0166467
0.0180988
0.0201515
0.0233206
0.0267667
0.0303826
0.0336403
0.0365211
0.0389938
0.0407435
0.0422109
0.0432889
0.0438942
0.0442663
0.0442748
0.0437520
0.0427883
0.0404260
0.0367229
0.0319659
0.0248436
0.0172156
0.0089444
0.0005073
-0.0077716
-0.0156665
-0.0220326
-0.0273169
-0.0302099
-0.0312997
-0.0312028
-0.0291172
-0.0269766
-0.0247852
-0.0244166
-0.0250085
-0.0269273
-0.0298781
-0.0326558
-0.0344845
-0.0344131
-0.0332869
-0.0305018
-0.0272105
-0.0236044
-0.0205517
-0.0181394
-0.0164204
-0.0157089
-0.0152342
-0.0150248
-0.0145701
-0.0138041
-0.0122459
-0.0095608
-0.0061672
-0.0014663
0.0035278
0.0087518
0.0133759
0.0171527
0.0198539
0.0206080
0.0207857
0.0203018
0.0202628
0.0207213
0.0226070
0.0256025
0.0291816
0.0322930
0.0333415
0.0324871
0.0264113
0.0187739
0.0091198
0.0001770
-0.0073674
-0.0116722
-0.0122909
-0.0110951
-0.0078950
-0.0052022
-0.0029419
-0.0029417
-0.0038534
-0.0057528
-0.0080676
-0.0101840
-0.0118845
-0.0128665
-0.0134672
-0.0134298
-0.0122799
-0.0104010
-0.0070144
-0.0032657
0.0007672
0.0042921
0.0069983
0.0086633
0.0085097
0.0077300
0.0061456
0.0044768
0.0029816
0.0022866
0.0020723
0.0020802
0.0015408
-0.0000935
-0.0027379
-0.0082870
-0.0148637
-0.0228004
-0.0308087
-0.0381877
-0.0439167
-0.0473584
-0.0494375
-0.0490238
-0.0473781
-0.0448830
-0.0417020
-0.0385893
-0.0355506
-0.0334005
-0.0318062
-0.0310623
-0.0312382
-0.0317774
-0.0327399
-0.0331493
-0.0330474
-0.0311072
-0.0281985
-0.0245289
-0.0215734
-0.0198267
-0.0196172
-0.0216448
-0.0241282
-0.0269328
-0.0282763
-0.0287308
-0.0274739
-0.0258519
-0.0240555
-0.0226128
-0.0212221
-0.0198799
-0.0175396
-0.0142545
-0.0096137
-0.0032368
0.0037084
0.0112653
0.0183547
0.0249893
0.0301933
0.0343247
0.0376722
0.0393224
0.0403941
0.0408397
0.0409393
0.0410702
0.0413099
0.0421505
0.0432475
0.0446813
0.0460378
0.0473993
0.0490631
0.0513382
0.0540934
0.0580519
0.0619193
0.0656726
0.0667828
0.0658528
0.0613559
0.0526915
0.0420249
0.0286101
0.0151063
0.0017702
-0.0090204
-0.0176813
-0.0243786
-0.0283484
-0.0321478
-0.0358604
-0.0406278
-0.0456121
-0.0506361
-0.0539122
-0.0558034
-0.0539953
-0.0493755
-0.0427681
-0.0334234
-0.0240237
-0.0145610
-0.0068235
-0.0003432
0.0041704
0.0058060
0.0059820
0.0038146
0.0008617
-0.0022926
-0.0042120
-0.0044694
-0.0034212
0.0002753
0.0042592
0.0086086
0.0121408
0.0149974
0.0166539
0.0170146
0.0166740
0.0151661
0.0126164
0.0094082
0.0053627
0.0015842
-0.0019494
-0.0031765
-0.0029979
-0.0008556
0.0032713
0.0078376
0.0125636
0.0154921
0.0171198
0.0155819
0.0124465
0.0082488
0.0040911
0.0008365
-0.0014406
-0.0023652
-0.0030937
-0.0036817
-0.0047658
-0.0059670
-0.0071475
-0.0077046
-0.0078881
-0.0074827
-0.0065708
-0.0052610
-0.0031501
-0.0012606
0.0003473
0.0009855
0.0011660
0.0006548
-0.0003723
-0.0015630
-0.0027565
-0.0038139
-0.0047598
-0.0053041
-0.0055328
-0.0054704
-0.0054990
-0.0058061
-0.0065250
-0.0075587
-0.0086381
-0.0096811
-0.0103352
-0.0106498
-0.0099778
-0.0084775
-0.0063659
-0.0028323
0.0012759
0.0060060
0.0107462
0.0150263
0.0184875
0.0205765
0.0220153
0.0224778
0.0225408
0.0223377
0.0215621
0.0200096
0.0178465
0.0139129
0.0094878
0.0044388
-0.0001199
-0.0041665
-0.0072677
-0.0095644
-0.0114880
-0.0129341
-0.0142937
-0.0155924
-0.0167475
-0.0173884
-0.0175550
-0.0156889
-0.0127406
-0.0082970
-0.0020324
0.0049190
0.0127427
0.0201827
0.0271734
0.0325894
0.0363063
0.0387874
0.0387985
0.0384249
0.0376344
0.0374743
0.0379602
0.0394960
0.0419089
0.0444395
0.0466515
0.0479908
0.0487069
0.0478617
0.0462471
0.0440283
0.0411413
0.0381412
0.0349972
0.0320439
0.0291069
0.0261516
0.0226290
0.0187392
0.0140966
0.0093395
0.0045980
0.0007730
-0.0022140
-0.0044272
-0.0053365
-0.0060919
-0.0066979
-0.0087040
-0.0116127
-0.0161552
-0.0210995
-0.0259759
-0.0296742
-0.0319335
-0.0331639
-0.0327125
-0.0320963
-0.0313020
-0.0310327
-0.0311463
-0.0318589
-0.0334103
-0.0354552
-0.0383991
-0.0417487
-0.0452114
-0.0481065
-0.0504509
-0.0523623
-0.0538871
-0.0549979
-0.0555822
-0.0544232
-0.0523958
-0.0490254
-0.0446491
-0.0399779
-0.0354052
-0.0310117
-0.0266368
-0.0212921
-0.0154264
-0.0090849
-0.0025248
0.0037556
0.0096093
0.0136696
0.0168470
0.0186287
0.0198637
0.0207950
0.0212424
0.0215496
0.0217510
0.0216643
0.0211401
0.0201423
0.0187700
0.0176528
0.0170452
0.0178562
0.0194056
0.0221698
0.0252307
0.0283172
0.0305836
0.0321437
0.0331487
0.0331924
0.0324272
0.0306334
0.0262087
0.0201999
0.0115810
0.0009671
-0.0099145
-0.0193295
-0.0249823
-0.0279891
-0.0249147
-0.0197849
-0.0127601
-0.0056161
0.0004861
0.0050254
0.0066727
0.0071313
0.0059452
0.0043677
0.0027399
0.0016397
0.0014323
0.0018892
0.0040194
0.0067218
0.0100452
0.0134716
0.0164846
0.0187479
0.0193977
0.0191293
0.0172293
0.0145465
0.0115036
0.0085056
0.0057423
0.0031622
0.0009162
-0.0012523
-0.0033244
-0.0055954
-0.0080050
-0.0106480
-0.0132594
-0.0158436
-0.0183636
-0.0208791
-0.0234195
-0.0262954
-0.0294938
-0.0329915
-0.0363185
-0.0391588
-0.0412810
-0.0420986
-0.0423180
-0.0416380
-0.0407460
-0.0398038
-0.0390281
-0.0373389
-0.0349018
-0.0291043
-0.0220269
-0.0135594
-0.0043691
0.0046621
0.0132897
0.0205345
0.0270462
0.0323437
0.0366916
0.0403386
0.0421450
0.0420778
0.0405398
0.0348981
0.0278827
0.0191178
0.0097724
0.0009485
-0.0065904
-0.0116010
-0.0151650
-0.0161498
-0.0160365
-0.0153382
-0.0150068
-0.0155635
-0.0169393
-0.0195480
-0.0222566
-0.0250361
-0.0266266
-0.0272070
-0.0257772
-0.0223433
-0.0178648
-0.0119829
-0.0059338
0.0001937
0.0054491
0.0098823
0.0134273
0.0154060
0.0168997
0.0177713
0.0182376
0.0185669
0.0187847
0.0186580
0.0182032
0.0165330
0.0138826
0.0104602
0.0057131
0.0012966
-0.0026960
-0.0049610
-0.0064947
-0.0069781
-0.0074199
-0.0081902
-0.0103258
-0.0132186
-0.0165650
-0.0202114
-0.0237458
-0.0271783
-0.0290618
-0.0298777
-0.0291897
-0.0267669
-0.0238939
-0.0207089
-0.0185357
-0.0170390
-0.0170296
-0.0175471
-0.0184146
-0.0192565
-0.0199663
-0.0205326
-0.0217263
-0.0232714
-0.0253444
-0.0273842
-0.0291191
-0.0299202
-0.0291980
-0.0275681
-0.0245430
-0.0212986
-0.0178807
-0.0152604
-0.0128819
-0.0108129
-0.0076565
-0.0034609
0.0026296
0.0110465
0.0203911
0.0305145
0.0396330
0.0479185
0.0530731
0.0562189
0.0575096
0.0558748
0.0531608
0.0490093
0.0438729
0.0387287
0.0340390
0.0307863
0.0285520
0.0287335
0.0301780
0.0324236
0.0336922
0.0334334
0.0315214
0.0262296
0.0197660
0.0117337
0.0041443
-0.0026529
-0.0072898
-0.0093662
-0.0098147
-0.0071589
-0.0032799
0.0015566
0.0063201
0.0105055
0.0139580
0.0161789
0.0178612
0.0187577
0.0193415
0.0198108
0.0202142
0.0203181
0.0201586
0.0189137
0.0170056
0.0144874
0.0115116
0.0087312
0.0062696
0.0045323
0.0031110
0.0021490
0.0014079
0.0006659
-0.0005285
-0.0021481
-0.0040361
-0.0056043
-0.0066117
-0.0070130
-0.0055460
-0.0030631
0.0009399
0.0060797
0.0116832
0.0178466
0.0239624
0.0299330
0.0349842
0.0390281
0.0422781
0.0432634
0.0435396
0.0429143
0.0416896
0.0403389
0.0388933
0.0374290
0.0358587
0.0338932
0.0314251
0.0286694
0.0258334
0.0235464
0.0217644
0.0216715
0.0224554
0.0244494
0.0279930
0.0319283
0.0361085
0.0393125
0.0417868
0.0424160
0.0417752
0.0402736
0.0383928
0.0368101
0.0355487
0.0337444
0.0311215
0.0271267
0.0207356
0.0131557
0.0037185
-0.0054097
-0.0139898
-0.0196592
-0.0229379
-0.0243435
-0.0221212
-0.0192457
-0.0155368
-0.0126623
-0.0105238
-0.0097086
-0.0099340
-0.0106708
-0.0121384
-0.0141763
-0.0166480
-0.0204366
-0.0252428
-0.0309900
-0.0375274
-0.0436108
-0.0489671
-0.0506256
-0.0497207
-0.0440416
-0.0347979
-0.0239175
-0.0116776
-0.0004902
0.0098477
0.0165330
0.0214435
0.0244381
0.0254701
0.0262143
0.0267485
0.0271069
0.0272920
0.0270682
0.0262581
0.0249273
0.0217949
0.0172206
0.0115116
0.0034473
-0.0050933
-0.0142428
-0.0221160
-0.0284232
-0.0317680
-0.0311645
-0.0288103
-0.0244393
-0.0210889
-0.0186175
-0.0196767
-0.0222193
-0.0261309
-0.0300258
-0.0327149
-0.0335974
-0.0316761
-0.0288052
-0.0248696
-0.0209597
-0.0173874
-0.0155192
-0.0151361
-0.0157603
-0.0168465
-0.0173329
-0.0171706
-0.0151940
-0.0127694
-0.0098312
-0.0071133
-0.0046682
-0.0029067
-0.0018758
-0.0011421
-0.0000722
0.0017408
0.0041384
0.0077141
0.0115150
0.0155985
0.0187782
0.0210872
0.0218075
0.0210242
0.0196280
0.0176768
0.0159521
0.0144310
0.0137938
0.0137154
0.0141520
0.0142159
0.0137578
0.0125417
0.0106958
0.0085239
0.0058197
0.0032045
0.0008036
-0.0006533
-0.0015641
-0.0020908
-0.0021229
-0.0020829
-0.0019650
-0.0008675
0.0012553
0.0050443
0.0107036
0.0170809
0.0242627
0.0310123
0.0372689
0.0413806
0.0437032
0.0446196
0.0422384
0.0384564
0.0328956
0.0251434
0.0167997
0.0078231
-0.0004864
-0.0081687
-0.0141835
-0.0185026
-0.0217679
-0.0238507
-0.0258622
-0.0278063
-0.0288965
-0.0294923
-0.0293991
-0.0284388
-0.0269680
-0.0246085
-0.0216962
-0.0185870
-0.0155794
-0.0126680
-0.0098657
-0.0081570
-0.0073923
-0.0076501
-0.0090594
-0.0108139
-0.0130060
-0.0147446
-0.0160265
-0.0162211
-0.0155671
-0.0144156
-0.0125469
-0.0111223
-0.0100480
-0.0109750
-0.0124807
-0.0147214
-0.0171215
-0.0190204
-0.0198114
-0.0192026
-0.0182314
-0.0175752
-0.0178877
-0.0188411
-0.0208947
-0.0227059
-0.0242922
-0.0232642
-0.0205220
-0.0153705
-0.0076393
0.0006194
0.0089780
0.0156962
0.0213308
0.0246095
0.0266676
0.0278634
0.0279093
0.0276976
0.0272070
0.0264983
0.0258226
0.0252388
0.0252171
0.0255616
0.0266204
0.0283113
0.0303430
0.0326858
0.0352477
0.0379804
0.0415923
0.0455085
0.0498152
0.0543459
0.0584393
0.0615398
0.0617146
0.0602668
0.0560211
0.0508438
0.0451917
0.0400566
0.0360934
0.0332138
0.0322511
0.0314091
0.0306282
0.0283399
0.0252570
0.0208727
0.0160522
0.0111814
0.0069472
0.0047424
0.0040671
0.0076325
0.0124835
0.0187289
0.0256120
0.0317978
0.0366484
0.0385533
0.0387922
0.0360838
0.0313481
0.0255872
0.0192727
0.0132987
0.0075960
0.0042363
0.0015389
-0.0003191
-0.0029779
-0.0059969
-0.0095457
-0.0136412
-0.0176307
-0.0205008
-0.0205544
-0.0187104
-0.0132417
-0.0071451
-0.0004654
0.0057165
0.0115663
0.0169512
0.0214828
0.0255930
0.0290292
0.0309116
0.0314410
0.0280459
0.0221555
0.0144981
0.0042169
-0.0064645
-0.0175875
-0.0259321
-0.0325160
-0.0363949
-0.0378068
-0.0382201
-0.0374194
-0.0369962
-0.0370244
-0.0390588
-0.0425076
-0.0470681
-0.0528328
-0.0580435
-0.0625513
-0.0640375
-0.0639691
-0.0614752
-0.0576351
-0.0536212
-0.0505986
-0.0497808
-0.0504718
-0.0542635
-0.0594574
-0.0659473
-0.0726235
-0.0779875
-0.0813701
-0.0808550
-0.0780988
-0.0714966
-0.0616749
-0.0503020
-0.0373134
-0.0244773
-0.0118411
-0.0017338
0.0069992
0.0142484
0.0206297
0.0268988
0.0330957
0.0396940
0.0464312
0.0533006
0.0588083
0.0632526
0.0646164
0.0645922
0.0634793
0.0614647
0.0596549
0.0581071
0.0592167
0.0618982
0.0671435
0.0746292
0.0830082
0.0921484
0.0998053
0.1062532
0.1083549
0.1076590
0.1043835
0.0977545
0.0904907
0.0824906
0.0747201
0.0672734
0.0605370
0.0550822
0.0505133
0.0479585
0.0464478
0.0456419
0.0450821
0.0438978
0.0420397
0.0386042
0.0346183
0.0299028
0.0257506
0.0220416
0.0192808
0.0167064
0.0142427
0.0119584
0.0095426
0.0070227
0.0047877
0.0030479
0.0019387
0.0014472
0.0011412
0.0010498
0.0005557
-0.0001954
-0.0014672
-0.0024325
-0.0031726
-0.0033014
-0.0036120
-0.0040902
-0.0059582
-0.0085270
-0.0120567
-0.0168043
-0.0217105
-0.0264366
-0.0293896
-0.0313108
-0.0314292
-0.0306026
-0.0291380
-0.0274879
-0.0263844
-0.0258733
-0.0260545
-0.0265819
-0.0276174
-0.0289854
-0.0302827
-0.0310961
-0.0313775
-0.0313116
-0.0305339
-0.0292792
-0.0276512
-0.0262109
-0.0254836
-0.0256639
-0.0278271
-0.0308902
-0.0352925
-0.0410678
-0.0475786
-0.0552822
-0.0632972
-0.0714109
-0.0786157
-0.0851595
-0.0910889
-0.0964337
-0.1015628
-0.1064085
-0.1099304
-0.1123068
-0.1123946
-0.1096200
-0.1049304
-0.0960486
-0.0848464
-0.0720606
-0.0581823
-0.0448460
-0.0321069
-0.0229314
-0.0152755
-0.0097622
-0.0052964
-0.0012698
0.0021871
0.0057796
0.0093659
0.0124314
0.0144228
0.0155693
0.0157290
0.0158616
0.0159597
0.0169474
0.0186720
0.0217072
0.0258009
0.0304401
0.0359153
0.0410662
0.0458617
0.0487149
0.0498969
0.0495365
0.0456630
0.0407293
0.0344196
0.0279778
0.0221702
0.0180642
0.0149232
0.0122807
0.0102926
0.0087293
0.0073890
0.0046053
0.0014374
-0.0021473
-0.0059607
-0.0101952
-0.0151475
-0.0210469
-0.0272611
-0.0337129
-0.0392172
-0.0437653
-0.0445954
-0.0421518
-0.0371387
-0.0278151
-0.0174514
-0.0057565
0.0061129
0.0176979
0.0286143
0.0385695
0.0477766
0.0551889
0.0610312
0.0658157
0.0686251
0.0707267
0.0721772
0.0730998
0.0734046
0.0728163
0.0710914
0.0689482
0.0662876
0.0631013
0.0596717
0.0560271
0.0521340
0.0481012
0.0446251
0.0417238
0.0394420
0.0378457
0.0363504
0.0349310
0.0330477
0.0311938
0.0298014
0.0295383
0.0299186
0.0311237
0.0320281
0.0326973
0.0302493
0.0258123
0.0188429
0.0101841
0.0018404
-0.0053380
-0.0100621
-0.0133943
-0.0142648
-0.0143963
-0.0141878
-0.0148422
-0.0160798
-0.0178560
-0.0206337
-0.0235305
-0.0265409
-0.0287604
-0.0307201
-0.0323956
-0.0344562
-0.0368696
-0.0403560
-0.0443654
-0.0486794
-0.0519339
-0.0536079
-0.0535734
-0.0493040
-0.0433870
-0.0352037
-0.0262620
-0.0173638
-0.0091881
-0.0024646
0.0033715
0.0077337
0.0112978
0.0142377
0.0151634
0.0154160
0.0148137
0.0122498
0.0086451
0.0034036
-0.0017660
-0.0064193
-0.0091133
-0.0105267
-0.0111599
-0.0110756
-0.0106707
-0.0099699
-0.0086644
-0.0066054
-0.0034579
0.0016360
0.0073359
0.0136469
0.0192523
0.0242238
0.0273284
0.0293045
0.0304687
0.0301563
0.0287266
0.0260903
0.0212733
0.0157382
0.0092704
0.0028668
-0.0030726
-0.0076070
-0.0106948
-0.0129869
-0.0144262
-0.0164435
-0.0189162
-0.0233752
-0.0283943
-0.0341204
-0.0403675
-0.0465408
-0.0524129
-0.0573373
-0.0615842
-0.0643301
-0.0656576
-0.0660849
-0.0653279
-0.0644612
-0.0634940
-0.0639599
-0.0653533
-0.0680452
-0.0714256
-0.0747020
-0.0773803
-0.0782030
-0.0777937
-0.0747016
-0.0707316
-0.0661975
-0.0622143
-0.0584047
-0.0547860
-0.0513881
-0.0480382
-0.0447363
-0.0417364
-0.0392043
-0.0379076
-0.0369346
-0.0359811
-0.0340631
-0.0309418
-0.0268770
-0.0201330
-0.0125829
-0.0040149
0.0048900
0.0133258
0.0206806
0.0259353
0.0298546
0.0310814
0.0300635
0.0276007
0.0230482
0.0176864
0.0115823
0.0053827
0.0002192
-0.0033919
-0.0046794
-0.0046580
-0.0024126
0.0009428
0.0042704
0.0051900
0.0033258
-0.0005703
-0.0087258
-0.0173925
-0.0266053
-0.0337257
-0.0395041
-0.0432273
-0.0446726
-0.0452158
-0.0447018
-0.0439815
-0.0431841
-0.0425340
-0.0417690
-0.0409146
-0.0400765
-0.0392222
-0.0383470
-0.0368398
-0.0349661
-0.0324940
-0.0290327
-0.0250621
-0.0203131
-0.0162008
-0.0126052
-0.0107964
-0.0091359
-0.0076131
-0.0043678
0.0002500
0.0068225
0.0167835
0.0278629
0.0401674
0.0512985
0.0617486
0.0709850
0.0804063
0.0899973
0.1008447
0.1122732
0.1243350
0.1358080
0.1461430
0.1545572
0.1589977
0.1612374
0.1596450
0.1557190
0.1504491
0.1433710
0.1364368
0.1296207
0.1242927
0.1192176
0.1144598
0.1099110
0.1053500
0.1007013
0.0962214
0.0921433
0.0894678
0.0880345
0.0873034
0.0866134
0.0855787
0.0842262
0.0831047
0.0820127
0.0809498
0.0792684
0.0772800
0.0748072
0.0718714
0.0684070
0.0631059
0.0563197
0.0484815
0.0390387
0.0291890
0.0188911
0.0091521
-0.0002542
-0.0091580
-0.0167900
-0.0232899
-0.0272002
-0.0286593
-0.0286971
-0.0267650
-0.0241993
-0.0211356
-0.0177101
-0.0143461
-0.0110572
-0.0081526
-0.0056996
-0.0040973
-0.0039067
-0.0044891
-0.0063821
-0.0089362
-0.0118641
-0.0148378
-0.0165226
-0.0170204
-0.0135323
-0.0086477
-0.0019148
0.0062131
0.0145853
0.0228923
0.0297543
0.0355243
0.0385298
0.0395479
0.0391198
0.0356905
0.0303717
0.0230047
0.0122458
0.0003035
-0.0132041
-0.0267974
-0.0399629
-0.0517291
-0.0620060
-0.0713336
-0.0788781
-0.0861117
-0.0931063
-0.0999693
-0.1067737
-0.1135062
-0.1207595
-0.1285147
-0.1371741
-0.1470649
-0.1570282
-0.1657487
-0.1715229
-0.1752453
-0.1743609
-0.1716833
-0.1673512
-0.1615250
-0.1557334
-0.1500950
-0.1454002
-0.1409051
-0.1364560
-0.1319451
-0.1274240
-0.1229598
-0.1183176
-0.1134887
-0.1071129
-0.0992663
-0.0898252
-0.0769064
-0.0629495
-0.0477005
-0.0329024
-0.0187833
-0.0064270
0.0028292
0.0102714
0.0150663
0.0200741
0.0252531
0.0326425
0.0415654
0.0524281
0.0646970
0.0767786
0.0880690
0.0974324
0.1055964
0.1114202
0.1163601
0.1208052
0.1252285
0.1303640
0.1361582
0.1431684
0.1497425
0.1555803
0.1596060
0.1626608
0.1641159
0.1637850
0.1623819
0.1589861
0.1537177
0.1470851
0.1377397
0.1276496
0.1167632
0.1045619
0.0922465
0.0799219
0.0680625
0.0565736
0.0458660
0.0366543
0.0283076
0.0211825
0.0150923
0.0098123
0.0071328
0.0056165
0.0055791
0.0080940
0.0115056
0.0160859
0.0210526
0.0261036
0.0310048
0.0352099
0.0388793
0.0408697
0.0418674
0.0419491
0.0403051
0.0378516
0.0342923
0.0305304
0.0267511
0.0230209
0.0185055
0.0137105
0.0090610
0.0045013
0.0000012
-0.0044612
-0.0082706
-0.0113699
-0.0143147
-0.0176676
-0.0217720
-0.0263575
-0.0311850
-0.0363980
-0.0427415
-0.0496470
-0.0567466
-0.0627056
-0.0677646
-0.0708546
-0.0726907
-0.0729344
-0.0710215
-0.0685719
-0.0656039
-0.0622817
-0.0587614
-0.0549045
-0.0504314
-0.0456143
-0.0408494
-0.0362657
-0.0318526
-0.0268796
-0.0217373
-0.0163710
-0.0103487
-0.0044927
0.0006183
0.0029895
0.0036169
0.0006837
-0.0037738
-0.0091821
-0.0131390
-0.0150020
-0.0146016
-0.0100908
-0.0039521
0.0044530
0.0134725
0.0222101
0.0295583
0.0353025
0.0399346
0.0419378
0.0423267
0.0414472
0.0383994
0.0343338
0.0289707
0.0217958
0.0138518
0.0047930
-0.0058212
-0.0172126
-0.0297215
-0.0412400
-0.0519712
-0.0601467
-0.0670824
-0.0728786
-0.0773711
-0.0818516
-0.0863987
-0.0903719
-0.0938234
-0.0962095
-0.0975629
-0.0983911
-0.0985663
-0.0993936
-0.1007536
-0.1044706
-0.1089206
-0.1141671
-0.1191155
-0.1237095
-0.1277211
-0.1302824
-0.1317113
-0.1306992
-0.1267914
-0.1209427
-0.1108251
-0.0983247
-0.0839518
-0.0668451
-0.0498180
-0.0328774
-0.0184050
-0.0053652
0.0053276
0.0131651
0.0193863
0.0227327
0.0240621
0.0239545
0.0203618
0.0149407
0.0078307
-0.0011740
-0.0100393
-0.0185827
-0.0246361
-0.0294438
-0.0322582
-0.0332948
-0.0334133
-0.0323379
-0.0315861
-0.0310802
-0.0313217
-0.0317651
-0.0324277
-0.0332734
-0.0344063
-0.0360199
-0.0382931
-0.0405062
-0.0420056
-0.0425668
-0.0426895
-0.0428299
-0.0435806
-0.0448109
-0.0480948
-0.0522250
-0.0574333
-0.0631572
-0.0686663
-0.0735644
-0.0762886
-0.0774971
-0.0753913
-0.0703901
-0.0634455
-0.0528400
-0.0408655
-0.0276206
-0.0139465
-0.0011906
0.0101516
0.0187180
0.0260036
0.0313441
0.0359223
0.0404755
0.0464634
0.0534203
0.0609778
0.0673819
0.0719818
0.0746308
0.0729468
0.0701150
0.0659151
0.0627688
0.0606471
0.0609284
0.0633128
0.0668408
0.0715181
0.0759057
0.0800689
0.0839945
0.0882785
0.0930139
0.0988902
0.1051615
0.1119343
0.1180835
0.1237761
0.1284443
0.1319509
0.1346708
0.1358257
0.1363264
0.1362245
0.1349559
0.1336093
0.1322195
0.1316138
0.1313511
0.1315849
0.1319711
0.1324246
0.1329209
0.1330156
0.1327647
0.1306533
0.1274195
0.1229756
0.1166770
0.1094041
0.1006948
0.0905411
0.0798471
0.0685668
0.0568436
0.0449287
0.0331877
0.0218759
0.0108967
0.0001073
-0.0102587
-0.0200778
-0.0283143
-0.0353224
-0.0401918
-0.0418060
-0.0418079
-0.0394647
-0.0366270
-0.0336530
-0.0323210
-0.0327584
-0.0348251
-0.0391674
-0.0437873
-0.0486774
-0.0524509
-0.0549168
-0.0545768
-0.0519069
-0.0480561
-0.0427713
-0.0362763
-0.0289691
-0.0215897
-0.0144724
-0.0076437
-0.0003532
0.0071935
0.0151320
0.0232532
0.0311035
0.0379531
0.0428298
0.0465002
0.0481145
0.0493863
0.0503895
0.0533352
0.0580205
0.0649110
0.0742717
0.0835691
0.0920319
0.0973895
0.1011923
0.1026868
0.1029632
0.1023996
0.1000593
0.0970419
0.0934021
0.0895115
0.0861490
0.0835886
0.0829759
0.0833321
0.0852275
0.0878973
0.0906225
0.0920565
0.0913772
0.0892357
0.0857813
0.0829119
0.0806781
0.0805268
0.0815799
0.0844500
0.0876267
0.0905326
0.0923365
0.0933018
0.0936279
0.0921647
0.0900582
0.0874487
0.0856391
0.0840025
0.0825845
0.0807595
0.0785262
0.0755439
0.0714505
0.0670434
0.0627907
0.0592542
0.0561862
0.0538507
0.0516842
0.0496751
0.0473727
0.0448794
0.0421152
0.0384944
0.0344855
0.0299041
0.0242270
0.0175870
0.0081514
-0.0025091
-0.0140006
-0.0260247
-0.0374677
-0.0482907
-0.0555280
-0.0613856
-0.0653423
-0.0686067
-0.0717028
-0.0748053
-0.0784560
-0.0825235
-0.0877709
-0.0933337
-0.0991403
-0.1051097
-0.1110618
-0.1169973
-0.1204922
-0.1222622
-0.1210726
-0.1169990
-0.1114180
-0.1034574
-0.0946127
-0.0852405
-0.0754504
-0.0653767
-0.0550343
-0.0449119
-0.0354938
-0.0271148
-0.0221505
-0.0193637
-0.0205093
-0.0250063
-0.0312532
-0.0398694
-0.0491024
-0.0587619
-0.0689425
-0.0789515
-0.0887828
-0.0976420
-0.1060221
-0.1136912
-0.1202721
-0.1263268
-0.1315657
-0.1361475
-0.1402086
-0.1427368
-0.1438810
-0.1439386
-0.1412979
-0.1378140
-0.1332570
-0.1287637
-0.1247805
-0.1218670
-0.1208966
-0.1209948
-0.1229142
-0.1251490
-0.1273812
-0.1275646
-0.1258153
-0.1222838
-0.1150756
-0.1064235
-0.0958435
-0.0847591
-0.0740071
-0.0643691
-0.0561374
-0.0486274
-0.0420142
-0.0353222
-0.0285515
-0.0212705
-0.0137467
-0.0059570
0.0019207
0.0095563
0.0167403
0.0221913
0.0262543
0.0273039
0.0261536
0.0238756
0.0208998
0.0189260
0.0177380
0.0203257
0.0241118
0.0294172
0.0352499
0.0406752
0.0450779
0.0468521
0.0472102
0.0452220
0.0427844
0.0401165
0.0377177
0.0356412
0.0338611
0.0328323
0.0321001
0.0317663
0.0322895
0.0330268
0.0338955
0.0344289
0.0345250
0.0330120
0.0299271
0.0257795
0.0212805
0.0170101
0.0129902
0.0099330
0.0074696
0.0059144
0.0049964
0.0042655
0.0036212
0.0032155
0.0030146
0.0034932
0.0044077
0.0056652
0.0086152
0.0121361
0.0163791
0.0220276
0.0284461
0.0360973
0.0435257
0.0507894
0.0576941
0.0641561
0.0702023
0.0742893
0.0773361
0.0794228
0.0786249
0.0758600
0.0703316
0.0601971
0.0477471
0.0315861
0.0144973
-0.0026235
-0.0179745
-0.0310078
-0.0422983
-0.0487040
-0.0536423
-0.0569905
-0.0587317
-0.0595331
-0.0589160
-0.0573327
-0.0553121
-0.0526692
-0.0503530
-0.0484774
-0.0487068
-0.0500539
-0.0522762
-0.0544651
-0.0558725
-0.0562862
-0.0560299
-0.0555133
-0.0546376
-0.0532608
-0.0517967
-0.0506172
-0.0494814
-0.0483529
-0.0470307
-0.0452112
-0.0429346
-0.0389021
-0.0342046
-0.0286179
-0.0225018
-0.0162609
-0.0099487
-0.0039871
0.0016586
0.0063457
0.0103500
0.0138414
0.0160080
0.0177683
0.0190879
0.0206282
0.0221594
0.0236421
0.0252408
0.0268563
0.0284308
0.0293958
0.0300323
0.0303587
0.0306513
0.0309169
0.0310036
0.0310850
0.0311594
0.0305454
0.0289358
0.0254116
0.0181514
0.0087417
-0.0045228
-0.0200393
-0.0369874
-0.0559475
-0.0746762
-0.0931779
-0.1094450
-0.1247021
-0.1385986
-0.1505401
-0.1615553
-0.1711342
-0.1801742
-0.1888861
-0.1969593
-0.2047146
-0.2122575
-0.2199261
-0.2269864
-0.2333950
-0.2372040
-0.2391865
-0.2383267
-0.2334686
-0.2265558
-0.2163223
-0.2031309
-0.1882011
-0.1706848
-0.1526469
-0.1342104
-0.1159704
-0.0976606
-0.0792463
-0.0609524
-0.0429164
-0.0254161
-0.0078078
0.0100859
0.0289467
0.0487229
0.0690016
0.0892877
0.1082110
0.1258854
0.1389275
0.1500922
0.1587405
0.1654944
0.1716183
0.1770371
0.1821827
0.1871015
0.1914004
0.1954117
0.1992467
0.2035095
0.2080395
0.2128615
0.2171358
0.2209925
0.2241874
0.2273447
0.2305396
0.2338733
0.2373586
0.2408598
0.2439767
0.2462453
0.2478493
0.2476166
0.2464505
0.2440995
0.2409277
0.2376201
0.2342634
0.2303532
0.2260688
0.2209853
0.2153325
0.2093559
0.2032869
0.1974925
0.1919495
0.1873876
0.1835396
0.1807016
0.1791569
0.1781757
0.1780081
0.1783491
0.1788997
0.1795254
0.1800817
0.1805990
0.1812651
0.1819371
0.1826148
0.1832376
0.1837332
0.1840063
0.1832549
0.1819703
0.1798086
0.1772856
0.1745546
0.1715359
0.1685549
0.1655984
0.1626015
0.1591971
0.1552768
0.1497150
0.1428872
0.1338550
0.1221755
0.1091803
0.0942332
0.0787353
0.0630196
0.0483826
0.0345557
0.0214652
0.0100686
-0.0006132
-0.0103193
-0.0195037
-0.0286023
-0.0377453
-0.0464536
-0.0545577
-0.0604061
-0.0639488
-0.0657760
-0.0632393
-0.0591599
-0.0534159
-0.0482931
-0.0442063
-0.0418670
-0.0409818
-0.0404633
-0.0399577
-0.0385020
-0.0364637
-0.0334237
-0.0306084
-0.0279683
-0.0267965
-0.0262282
-0.0264269
-0.0265315
-0.0261989
-0.0249666
-0.0232321
-0.0216051
-0.0210340
-0.0219816
-0.0238328
-0.0262626
-0.0279410
-0.0289262
-0.0289488
-0.0291650
-0.0297297
-0.0324954
-0.0363156
-0.0417731
-0.0472612
-0.0526685
-0.0575883
-0.0624952
-0.0674754
-0.0743243
-0.0826527
-0.0925736
-0.1042984
-0.1159572
-0.1272308
-0.1369192
-0.1457326
-0.1530472
-0.1589081
-0.1638341
-0.1668874
-0.1689133
-0.1701314
-0.1700375
-0.1691748
-0.1673353
-0.1640552
-0.1601941
-0.1555123
-0.1497988
-0.1437323
-0.1375459
-0.1324332
-0.1280763
-0.1255061
-0.1230282
-0.1206371
-0.1175996
-0.1146986
-0.1120395
-0.1103794
-0.1092858
-0.1091567
-0.1099441
-0.1111186
-0.1124542
-0.1134851
-0.1143391
-0.1158234
-0.1174513
-0.1192335
-0.1205893
-0.1215309
-0.1218041
-0.1198749
-0.1167548
-0.1116043
-0.1057503
-0.0996145
-0.0938627
-0.0886028
-0.0837333
-0.0799620
-0.0763190
-0.0728368
-0.0691104
-0.0658897
-0.0638069
-0.0628403
-0.0621730
-0.0612989
-0.0596262
-0.0572820
-0.0523826
-0.0455299
-0.0368807
-0.0247368
-0.0119129
0.0017248
0.0149920
0.0277746
0.0394962
0.0495196
0.0587417
0.0671913
0.0756140
0.0840517
0.0934026
0.1035538
0.1145745
0.1256511
0.1362025
0.1458251
0.1532856
0.1595063
0.1635075
0.1665550
0.1691300
0.1715461
0.1738133
0.1759634
0.1772509
0.1780674
0.1782899
0.1771816
0.1751831
0.1716761
0.1660334
0.1589341
0.1487339
0.1358913
0.1213695
0.1045301
0.0874433
0.0701222
0.0540141
0.0386254
0.0242244
0.0103112
-0.0034425
-0.0170030
-0.0297638
-0.0418234
-0.0518746
-0.0599169
-0.0664876
-0.0700030
-0.0722828
-0.0732273
-0.0723902
-0.0708293
-0.0682546
-0.0639427
-0.0586283
-0.0515258
-0.0434988
-0.0350151
-0.0263304
-0.0183596
-0.0109469
-0.0058552
-0.0016759
0.0013469
0.0033610
0.0051540
0.0067656
0.0084853
0.0103149
0.0124497
0.0141329
0.0153261
0.0138311
0.0108064
0.0063697
0.0013161
-0.0030535
-0.0063613
-0.0065686
-0.0050813
-0.0007549
0.0050355
0.0113767
0.0176453
0.0231850
0.0281807
0.0317387
0.0346546
0.0368778
0.0386446
0.0406844
0.0432757
0.0471028
0.0515582
0.0570314
0.0624494
0.0677549
0.0724519
0.0771705
0.0819100
0.0875125
0.0935302
0.1000782
0.1072056
0.1144258
0.1216673
0.1278050
0.1331802
0.1369119
0.1397728
0.1421483
0.1445520
0.1472022
0.1500835
0.1534373
0.1569718
0.1607447
0.1639353
0.1666446
0.1684090
0.1695650
0.1703727
0.1705981
0.1700375
0.1689248
0.1670984
0.1652834
0.1634786
0.1605193
0.1564834
0.1507236
0.1415760
0.1300935
0.1138820
0.0932891
0.0700770
0.0427525
0.0140306
-0.0158071
-0.0474132
-0.0799033
-0.1134881
-0.1478885
-0.1818186
-0.2145478
-0.2436602
-0.2704072
-0.2923221
-0.3106345
-0.3266090
-0.3388265
-0.3496625
-0.3592299
-0.3665228
-0.3729646
-0.3782678
-0.3828484
-0.3871328
-0.3910156
-0.3944084
-0.3975932
-0.4006653
-0.4032417
-0.4054526
-0.4067169
-0.4077992
-0.4086821
-0.4082862
-0.4073787
-0.4057632
-0.4037836
-0.4013979
-0.3980122
-0.3937264
-0.3888582
-0.3828571
-0.3759312
-0.3682770
-0.3593151
-0.3498663
-0.3398091
-0.3290814
-0.3180228
-0.3064368
-0.2936428
-0.2802014
-0.2656936
-0.2505601
-0.2350480
-0.2193394
-0.2042204
-0.1896548
-0.1749057
-0.1592679
-0.1423033
-0.1228753
-0.1021895
-0.0794475
-0.0561121
-0.0328684
-0.0113819
0.0078855
0.0255657
0.0404429
0.0548745
0.0688128
0.0828680
0.0965816
0.1096871
0.1211975
0.1322091
0.1429005
0.1543231
0.1663730
0.1804530
0.1956790
0.2117908
0.2278592
0.2431328
0.2574036
0.2689275
0.2791335
0.2873455
0.2946485
0.3017073
0.3089208
0.3164275
0.3241222
0.3320335
0.3397527
0.3472884
0.3549744
0.3627687
0.3707234
0.3779831
0.3846908
0.3903205
0.3942032
0.3970398
0.3979472
0.3979024
0.3971149
0.3938102
0.3887816
0.3818904
0.3724531
0.3622369
0.3510180
0.3394291
0.3276682
0.3156718
0.3028576
0.2894422
0.2744864
0.2587157
0.2423178
0.2244938
0.2061350
0.1870813
0.1679379
0.1487989
0.1296944
0.1105977
0.0915715
0.0728617
0.0549836
0.0376502
0.0210755
0.0045161
-0.0120350
-0.0280084
-0.0435852
-0.0586196
-0.0724737
-0.0857940
-0.0982994
-0.1103752
-0.1222713
-0.1340720
-0.1454595
-0.1565080
-0.1661866
-0.1753536
-0.1839774
-0.1915926
-0.1985300
-0.2044213
-0.2089065
-0.2126910
-0.2153614
-0.2170289
-0.2181964
-0.2191501
-0.2205258
-0.2222323
-0.2244388
-0.2269820
-0.2299530
-0.2338024
-0.2376086
-0.2410665
-0.2436964
-0.2458263
-0.2469996
-0.2466326
-0.2451963
-0.2414566
-0.2361925
-0.2295195
-0.2184565
-0.2051495
-0.1887401
-0.1695346
-0.1494563
-0.1285304
-0.1082208
-0.0884983
-0.0705320
-0.0531461
-0.0360915
-0.0178427
0.0018294
0.0230571
0.0464974
0.0702316
0.0941230
0.1168702
0.1386229
0.1580975
0.1751672
0.1907689
0.2039892
0.2160405
0.2271829
0.2369670
0.2457280
0.2531871
0.2568646
0.2587706
0.2579990
0.2547130
0.2500298
0.2429175
0.2343342
0.2247842
0.2136172
0.2016642
0.1889785
0.1762033
0.1639251
0.1524085
0.1422562
0.1331186
0.1259320
0.1206115
0.1163095
0.1135335
0.1116134
0.1102762
0.1092877
0.1083630
0.1075074
0.1071580
0.1066690
0.1058549
0.1045187
0.1030252
0.1014426
0.0991150
0.0963763
0.0931888
0.0900034
0.0868173
0.0830845
0.0796931
0.0767382
0.0743162
0.0719730
0.0696461
0.0673934
0.0649873
0.0618701
0.0588378
0.0558894
0.0533779
0.0515336
0.0503036
0.0507785
0.0514489
0.0523073
0.0527971
0.0524451
0.0501123
0.0460219
0.0411144
0.0354935
0.0300992
0.0249434
0.0219529
0.0192191
0.0167647
0.0139936
0.0111403
0.0081928
0.0043226
0.0000010
-0.0050281
-0.0110085
-0.0176921
-0.0262233
-0.0360347
-0.0468553
-0.0596347
-0.0727188
-0.0861786
-0.1002696
-0.1142788
-0.1279510
-0.1398491
-0.1508233
-0.1603314
-0.1689595
-0.1770400
-0.1844485
-0.1917110
-0.1988334
-0.2045426
-0.2092967
-0.2127054
-0.2155275
-0.2185909
-0.2225690
-0.2283273
-0.2351449
-0.2438871
-0.2524993
-0.2609092
-0.2664609
-0.2707944
-0.2738073
-0.2762363
-0.2787853
-0.2816406
-0.2859438
-0.2909146
-0.2968565
-0.3031971
-0.3097516
-0.3164825
-0.3226382
-0.3283387
-0.3320292
-0.3345623
-0.3356200
-0.3354871
-0.3349221
-0.3337820
-0.3308906
-0.3269630
-0.3211180
-0.3129986
-0.3030338
-0.2866475
-0.2663019
-0.2423236
-0.2110466
-0.1770689
-0.1394671
-0.1004681
-0.0615608
-0.0235609
0.0118478
0.0456432
0.0761554
0.1039692
0.1297074
0.1491746
0.1653947
0.1780919
0.1850106
0.1897343
0.1914582
0.1915246
0.1911504
0.1906909
0.1904033
0.1900782
0.1889063
0.1869758
0.1844543
0.1807753
0.1764836
0.1714102
0.1646968
0.1565903
0.1459999
0.1335456
0.1207446
0.1089339
0.0984707
0.0890146
0.0823443
0.0771744
0.0733923
0.0707524
0.0682384
0.0658397
0.0635297
0.0612096
0.0588238
0.0556461
0.0522064
0.0490112
0.0470337
0.0459360
0.0464466
0.0470515
0.0477590
0.0470184
0.0446677
0.0396811
0.0316610
0.0230243
0.0148432
0.0090363
0.0048526
0.0043495
0.0062755
0.0101077
0.0167652
0.0238981
0.0316415
0.0419326
0.0532812
0.0661236
0.0793714
0.0928115
0.1064836
0.1180134
0.1280571
0.1349503
0.1422043
0.1497959
0.1595786
0.1704854
0.1829428
0.1961660
0.2089239
0.2200908
0.2291626
0.2369352
0.2422037
0.2459433
0.2486267
0.2504965
0.2520311
0.2532059
0.2536842
0.2542217
0.2549674
0.2550902
0.2542492
0.2508549
0.2453350
0.2386403
0.2306509
0.2214116
0.2111853
0.1990589
0.1863515
0.1729029
0.1569805
0.1396639
0.1201201
0.0985610
0.0763063
0.0537661
0.0323306
0.0116036
-0.0082677
-0.0278595
-0.0472079
-0.0654994
-0.0829378
-0.0991464
-0.1140210
-0.1286576
-0.1433124
-0.1578937
-0.1724868
-0.1873370
-0.2013868
-0.2147602
-0.2246036
-0.2332750
-0.2406850
-0.2482698
-0.2561783
-0.2646243
-0.2738463
-0.2835177
-0.2940228
-0.3036147
-0.3126272
-0.3205776
-0.3285988
-0.3366807
-0.3449880
-0.3538213
-0.3633164
-0.3723577
-0.3809208
-0.3885894
-0.3947523
-0.3996306
-0.4012779
-0.3995916
-0.3954329
-0.3843902
-0.3681932
-0.3472378
-0.3151213
-0.2785324
-0.2359656
-0.1891230
-0.1420186
-0.0962724
-0.0569415
-0.0219774
0.0032673
0.0224763
0.0374876
0.0478713
0.0578799
0.0674753
0.0776099
0.0888500
0.1019573
0.1148337
0.1270895
0.1375887
0.1479608
0.1581740
0.1675983
0.1770414
0.1865033
0.1950331
0.2027899
0.2095539
0.2146403
0.2186010
0.2206587
0.2200923
0.2173901
0.2094527
0.1965836
0.1805036
0.1594095
0.1365255
0.1120090
0.0867358
0.0621853
0.0387870
0.0167684
-0.0041654
-0.0230199
-0.0389500
-0.0534539
-0.0663771
-0.0780640
-0.0888463
-0.0975712
-0.1066930
-0.1162367
-0.1253069
-0.1334249
-0.1399331
-0.1435070
-0.1449985
-0.1422250
-0.1369142
-0.1300559
-0.1206172
-0.1102408
-0.0991367
-0.0883496
-0.0778336
-0.0676711
-0.0584989
-0.0500464
-0.0428226
-0.0368946
-0.0318121
-0.0284888
-0.0267461
-0.0260070
-0.0266035
-0.0279960
-0.0301204
-0.0308403
-0.0306226
-0.0290896
-0.0269699
-0.0244748
-0.0212990
-0.0192939
-0.0182329
-0.0197413
-0.0222992
-0.0255246
-0.0280714
-0.0294952
-0.0297040
-0.0298778
-0.0303264
-0.0312684
-0.0333020
-0.0362516
-0.0412273
-0.0466148
-0.0523815
-0.0594836
-0.0670207
-0.0748933
-0.0807847
-0.0867335
-0.0927582
-0.0991386
-0.1051665
-0.1103525
-0.1141002
-0.1169678
-0.1181264
-0.1179444
-0.1167705
-0.1128662
-0.1080029
-0.1022598
-0.0962155
-0.0901931
-0.0842165
-0.0788943
-0.0734082
-0.0671929
-0.0602566
-0.0529579
-0.0452445
-0.0358776
-0.0253785
-0.0139930
-0.0023455
0.0095897
0.0234239
0.0378792
0.0531607
0.0691200
0.0854878
0.1025808
0.1184988
0.1334882
0.1457962
0.1577116
0.1693121
0.1773550
0.1851796
0.1927341
0.2027985
0.2128557
0.2221615
0.2308055
0.2385045
0.2432556
0.2442079
0.2426430
0.2367170
0.2281511
0.2171532
0.2032754
0.1877445
0.1699002
0.1476125
0.1236368
0.0975358
0.0688856
0.0391365
0.0087342
-0.0200033
-0.0474310
-0.0705332
-0.0893964
-0.1036887
-0.1114338
-0.1171933
-0.1204275
-0.1222622
-0.1239888
-0.1264730
-0.1290505
-0.1317168
-0.1347211
-0.1378310
-0.1410242
-0.1434200
-0.1458178
-0.1482194
-0.1503537
-0.1525617
-0.1550037
-0.1576582
-0.1603574
-0.1629729
-0.1661085
-0.1695202
-0.1727714
-0.1757669
-0.1785283
-0.1798201
-0.1800557
-0.1787985
-0.1770371
-0.1747699
-0.1714521
-0.1670319
-0.1621015
-0.1567290
-0.1497396
-0.1415837
-0.1312796
-0.1207679
-0.1100233
-0.0993927
-0.0894429
-0.0806944
-0.0750172
-0.0706752
-0.0681264
-0.0660017
-0.0640132
-0.0615547
-0.0587131
-0.0555692
-0.0521515
-0.0480684
-0.0431435
-0.0379765
-0.0325441
-0.0266247
-0.0200294
-0.0134450
-0.0077372
-0.0022043
0.0030885
0.0067467
0.0095731
0.0116350
0.0151861
0.0190887
0.0234226
0.0279060
0.0327895
0.0386324
0.0452100
0.0521118
0.0592385
0.0669781
0.0751374
0.0834694
0.0911185
0.0980236
0.1042966
0.1104853
0.1166145
0.1216215
0.1263843
0.1312691
0.1373889
0.1440338
0.1502786
0.1557089
0.1605034
0.1643977
0.1687009
0.1735214
0.1784546
0.1830671
0.1869700
0.1905955
0.1940736
0.1973162
0.2003883
0.2033043
0.2055195
0.2083546
0.2117575
0.2175491
0.2235603
0.2297478
0.2351940
0.2407717
0.2470560
0.2519849
0.2559413
0.2575554
0.2594989
0.2615551
0.2610060
0.2597734
0.2578068
0.2556321
0.2523620
0.2471803
0.2399264
0.2314630
0.2207974
0.2100669
0.1994880
0.1902733
0.1822102
0.1750560
0.1706516
0.1662415
0.1618284
0.1566525
0.1511065
0.1449870
0.1383426
0.1313914
0.1238784
0.1158131
0.1075229
0.1002635
0.0941363
0.0890562
0.0852179
0.0810252
0.0762233
0.0693528
0.0613424
0.0514052
0.0409530
0.0307482
0.0229103
0.0166799
0.0116290
0.0091192
0.0079856
0.0083405
0.0086923
0.0084593
0.0071896
0.0045169
0.0012962
-0.0025524
-0.0053181
-0.0073542
-0.0077617
-0.0072654
-0.0060605
-0.0032339
-0.0003362
0.0026529
0.0056709
0.0090129
0.0130381
0.0171120
0.0209675
0.0238832
0.0257256
0.0267954
0.0259240
0.0240698
0.0213114
0.0158024
0.0086324
-0.0008595
-0.0116019
-0.0226842
-0.0340324
-0.0457506
-0.0575431
-0.0689368
-0.0800351
-0.0909440
-0.1021937
-0.1126104
-0.1221317
-0.1294549
-0.1368139
-0.1445824
-0.1511326
-0.1567738
-0.1604990
-0.1637850
-0.1665941
-0.1674437
-0.1656447
-0.1617706
-0.1555282
-0.1490734
-0.1423425
-0.1332884
-0.1235692
-0.1131046
-0.1029882
-0.0931463
-0.0839853
-0.0777787
-0.0738636
-0.0771266
-0.0835223
-0.0928015
-0.1045069
-0.1155054
-0.1253068
-0.1314038
-0.1360960
-0.1389810
-0.1409622
-0.1428416
-0.1460259
-0.1509490
-0.1570397
-0.1634656
-0.1694465
-0.1749519
-0.1789430
-0.1823922
-0.1851117
-0.1881303
-0.1912414
-0.1944060
-0.1967483
-0.1985286
-0.1990314
-0.1987366
-0.1978176
-0.1956602
-0.1941256
-0.1933786
-0.1955461
-0.1986528
-0.2029083
-0.2080612
-0.2134554
-0.2186979
-0.2209564
-0.2211616
-0.2170737
-0.2117792
-0.2053677
-0.1978667
-0.1899279
-0.1814010
-0.1729116
-0.1651707
-0.1593344
-0.1545774
-0.1502309
-0.1458222
-0.1425636
-0.1401497
-0.1396793
-0.1392632
-0.1389050
-0.1396507
-0.1407813
-0.1424245
-0.1421071
-0.1408563
-0.1382028
-0.1358849
-0.1337085
-0.1314038
-0.1293414
-0.1274672
-0.1254053
-0.1223127
-0.1179077
-0.1132827
-0.1083468
-0.1028207
-0.0961698
-0.0893156
-0.0830468
-0.0777997
-0.0734080
-0.0722529
-0.0725800
-0.0742734
-0.0770348
-0.0800479
-0.0833697
-0.0843840
-0.0842217
-0.0821640
-0.0796685
-0.0769624
-0.0740372
-0.0717048
-0.0697539
-0.0675354
-0.0654082
-0.0633793
-0.0620740
-0.0606151
-0.0587752
-0.0560489
-0.0529588
-0.0494116
-0.0462342
-0.0432775
-0.0406675
-0.0382785
-0.0360614
-0.0344508
-0.0319517
-0.0283259
-0.0205124
-0.0112958
-0.0003012
0.0106763
0.0216224
0.0324904
0.0427453
0.0523630
0.0585770
0.0634388
0.0670561
0.0699384
0.0722796
0.0738535
0.0752475
0.0767091
0.0784336
0.0800520
0.0817708
0.0842312
0.0878928
0.0924057
0.0980943
0.1045933
0.1119634
0.1207543
0.1294555
0.1377871
0.1449393
0.1519230
0.1593199
0.1672877
0.1753320
0.1819284
0.1875350
0.1923671
0.1964001
0.1996932
0.2020457
0.2044010
0.2072144
0.2110032
0.2143079
0.2177297
0.2222208
0.2272291
0.2324369
0.2365537
0.2400188
0.2428828
0.2423222
0.2407500
0.2378759
0.2347142
0.2317173
0.2292839
0.2283013
0.2279025
0.2276135
0.2261714
0.2237828
0.2171734
0.2069211
0.1927399
0.1706805
0.1463987
0.1193610
0.0928418
0.0671299
0.0435607
0.0231269
0.0045057
-0.0115350
-0.0268413
-0.0415614
-0.0548964
-0.0676027
-0.0795172
-0.0887253
-0.0963184
-0.1012785
-0.1043104
-0.1064073
-0.1071882
-0.1067224
-0.1054087
-0.1024076
-0.0990618
-0.0954009
-0.0913642
-0.0866490
-0.0809375
-0.0724997
-0.0630123
-0.0521560
-0.0416955
-0.0318185
-0.0242220
-0.0188074
-0.0149091
-0.0124872
-0.0107682
-0.0098074
-0.0090471
-0.0083780
-0.0078392
-0.0100976
-0.0141069
-0.0214341
-0.0302894
-0.0399545
-0.0502663
-0.0612226
-0.0726761
-0.0833813
-0.0930748
-0.1014925
-0.1102542
-0.1194340
-0.1293854
-0.1383686
-0.1468192
-0.1543693
-0.1610033
-0.1669452
-0.1707889
-0.1741485
-0.1770703
-0.1797378
-0.1821711
-0.1842650
-0.1846060
-0.1837679
-0.1807579
-0.1754649
-0.1689118
-0.1604196
-0.1507410
-0.1401878
-0.1278673
-0.1155610
-0.1032792
-0.0900650
-0.0760934
-0.0609323
-0.0455637
-0.0304262
-0.0161739
-0.0028495
0.0097429
0.0200578
0.0283097
0.0349521
0.0385370
0.0412234
0.0427691
0.0446217
0.0468910
0.0499554
0.0537939
0.0579092
0.0621451
0.0655078
0.0683186
0.0703753
0.0709803
0.0702508
0.0651668
0.0586258
0.0501795
0.0394755
0.0280482
0.0158612
0.0042388
-0.0070288
-0.0175196
-0.0275031
-0.0371106
-0.0454921
-0.0529098
-0.0592808
-0.0644864
-0.0688632
-0.0719502
-0.0732806
-0.0739729
-0.0740252
-0.0737268
-0.0732975
-0.0731134
-0.0720737
-0.0703646
-0.0662913
-0.0614684
-0.0556994
-0.0492498
-0.0428055
-0.0365677
-0.0302236
-0.0235927
-0.0159779
-0.0073973
0.0018180
0.0119761
0.0222505
0.0326242
0.0415773
0.0500255
0.0578064
0.0635926
0.0684809
0.0720252
0.0758902
0.0796095
0.0818908
0.0833587
0.0842870
0.0852345
0.0859499
0.0864143
0.0869449
0.0875511
0.0882805
0.0885008
0.0879629
0.0854287
0.0805996
0.0744793
0.0668236
0.0603559
0.0548236
0.0549214
0.0568589
0.0611287
0.0669444
0.0729278
0.0788133
0.0825157
0.0848255
0.0843133
0.0815496
0.0772640
0.0699604
0.0617602
0.0527424
0.0438377
0.0360051
0.0297696
0.0261967
0.0237286
0.0228047
0.0227673
0.0229993
0.0228433
0.0214858
0.0192064
0.0139248
0.0074224
-0.0003995
-0.0086725
-0.0164970
-0.0234461
-0.0284587
-0.0319735
-0.0322609
-0.0305970
-0.0279667
-0.0249553
-0.0212159
-0.0169092
-0.0120165
-0.0072527
-0.0026526
0.0022601
0.0072170
0.0121687
0.0162174
0.0201721
0.0248708
0.0307378
0.0373535
0.0451100
0.0526295
0.0599314
0.0645905
0.0686709
0.0720392
0.0743044
0.0765159
0.0791220
0.0829687
0.0872193
0.0910901
0.0938968
0.0958758
0.0950664
0.0925080
0.0880592
0.0804244
0.0715571
0.0610043
0.0485394
0.0355626
0.0225088
0.0091977
-0.0040885
-0.0163951
-0.0262025
-0.0340493
-0.0390125
-0.0435129
-0.0474197
-0.0508647
-0.0540476
-0.0568001
-0.0598348
-0.0628623
-0.0655176
-0.0673629
-0.0688219
-0.0710749
-0.0734489
-0.0759346
-0.0774225
-0.0787448
-0.0798779
-0.0809063
-0.0819620
-0.0831359
-0.0849906
-0.0874195
-0.0914870
-0.0959796
-0.1007171
-0.1045641
-0.1077945
-0.1103557
-0.1116562
-0.1128822
-0.1141674
-0.1164294
-0.1189791
-0.1216788
-0.1231163
-0.1237102
-0.1224791
-0.1206851
-0.1184504
-0.1167466
-0.1155068
-0.1148590
-0.1144463
-0.1144027
-0.1150753
-0.1162219
-0.1174903
-0.1186544
-0.1202726
-0.1220905
-0.1232847
-0.1244714
-0.1256504
-0.1275822
-0.1296734
-0.1319558
-0.1354370
-0.1388918
-0.1417042
-0.1434394
-0.1446879
-0.1455736
-0.1451401
-0.1437911
-0.1416334
-0.1401243
-0.1393179
-0.1399316
-0.1409858
-0.1426039
-0.1453063
-0.1487367
-0.1536252
-0.1572348
-0.1599572
-0.1605872
-0.1609427
-0.1610814
-0.1600800
-0.1592823
-0.1587463
-0.1603733
-0.1627619
-0.1661490
-0.1688309
-0.1709016
-0.1714218
-0.1705259
-0.1687052
-0.1654034
-0.1617952
-0.1579082
-0.1533867
-0.1478524
-0.1408455
-0.1303306
-0.1180272
-0.1028041
-0.0853001
-0.0671507
-0.0502549
-0.0362643
-0.0243302
-0.0150956
-0.0066751
0.0008579
0.0072365
0.0138818
0.0211915
0.0302304
0.0398843
0.0501533
0.0608322
0.0717781
0.0832603
0.0942105
0.1047361
0.1139942
0.1231529
0.1321757
0.1414538
0.1506788
0.1597433
0.1680506
0.1759750
0.1833156
0.1893629
0.1944305
0.1966370
0.1983407
0.1995762
0.2002813
0.2009330
0.2015370
0.2024980
0.2029965
0.2021353
0.1993594
0.1954926
0.1898080
0.1834630
0.1766932
0.1702383
0.1639627
0.1578836
0.1521368
0.1467831
0.1420708
0.1383598
0.1353969
0.1340076
0.1346858
0.1363949
0.1385336
0.1402484
0.1416301
0.1433150
0.1448743
0.1462759
0.1481270
0.1500849
0.1521498
0.1543795
0.1571018
0.1615813
0.1663296
0.1711212
0.1747178
0.1782119
0.1816105
0.1851059
0.1885089
0.1917746
0.1947846
0.1976182
0.2001195
0.2017899
0.2030095
0.2035687
0.2035528
0.2030485
0.2000458
0.1962613
0.1916272
0.1846175
0.1756181
0.1634324
0.1484015
0.1321113
0.1141054
0.0956379
0.0772936
0.0613969
0.0470658
0.0339727
0.0228569
0.0122507
0.0022738
-0.0084580
-0.0190120
-0.0289660
-0.0370852
-0.0443851
-0.0507274
-0.0573221
-0.0641720
-0.0723452
-0.0813376
-0.0910977
-0.1001008
-0.1078687
-0.1138513
-0.1174365
-0.1202035
-0.1220382
-0.1240160
-0.1259839
-0.1276126
-0.1284098
-0.1285515
-0.1262913
-0.1227022
-0.1176733
-0.1107045
-0.1027875
-0.0934935
-0.0837193
-0.0741716
-0.0657157
-0.0571000
-0.0483993
-0.0396020
-0.0312890
-0.0233438
-0.0141175
-0.0042554
0.0064315
0.0168604
0.0270677
0.0368737
0.0455158
0.0532585
0.0588832
0.0633310
0.0669817
0.0691243
0.0706400
0.0715805
0.0720451
0.0722066
0.0719455
0.0720843
0.0725782
0.0737870
0.0748506
0.0756703
0.0755164
0.0738683
0.0710746
0.0647111
0.0563432
0.0457916
0.0339298
0.0226156
0.0124793
0.0037940
-0.0041315
-0.0108066
-0.0172026
-0.0235273
-0.0303076
-0.0368004
-0.0430775
-0.0502913
-0.0576775
-0.0652761
-0.0720348
-0.0786753
-0.0853040
-0.0916496
-0.0976167
-0.1024385
-0.1058285
-0.1082249
-0.1084153
-0.1076837
-0.1061020
-0.1042861
-0.1022723
-0.0999787
-0.0969946
-0.0938335
-0.0905558
-0.0865704
-0.0819553
-0.0754878
-0.0678550
-0.0593807
-0.0495423
-0.0391394
-0.0281352
-0.0169848
-0.0058892
0.0050797
0.0146754
0.0233083
0.0299957
0.0356934
0.0406747
0.0437686
0.0465728
0.0491540
0.0527028
0.0563718
0.0601900
0.0644755
0.0686307
0.0723733
0.0759785
0.0796214
0.0835899
0.0876736
0.0918838
0.0967438
0.1010874
0.1049537
0.1067196
0.1076898
0.1075985
0.1073834
0.1074261
0.1081887
0.1095402
0.1112144
0.1133753
0.1158813
0.1186254
0.1214907
0.1245180
0.1277181
0.1307290
0.1329021
0.1336196
0.1321898
0.1294568
0.1243003
0.1176895
0.1101505
0.1008672
0.0894426
0.0763469
0.0595470
0.0415570
0.0220728
0.0020388
-0.0170733
-0.0340747
-0.0482566
-0.0612774
-0.0731407
-0.0842442
-0.0949186
-0.1054088
-0.1155551
-0.1253773
-0.1327680
-0.1389795
-0.1435726
-0.1469811
-0.1502338
-0.1536700
-0.1572333
-0.1611204
-0.1664250
-0.1722296
-0.1782942
-0.1827665
-0.1863573
-0.1889973
-0.1895826
-0.1891635
-0.1872749
-0.1847331
-0.1821480
-0.1799459
-0.1781555
-0.1765732
-0.1751008
-0.1725532
-0.1691690
-0.1642690
-0.1594211
-0.1546425
-0.1479391
-0.1399689
-0.1298658
-0.1193550
-0.1085340
-0.0970280
-0.0849279
-0.0727094
-0.0628403
-0.0546883
-0.0481202
-0.0429645
-0.0388019
-0.0360389
-0.0345086
-0.0329485
-0.0307191
-0.0285052
-0.0262512
-0.0237674
-0.0207025
-0.0172464
-0.0135937
-0.0098651
-0.0060573
-0.0023357
0.0016228
0.0060148
0.0123765
0.0197563
0.0287876
0.0379935
0.0471707
0.0555987
0.0626490
0.0686150
0.0721078
0.0752010
0.0777875
0.0808584
0.0844189
0.0888739
0.0923861
0.0955470
0.0984785
0.1006755
0.1021309
0.0998150
0.0977467
0.0959078
0.0967506
0.0979038
0.0993562
0.0996131
0.0984179
0.0940831
0.0855587
0.0749482
0.0618586
0.0490089
0.0364696
0.0272713
0.0203965
0.0160331
0.0148977
0.0141973
0.0137763
0.0133595
0.0131006
0.0133390
0.0133128
0.0133027
0.0143179
0.0153973
0.0165263
0.0168039
0.0163350
0.0149193
0.0127060
0.0110293
0.0107238
0.0117102
0.0135293
0.0170510
0.0219114
0.0274930
0.0327898
0.0369726
0.0401311
0.0428979
0.0453577
0.0473787
0.0479922
0.0484428
0.0491588
0.0497300
0.0501281
0.0499146
0.0501911
0.0508150
0.0519573
0.0530243
0.0540096
0.0540969
0.0529465
0.0497402
0.0465549
0.0439683
0.0432480
0.0421433
0.0407991
0.0390163
0.0376187
0.0365243
0.0370930
0.0394421
0.0440484
0.0523395
0.0609823
0.0692989
0.0746688
0.0783800
0.0791961
0.0770967
0.0732151
0.0676042
0.0631651
0.0598067
0.0595379
0.0602855
0.0623681
0.0637751
0.0647984
0.0651705
0.0652705
0.0650819
0.0639327
0.0626754
0.0613830
0.0609446
0.0602988
0.0594297
0.0585286
0.0583057
0.0592946
0.0606104
0.0617173
0.0619104
0.0633417
0.0657869
0.0714009
0.0772589
0.0833089
0.0904823
0.0984773
0.1075105
0.1152882
0.1220239
0.1269271
0.1297119
0.1309924
0.1289453
0.1241569
0.1176522
0.1091163
0.0996306
0.0892748
0.0783913
0.0684486
0.0599597
0.0538910
0.0486927
0.0445371
0.0403323
0.0360712
0.0315961
0.0266757
0.0213752
0.0141381
0.0067788
-0.0007065
-0.0064460
-0.0112824
-0.0147930
-0.0162487
-0.0168078
-0.0161500
-0.0150398
-0.0136533
-0.0118041
-0.0094512
-0.0067039
-0.0030474
0.0001159
0.0026483
0.0041468
0.0057073
0.0076990
0.0092126
0.0101642
0.0094743
0.0093282
0.0095373
0.0103191
0.0103895
0.0098033
0.0097125
0.0102062
0.0115450
0.0143304
0.0175413
0.0211490
0.0247453
0.0283700
0.0321630
0.0343647
0.0353970
0.0339179
0.0322144
0.0302696
0.0285489
0.0271793
0.0263960
0.0271657
0.0286347
0.0310980
0.0317602
0.0314020
0.0297726
0.0292179
0.0295069
0.0302749
0.0320846
0.0352209
0.0406773
0.0460887
0.0507535
0.0539021
0.0565281
0.0589719
0.0616207
0.0643297
0.0664207
0.0679351
0.0689158
0.0685392
0.0674276
0.0652965
0.0615762
0.0573073
0.0523909
0.0454103
0.0372385
0.0270320
0.0167981
0.0064545
-0.0061819
-0.0183570
-0.0300534
-0.0389925
-0.0475707
-0.0559482
-0.0621639
-0.0677406
-0.0729939
-0.0807288
-0.0895365
-0.0976725
-0.1041052
-0.1091978
-0.1134579
-0.1165975
-0.1183191
-0.1180578
-0.1176447
-0.1174807
-0.1170687
-0.1167775
-0.1172787
-0.1181780
-0.1192004
-0.1190832
-0.1189546
-0.1188153
-0.1195318
-0.1202987
-0.1210890
-0.1217936
-0.1224993
-0.1232495
-0.1229630
-0.1220808
-0.1201889
-0.1160832
-0.1103401
-0.1006940
-0.0910759
-0.0814727
-0.0719041
-0.0631992
-0.0560047
-0.0525179
-0.0502327
-0.0488156
-0.0474194
-0.0461530
-0.0457588
-0.0449396
-0.0437864
-0.0419879
-0.0407142
-0.0401050
-0.0398132
-0.0393838
-0.0385724
-0.0368199
-0.0344030
-0.0305223
-0.0253810
-0.0194238
-0.0122071
-0.0061718
-0.0012157
0.0011978
0.0034039
0.0054610
0.0069270
0.0090126
0.0129703
0.0196656
0.0274820
0.0356012
0.0441692
0.0530762
0.0626910
0.0720710
0.0812123
0.0889925
0.0957687
0.1009701
0.1048229
0.1084355
0.1123522
0.1162648
0.1199841
0.1223161
0.1237381
0.1244486
0.1230387
0.1207384
0.1173031
0.1125606
0.1077484
0.1031687
0.0977132
0.0918013
0.0851647
0.0805403
0.0771562
0.0750955
0.0733252
0.0718200
0.0710712
0.0701137
0.0687989
0.0672422
0.0650769
0.0614717
0.0556397
0.0491508
0.0437452
0.0396009
0.0361973
0.0305951
0.0250326
0.0195042
0.0155022
0.0110361
0.0055183
0.0002707
-0.0039720
-0.0052660
-0.0063771
-0.0076005
-0.0102596
-0.0127160
-0.0150185
-0.0193689
-0.0237343
-0.0281148
-0.0308476
-0.0328680
-0.0338565
-0.0328008
-0.0307408
-0.0272450
-0.0238283
-0.0205863
-0.0188721
-0.0178812
-0.0175547
-0.0161856
-0.0141389
-0.0111448
-0.0072514
-0.0026374
0.0033874
0.0089912
0.0138992
0.0159998
0.0163732
0.0155720
0.0141223
0.0126280
0.0110870
0.0117652
0.0140460
0.0188234
0.0229597
0.0269448
0.0309597
0.0370419
0.0439828
0.0500717
0.0562150
0.0624123
0.0726208
0.0825202
0.0920208
0.0994781
0.1064118
0.1128263
0.1175912
0.1213927
0.1234001
0.1247557
0.1256575
0.1255410
0.1248886
0.1237445
0.1235359
0.1234845
0.1236102
0.1232805
0.1225509
0.1210180
0.1189708
0.1168134
0.1151328
0.1132893
0.1113478
0.1096979
0.1085621
0.1079824
0.1075953
0.1069338
0.1057565
0.1042088
0.1024589
0.1003667
0.0980844
0.0961240
0.0971823
0.1003435
0.1051502
0.1112283
0.1168840
0.1220005
0.1259565
0.1293284
0.1317971
0.1333742
0.1351326
0.1387240
0.1414152
0.1434683
0.1439609
0.1452976
0.1474102
0.1469175
0.1462412
0.1454508
0.1467398
0.1479463
0.1479377
0.1483813
0.1490518
0.1499809
0.1490807
0.1469103
0.1434110
0.1393967
0.1348289
0.1303511
0.1259242
0.1215728
0.1168797
0.1123579
0.1086610
0.1051605
0.1017779
0.0986116
0.0959890
0.0937942
0.0918896
0.0900982
0.0884505
0.0852210
0.0816162
0.0776747
0.0739206
0.0698406
0.0642430
0.0586846
0.0532201
0.0485277
0.0440906
0.0398911
0.0363787
0.0331935
0.0304557
0.0262386
0.0207778
0.0128545
0.0050634
-0.0023051
-0.0076826
-0.0126579
-0.0171982
-0.0178391
-0.0167299
-0.0137287
-0.0123708
-0.0115981
-0.0116131
-0.0118226
-0.0118026
-0.0109028
-0.0083780
-0.0049612
-0.0005642
0.0036549
0.0077315
0.0092987
0.0092752
0.0072343
0.0027500
-0.0025174
-0.0087374
-0.0125205
-0.0148176
-0.0142263
-0.0118117
-0.0082514
-0.0032403
-0.0003124
0.0007001
-0.0036499
-0.0103455
-0.0202222
-0.0312546
-0.0413841
-0.0486118
-0.0532925
-0.0568165
-0.0594654
-0.0613059
-0.0626899
-0.0660005
-0.0710457
-0.0779664
-0.0831843
-0.0876047
-0.0908646
-0.0941910
-0.0975103
-0.1007451
-0.1037760
-0.1065598
-0.1082558
-0.1090344
-0.1090923
-0.1073014
-0.1060140
-0.1053668
-0.1077830
-0.1110033
-0.1150470
-0.1177727
-0.1197430
-0.1203659
-0.1206574
-0.1207462
-0.1206432
-0.1205659
-0.1205121
-0.1197898
-0.1188024
-0.1174594
-0.1164216
-0.1160439
-0.1172120
-0.1195534
-0.1224434
-0.1258403
-0.1292944
-0.1327306
-0.1348655
-0.1358937
-0.1357242
-0.1343856
-0.1329835
-0.1316502
-0.1297698
-0.1279523
-0.1267571
-0.1243206
-0.1212156
-0.1174697
-0.1150286
-0.1136082
-0.1099096
-0.1054379
-0.0999895
-0.0932908
-0.0857535
-0.0768077
-0.0675955
-0.0580604
-0.0475373
-0.0374622
-0.0277953
-0.0199199
-0.0122160
-0.0046760
0.0013367
0.0069102
0.0119117
0.0177508
0.0229615
0.0261716
0.0262470
0.0249355
0.0227116
0.0191400
0.0147052
0.0110678
0.0089673
0.0085312
0.0076271
0.0063400
0.0044470
0.0013626
-0.0021829
-0.0062601
-0.0097177
-0.0125554
-0.0130109
-0.0114729
-0.0083725
-0.0051489
-0.0024211
-0.0003271
0.0001794
-0.0004944
-0.0032163
-0.0081646
-0.0141692
-0.0216101
-0.0280648
-0.0337311
-0.0367199
-0.0382643
-0.0384741
-0.0379838
-0.0373209
-0.0364423
-0.0344375
-0.0320570
-0.0292537
-0.0254186
-0.0209070
-0.0149573
-0.0081755
-0.0008101
0.0073049
0.0161250
0.0257006
0.0349259
0.0427291
0.0480770
0.0513286
0.0537637
0.0552733
0.0562598
0.0568988
0.0567999
0.0571791
0.0579342
0.0603681
0.0627535
0.0650747
0.0670288
0.0687865
0.0702375
0.0700370
0.0687785
0.0653796
0.0619477
0.0585041
0.0551244
0.0520873
0.0493690
0.0479778
0.0471476
0.0470743
0.0497194
0.0531731
0.0573889
0.0595297
0.0604747
0.0593781
0.0573077
0.0546016
0.0521816
0.0505240
0.0496927
0.0504132
0.0520829
0.0552035
0.0590225
0.0632812
0.0683749
0.0745689
0.0813343
0.0885061
0.0951116
0.1012691
0.1074726
0.1139053
0.1206399
0.1262606
0.1314652
0.1361193
0.1398792
0.1429930
0.1446532
0.1459696
0.1470475
0.1476270
0.1471487
0.1456921
0.1413921
0.1351068
0.1260127
0.1141829
0.1018099
0.0893842
0.0770064
0.0648559
0.0537848
0.0432970
0.0333162
0.0260117
0.0206725
0.0174456
0.0157319
0.0147959
0.0150078
0.0153261
0.0157037
0.0161834
0.0170545
0.0180267
0.0183972
0.0190000
0.0197854
0.0217340
0.0234713
0.0249436
0.0259409
0.0273215
0.0296458
0.0310713
0.0319894
0.0320153
0.0320278
0.0320015
0.0316182
0.0313858
0.0312922
0.0302989
0.0294305
0.0288023
0.0273654
0.0256225
0.0234898
0.0231540
0.0237207
0.0253608
0.0287717
0.0334132
0.0392923
0.0444978
0.0489842
0.0533082
0.0572268
0.0604491
0.0627134
0.0646367
0.0662397
0.0672159
0.0676575
0.0663495
0.0650367
0.0637186
0.0627582
0.0616662
0.0604052
0.0604832
0.0610079
0.0620908
0.0632657
0.0644930
0.0658140
0.0667993
0.0674666
0.0666631
0.0654578
0.0638808
0.0641532
0.0648367
0.0660190
0.0670031
0.0681800
0.0699471
0.0716667
0.0733878
0.0752153
0.0766739
0.0778497
0.0780920
0.0780494
0.0776995
0.0763090
0.0746270
0.0725893
0.0696359
0.0664144
0.0630709
0.0594265
0.0553642
0.0492764
0.0424307
0.0349832
0.0277985
0.0211035
0.0150338
0.0093950
0.0035105
-0.0030136
-0.0095855
-0.0158784
-0.0210065
-0.0259502
-0.0308009
-0.0357074
-0.0402055
-0.0443342
-0.0482390
-0.0528116
-0.0583907
-0.0652091
-0.0719919
-0.0780778
-0.0841938
-0.0904873
-0.0976563
-0.1040534
-0.1098928
-0.1144784
-0.1186021
-0.1222256
-0.1232650
-0.1236900
-0.1234218
-0.1243355
-0.1255660
-0.1268648
-0.1281731
-0.1296820
-0.1326118
-0.1354316
-0.1381669
-0.1385973
-0.1389045
-0.1390555
-0.1399748
-0.1409937
-0.1420012
-0.1429699
-0.1441870
-0.1464450
-0.1492006
-0.1522394
-0.1552869
-0.1597953
-0.1656403
-0.1714565
-0.1764070
-0.1800629
-0.1845424
-0.1888398
-0.1922645
-0.1940129
-0.1951270
-0.1963090
-0.1973494
-0.1981789
-0.1962570
-0.1932413
-0.1890479
-0.1845699
-0.1794358
-0.1731833
-0.1665102
-0.1599442
-0.1540457
-0.1486573
-0.1436233
-0.1394740
-0.1363574
-0.1340535
-0.1335686
-0.1333622
-0.1335090
-0.1342597
-0.1352432
-0.1365472
-0.1387061
-0.1410668
-0.1431534
-0.1435005
-0.1428069
-0.1413789
-0.1397756
-0.1380122
-0.1356700
-0.1337056
-0.1323434
-0.1314566
-0.1307544
-0.1302935
-0.1293888
-0.1283034
-0.1271788
-0.1251078
-0.1222867
-0.1165199
-0.1108613
-0.1053236
-0.1001570
-0.0949622
-0.0896604
-0.0850653
-0.0808527
-0.0773069
-0.0736386
-0.0700295
-0.0673013
-0.0656624
-0.0648780
-0.0645479
-0.0634446
-0.0613624
-0.0565543
-0.0510084
-0.0446836
-0.0385090
-0.0325230
-0.0271263
-0.0236562
-0.0212971
-0.0192642
-0.0169253
-0.0143074
-0.0132748
-0.0118582
-0.0097685
-0.0065411
-0.0031950
-0.0001026
0.0029094
0.0059286
0.0091323
0.0117452
0.0139011
0.0145548
0.0147884
0.0145681
0.0124102
0.0093910
0.0051416
0.0003220
-0.0047710
-0.0102655
-0.0165987
-0.0236334
-0.0329645
-0.0423752
-0.0518413
-0.0576237
-0.0621843
-0.0651952
-0.0665249
-0.0669255
-0.0658348
-0.0649840
-0.0644256
-0.0647361
-0.0645002
-0.0637491
-0.0605967
-0.0566332
-0.0519278
-0.0472323
-0.0423004
-0.0370135
-0.0315043
-0.0259584
-0.0204394
-0.0128324
-0.0037699
0.0087237
0.0221919
0.0363039
0.0506176
0.0647363
0.0786441
0.0909083
0.1019697
0.1111334
0.1183988
0.1250546
0.1312547
0.1379209
0.1448295
0.1519519
0.1588474
0.1655594
0.1714955
0.1766758
0.1808981
0.1830569
0.1841551
0.1835858
0.1808244
0.1768189
0.1705823
0.1626044
0.1534662
0.1421355
0.1296679
0.1161553
0.1017134
0.0879290
0.0752024
0.0638813
0.0530549
0.0428395
0.0337198
0.0251418
0.0171383
0.0088883
0.0005018
-0.0074090
-0.0146832
-0.0212692
-0.0271359
-0.0330366
-0.0390985
-0.0449625
-0.0505860
-0.0556224
-0.0604115
-0.0651276
-0.0701861
-0.0748165
-0.0791100
-0.0814570
-0.0828518
-0.0830368
-0.0810840
-0.0782996
-0.0743682
-0.0695572
-0.0644311
-0.0591336
-0.0533126
-0.0470024
-0.0383902
-0.0279479
-0.0158229
-0.0019865
0.0114895
0.0243055
0.0326827
0.0382333
0.0387172
0.0364912
0.0331782
0.0296537
0.0277134
0.0269667
0.0294513
0.0329768
0.0376255
0.0427554
0.0478098
0.0526497
0.0555069
0.0570709
0.0561120
0.0541472
0.0514972
0.0472788
0.0426431
0.0376816
0.0346875
0.0320948
0.0300140
0.0291380
0.0292821
0.0312429
0.0327362
0.0337189
0.0332597
0.0326678
0.0318757
0.0296530
0.0270728
0.0241644
0.0236581
0.0241425
0.0259651
0.0278258
0.0289269
0.0280681
0.0247609
0.0201932
0.0139664
0.0081564
0.0027415
0.0000654
-0.0019691
-0.0033079
-0.0056596
-0.0084337
-0.0118068
-0.0153800
-0.0189961
-0.0226025
-0.0260372
-0.0293612
-0.0324663
-0.0349283
-0.0368841
-0.0383737
-0.0397405
-0.0409494
-0.0404758
-0.0388160
-0.0351203
-0.0294072
-0.0226635
-0.0143205
-0.0053499
0.0037754
0.0106551
0.0156300
0.0188434
0.0195732
0.0194494
0.0181989
0.0162893
0.0143163
0.0124951
0.0117209
0.0114810
0.0119119
0.0129014
0.0142913
0.0163470
0.0173198
0.0171201
0.0155887
0.0139288
0.0122412
0.0108695
0.0099816
0.0103709
0.0109520
0.0115478
0.0115984
0.0122352
0.0133319
0.0152427
0.0176991
0.0208527
0.0254499
0.0305261
0.0362155
0.0414435
0.0460730
0.0489036
0.0514946
0.0538943
0.0556566
0.0564001
0.0562024
0.0562371
0.0573888
0.0601984
0.0651435
0.0705138
0.0759511
0.0817767
0.0875924
0.0925686
0.0955040
0.0969875
0.0963678
0.0949920
0.0927978
0.0891964
0.0847338
0.0789483
0.0721328
0.0647994
0.0566479
0.0481777
0.0397210
0.0324395
0.0256353
0.0192100
0.0133161
0.0082433
0.0042046
0.0009562
-0.0024898
-0.0065892
-0.0115077
-0.0167871
-0.0224722
-0.0281057
-0.0336660
-0.0387522
-0.0422911
-0.0444106
-0.0426925
-0.0402554
-0.0369710
-0.0338873
-0.0311653
-0.0292745
-0.0287915
-0.0287762
-0.0283555
-0.0271059
-0.0252585
-0.0223156
-0.0192811
-0.0161430
-0.0176719
-0.0211742
-0.0274729
-0.0333721
-0.0388231
-0.0431728
-0.0458670
-0.0476298
-0.0482816
-0.0494967
-0.0511555
-0.0544980
-0.0588653
-0.0645415
-0.0706343
-0.0768096
-0.0830350
-0.0888123
-0.0941030
-0.0980201
-0.1020414
-0.1061118
-0.1100967
-0.1136511
-0.1168142
-0.1188867
-0.1200688
-0.1199895
-0.1181480
-0.1157058
-0.1125834
-0.1086248
-0.1041855
-0.0989235
-0.0927336
-0.0857743
-0.0753722
-0.0637525
-0.0508006
-0.0387198
-0.0280576
-0.0197819
-0.0150011
-0.0118866
-0.0112794
-0.0111756
-0.0111306
-0.0097883
-0.0064629
-0.0015790
0.0067170
0.0145072
0.0216685
0.0258771
0.0288796
0.0301813
0.0301664
0.0297349
0.0292964
0.0289366
0.0284844
0.0264866
0.0238843
0.0207216
0.0183730
0.0163824
0.0148767
0.0150425
0.0159639
0.0180070
0.0206168
0.0235707
0.0271742
0.0297258
0.0314720
0.0306102
0.0286228
0.0254178
0.0218043
0.0186687
0.0164434
0.0153937
0.0147790
0.0146084
0.0147721
0.0151608
0.0160457
0.0172326
0.0186599
0.0228941
0.0275715
0.0328070
0.0374515
0.0424305
0.0482831
0.0516492
0.0536050
0.0530669
0.0533971
0.0540908
0.0533686
0.0515696
0.0487761
0.0464277
0.0443612
0.0426889
0.0414050
0.0403919
0.0398837
0.0393914
0.0389743
0.0389192
0.0394416
0.0403615
0.0415872
0.0433678
0.0457442
0.0490475
0.0521908
0.0549074
0.0560833
0.0560248
0.0532926
0.0488143
0.0432912
0.0361526
0.0276203
0.0179820
0.0072118
-0.0037999
-0.0151095
-0.0268029
-0.0378099
-0.0472577
-0.0538566
-0.0589762
-0.0617388
-0.0623370
-0.0616716
-0.0604475
-0.0598870
-0.0599363
-0.0608027
-0.0619113
-0.0633300
-0.0628561
-0.0610466
-0.0567346
-0.0497047
-0.0414365
-0.0322450
-0.0239890
-0.0163581
-0.0090578
-0.0023434
0.0037331
0.0086604
0.0129084
0.0161291
0.0162532
0.0147826
0.0107166
0.0053200
-0.0009620
-0.0091117
-0.0174526
-0.0259346
-0.0315445
-0.0366348
-0.0410624
-0.0454915
-0.0492434
-0.0515599
-0.0519673
-0.0516910
-0.0510780
-0.0517914
-0.0534443
-0.0573065
-0.0622146
-0.0680799
-0.0751066
-0.0813799
-0.0864538
-0.0876027
-0.0874252
-0.0857444
-0.0846442
-0.0838613
-0.0835654
-0.0834933
-0.0835846
-0.0840304
-0.0850234
-0.0866068
-0.0896193
-0.0931295
-0.0973037
-0.1021843
-0.1070863
-0.1114855
-0.1139632
-0.1152466
-0.1143634
-0.1123972
-0.1095829
-0.1048463
-0.0995949
-0.0936905
-0.0871193
-0.0806846
-0.0747429
-0.0695139
-0.0645931
-0.0600292
-0.0571006
-0.0552663
-0.0554288
-0.0562573
-0.0576974
-0.0596211
-0.0612278
-0.0623304
-0.0632017
-0.0638209
-0.0639035
-0.0637452
-0.0635369
-0.0635593
-0.0643193
-0.0655978
-0.0675899
-0.0698175
-0.0722997
-0.0774088
-0.0826995
-0.0879077
-0.0921427
-0.0963449
-0.1011962
-0.1047960
-0.1074489
-0.1074859
-0.1065807
-0.1049378
-0.1024532
-0.0996328
-0.0963863
-0.0935211
-0.0910214
-0.0891929
-0.0884071
-0.0886924
-0.0919442
-0.0959458
-0.1003048
-0.1039816
-0.1071125
-0.1097411
-0.1095137
-0.1089667
-0.1081153
-0.1094488
-0.1122745
-0.1178639
-0.1252400
-0.1332115
-0.1407135
-0.1471444
-0.1527307
-0.1552898
-0.1559054
-0.1544185
-0.1486038
-0.1411261
-0.1313733
-0.1200490
-0.1079013
-0.0944205
-0.0803075
-0.0658449
-0.0508987
-0.0367417
-0.0232042
-0.0111967
-0.0000495
0.0099949
0.0168318
0.0224020
0.0261922
0.0282603
0.0292887
0.0283318
0.0269183
0.0253368
0.0247468
0.0250605
0.0262054
0.0268915
0.0263893
0.0241354
0.0202910
0.0156106
0.0095709
0.0035298
-0.0020960
-0.0055703
-0.0076265
-0.0087178
-0.0092547
-0.0107367
-0.0132397
-0.0181327
-0.0239236
-0.0309330
-0.0378209
-0.0440932
-0.0485358
-0.0515520
-0.0537419
-0.0547899
-0.0558280
-0.0568584
-0.0579790
-0.0591853
-0.0604994
-0.0619292
-0.0629633
-0.0631216
-0.0628877
-0.0621940
-0.0601585
-0.0571064
-0.0533506
-0.0480811
-0.0426196
-0.0369852
-0.0339136
-0.0311467
-0.0286838
-0.0270323
-0.0255665
-0.0241785
-0.0216931
-0.0186275
-0.0147339
-0.0097728
-0.0040635
0.0025632
0.0094205
0.0165218
0.0221137
0.0271381
0.0313795
0.0349790
0.0371147
0.0351381
0.0302226
0.0239789
0.0181171
0.0120987
0.0059608
-0.0004220
-0.0059161
-0.0102771
-0.0138282
-0.0168225
-0.0188762
-0.0195465
-0.0196323
-0.0191256
-0.0178840
-0.0162597
-0.0149682
-0.0144697
-0.0147010
-0.0152406
-0.0157644
-0.0162454
-0.0164152
-0.0164295
-0.0161976
-0.0151877
-0.0137993
-0.0120097
-0.0101738
-0.0082611
-0.0052580
-0.0026233
-0.0003894
0.0023573
0.0052858
0.0084641
0.0113561
0.0143172
0.0177304
0.0202814
0.0224917
0.0251654
0.0289779
0.0336818
0.0394508
0.0454971
0.0518904
0.0572469
0.0618771
0.0652759
0.0661314
0.0656378
0.0629719
0.0596409
0.0558222
0.0506902
0.0463448
0.0427286
0.0409532
0.0390586
0.0368709
0.0333020
0.0291546
0.0241851
0.0197248
0.0156926
0.0128654
0.0114550
0.0111227
0.0138953
0.0158813
0.0170147
0.0145720
0.0117534
0.0088087
0.0066095
0.0047858
0.0035620
0.0040772
0.0056557
0.0090136
0.0114994
0.0132995
0.0145215
0.0154168
0.0158988
0.0155131
0.0153339
0.0158399
0.0162616
0.0163664
0.0153200
0.0132703
0.0104319
0.0050230
-0.0009624
-0.0074756
-0.0108228
-0.0127302
-0.0126799
-0.0113341
-0.0091102
-0.0052687
-0.0002356
0.0052697
0.0108328
0.0155362
0.0196160
0.0225671
0.0254743
0.0283385
0.0295664
0.0304719
0.0310570
0.0319985
0.0334970
0.0364675
0.0405515
0.0450557
0.0488203
0.0521493
0.0551344
0.0577119
0.0599700
0.0618263
0.0630008
0.0644922
0.0668464
0.0685491
0.0695058
0.0683099
0.0648353
0.0598967
0.0528371
0.0474739
0.0436650
0.0434562
0.0439098
0.0451366
0.0465232
0.0476794
0.0481671
0.0464021
0.0433795
0.0383529
0.0334460
0.0286736
0.0251404
0.0225293
0.0209092
0.0204693
0.0204100
0.0208444
0.0212941
0.0215055
0.0209544
0.0195540
0.0176861
0.0153158
0.0133969
0.0118296
0.0119428
0.0125101
0.0136552
0.0152888
0.0173531
0.0201862
0.0221748
0.0233407
0.0222911
0.0201427
0.0172994
0.0135558
0.0110211
0.0095959
0.0130617
0.0177640
0.0240054
0.0305922
0.0375005
0.0450613
0.0516205
0.0573213
0.0605800
0.0630235
0.0649127
0.0664347
0.0678803
0.0692456
0.0712350
0.0735621
0.0763891
0.0783103
0.0797321
0.0802910
0.0806469
0.0807625
0.0798232
0.0782151
0.0760823
0.0749618
0.0740350
0.0733546
0.0707778
0.0680949
0.0657345
0.0639449
0.0619505
0.0584214
0.0542082
0.0494415
0.0427906
0.0360503
0.0292176
0.0250417
0.0218179
0.0198531
0.0187086
0.0177989
0.0170926
0.0170444
0.0170376
0.0159164
0.0133118
0.0096712
0.0049150
-0.0007816
-0.0074865
-0.0138514
-0.0193994
-0.0235495
-0.0259921
-0.0274898
-0.0273583
-0.0273752
-0.0274365
-0.0273127
-0.0273933
-0.0276340
-0.0278547
-0.0269448
-0.0246027
-0.0209649
-0.0169579
-0.0125459
-0.0075673
-0.0021692
0.0041933
0.0111735
0.0184398
0.0249213
0.0298774
0.0334281
0.0329034
0.0307641
0.0264694
0.0220555
0.0180561
0.0151758
0.0132613
0.0119905
0.0121341
0.0127086
0.0135146
0.0130003
0.0122277
0.0111777
0.0115590
0.0118475
0.0117529
0.0116992
0.0119219
0.0129825
0.0131636
0.0128953
0.0123530
0.0120770
0.0120089
0.0108689
0.0096048
0.0081843
0.0069671
0.0056349
0.0040011
0.0034216
0.0033045
0.0037129
0.0034276
0.0026420
0.0006012
-0.0025259
-0.0066489
-0.0103892
-0.0135832
-0.0159837
-0.0178166
-0.0191610
-0.0195309
-0.0193514
-0.0189376
-0.0184128
-0.0186052
-0.0193925
-0.0230084
-0.0283746
-0.0356271
-0.0432029
-0.0495605
-0.0537109
-0.0543660
-0.0531734
-0.0489008
-0.0437887
-0.0383689
-0.0336166
-0.0289780
-0.0244305
-0.0182583
-0.0112700
-0.0032527
0.0055899
0.0144762
0.0232188
0.0296797
0.0349264
0.0381626
0.0407569
0.0429259
0.0443736
0.0462848
0.0486203
0.0530423
0.0579694
0.0635238
0.0678355
0.0713964
0.0736252
0.0749104
0.0756392
0.0753672
0.0757385
0.0766257
0.0796406
0.0823860
0.0848377
0.0870139
0.0893098
0.0918608
0.0929220
0.0931168
0.0917412
0.0888941
0.0850566
0.0789957
0.0730812
0.0672871
0.0629906
0.0587294
0.0545132
0.0507061
0.0466274
0.0418621
0.0352339
0.0279787
0.0205823
0.0143063
0.0088198
0.0051145
0.0029994
0.0023471
0.0027353
0.0027697
0.0022102
0.0005750
-0.0017016
-0.0050978
-0.0078154
-0.0099107
-0.0101331
-0.0097286
-0.0089603
-0.0094176
-0.0106490
-0.0127170
-0.0154780
-0.0182144
-0.0207985
-0.0226138
-0.0236687
-0.0229186
-0.0201528
-0.0164538
-0.0128053
-0.0096355
-0.0068425
-0.0036372
-0.0006774
0.0019710
0.0023146
0.0019609
0.0007886
0.0004120
0.0003278
0.0004135
0.0012577
0.0026167
0.0050151
0.0064298
0.0069401
0.0066835
0.0065360
0.0065985
0.0065390
0.0065328
0.0067222
0.0057790
0.0043071
0.0023565
0.0017689
0.0021612
0.0043437
0.0068585
0.0097325
0.0135638
0.0176911
0.0221923
0.0261237
0.0297790
0.0330211
0.0352529
0.0366508
0.0354252
0.0328395
0.0291877
0.0252748
0.0214267
0.0176647
0.0133907
0.0092048
0.0053602
0.0019766
-0.0012609
-0.0045043
-0.0064965
-0.0077129
-0.0080888
-0.0082585
-0.0082388
-0.0073688
-0.0065666
-0.0059186
-0.0044649
-0.0030545
-0.0021403
-0.0023645
-0.0031965
-0.0049066
-0.0070637
-0.0094259
-0.0096579
-0.0085531
-0.0060031
-0.0031157
-0.0007670
0.0005714
-0.0001422
-0.0018681
-0.0051865
-0.0082839
-0.0110813
-0.0124618
-0.0132323
-0.0135251
-0.0142280
-0.0155167
-0.0175475
-0.0192934
-0.0205371
-0.0208014
-0.0199078
-0.0184149
-0.0159820
-0.0138021
-0.0119693
-0.0124671
-0.0149628
-0.0192952
-0.0262083
-0.0335425
-0.0413429
-0.0485965
-0.0555160
-0.0618641
-0.0684333
-0.0750399
-0.0814244
-0.0867053
-0.0911645
-0.0935441
-0.0946049
-0.0942381
-0.0926755
-0.0912648
-0.0903022
-0.0894560
-0.0882843
-0.0859893
-0.0823519
-0.0779989
-0.0730359
-0.0683514
-0.0638901
-0.0620528
-0.0609861
-0.0608982
-0.0590551
-0.0564710
-0.0528129
-0.0502479
-0.0486115
-0.0492957
-0.0518145
-0.0553613
-0.0588955
-0.0604930
-0.0603075
-0.0557244
-0.0498022
-0.0421324
-0.0345059
-0.0275168
-0.0221196
-0.0181012
-0.0148147
-0.0125618
-0.0104804
-0.0084856
-0.0058237
-0.0032739
-0.0008477
0.0008368
0.0020316
0.0024754
0.0022443
0.0017724
0.0010682
0.0002983
-0.0004521
-0.0008366
-0.0013430
-0.0019449
-0.0030891
-0.0044932
-0.0062290
-0.0082051
-0.0102367
-0.0123220
-0.0135081
-0.0139765
-0.0127230
-0.0104138
-0.0073658
-0.0026448
0.0019559
0.0064424
0.0101340
0.0139814
0.0181171
0.0204765
0.0215733
0.0203030
0.0181596
0.0156678
0.0131246
0.0118226
0.0114339
0.0130362
0.0153820
0.0185341
0.0238484
0.0292734
0.0345754
0.0391193
0.0431464
0.0461375
0.0473907
0.0476243
0.0463950
0.0447070
0.0426603
0.0407169
0.0389955
0.0375532
0.0369367
0.0367919
0.0374099
0.0377995
0.0379054
0.0371719
0.0355246
0.0332273
0.0293618
0.0260269
0.0231756
0.0232829
0.0245676
0.0274364
0.0318836
0.0365097
0.0408234
0.0435748
0.0454426
0.0458636
0.0454010
0.0443351
0.0429191
0.0416968
0.0406815
0.0405545
0.0409497
0.0421372
0.0429187
0.0431788
0.0421154
0.0409695
0.0399561
0.0401828
0.0404077
0.0406318
0.0410394
0.0414341
0.0418130
0.0411548
0.0401472
0.0386977
0.0375853
0.0367872
0.0368180
0.0366435
0.0363667
0.0362405
0.0363009
0.0365335
0.0370638
0.0389955
0.0430080
0.0482282
0.0533938
0.0578293
0.0615152
0.0643642
0.0643693
0.0626672
0.0597811
0.0557941
0.0513452
0.0463909
0.0411592
0.0363748
0.0324285
0.0288832
0.0253762
0.0216762
0.0185769
0.0159132
0.0143581
0.0131970
0.0123436
0.0127979
0.0141444
0.0166267
0.0204343
0.0248420
0.0301365
0.0350319
0.0395171
0.0428736
0.0452398
0.0469560
0.0475487
0.0478552
0.0478984
0.0475810
0.0475000
0.0477937
0.0476658
0.0471972
0.0460614
0.0448415
0.0434168
0.0410929
0.0388624
0.0367338
0.0356229
0.0350612
0.0350918
0.0368140
0.0389016
0.0413764
0.0444057
0.0477021
0.0514065
0.0551603
0.0589824
0.0631037
0.0670953
0.0709902
0.0743874
0.0772435
0.0794119
0.0803398
0.0814809
0.0834281
0.0867805
0.0904444
0.0935879
0.0962007
0.0984447
0.0998336
0.1003665
0.1001121
0.0990134
0.0976930
0.0960947
0.0934083
0.0897485
0.0841228
0.0766289
0.0681839
0.0585839
0.0483117
0.0375619
0.0263986
0.0153001
0.0042799
-0.0051514
-0.0131830
-0.0189743
-0.0235279
-0.0275757
-0.0310070
-0.0343244
-0.0377714
-0.0425266
-0.0468550
-0.0508537
-0.0522869
-0.0527054
-0.0518376
-0.0487257
-0.0449782
-0.0405330
-0.0361344
-0.0318160
-0.0277768
-0.0254911
-0.0243874
-0.0255954
-0.0272663
-0.0293611
-0.0317854
-0.0339688
-0.0357710
-0.0373174
-0.0388454
-0.0404509
-0.0419411
-0.0433614
-0.0446421
-0.0453266
-0.0455094
-0.0431678
-0.0395325
-0.0345072
-0.0277050
-0.0201222
-0.0114273
-0.0035972
0.0033262
0.0080484
0.0116924
0.0145108
0.0149612
0.0137399
0.0112097
0.0076468
0.0037958
-0.0004173
-0.0036795
-0.0059613
-0.0064444
-0.0058996
-0.0048956
-0.0033498
-0.0024889
-0.0022135
-0.0042343
-0.0065303
-0.0090773
-0.0109197
-0.0125296
-0.0138360
-0.0140401
-0.0135964
-0.0120255
-0.0099332
-0.0076803
-0.0056554
-0.0040199
-0.0026653
-0.0018160
-0.0013477
-0.0012913
-0.0025610
-0.0043776
-0.0069605
-0.0094407
-0.0119694
-0.0147234
-0.0176325
-0.0206022
-0.0234617
-0.0262480
-0.0289743
-0.0309473
-0.0320082
-0.0319127
-0.0290666
-0.0251179
-0.0196295
-0.0142214
-0.0096008
-0.0080390
-0.0098807
-0.0139538
-0.0217353
-0.0297705
-0.0380328
-0.0434162
-0.0468193
-0.0474366
-0.0436634
-0.0380565
-0.0298829
-0.0207846
-0.0114776
-0.0030022
0.0037159
0.0091446
0.0117576
0.0139407
0.0156589
0.0187593
0.0228970
0.0286591
0.0346981
0.0402857
0.0442177
0.0461990
0.0467615
0.0436407
0.0392874
0.0339733
0.0298719
0.0272156
0.0263918
0.0295628
0.0336396
0.0384861
0.0412576
0.0425574
0.0405775
0.0356697
0.0288497
0.0188961
0.0088311
-0.0013362
-0.0095319
-0.0166013
-0.0220939
-0.0250881
-0.0271455
-0.0280031
-0.0283588
-0.0286938
-0.0299400
-0.0321322
-0.0349400
-0.0375014
-0.0400383
-0.0425490
-0.0449464
-0.0475061
-0.0503668
-0.0544446
-0.0589442
-0.0638074
-0.0681572
-0.0720752
-0.0746211
-0.0758417
-0.0760225
-0.0754218
-0.0756699
-0.0769945
-0.0798114
-0.0826696
-0.0851826
-0.0859691
-0.0857551
-0.0837129
-0.0806544
-0.0770441
-0.0736050
-0.0714255
-0.0704043
-0.0709729
-0.0714067
-0.0715418
-0.0710303
-0.0701114
-0.0684625
-0.0660197
-0.0632044
-0.0600332
-0.0570431
-0.0542005
-0.0520021
-0.0499073
-0.0479265
-0.0453062
-0.0422749
-0.0386157
-0.0354024
-0.0327996
-0.0317675
-0.0318926
-0.0325793
-0.0334146
-0.0332694
-0.0323547
-0.0299444
-0.0279329
-0.0264295
-0.0262639
-0.0265884
-0.0275692
-0.0284724
-0.0291396
-0.0289662
-0.0277586
-0.0258993
-0.0232233
-0.0209645
-0.0190912
-0.0186470
-0.0185486
-0.0188821
-0.0179735
-0.0160196
-0.0119846
-0.0063930
-0.0001834
0.0061351
0.0117628
0.0168601
0.0202849
0.0224333
0.0231993
0.0223706
0.0213256
0.0201426
0.0188127
0.0175108
0.0164087
0.0159041
0.0157498
0.0161070
0.0163849
0.0165991
0.0155209
0.0131827
0.0092476
0.0027329
-0.0046524
-0.0131616
-0.0213364
-0.0290387
-0.0353055
-0.0404198
-0.0447178
-0.0470795
-0.0485763
-0.0492759
-0.0486953
-0.0476009
-0.0458156
-0.0439359
-0.0418908
-0.0394628
-0.0368888
-0.0343615
-0.0323736
-0.0299018
-0.0271075
-0.0242653
-0.0219100
-0.0200832
-0.0188983
-0.0181310
-0.0180031
-0.0178294
-0.0175320
-0.0168790
-0.0161149
-0.0153158
-0.0146419
-0.0144097
-0.0145240
-0.0147159
-0.0148364
-0.0148659
-0.0143043
-0.0131734
-0.0110023
-0.0083251
-0.0057149
-0.0040038
-0.0039672
-0.0049231
-0.0064794
-0.0069339
-0.0063741
-0.0038936
-0.0006469
0.0036353
0.0076263
0.0106386
0.0112951
0.0107398
0.0097374
0.0088508
0.0079573
0.0070846
0.0067969
0.0065488
0.0063437
0.0059013
0.0054754
0.0051139
0.0047453
0.0044113
0.0041921
0.0032196
0.0016848
-0.0013601
-0.0048269
-0.0086231
-0.0133402
-0.0179128
-0.0223102
-0.0252199
-0.0275970
-0.0292777
-0.0296320
-0.0291539
-0.0270328
-0.0246137
-0.0220510
-0.0197478
-0.0175724
-0.0155161
-0.0139914
-0.0124915
-0.0109937
-0.0091642
-0.0071528
-0.0048392
-0.0022690
0.0002406
0.0019181
0.0028695
0.0032959
0.0027760
0.0022749
0.0017934
0.0025488
0.0034697
0.0044966
0.0055800
0.0067052
0.0079168
0.0081421
0.0076854
0.0056492
0.0029802
-0.0001832
-0.0028552
-0.0041058
-0.0035527
-0.0000050
0.0045156
0.0102336
0.0158849
0.0210846
0.0245796
0.0261990
0.0265465
0.0244084
0.0220308
0.0194290
0.0167462
0.0137668
0.0103430
0.0065861
0.0023565
-0.0029182
-0.0091428
-0.0156089
-0.0214204
-0.0258090
-0.0291520
-0.0302701
-0.0305852
-0.0300337
-0.0291876
-0.0288302
-0.0293836
-0.0307890
-0.0323417
-0.0336910
-0.0343787
-0.0345369
-0.0331146
-0.0303212
-0.0264499
-0.0204574
-0.0141428
-0.0074077
-0.0013260
0.0044578
0.0097945
0.0145981
0.0188464
0.0215541
0.0234602
0.0248242
0.0251486
0.0244036
0.0226726
0.0197387
0.0164967
0.0128705
0.0086003
0.0041319
-0.0005289
-0.0050972
-0.0095186
-0.0133684
-0.0162943
-0.0185239
-0.0187505
-0.0176692
-0.0151744
-0.0112858
-0.0074279
-0.0038396
-0.0011599
0.0010406
0.0024445
0.0031498
0.0034426
0.0031227
0.0030282
0.0031106
0.0042590
0.0059299
0.0082618
0.0112472
0.0145808
0.0184612
0.0230217
0.0277616
0.0323668
0.0363533
0.0399564
0.0430864
0.0457276
0.0479226
0.0483727
0.0481565
0.0470525
0.0452914
0.0435741
0.0422895
0.0423239
0.0431016
0.0450892
0.0473464
0.0497651
0.0516865
0.0530131
0.0536984
0.0522831
0.0497019
0.0453794
0.0407606
0.0362996
0.0325639
0.0296637
0.0273206
0.0262120
0.0251816
0.0242104
0.0223726
0.0196352
0.0157596
0.0101979
0.0042367
-0.0020802
-0.0076644
-0.0124771
-0.0151417
-0.0162810
-0.0164129
-0.0147789
-0.0119874
-0.0081345
-0.0031681
0.0018151
0.0067512
0.0109975
0.0148425
0.0179960
0.0195980
0.0203099
0.0194975
0.0192658
0.0194647
0.0207410
0.0223615
0.0243517
0.0265845
0.0285614
0.0300473
0.0303972
0.0302778
0.0295755
0.0298205
0.0306753
0.0327412
0.0349784
0.0373478
0.0400951
0.0426693
0.0450220
0.0462705
0.0473344
0.0483260
0.0497782
0.0514919
0.0536659
0.0561501
0.0587323
0.0604222
0.0613083
0.0614550
0.0608079
0.0599442
0.0588073
0.0565372
0.0532951
0.0481126
0.0409858
0.0328308
0.0232833
0.0138969
0.0047287
-0.0019751
-0.0068143
-0.0096421
-0.0098838
-0.0096284
-0.0088875
-0.0081150
-0.0074629
-0.0072168
-0.0073059
-0.0074711
-0.0070458
-0.0057295
-0.0037175
-0.0002937
0.0034929
0.0077362
0.0116842
0.0149075
0.0166847
0.0174215
0.0180008
0.0192513
0.0220128
0.0257412
0.0308656
0.0356262
0.0400489
0.0423537
0.0435864
0.0433500
0.0426925
0.0421397
0.0420600
0.0414646
0.0403009
0.0372203
0.0324845
0.0265722
0.0187103
0.0113466
0.0045268
0.0001020
-0.0033310
-0.0053733
-0.0067758
-0.0081966
-0.0101721
-0.0116543
-0.0125499
-0.0108587
-0.0074888
-0.0028065
0.0022242
0.0065992
0.0101426
0.0121787
0.0136787
0.0144724
0.0155613
0.0167967
0.0182424
0.0193014
0.0200498
0.0197406
0.0185246
0.0164768
0.0133435
0.0098728
0.0059638
0.0017981
-0.0019724
-0.0045963
-0.0054700
-0.0053766
-0.0037773
-0.0014963
0.0012205
0.0035965
0.0053188
0.0063344
0.0070484
0.0075434
0.0076951
0.0072469
0.0064590
0.0050727
0.0032680
0.0015231
0.0016313
0.0028841
0.0050329
0.0081245
0.0112644
0.0144658
0.0155365
0.0156508
0.0143455
0.0124566
0.0104668
0.0087968
0.0074170
0.0062238
0.0052891
0.0051781
0.0058245
0.0073179
0.0089756
0.0108264
0.0130243
0.0152901
0.0175572
0.0195815
0.0214046
0.0226791
0.0234289
0.0237821
0.0229931
0.0221115
0.0211297
0.0206373
0.0199478
0.0188359
0.0171261
0.0150042
0.0120424
0.0076872
0.0026719
-0.0024321
-0.0064872
-0.0097167
-0.0106327
-0.0101705
-0.0079596
-0.0035372
0.0012852
0.0063140
0.0106235
0.0143048
0.0163967
0.0166197
0.0155950
0.0122914
0.0080668
0.0029955
-0.0026234
-0.0078699
-0.0125188
-0.0159394
-0.0185935
-0.0198858
-0.0202083
-0.0202251
-0.0206070
-0.0209054
-0.0210474
-0.0188457
-0.0152375
-0.0101106
-0.0031799
0.0039610
0.0111915
0.0165142
0.0206752
0.0226783
0.0237974
0.0246346
0.0264358
0.0294378
0.0333815
0.0382327
0.0425181
0.0460815
0.0472365
0.0471667
0.0456655
0.0424748
0.0390147
0.0359528
0.0334155
0.0312565
0.0300567
0.0290592
0.0282486
0.0260823
0.0232974
0.0196715
0.0147432
0.0091819
0.0026139
-0.0042013
-0.0111785
-0.0185407
-0.0258934
-0.0331562
-0.0384886
-0.0423834
-0.0447209
-0.0445076
-0.0435722
-0.0417468
-0.0404729
-0.0395929
-0.0395219
-0.0392017
-0.0384928
-0.0358185
-0.0320159
-0.0273317
-0.0229453
-0.0188567
-0.0151497
-0.0107413
-0.0060940
-0.0011281
0.0038072
0.0085708
0.0127130
0.0154277
0.0172589
0.0181488
0.0195328
0.0213700
0.0250260
0.0289915
0.0333185
0.0361384
0.0378019
0.0372456
0.0343807
0.0303514
0.0249092
0.0195656
0.0143375
0.0101868
0.0067541
0.0041000
0.0028375
0.0019925
0.0016715
0.0019797
0.0024254
0.0028141
0.0023348
0.0013119
-0.0007095
-0.0034078
-0.0066343
-0.0102301
-0.0134465
-0.0161893
-0.0184940
-0.0204254
-0.0216987
-0.0216532
-0.0212019
-0.0207885
-0.0210911
-0.0218673
-0.0234697
-0.0255943
-0.0281969
-0.0314355
-0.0349020
-0.0386792
-0.0431067
-0.0477567
-0.0526814
-0.0570425
-0.0607952
-0.0625295
-0.0624039
-0.0609219
-0.0566681
-0.0518820
-0.0465146
-0.0429947
-0.0407837
-0.0405977
-0.0431578
-0.0470493
-0.0529882
-0.0594869
-0.0662986
-0.0735206
-0.0802565
-0.0866020
-0.0899104
-0.0916909
-0.0915457
-0.0891673
-0.0865155
-0.0839139
-0.0822487
-0.0809811
-0.0801213
-0.0793707
-0.0787255
-0.0785840
-0.0787798
-0.0792854
-0.0798806
-0.0806141
-0.0815516
-0.0821446
-0.0823245
-0.0816218
-0.0804095
-0.0789653
-0.0773383
-0.0760564
-0.0750601
-0.0753530
-0.0759186
-0.0767794
-0.0762317
-0.0746912
-0.0716089
-0.0674993
-0.0631900
-0.0590467
-0.0555852
-0.0525561
-0.0503159
-0.0480305
-0.0457068
-0.0423800
-0.0384967
-0.0339000
-0.0286562
-0.0231746
-0.0173696
-0.0111420
-0.0047293
0.0019172
0.0084719
0.0149662
0.0214578
0.0285123
0.0360919
0.0442414
0.0522774
0.0601341
0.0669026
0.0724795
0.0755627
0.0759222
0.0748173
0.0715761
0.0679290
0.0640214
0.0603458
0.0563358
0.0519595
0.0469527
0.0416981
0.0360974
0.0300716
0.0239478
0.0178252
0.0120485
0.0066055
0.0023403
-0.0006962
-0.0027757
-0.0028058
-0.0027265
-0.0025086
-0.0034862
-0.0052891
-0.0084930
-0.0127484
-0.0172474
-0.0214288
-0.0247219
-0.0273606
-0.0281922
-0.0281649
-0.0273499
-0.0262311
-0.0251031
-0.0239798
-0.0231733
-0.0227522
-0.0231606
-0.0239555
-0.0249138
-0.0259541
-0.0266131
-0.0269683
-0.0261256
-0.0249768
-0.0234973
-0.0213331
-0.0190077
-0.0164989
-0.0139618
-0.0112363
-0.0079280
-0.0043560
-0.0006843
0.0028258
0.0058823
0.0085862
0.0101919
0.0116029
0.0127688
0.0132740
0.0135934
0.0137109
0.0144659
0.0155809
0.0173377
0.0198088
0.0227985
0.0271667
0.0321950
0.0378337
0.0438779
0.0497592
0.0553799
0.0597323
0.0630763
0.0644786
0.0640502
0.0626623
0.0599478
0.0565965
0.0528129
0.0487815
0.0451139
0.0418382
0.0391995
0.0369374
0.0352385
0.0344995
0.0341559
0.0343036
0.0343359
0.0341873
0.0331117
0.0312734
0.0288409
0.0264068
0.0246273
0.0236721
0.0240321
0.0246946
0.0256235
0.0259483
0.0259038
0.0251430
0.0243139
0.0234937
0.0232022
0.0231462
0.0233054
0.0235629
0.0234746
0.0228674
0.0210739
0.0189866
0.0167130
0.0152099
0.0141654
0.0139599
0.0140006
0.0142094
0.0145474
0.0144662
0.0139365
0.0127781
0.0115268
0.0102033
0.0085192
0.0067853
0.0051693
0.0038489
0.0026641
0.0014548
0.0002950
-0.0008241
-0.0018044
-0.0024848
-0.0027880
-0.0024471
-0.0022040
-0.0023494
-0.0032691
-0.0046855
-0.0071194
-0.0104187
-0.0141924
-0.0179164
-0.0210057
-0.0235117
-0.0246534
-0.0251342
-0.0247200
-0.0232844
-0.0213808
-0.0187678
-0.0156998
-0.0125334
-0.0097478
-0.0078465
-0.0065962
-0.0068648
-0.0075343
-0.0086320
-0.0093466
-0.0096949
-0.0094578
-0.0091241
-0.0090482
-0.0098552
-0.0115190
-0.0135591
-0.0154505
-0.0162067
-0.0160798
-0.0136085
-0.0106587
-0.0071021
-0.0037112
-0.0007979
0.0011676
0.0024620
0.0037302
0.0057349
0.0088608
0.0126567
0.0170855
0.0207586
0.0237377
0.0235191
0.0217321
0.0178129
0.0125781
0.0072881
0.0024643
-0.0008849
-0.0033790
-0.0044092
-0.0053518
-0.0062835
-0.0083859
-0.0113441
-0.0152183
-0.0200111
-0.0246625
-0.0289402
-0.0322988
-0.0352226
-0.0375173
-0.0398543
-0.0422491
-0.0449892
-0.0472563
-0.0491491
-0.0496953
-0.0500032
-0.0500130
-0.0502505
-0.0504935
-0.0506866
-0.0500495
-0.0487228
-0.0456835
-0.0409923
-0.0352593
-0.0279597
-0.0204992
-0.0128964
-0.0056906
0.0010772
0.0072321
0.0119289
0.0156992
0.0178297
0.0186039
0.0188135
0.0188112
0.0196365
0.0210771
0.0242615
0.0277139
0.0314556
0.0341734
0.0359947
0.0363993
0.0350465
0.0330419
0.0303480
0.0281477
0.0263392
0.0256581
0.0254213
0.0255291
0.0254790
0.0250823
0.0242497
0.0230589
0.0217090
0.0201200
0.0179824
0.0155322
0.0124826
0.0090454
0.0054179
0.0019335
-0.0010522
-0.0035819
-0.0049473
-0.0058313
-0.0060727
-0.0061065
-0.0061759
-0.0064358
-0.0072618
-0.0083783
-0.0098964
-0.0109454
-0.0116112
-0.0106074
-0.0086296
-0.0056096
-0.0019503
0.0016214
0.0049564
0.0075501
0.0096464
0.0107905
0.0116407
0.0123347
0.0129108
0.0133571
0.0137016
0.0139788
0.0142075
0.0143761
0.0146286
0.0150203
0.0156837
0.0166577
0.0177538
0.0189733
0.0199133
0.0206022
0.0202541
0.0193649
0.0179846
0.0164035
0.0150316
0.0139784
0.0136938
0.0137758
0.0144235
0.0153043
0.0162300
0.0169497
0.0173413
0.0175128
0.0176046
0.0178755
0.0183378
0.0189584
0.0193998
0.0195059
0.0186330
0.0173219
0.0153796
0.0134424
0.0116086
0.0104544
0.0101098
0.0103947
0.0115696
0.0127548
0.0139548
0.0145802
0.0148416
0.0145056
0.0137902
0.0129760
0.0122246
0.0119521
0.0119887
0.0125121
0.0130732
0.0136675
0.0140667
0.0143281
0.0143982
0.0143617
0.0143060
0.0142531
0.0141924
0.0141067
0.0139085
0.0135682
0.0131145
0.0121767
0.0111268
0.0099574
0.0089935
0.0081542
0.0074954
0.0072993
0.0073226
0.0076757
0.0079797
0.0082471
0.0084270
0.0085574
0.0086490
0.0088060
0.0091935
0.0098703
0.0109183
0.0118325
0.0123739
0.0120488
0.0112687
0.0097519
0.0080360
0.0062719
0.0051310
0.0045767
0.0045557
0.0052853
0.0061352
0.0071241
0.0079782
0.0087267
0.0092848
0.0095684
0.0096875
0.0095074
0.0092898
0.0090485
0.0088199
0.0083242
0.0075438
0.0058624
0.0038149
0.0012457
-0.0016837
-0.0046108
-0.0072973
-0.0093652
-0.0110388
-0.0120071
-0.0127131
-0.0132137
-0.0135134
-0.0137248
-0.0138274
-0.0137149
-0.0136191
-0.0136186
-0.0139130
-0.0143945
-0.0152596
-0.0163545
-0.0175501
-0.0185103
-0.0191509
-0.0195004
-0.0194058
-0.0192013
-0.0188613
-0.0188747
-0.0192860
-0.0205381
-0.0224523
-0.0246596
-0.0271338
-0.0292789
-0.0311376
-0.0315880
-0.0313501
-0.0303813
-0.0289626
-0.0277833
-0.0270797
-0.0275372
-0.0285466
-0.0303999
-0.0324012
-0.0343518
-0.0355320
-0.0356704
-0.0350018
-0.0323174
-0.0290331
-0.0249865
-0.0206837
-0.0166707
-0.0132932
-0.0111004
-0.0095524
-0.0090432
-0.0089719
-0.0091597
-0.0095446
-0.0097798
-0.0098796
-0.0093984
-0.0087029
-0.0077222
-0.0065601
-0.0054323
-0.0044623
-0.0038320
-0.0033993
-0.0032999
-0.0033376
-0.0034522
-0.0032771
-0.0028133
-0.0020425
-0.0009264
0.0002354
0.0014338
0.0025563
0.0035866
0.0044094
0.0048768
0.0051391
0.0051293
0.0051135
0.0050932
0.0053995
0.0059889
0.0069347
0.0081431
0.0093563
0.0105211
0.0114112
0.0121080
0.0124061
0.0127302
0.0131062
0.0139362
0.0150448
0.0164049
0.0177484
0.0186165
0.0187963
0.0175667
0.0158077
0.0133615
0.0109459
0.0086795
0.0070418
0.0059616
0.0052646
0.0049387
0.0044708
0.0038516
0.0025806
0.0010606
-0.0008081
-0.0028196
-0.0047869
-0.0065524
-0.0078508
-0.0088232
-0.0090693
-0.0089435
-0.0085324
-0.0077139
-0.0068349
-0.0058782
-0.0052035
-0.0047419
-0.0046381
-0.0047391
-0.0049240
-0.0051943
-0.0053768
-0.0054718
-0.0051367
-0.0045914
-0.0038566
-0.0031028
-0.0025693
-0.0023553
-0.0029304
-0.0038383
-0.0052258
-0.0065340
-0.0076910
-0.0082784
-0.0082588
-0.0078056
-0.0064595
-0.0049630
-0.0033078
-0.0018227
-0.0005556
0.0003719
0.0009102
0.0013453
0.0017691
0.0024958
0.0034257
0.0048556
0.0063633
0.0079257
0.0091105
0.0099564
0.0103866
0.0101945
0.0098800
0.0094820
0.0092672
0.0091498
0.0091903
0.0092580
0.0093203
0.0091645
0.0088575
0.0084154
0.0078932
0.0074629
0.0071689
0.0071950
0.0073210
0.0075508
0.0077578
0.0079371
0.0080294
0.0079178
0.0076602
0.0070809
0.0064265
0.0056930
0.0048826
0.0041230
0.0034548
0.0030743
0.0028566
0.0029183
0.0031554
0.0034630
0.0037152
0.0037798
0.0037007
0.0031622
0.0024360
0.0014753
0.0004238
-0.0005740
-0.0014527
-0.0020924
-0.0025828
-0.0027955
-0.0027720
-0.0025892
-0.0020628
-0.0013803
-0.0005604
0.0004416
0.0014079
0.0023199
0.0029695
0.0034209
0.0035128
0.0032288
0.0027514
0.0019971
0.0011059
0.0001290
-0.0009446
-0.0019368
-0.0028446
-0.0034537
-0.0039036
-0.0041297
-0.0041286
-0.0040304
-0.0038023
-0.0035811
-0.0033756
-0.0032476
-0.0031878
-0.0031799
-0.0033156
-0.0034751
-0.0036648
-0.0037871
-0.0038519
-0.0038192
-0.0037506
-0.0036868
-0.0036830
-0.0037577
-0.0038889
-0.0041897
-0.0046057
-0.0051226
-0.0057789
-0.0064073
-0.0069942
-0.0073656
-0.0075954
-0.0075807
-0.0073813
-0.0071072
-0.0068020
-0.0064966
-0.0061898
-0.0058122
-0.0053857
-0.0049083
-0.0043109
-0.0036922
-0.0030454
-0.0024301
-0.0018651
-0.0014118
-0.0011383
-0.0009838
-0.0010769
-0.0012872
-0.0015841
-0.0019630
-0.0023271
-0.0026758
-0.0029479
-0.0031757
-0.0033394
-0.0034676
-0.0035769
-0.0036622
-0.0037421
-0.0038191
-0.0039139
-0.0040121
-0.0041128
-0.0042190
-0.0043092
-0.0043778
-0.0043456
-0.0042576
-0.0040769
-0.0038466
-0.0036019
-0.0033669
-0.0031862
-0.0030440
-0.0029672
-0.0028919
-0.0028182
-0.0027153
-0.0026010
-0.0024705
-0.0023431
-0.0022117
-0.0020625
-0.0018890
-0.0017071
-0.0015314
-0.0013609
-0.0011956
-0.0010139
-0.0008399
-0.0006741
-0.0005358
-0.0004010
-0.0002629
-0.0001094
0.0000544
0.0002493
0.0004841
0.0007369
0.0009856
0.0011850
0.0013404
0.0013811
0.0013792
0.0013233
0.0012583
0.0011962
0.0011438
0.0011120
0.0010902
0.0010792
0.0010390
0.0009792
0.0008810
0.0007889
0.0007029
0.0006623
0.0006419
0.0006489
0.0006578
0.0006649
0.0006659
0.0006824
0.0007085
0.0007554
0.0008076
0.0008631
0.0009477
0.0010322
0.0011174
0.0011604
0.0011779
0.0011566
0.0011150
0.0010690
0.0010271
0.0010061
0.0009979
0.0010086
0.0010105
0.0010046
0.0010007
0.0010020
0.0010106
0.0010296
0.0010530
0.0010847
0.0010945
0.0010865
0.0010331
0.0009604
0.0008764
0.0007899
0.0007113
0.0006407
0.0005990
0.0005681
0.0005506
0.0005199
0.0004827
0.0004338
0.0003808
0.0003264
0.0002679
0.0002175
0.0001737
0.0001560
0.0001497
0.0001569
0.0001697
0.0001802
0.0001853
0.0001826
0.0001773
0.0001709
0.0001705
0.0001740
0.0001862
0.0002011
0.0002181
0.0002406
0.0002616
0.0002810
0.0002837
0.0002779
0.0002592
0.0002317
0.0002011
0.0001686
0.0001388
0.0001116
0.0000965
0.0000911
0.0000954
0.0000995
0.0001036
0.0001077
0.0001148
0.0001201
0.0001191
0.0001156
0.0001105
0.0001027
0.0000915
0.0000778
0.0000701
0.0000635
0.0000584
0.0000515
0.0000453
0.0000406
0.0000361
0.0000313
0.0000252
0.0000186
0.0000119
0.0000071
0.0000024
-0.0000024
-0.0000087
-0.0000148
-0.0000207
-0.0000238
-0.0000257
-0.0000261
-0.0000269
-0.0000278
-0.0000282
-0.0000290
-0.0000302
-0.0000342
-0.0000384
-0.0000427
-0.0000460
-0.0000493
-0.0000529
-0.0000562
-0.0000591
-0.0000616
-0.0000636
-0.0000654
-0.0000669
-0.0000690
-0.0000715
-0.0000752
-0.0000790
-0.0000831
-0.0000863
-0.0000892
-0.0000921
-0.0000949
-0.0000975
-0.0000996
-0.0001019
-0.0001043
-0.0001073
-0.0001107
-0.0001141
-0.0001173
-0.0001197
-0.0001215
-0.0001219
-0.0001223
-0.0001235
-0.0001241
-0.0001245
-0.0001241
-0.0001248
-0.0001260
-0.0001268
-0.0001276
-0.0001284
-0.0001297
-0.0001307
-0.0001314
-0.0001324
-0.0001334
-0.0001345
-0.0001354
-0.0001362
-0.0001369
-0.0001376
-0.0001381
-0.0001387
-0.0001394
-0.0001401
-0.0001407
-0.0001412
-0.0001419
-0.0001426
-0.0001432
-0.0001436
-0.0001441
-0.0001447
-0.0001453
-0.0001459
-0.0001464
-0.0001469
-0.0001473
-0.0001478
-0.0001482
-0.0001486
-0.0001489
-0.0001493
-0.0001496
-0.0001498
-0.0001501
-0.0001503
-0.0001505
-0.0001507
-0.0001508
-0.0001509
-0.0001510
-0.0001511
