-0.0000055
-0.0000054
-0.0000054
-0.0000054
-0.0000055
-0.0000055
-0.0000055
-0.0000055
-0.0000055
-0.0000055
-0.0000055
-0.0000055
-0.0000055
-0.0000055
-0.0000055
-0.0000055
-0.0000055
-0.0000056
-0.0000055
-0.0000054
-0.0000055
-0.0000055
-0.0000056
-0.0000057
-0.0000057
-0.0000056
-0.0000055
-0.0000054
-0.0000054
-0.0000054
-0.0000053
-0.0000054
-0.0000057
-0.0000058
-0.0000056
-0.0000053
-0.0000054
-0.0000057
-0.0000057
-0.0000055
-0.0000055
-0.0000057
-0.0000056
-0.0000057
-0.0000060
-0.0000058
-0.0000056
-0.0000059
-0.0000061
-0.0000059
-0.0000054
-0.0000052
-0.0000053
-0.0000057
-0.0000057
-0.0000057
-0.0000061
-0.0000060
-0.0000057
-0.0000056
-0.0000061
-0.0000073
-0.0000068
-0.0000053
-0.0000056
-0.0000066
-0.0000062
-0.0000064
-0.0000067
-0.0000068
-0.0000072
-0.0000077
-0.0000067
-0.0000049
-0.0000055
-0.0000082
-0.0000083
-0.0000067
-0.0000061
-0.0000069
-0.0000075
-0.0000069
-0.0000069
-0.0000076
-0.0000078
-0.0000063
-0.0000055
-0.0000083
-0.0000100
-0.0000089
-0.0000084
-0.0000074
-0.0000063
-0.0000072
-0.0000086
-0.0000085
-0.0000069
-0.0000057
-0.0000062
-0.0000076
-0.0000077
-0.0000072
-0.0000055
-0.0000054
-0.0000079
-0.0000097
-0.0000092
-0.0000075
-0.0000075
-0.0000073
-0.0000069
-0.0000077
-0.0000081
-0.0000082
-0.0000084
-0.0000100
-0.0000081
-0.0000031
-0.0000060
-0.0000138
-0.0000120
-0.0000042
-0.0000029
-0.0000070
-0.0000099
-0.0000079
-0.0000039
-0.0000059
-0.0000141
-0.0000158
-0.0000110
-0.0000061
-0.0000035
-0.0000060
-0.0000126
-0.0000145
-0.0000120
-0.0000094
-0.0000055
-0.0000051
-0.0000091
-0.0000102
-0.0000121
-0.0000165
-0.0000165
-0.0000189
-0.0000165
-0.0000055
-0.0000001
-0.0000073
-0.0000145
-0.0000155
-0.0000137
-0.0000101
-0.0000144
-0.0000187
-0.0000173
-0.0000103
-0.0000093
-0.0000188
-0.0000159
-0.0000099
-0.0000153
-0.0000223
-0.0000216
-0.0000158
-0.0000124
-0.0000154
-0.0000223
-0.0000198
-0.0000091
-0.0000052
-0.0000099
-0.0000132
-0.0000155
-0.0000134
-0.0000120
-0.0000141
-0.0000169
-0.0000198
-0.0000196
-0.0000207
-0.0000226
-0.0000179
-0.0000101
-0.0000107
-0.0000157
-0.0000174
-0.0000158
-0.0000179
-0.0000258
-0.0000231
-0.0000100
-0.0000047
-0.0000119
-0.0000185
-0.0000181
-0.0000161
-0.0000148
-0.0000116
-0.0000155
-0.0000295
-0.0000313
-0.0000179
-0.0000139
-0.0000132
-0.0000093
-0.0000139
-0.0000224
-0.0000184
-0.0000130
-0.0000190
-0.0000315
-0.0000274
-0.0000117
-0.0000101
-0.0000150
-0.0000085
-0.0000088
-0.0000160
-0.0000154
-0.0000126
-0.0000116
-0.0000134
-0.0000115
-0.0000065
-0.0000106
-0.0000309
-0.0000382
-0.0000183
-0.0000035
-0.0000100
-0.0000123
0.0000008
0.0000085
-0.0000000
-0.0000095
-0.0000091
-0.0000102
-0.0000233
-0.0000293
-0.0000233
-0.0000214
-0.0000287
-0.0000308
-0.0000326
-0.0000302
-0.0000101
0.0000006
-0.0000178
-0.0000410
-0.0000286
-0.0000042
0.0000003
-0.0000094
-0.0000179
-0.0000160
-0.0000189
-0.0000339
-0.0000391
-0.0000200
-0.0000024
-0.0000023
-0.0000103
-0.0000175
-0.0000163
-0.0000155
-0.0000144
-0.0000213
-0.0000319
-0.0000246
-0.0000172
-0.0000196
-0.0000148
-0.0000064
-0.0000015
-0.0000016
-0.0000250
-0.0000384
-0.0000025
0.0000244
0.0000080
-0.0000158
-0.0000225
-0.0000169
-0.0000126
-0.0000061
-0.0000093
-0.0000226
-0.0000416
-0.0000349
-0.0000170
-0.0000118
-0.0000173
-0.0000248
-0.0000407
-0.0000349
-0.0000153
-0.0000001
-0.0000146
-0.0000389
-0.0000348
-0.0000280
-0.0000189
-0.0000099
-0.0000216
-0.0000432
-0.0000424
-0.0000296
-0.0000189
-0.0000049
-0.0000079
-0.0000175
-0.0000251
-0.0000337
-0.0000442
-0.0000375
-0.0000141
-0.0000009
-0.0000005
0.0000053
-0.0000036
-0.0000322
-0.0000338
-0.0000274
-0.0000367
-0.0000309
-0.0000195
-0.0000109
-0.0000062
-0.0000014
0.0000039
-0.0000093
-0.0000177
-0.0000098
-0.0000034
-0.0000083
-0.0000291
-0.0000479
-0.0000257
0.0000008
-0.0000387
-0.0000720
-0.0000368
0.0000006
-0.0000184
-0.0000472
-0.0000160
0.0000259
0.0000078
-0.0000410
-0.0000349
0.0000140
0.0000286
-0.0000163
-0.0000615
-0.0000603
-0.0000489
-0.0000416
-0.0000408
-0.0000504
-0.0000530
-0.0000525
-0.0000458
-0.0000312
-0.0000172
-0.0000183
-0.0000204
-0.0000308
-0.0000578
-0.0000650
-0.0000380
-0.0000351
-0.0000411
-0.0000293
-0.0000382
-0.0000481
-0.0000461
-0.0000513
-0.0000493
-0.0000375
-0.0000382
-0.0000494
-0.0000346
-0.0000232
-0.0000232
-0.0000001
0.0000126
0.0000019
-0.0000125
-0.0000279
-0.0000496
-0.0000778
-0.0000681
-0.0000373
-0.0000294
-0.0000372
-0.0000464
-0.0000575
-0.0000531
-0.0000327
-0.0000199
-0.0000367
-0.0000358
-0.0000327
-0.0000485
-0.0000320
-0.0000099
-0.0000370
-0.0000534
-0.0000210
-0.0000016
-0.0000503
-0.0000971
-0.0000591
-0.0000106
-0.0000107
-0.0000493
-0.0000562
-0.0000164
0.0000001
-0.0000420
-0.0000530
0.0000007
0.0000340
0.0000230
-0.0000126
-0.0000208
-0.0000079
-0.0000211
-0.0000432
-0.0000477
-0.0000350
-0.0000119
0.0000102
0.0000197
-0.0000052
-0.0000193
-0.0000053
0.0000105
0.0000256
0.0000042
-0.0000401
-0.0000309
-0.0000336
-0.0000474
-0.0000232
0.0000057
0.0000080
-0.0000071
-0.0000322
-0.0000421
-0.0000182
0.0000058
-0.0000001
-0.0000252
-0.0000213
-0.0000001
0.0000074
-0.0000119
-0.0000503
-0.0000455
-0.0000298
-0.0000318
-0.0000191
0.0000082
0.0000251
-0.0000109
-0.0000399
-0.0000015
0.0000269
0.0000088
-0.0000003
0.0000147
-0.0000020
-0.0000189
-0.0000065
-0.0000020
-0.0000221
-0.0000290
-0.0000270
-0.0000143
0.0000012
0.0000040
-0.0000055
-0.0000474
-0.0001063
-0.0000963
-0.0000477
-0.0000345
-0.0000412
-0.0000205
-0.0000009
-0.0000253
-0.0000480
-0.0000234
0.0000084
0.0000028
-0.0000269
-0.0000302
-0.0000388
-0.0000816
-0.0000974
-0.0000391
0.0000154
0.0000163
-0.0000082
-0.0000303
-0.0000196
0.0000115
0.0000376
0.0000183
-0.0000347
-0.0000704
-0.0000781
-0.0000269
0.0000316
0.0000017
-0.0000581
-0.0000607
-0.0000140
0.0000144
0.0000164
0.0000219
-0.0000198
-0.0000779
-0.0000510
0.0000090
0.0000203
0.0000033
-0.0000104
-0.0000269
-0.0000181
-0.0000113
-0.0000582
-0.0000675
0.0000072
0.0000274
-0.0000548
-0.0000946
-0.0000648
-0.0000243
0.0000128
0.0000008
-0.0000317
-0.0000805
-0.0001024
-0.0000420
0.0000100
-0.0000174
-0.0000785
-0.0001202
-0.0000548
0.0000481
0.0000447
-0.0000270
-0.0000347
-0.0000023
-0.0000281
-0.0000904
-0.0000821
-0.0000214
-0.0000072
-0.0000196
-0.0000475
-0.0000795
-0.0000420
-0.0000028
-0.0000499
-0.0000870
-0.0000652
-0.0000443
-0.0000468
-0.0000730
-0.0001211
-0.0001060
-0.0000438
0.0000055
0.0000017
-0.0000730
-0.0001131
-0.0000531
-0.0000140
-0.0000403
-0.0000546
-0.0000147
0.0000137
-0.0000300
-0.0000959
-0.0000805
-0.0000243
-0.0000455
-0.0000877
-0.0001074
-0.0001157
-0.0001088
-0.0000644
-0.0000000
0.0000198
-0.0000236
-0.0000611
-0.0000595
-0.0000468
-0.0000557
-0.0000868
-0.0000710
-0.0000229
-0.0000566
-0.0001125
-0.0000916
-0.0000239
0.0000360
0.0000079
-0.0000454
-0.0000210
0.0000156
-0.0000121
-0.0000764
-0.0001330
-0.0001161
-0.0000806
-0.0000620
-0.0000297
0.0000273
0.0000206
-0.0000019
-0.0000093
-0.0000475
-0.0000347
0.0000188
0.0000367
0.0000323
0.0000532
0.0000398
-0.0000134
-0.0000371
-0.0000653
-0.0000663
-0.0000073
0.0000243
0.0000044
0.0000050
-0.0000277
-0.0000292
0.0000049
-0.0000029
0.0000044
0.0000550
0.0000601
0.0000247
0.0000093
0.0000207
-0.0000036
-0.0001028
-0.0001127
-0.0000107
0.0000411
-0.0000140
-0.0000660
-0.0000649
-0.0000149
0.0000621
-0.0000047
-0.0001327
-0.0001404
-0.0000157
0.0000907
0.0000727
0.0000061
-0.0000419
-0.0000457
-0.0000117
-0.0000257
-0.0000990
-0.0001324
-0.0000834
-0.0000367
-0.0000277
-0.0000029
0.0000296
0.0000255
-0.0000243
-0.0000493
-0.0000167
-0.0000034
0.0000060
0.0000030
-0.0000483
-0.0000371
0.0000248
0.0000560
0.0000816
0.0000847
0.0000079
-0.0000544
-0.0000263
-0.0000234
-0.0000835
-0.0000942
-0.0000431
0.0000161
0.0000288
-0.0000203
-0.0000497
-0.0000071
0.0000406
0.0000296
-0.0000147
-0.0000303
-0.0000643
-0.0000784
-0.0000573
-0.0000193
0.0000388
0.0000170
-0.0000390
-0.0000153
0.0000271
-0.0000179
-0.0000891
-0.0000435
0.0000401
0.0000562
0.0000081
-0.0000620
-0.0000382
0.0000346
0.0000521
0.0000338
0.0000021
-0.0000545
-0.0000352
0.0000321
0.0000516
0.0000344
0.0000142
-0.0000124
0.0000002
0.0000214
-0.0000010
-0.0000128
-0.0000252
-0.0000467
-0.0000546
-0.0000495
-0.0000364
0.0000289
0.0001283
0.0001016
-0.0000218
-0.0000816
-0.0000366
0.0000505
0.0000159
-0.0000944
-0.0001082
-0.0000365
-0.0000075
-0.0000966
-0.0001365
-0.0001034
-0.0000593
-0.0000498
-0.0001089
-0.0001720
-0.0001167
-0.0000564
-0.0001082
-0.0001291
-0.0000850
-0.0000123
-0.0000119
-0.0000830
-0.0000789
0.0000111
0.0000667
0.0000312
-0.0000655
-0.0000896
-0.0000590
-0.0000697
-0.0000842
-0.0001009
-0.0001232
-0.0001175
-0.0000676
-0.0000274
-0.0000289
-0.0000395
-0.0000525
-0.0000804
-0.0000835
-0.0000818
-0.0000622
-0.0000346
-0.0000383
-0.0001028
-0.0001643
-0.0001084
-0.0000222
-0.0000100
-0.0000241
0.0000165
0.0000380
-0.0000262
-0.0000226
0.0000364
0.0000295
0.0000319
0.0000802
0.0000303
-0.0000707
-0.0000459
-0.0000076
-0.0000470
-0.0000200
0.0000422
0.0000431
0.0000652
0.0000834
0.0000648
0.0000360
-0.0000072
-0.0000380
-0.0000389
-0.0000296
-0.0000292
-0.0000196
0.0000140
0.0000178
0.0000289
0.0000297
-0.0000284
-0.0000176
0.0000640
0.0001363
0.0001313
0.0000402
0.0000055
0.0000459
0.0000598
0.0000018
-0.0000213
0.0000614
0.0001066
0.0000687
0.0000531
0.0000952
0.0000985
0.0000576
0.0000439
0.0000175
-0.0000914
-0.0001036
0.0000153
0.0000884
0.0000719
0.0000333
0.0000033
0.0000103
-0.0000002
-0.0000172
-0.0000049
-0.0000418
-0.0000415
0.0000633
0.0001133
0.0000598
-0.0000175
-0.0000455
-0.0000338
-0.0000244
-0.0000287
-0.0000192
0.0000166
0.0000100
-0.0000287
-0.0000282
0.0000168
0.0000250
0.0000216
-0.0000280
-0.0000981
-0.0000179
0.0000605
0.0000338
-0.0000564
-0.0000634
0.0000143
0.0000389
0.0000239
0.0000067
0.0000417
0.0001123
0.0000978
0.0000034
-0.0000387
0.0000341
0.0001248
0.0001134
0.0000571
0.0000448
0.0000619
0.0000561
0.0000139
0.0000338
0.0000948
0.0000659
0.0000014
-0.0000603
-0.0000518
0.0000178
0.0000347
0.0000242
-0.0000149
-0.0000732
-0.0000703
-0.0000118
0.0000124
-0.0000900
-0.0001511
-0.0000746
0.0000227
0.0001137
0.0001399
0.0000596
0.0000036
0.0000052
0.0000414
0.0000603
0.0000013
-0.0000680
-0.0000126
0.0000536
-0.0000144
-0.0000700
-0.0000291
0.0000526
0.0000591
-0.0000204
-0.0000279
0.0000307
0.0000882
0.0000628
0.0000092
-0.0000618
-0.0000938
0.0000095
0.0001108
0.0000131
-0.0001295
-0.0001218
0.0000156
0.0000896
0.0000296
-0.0000374
-0.0000211
0.0000227
-0.0000191
-0.0000568
-0.0000193
0.0000416
0.0000156
-0.0000539
-0.0000316
-0.0000492
-0.0001180
-0.0000543
0.0000274
0.0000133
-0.0000243
-0.0000126
0.0000369
0.0000173
-0.0000600
-0.0000639
-0.0000138
0.0000039
-0.0000099
-0.0000173
-0.0000125
-0.0000090
-0.0000103
-0.0000109
-0.0000224
-0.0000571
-0.0000467
-0.0000226
-0.0000428
-0.0000812
-0.0001643
-0.0001699
-0.0000909
-0.0000020
0.0000428
-0.0000242
-0.0001053
-0.0001148
-0.0000652
0.0000101
-0.0000156
-0.0000817
-0.0000543
-0.0000067
-0.0000203
0.0000184
0.0000759
0.0000500
-0.0000223
-0.0000391
0.0000539
0.0001062
0.0000923
0.0000166
0.0000134
0.0000807
0.0001192
0.0001503
0.0001521
0.0000758
0.0000394
0.0000849
0.0001590
0.0001520
0.0000148
-0.0000638
-0.0000103
0.0000606
0.0000688
0.0000965
0.0001296
0.0001304
0.0000463
-0.0000867
-0.0001404
-0.0000287
0.0000528
0.0000342
0.0000400
0.0000982
0.0001341
0.0000919
0.0000892
0.0001124
0.0000740
-0.0000247
-0.0000548
0.0000018
0.0000720
0.0000881
0.0000299
0.0000094
0.0000812
0.0000674
-0.0000454
-0.0000385
0.0000751
0.0000598
0.0000226
0.0000656
0.0001022
0.0000967
0.0000687
0.0000366
0.0000259
-0.0000178
-0.0000262
0.0000488
0.0000929
0.0000532
0.0000426
0.0000926
0.0001362
0.0000445
-0.0000951
-0.0000651
0.0000035
0.0000619
0.0001449
0.0001687
0.0000674
-0.0000221
-0.0000477
-0.0000878
-0.0000695
0.0000101
0.0000648
0.0000648
0.0000984
0.0001225
0.0000971
0.0000916
0.0001166
0.0000825
0.0000269
-0.0000192
0.0000198
0.0000917
0.0001065
0.0000870
0.0000792
0.0000866
0.0000662
-0.0000304
-0.0000956
-0.0000495
0.0000246
0.0000736
0.0000929
0.0000894
0.0000872
0.0000616
-0.0000053
-0.0000011
0.0000397
0.0000710
0.0000901
0.0000670
-0.0000188
-0.0000371
0.0000484
0.0001101
0.0001009
0.0000801
0.0000813
0.0000892
0.0000886
0.0000865
0.0000735
0.0000286
-0.0000111
0.0000132
0.0000946
0.0000665
-0.0000482
-0.0000630
-0.0000042
0.0000204
-0.0000113
-0.0000298
0.0000420
0.0000309
-0.0000124
0.0000120
-0.0000027
-0.0000409
-0.0000359
0.0000876
0.0001750
0.0000997
0.0000239
0.0000332
0.0001243
0.0001590
0.0000043
-0.0001646
-0.0001596
-0.0000550
0.0000318
-0.0000113
-0.0000811
-0.0000735
-0.0000920
-0.0001138
-0.0000836
-0.0000175
0.0000072
-0.0000464
-0.0000833
-0.0000353
0.0000192
0.0000089
-0.0000440
-0.0000235
0.0000427
0.0000019
-0.0000998
-0.0001286
0.0000006
0.0001107
0.0000812
0.0000286
-0.0000202
-0.0000237
-0.0000066
-0.0000161
0.0000326
0.0000914
0.0000698
0.0000613
0.0000552
-0.0000543
-0.0001300
-0.0000867
-0.0000271
-0.0000765
-0.0000942
0.0000141
0.0000720
0.0000172
-0.0000504
-0.0000435
-0.0000288
0.0000039
0.0000357
-0.0000235
-0.0000120
0.0000040
-0.0001161
-0.0001379
0.0000157
0.0000888
0.0000463
0.0000639
0.0001635
0.0002051
0.0001451
0.0000626
-0.0000042
0.0000431
0.0001664
0.0002090
0.0001408
0.0000841
0.0000655
0.0000014
-0.0000152
0.0000483
0.0000874
0.0001238
0.0001452
0.0001434
0.0000598
-0.0000331
0.0000148
0.0001130
0.0001030
0.0000177
0.0000501
0.0000780
0.0000552
0.0000875
0.0001040
0.0001131
0.0000567
-0.0000258
0.0000040
0.0000616
0.0000766
0.0000403
0.0000168
0.0000620
0.0001106
0.0001012
0.0000264
-0.0000370
0.0000242
0.0001111
0.0001363
0.0001314
0.0000827
0.0000491
0.0000445
0.0000591
0.0000554
0.0000796
0.0001567
0.0001909
0.0001500
0.0001188
0.0000640
0.0000044
0.0000161
0.0001275
0.0001824
0.0001111
0.0000651
0.0000248
0.0000126
-0.0000261
-0.0000464
0.0000819
0.0001851
0.0001118
0.0000417
0.0000979
0.0002039
0.0001802
0.0000916
0.0000440
-0.0000011
0.0000396
0.0001405
0.0001629
0.0001421
0.0001131
0.0000802
0.0000167
-0.0000386
0.0000170
0.0001045
0.0000917
-0.0000028
0.0000077
0.0000916
0.0001188
0.0000831
0.0000250
-0.0000178
-0.0000488
-0.0000075
0.0001238
0.0001958
0.0001408
0.0000514
-0.0000299
-0.0000380
0.0000006
0.0000170
0.0000052
0.0000129
0.0000375
0.0000093
0.0000255
0.0000893
0.0001106
0.0001073
0.0001322
0.0001169
0.0000350
-0.0000037
0.0000495
0.0001294
0.0001984
0.0001506
0.0000388
0.0000299
0.0000897
0.0000968
0.0000444
0.0000442
0.0000877
0.0000917
0.0000318
-0.0000114
-0.0000223
-0.0000177
0.0000720
0.0001349
0.0000965
0.0000182
-0.0000046
0.0000546
0.0000910
0.0000422
-0.0000239
-0.0000709
-0.0000813
-0.0000193
0.0000575
0.0000525
-0.0000369
-0.0001420
-0.0000538
0.0000922
0.0000761
-0.0000069
-0.0000109
0.0000635
0.0000857
-0.0000059
-0.0000369
0.0000241
0.0000220
0.0000188
0.0000243
0.0000119
-0.0000021
0.0000137
0.0000387
0.0000095
-0.0000002
-0.0000047
0.0000233
0.0000362
0.0000115
-0.0000040
0.0000010
0.0000078
-0.0000051
-0.0000548
-0.0000801
-0.0000331
0.0000288
0.0000658
0.0000292
-0.0000449
-0.0000428
0.0000075
0.0000098
-0.0000490
-0.0001190
-0.0001725
-0.0000926
0.0000192
0.0000637
0.0001005
0.0000750
0.0000079
0.0000149
0.0000997
0.0001041
0.0000563
0.0000449
0.0001116
0.0001279
0.0000708
0.0000917
0.0001166
0.0000527
-0.0000096
-0.0000086
0.0000118
0.0000130
0.0000175
0.0000637
0.0000926
0.0000465
0.0000074
0.0000533
0.0000943
0.0000621
0.0000531
0.0000895
0.0000832
-0.0000087
-0.0000209
0.0001003
0.0001561
0.0001081
0.0000758
0.0000629
-0.0000059
-0.0000267
0.0000523
0.0001140
0.0001077
0.0000859
0.0000990
0.0001409
0.0001330
0.0000798
0.0000320
0.0000528
0.0000829
0.0000569
0.0000406
0.0000277
0.0000161
0.0000675
0.0001330
0.0000809
0.0000045
0.0000137
-0.0000069
-0.0000008
0.0000708
0.0000637
0.0000510
0.0000073
-0.0000284
-0.0000098
-0.0000025
-0.0000270
0.0000211
0.0000857
0.0000529
0.0000059
0.0000335
0.0000310
-0.0000265
0.0000244
0.0001303
0.0001066
0.0000527
0.0000817
0.0001463
0.0001358
0.0000988
0.0001324
0.0001744
0.0001079
-0.0000154
-0.0000149
0.0000424
0.0000784
0.0000770
0.0000421
0.0000484
0.0000874
0.0000860
0.0000533
0.0000916
0.0001120
0.0000409
-0.0000089
0.0000534
0.0001477
0.0001151
-0.0000120
-0.0000070
0.0000715
0.0000801
0.0000846
0.0000656
0.0000567
0.0000663
0.0000440
0.0000619
0.0001162
0.0000854
0.0000480
0.0000680
0.0001041
0.0001370
0.0001059
0.0000341
0.0000216
0.0000350
0.0000592
0.0000724
0.0000063
-0.0001095
-0.0000681
0.0000765
0.0000744
0.0000646
0.0000846
0.0000412
-0.0000271
-0.0000684
-0.0000298
0.0000465
0.0000550
0.0000531
0.0000632
0.0000442
0.0000351
0.0000327
0.0000423
0.0000246
0.0000053
0.0000317
0.0000429
0.0000563
0.0000788
0.0000896
0.0000588
-0.0000256
-0.0000550
-0.0000137
-0.0000058
-0.0000351
-0.0000157
-0.0000028
-0.0000197
-0.0001172
-0.0001131
-0.0000249
-0.0000201
-0.0000361
-0.0000156
0.0000162
0.0000489
0.0000089
-0.0001112
-0.0001252
0.0000160
0.0001095
0.0000259
-0.0001154
-0.0000971
0.0000028
0.0000278
-0.0000004
-0.0000245
-0.0000496
-0.0000354
0.0000101
0.0000690
0.0000605
-0.0000592
-0.0000891
-0.0000120
0.0000137
-0.0000516
-0.0001058
-0.0000884
-0.0000118
0.0000620
0.0000454
0.0000102
0.0000206
0.0000050
0.0000149
0.0000287
-0.0000022
-0.0000629
-0.0000998
-0.0000695
0.0000341
0.0001115
0.0000829
-0.0000094
0.0000072
0.0000796
0.0000558
0.0000184
0.0000891
0.0001361
0.0001177
0.0001209
0.0001326
0.0001153
0.0000239
0.0000090
0.0000775
0.0001107
0.0000687
-0.0000155
0.0000203
0.0001232
0.0001019
0.0000492
0.0000773
0.0001419
0.0001198
0.0000359
0.0000323
0.0000827
0.0001246
0.0001799
0.0001526
0.0000957
0.0000959
0.0000740
0.0000154
-0.0000687
-0.0000250
0.0000855
0.0001140
0.0000721
0.0000118
-0.0000162
-0.0000113
-0.0000025
-0.0000047
0.0000047
0.0000515
0.0000801
0.0000313
0.0000071
0.0000846
0.0001555
0.0001879
0.0001547
0.0001204
0.0001111
0.0001279
0.0000769
-0.0000748
-0.0000919
0.0000263
0.0000691
0.0000554
0.0000663
0.0000823
0.0000844
0.0000635
0.0000417
0.0000630
-0.0000009
-0.0000930
-0.0000567
0.0000561
0.0000949
0.0000148
-0.0000748
-0.0000615
-0.0000036
-0.0000064
-0.0000334
0.0000515
0.0001237
0.0001134
0.0001007
0.0000587
0.0000445
0.0000447
0.0000039
0.0000627
0.0001469
0.0000654
-0.0000744
-0.0000793
0.0000033
0.0000689
0.0000753
0.0000168
0.0000022
0.0000473
-0.0000017
0.0000215
0.0000983
0.0001043
0.0000722
0.0000655
0.0000629
0.0000327
0.0000247
0.0000261
0.0000472
0.0000759
0.0000810
0.0000859
0.0001181
0.0000995
0.0000161
-0.0000352
-0.0000140
0.0000494
0.0000861
0.0000680
0.0000208
0.0000435
0.0001192
0.0001342
0.0001198
0.0000812
0.0000334
0.0000860
0.0001425
0.0000749
0.0000214
0.0000517
0.0000822
0.0000765
0.0000640
0.0000655
0.0000578
0.0000107
-0.0000179
0.0000293
0.0000666
0.0000334
0.0000266
0.0000507
0.0000206
-0.0000260
-0.0000343
-0.0000189
-0.0000281
-0.0000661
-0.0000724
-0.0000667
-0.0000465
-0.0000169
-0.0000365
-0.0001112
-0.0001098
-0.0000544
0.0000152
0.0000097
-0.0000484
-0.0000329
-0.0000279
-0.0000514
-0.0000731
-0.0000503
-0.0000019
0.0000422
-0.0000036
-0.0001001
-0.0000698
-0.0000129
0.0000202
0.0000133
-0.0000141
-0.0000352
-0.0000632
-0.0000500
-0.0000262
-0.0000629
-0.0000987
-0.0000559
-0.0000044
0.0000127
0.0000187
-0.0000276
-0.0000503
-0.0000347
-0.0000503
-0.0000347
0.0000303
0.0000348
-0.0000100
-0.0000274
-0.0000146
-0.0000079
0.0000004
0.0000440
0.0000727
0.0000138
-0.0000578
-0.0000172
0.0000396
0.0000623
0.0000730
0.0000770
0.0000650
0.0000033
-0.0000574
-0.0000131
0.0000261
0.0000251
0.0000925
0.0001622
0.0001232
0.0000878
0.0001374
0.0001049
0.0000407
0.0000497
0.0000547
-0.0000243
-0.0000645
-0.0000294
0.0000093
0.0000486
0.0000649
0.0000078
-0.0000614
-0.0000060
0.0000585
-0.0000079
-0.0000768
-0.0000809
-0.0000409
0.0000042
0.0000387
0.0000202
-0.0000060
0.0000321
0.0000815
0.0000735
0.0000122
-0.0000410
-0.0000719
-0.0000377
0.0000451
0.0001032
0.0001270
0.0001051
0.0000443
-0.0000430
-0.0000639
-0.0000104
0.0000433
0.0000367
0.0000259
0.0000187
0.0000665
0.0001662
0.0001551
0.0000700
0.0000452
0.0000431
-0.0000265
-0.0000643
-0.0000197
0.0000526
0.0000725
0.0000256
0.0000508
0.0001473
0.0001226
0.0000803
0.0000656
0.0000300
0.0000046
-0.0000407
-0.0000688
-0.0000628
0.0000093
0.0000906
0.0001324
0.0000895
0.0000269
0.0000519
0.0000593
0.0000531
0.0001393
0.0002132
0.0000314
-0.0000962
0.0000353
0.0001368
0.0000933
0.0000306
0.0000038
0.0000440
0.0001154
0.0000987
0.0000147
0.0000107
0.0000372
-0.0000257
-0.0000711
-0.0000285
0.0000226
-0.0000396
-0.0001016
-0.0000310
0.0000356
0.0000523
0.0000566
0.0000773
0.0000872
0.0000072
-0.0000259
-0.0000091
-0.0000001
0.0000064
-0.0000287
0.0000076
0.0001072
0.0001201
0.0000518
-0.0000031
0.0000197
0.0000684
0.0000602
0.0000368
0.0001107
0.0001360
0.0000737
0.0000265
0.0000043
0.0000296
0.0000367
-0.0000243
-0.0000427
-0.0000268
0.0000518
0.0000885
0.0000145
-0.0000368
0.0000012
0.0000264
0.0000239
-0.0000156
-0.0001026
-0.0001913
-0.0002103
-0.0001383
-0.0000424
-0.0000191
-0.0000809
-0.0001184
-0.0000560
0.0000468
0.0000490
-0.0000858
-0.0001056
0.0000069
0.0000651
0.0000622
-0.0000049
-0.0000216
0.0000080
0.0000444
0.0000542
0.0000076
-0.0000363
-0.0000255
0.0000347
0.0000740
0.0000594
-0.0000252
-0.0001318
-0.0001221
-0.0000710
-0.0000253
-0.0000014
-0.0000909
-0.0001369
-0.0000164
0.0000801
0.0000449
-0.0000192
-0.0000996
-0.0000962
-0.0000283
-0.0000156
-0.0000677
-0.0000688
-0.0000264
-0.0000086
-0.0000234
0.0000080
0.0001153
0.0000932
-0.0000230
-0.0000463
0.0000295
0.0000974
0.0001206
0.0001075
0.0000929
0.0000450
0.0000248
0.0000436
-0.0000110
-0.0001126
-0.0000563
0.0000703
0.0001098
0.0000987
0.0000036
-0.0001283
-0.0001309
-0.0000591
0.0000107
0.0000259
0.0000341
0.0000592
0.0000695
0.0000640
0.0000479
-0.0000202
-0.0001633
-0.0002521
-0.0001262
0.0000345
0.0000132
0.0000024
0.0000815
0.0000744
0.0000232
-0.0000497
-0.0001683
-0.0001181
0.0000918
0.0001913
0.0001134
0.0000374
0.0000322
0.0000225
0.0000427
0.0000952
0.0000252
-0.0001157
-0.0000561
0.0001166
0.0001279
0.0000033
-0.0000508
0.0000313
0.0001280
0.0001010
-0.0000043
-0.0000541
-0.0000253
0.0000398
0.0000592
0.0000311
0.0000524
0.0000363
-0.0000354
-0.0001065
-0.0001045
-0.0000144
0.0000341
0.0000518
0.0001122
0.0001472
0.0001012
0.0000333
-0.0000005
-0.0000132
-0.0000779
-0.0000345
0.0001032
0.0001250
0.0000631
0.0000103
-0.0000273
0.0000342
0.0001084
0.0001228
0.0000852
0.0000244
-0.0000690
-0.0001362
-0.0001114
0.0000005
0.0000908
0.0001202
0.0000755
-0.0000092
-0.0000396
0.0000196
0.0000453
-0.0000259
-0.0000261
0.0000505
0.0000661
0.0000135
-0.0000160
-0.0000415
-0.0000076
0.0000561
0.0000719
0.0000552
0.0000476
0.0000528
0.0000558
0.0000535
0.0000527
0.0000404
0.0000060
0.0000142
0.0000520
0.0000517
0.0000055
0.0000110
0.0000260
-0.0000178
0.0000354
0.0001196
0.0000630
0.0000190
0.0000523
0.0000076
-0.0000183
0.0000464
0.0001248
0.0001555
0.0001033
-0.0000190
-0.0000746
-0.0000885
0.0000189
0.0001145
-0.0000056
-0.0001427
-0.0001204
-0.0000708
-0.0000528
-0.0000432
-0.0000242
-0.0000010
-0.0000600
-0.0001113
-0.0000410
0.0000105
-0.0000210
-0.0000508
-0.0000564
-0.0000916
-0.0001194
-0.0000649
0.0000202
0.0000137
-0.0000260
-0.0000176
-0.0000464
-0.0000560
-0.0000009
0.0000109
-0.0000545
-0.0001552
-0.0001620
-0.0000691
-0.0000118
-0.0000105
-0.0000069
-0.0000601
-0.0001167
-0.0000707
0.0000340
0.0000663
0.0000030
-0.0000517
-0.0000451
-0.0000420
-0.0000628
-0.0000392
-0.0000437
-0.0000717
-0.0000894
-0.0000654
-0.0000286
-0.0000235
-0.0000322
-0.0000372
-0.0000188
-0.0000085
-0.0000865
-0.0001204
-0.0000906
-0.0000475
-0.0000367
-0.0000742
-0.0000695
-0.0000454
-0.0000415
0.0000386
0.0000996
0.0000778
0.0000340
0.0000025
0.0000101
0.0000125
0.0000293
0.0000440
0.0000058
-0.0000401
-0.0000315
0.0000281
0.0000590
-0.0000072
-0.0000666
-0.0000010
-0.0000101
-0.0001125
-0.0001271
-0.0000202
0.0000271
-0.0000194
-0.0000251
0.0000683
0.0001087
0.0000701
0.0000158
-0.0000314
0.0000312
0.0000960
0.0000652
-0.0000138
-0.0000385
0.0000194
0.0000588
-0.0000049
-0.0000694
0.0000203
0.0000937
0.0000099
-0.0000908
-0.0000434
-0.0000023
-0.0000368
0.0000220
0.0000816
0.0000199
-0.0000504
-0.0000536
-0.0000155
0.0000183
0.0000296
0.0000319
-0.0000375
-0.0000166
0.0000355
0.0000340
0.0000018
0.0000159
0.0000543
0.0000670
0.0000176
-0.0000908
-0.0000735
-0.0000044
-0.0000092
-0.0000288
0.0000030
0.0000040
-0.0000064
0.0000589
0.0000979
0.0000656
0.0000417
0.0000328
0.0000341
0.0000977
0.0000796
0.0000242
0.0000292
0.0000677
0.0001067
0.0000634
-0.0000577
-0.0001071
-0.0001062
-0.0000932
-0.0000125
0.0000637
0.0000812
0.0001056
0.0001285
0.0000654
-0.0000648
-0.0000862
0.0000114
0.0000771
0.0000493
0.0000058
0.0000398
0.0000307
-0.0000235
0.0000108
0.0000990
0.0001026
0.0000351
-0.0000163
-0.0000046
0.0000053
0.0000331
0.0000809
0.0000209
-0.0000954
-0.0001023
-0.0000414
-0.0000106
0.0000305
0.0000954
0.0000804
-0.0000002
-0.0000060
0.0000323
0.0000033
-0.0000378
0.0000127
0.0001023
0.0000856
-0.0000034
-0.0000222
-0.0000040
0.0000249
0.0000219
-0.0000443
-0.0000323
0.0000414
0.0000670
0.0000351
-0.0000225
-0.0000553
-0.0000386
0.0000059
-0.0000040
-0.0000443
-0.0000685
-0.0001022
-0.0001485
-0.0001633
-0.0000511
0.0000535
0.0000163
-0.0000452
-0.0000026
0.0000209
-0.0000785
-0.0000721
0.0000267
0.0000200
-0.0000211
0.0000180
-0.0000148
-0.0000710
-0.0000891
-0.0001289
-0.0001223
-0.0000898
-0.0000834
-0.0001449
-0.0001469
-0.0000441
-0.0000289
-0.0000512
-0.0000123
0.0000275
0.0000610
0.0000246
-0.0000438
-0.0000571
-0.0000645
-0.0001266
-0.0001039
0.0000061
-0.0000036
-0.0001163
-0.0000990
-0.0000625
-0.0000830
-0.0000016
0.0001514
0.0001382
-0.0000319
-0.0001850
-0.0001497
0.0000412
0.0001246
0.0000564
-0.0000322
-0.0000447
0.0000193
0.0000514
0.0000240
0.0000422
0.0000005
-0.0001292
-0.0001097
0.0000626
0.0001127
0.0000039
-0.0000720
-0.0000549
-0.0000294
-0.0000203
0.0000147
0.0000673
0.0000927
0.0000503
0.0000536
0.0000623
0.0000014
-0.0000671
-0.0001021
-0.0000517
0.0000710
0.0000804
-0.0000485
-0.0001175
-0.0000892
-0.0000013
0.0000750
0.0000963
0.0000225
-0.0000433
0.0000102
0.0000944
0.0000413
-0.0000397
-0.0000342
-0.0000471
-0.0000825
-0.0000975
-0.0000984
-0.0001052
-0.0000149
0.0000470
0.0000254
-0.0000104
-0.0000028
-0.0000067
-0.0000382
-0.0000383
0.0000152
0.0000597
0.0000452
-0.0000146
-0.0000435
0.0000225
0.0000815
0.0000040
-0.0000453
-0.0000171
0.0000192
-0.0000051
-0.0000343
-0.0000072
0.0000091
0.0000095
-0.0000042
0.0000261
0.0000929
0.0001049
0.0000813
0.0000089
-0.0000408
-0.0000238
-0.0000504
-0.0000642
0.0000028
0.0000612
0.0000582
0.0000398
0.0000263
-0.0000017
-0.0000034
-0.0000276
-0.0000894
-0.0000795
0.0000245
0.0001128
0.0000929
0.0000353
0.0000392
0.0000791
0.0000274
-0.0000421
-0.0000220
-0.0000065
-0.0000490
-0.0001042
-0.0000763
0.0000154
0.0000759
0.0000984
0.0000607
-0.0000085
-0.0000172
-0.0000173
-0.0000402
-0.0000554
-0.0000370
0.0000019
0.0000054
-0.0000009
-0.0000084
0.0000107
0.0000435
0.0000372
-0.0000055
-0.0000012
0.0000407
0.0000401
0.0000068
0.0000335
-0.0000053
-0.0001373
-0.0001422
-0.0000640
-0.0000539
-0.0000106
0.0000740
0.0000489
0.0000179
0.0000569
0.0000293
-0.0000505
-0.0000468
0.0000537
0.0001077
0.0000729
-0.0000442
-0.0001012
-0.0000632
-0.0000459
-0.0000885
-0.0000915
-0.0000622
-0.0000947
-0.0001171
-0.0000670
-0.0001047
-0.0001552
-0.0000992
-0.0000188
0.0000308
0.0000353
-0.0000151
-0.0000439
-0.0000094
-0.0000044
-0.0000540
-0.0001045
-0.0000871
-0.0000300
0.0000144
-0.0000191
-0.0001080
-0.0001422
-0.0000815
-0.0000532
-0.0001359
-0.0001952
-0.0001811
-0.0000840
0.0000307
0.0000592
-0.0000318
-0.0001527
-0.0001298
-0.0000372
-0.0000254
-0.0000999
-0.0001351
-0.0000930
-0.0000715
-0.0000887
-0.0001497
-0.0001568
-0.0000751
-0.0000195
-0.0000024
0.0000607
0.0000685
-0.0000575
-0.0001314
-0.0000453
0.0000182
-0.0000443
-0.0001363
-0.0000641
0.0000625
0.0000971
0.0000947
0.0000747
0.0000377
-0.0000169
-0.0000359
-0.0000112
-0.0000455
-0.0000737
-0.0000638
-0.0000653
-0.0000125
0.0000424
0.0000210
-0.0000014
-0.0000048
0.0000109
-0.0000188
-0.0000859
-0.0000992
-0.0000747
-0.0000037
0.0000487
-0.0000066
-0.0000840
-0.0000446
0.0000024
-0.0000216
-0.0000373
0.0000126
0.0000511
-0.0000207
-0.0001441
-0.0001170
0.0000233
0.0000743
0.0000247
0.0000581
0.0001282
0.0001045
0.0000167
-0.0000627
-0.0000279
0.0000664
0.0001064
0.0000154
-0.0000927
-0.0000399
0.0000471
0.0000415
0.0000531
0.0000755
0.0000453
0.0000064
0.0000378
0.0000395
0.0000099
-0.0000345
-0.0001047
-0.0001192
-0.0000219
0.0000801
0.0001024
0.0000312
0.0000002
0.0000342
0.0000717
0.0000838
0.0000334
-0.0000316
-0.0001060
-0.0000591
0.0000592
0.0001341
0.0001183
0.0000248
-0.0000075
0.0000351
0.0000458
0.0000008
-0.0000013
0.0000412
0.0000315
-0.0000493
-0.0000383
0.0000179
-0.0000625
-0.0001829
-0.0001396
-0.0000226
0.0000451
0.0000378
-0.0000042
-0.0000227
-0.0000376
0.0000139
0.0000343
0.0000236
0.0000208
-0.0000119
-0.0000503
-0.0000548
-0.0000456
-0.0000288
-0.0000104
-0.0000551
-0.0000719
0.0000034
0.0000383
-0.0000484
-0.0000857
-0.0000127
0.0000188
0.0000342
0.0000683
0.0000527
0.0000297
-0.0000137
0.0000099
0.0000151
-0.0000245
-0.0000034
0.0000330
-0.0000018
-0.0000558
-0.0000485
0.0000126
0.0000684
0.0000842
0.0000183
-0.0000842
-0.0001354
-0.0000274
0.0000472
0.0000350
0.0000147
-0.0000185
-0.0000513
-0.0000534
-0.0000713
-0.0001359
-0.0001474
-0.0001293
-0.0000527
-0.0000053
-0.0000301
-0.0000560
-0.0000511
-0.0000315
0.0000299
0.0000613
-0.0000623
-0.0001438
-0.0001156
-0.0000587
-0.0000332
-0.0000528
-0.0000837
-0.0000124
0.0000880
0.0000570
-0.0000185
-0.0000931
-0.0001271
-0.0000948
-0.0001022
-0.0001978
-0.0002732
-0.0002098
-0.0000904
-0.0000095
-0.0000447
-0.0000646
-0.0000316
-0.0000724
-0.0000636
-0.0000046
0.0000159
-0.0000761
-0.0001774
-0.0001381
-0.0000727
-0.0000598
-0.0000882
-0.0000617
-0.0000028
-0.0000223
-0.0000282
-0.0000028
0.0000197
-0.0000152
-0.0000887
-0.0000727
0.0000088
0.0000289
0.0000101
0.0000083
0.0000655
0.0000931
0.0000357
-0.0000555
-0.0000306
0.0000414
0.0000160
-0.0000350
0.0000036
0.0000348
-0.0000163
0.0000176
0.0000807
0.0000722
0.0000422
0.0000281
-0.0000093
-0.0000323
-0.0000143
-0.0000475
-0.0000739
-0.0000515
-0.0000302
-0.0000348
-0.0000300
0.0000164
0.0000594
0.0000346
-0.0000588
-0.0000908
-0.0000468
-0.0000375
-0.0000569
0.0000102
0.0000582
0.0000801
0.0000739
0.0000628
0.0000872
0.0000850
0.0000371
-0.0000097
-0.0000062
0.0000041
0.0000076
0.0000113
0.0000608
0.0000858
0.0000310
-0.0000589
-0.0000349
0.0000364
0.0000224
0.0000201
0.0000717
0.0000222
-0.0000820
-0.0000473
0.0000532
0.0000498
-0.0000608
-0.0001009
-0.0000534
-0.0000256
-0.0000378
-0.0000381
0.0000144
0.0000312
-0.0000267
0.0000127
0.0000664
0.0000103
-0.0000602
-0.0000502
0.0000188
0.0000604
0.0000517
0.0000396
0.0000388
0.0000588
0.0000662
-0.0000002
-0.0000101
-0.0000483
-0.0001163
-0.0001089
-0.0000986
-0.0001125
-0.0000715
0.0000199
0.0000525
0.0000169
0.0000578
0.0001240
0.0000960
0.0000222
-0.0000211
0.0000046
0.0000608
0.0000880
0.0000316
-0.0000004
0.0000182
-0.0000058
-0.0000390
-0.0000009
0.0000375
0.0000075
0.0000116
0.0000943
0.0001243
0.0000460
0.0000451
0.0001095
0.0000929
0.0000336
0.0000208
0.0000258
-0.0000141
-0.0000590
-0.0000610
-0.0000501
-0.0000213
0.0000416
0.0000483
0.0000545
0.0000739
0.0000904
0.0000689
0.0000327
0.0000378
0.0000832
0.0000639
0.0000119
0.0000786
0.0000845
-0.0000425
-0.0000644
0.0000382
0.0000860
-0.0000271
-0.0001232
-0.0001250
-0.0000760
-0.0000444
-0.0000470
-0.0000573
-0.0000544
-0.0000764
-0.0001559
-0.0002003
-0.0001841
-0.0001175
-0.0000849
-0.0000617
-0.0000062
-0.0000195
-0.0000823
-0.0000550
-0.0000134
-0.0000457
-0.0001161
-0.0001655
-0.0001778
-0.0001231
-0.0000839
-0.0000673
-0.0000394
0.0000170
0.0000258
-0.0000436
-0.0000746
-0.0001145
-0.0001200
-0.0001114
-0.0001149
-0.0000799
-0.0000527
-0.0000806
-0.0001076
-0.0001437
-0.0000965
-0.0000080
-0.0000327
-0.0001042
-0.0001671
-0.0001573
-0.0000733
-0.0000239
-0.0000080
0.0000569
0.0000771
-0.0000131
-0.0001320
-0.0002126
-0.0002049
-0.0001030
0.0000053
0.0000589
-0.0000052
-0.0000382
-0.0000246
-0.0000160
0.0000132
0.0000872
0.0001851
0.0001015
-0.0000413
-0.0000271
0.0000544
0.0000698
0.0000443
0.0000349
0.0000561
0.0001055
0.0001421
0.0001045
-0.0000473
-0.0001392
-0.0000307
0.0001158
0.0000862
-0.0000702
-0.0000905
0.0000504
0.0001120
0.0000444
-0.0000255
-0.0000155
0.0000017
0.0000187
0.0000279
0.0000006
0.0000041
0.0000397
0.0000286
-0.0000630
-0.0000854
0.0000004
0.0000662
0.0000307
-0.0000593
-0.0000534
-0.0000042
0.0000278
0.0000310
-0.0000163
-0.0000437
-0.0000111
0.0000054
0.0000139
0.0000502
0.0000697
-0.0000142
-0.0000366
-0.0000088
-0.0000895
-0.0001268
-0.0000526
0.0000096
-0.0000485
-0.0000798
-0.0000168
0.0000164
-0.0000054
-0.0000707
-0.0000894
-0.0000417
0.0000239
0.0000418
-0.0000130
-0.0000587
-0.0000593
-0.0000189
0.0000507
0.0000290
-0.0000489
-0.0000568
-0.0000029
0.0000227
0.0000603
0.0000503
-0.0000583
-0.0000897
-0.0000264
-0.0000267
-0.0000441
-0.0000730
-0.0000662
0.0000079
0.0000344
-0.0000527
-0.0000985
-0.0000501
0.0000397
0.0000907
0.0000368
-0.0000030
0.0000285
0.0000280
-0.0000466
-0.0000411
0.0000496
0.0001093
0.0000948
0.0000537
-0.0000288
-0.0000473
-0.0000146
0.0000108
-0.0000269
-0.0001120
-0.0001443
-0.0000743
0.0000245
0.0000614
0.0000432
0.0000449
0.0000716
0.0000221
-0.0000579
-0.0000461
0.0000445
0.0000353
-0.0000385
0.0000081
0.0001252
0.0000860
-0.0000013
0.0000197
0.0000814
0.0000162
-0.0000972
-0.0000555
0.0000456
0.0000678
0.0000109
-0.0000670
-0.0000537
0.0000165
0.0001157
0.0000893
-0.0000661
-0.0001101
-0.0000168
-0.0000057
-0.0000675
-0.0000272
-0.0000273
-0.0000597
-0.0000130
0.0000364
-0.0000069
-0.0000503
-0.0000326
-0.0000571
-0.0000844
-0.0000516
0.0000032
-0.0000187
-0.0001131
-0.0001365
-0.0000553
-0.0000427
-0.0000759
-0.0000541
0.0000011
0.0000068
-0.0000038
-0.0000369
-0.0001092
-0.0001409
-0.0000880
-0.0000472
-0.0000945
-0.0001484
-0.0001395
-0.0000609
0.0000007
-0.0000353
-0.0000429
-0.0000234
-0.0000360
-0.0000391
-0.0000167
-0.0000654
-0.0001414
-0.0001428
-0.0000971
-0.0001589
-0.0002515
-0.0001763
-0.0000730
-0.0000426
-0.0000586
-0.0000805
-0.0000212
0.0000554
0.0000542
-0.0000153
-0.0000468
-0.0000049
0.0000005
-0.0000386
-0.0000450
0.0000256
0.0000929
0.0000470
-0.0000083
-0.0000301
-0.0000289
0.0000124
0.0000526
0.0000417
-0.0000038
-0.0000097
-0.0000029
0.0000185
0.0000550
0.0001215
0.0001633
0.0000697
0.0000047
0.0000767
0.0001516
0.0001359
0.0000639
0.0000232
0.0000558
0.0001397
0.0000941
-0.0000552
-0.0000628
0.0000489
0.0001041
0.0000233
-0.0000938
-0.0001541
-0.0000627
0.0000665
0.0001277
0.0001193
0.0000657
0.0000035
-0.0000767
-0.0000825
-0.0000098
-0.0000110
-0.0001057
-0.0001398
-0.0000211
0.0001099
0.0000988
0.0000310
0.0000164
0.0000386
0.0000320
-0.0000093
-0.0000164
-0.0000225
-0.0000481
-0.0000585
-0.0000544
-0.0000361
-0.0000044
-0.0000014
0.0000053
0.0000591
0.0001252
0.0000790
0.0000424
0.0000379
-0.0000129
-0.0000639
-0.0000542
-0.0000035
-0.0000104
-0.0000415
-0.0000078
0.0000317
-0.0000223
-0.0000980
-0.0000583
-0.0000130
-0.0000240
-0.0000055
0.0000480
0.0000947
0.0000611
-0.0000158
-0.0000283
-0.0000122
-0.0000003
-0.0000123
0.0000022
0.0000210
-0.0000025
-0.0000276
-0.0000635
-0.0000319
0.0000353
0.0000526
0.0000348
0.0000156
-0.0000274
-0.0000367
0.0000299
0.0000344
0.0000076
0.0000070
-0.0000202
-0.0000582
-0.0000546
0.0000042
0.0000327
-0.0000038
-0.0000217
-0.0000173
-0.0000163
-0.0000821
-0.0001312
-0.0000316
0.0000867
0.0000498
-0.0000219
-0.0000354
0.0000166
0.0001004
0.0001128
0.0000217
-0.0000326
-0.0000277
0.0000089
0.0000361
0.0000384
0.0000057
-0.0000760
-0.0001041
-0.0000529
0.0000030
-0.0000020
-0.0000141
-0.0000315
-0.0000558
-0.0000624
-0.0000684
-0.0001126
-0.0001399
-0.0000950
-0.0000436
-0.0000543
-0.0001035
-0.0001092
-0.0001007
-0.0000779
-0.0000648
-0.0000929
-0.0001023
-0.0001027
-0.0000673
-0.0000037
-0.0000171
-0.0001112
-0.0001376
-0.0000571
-0.0000426
-0.0000882
-0.0001011
-0.0000490
-0.0000522
-0.0000889
-0.0001215
-0.0001280
-0.0000711
0.0000197
0.0000457
-0.0000107
-0.0000885
-0.0001413
-0.0000746
0.0000069
0.0000082
-0.0000669
-0.0000954
-0.0000435
0.0000013
-0.0000522
-0.0000889
-0.0000737
-0.0000695
-0.0000329
-0.0000003
0.0000086
-0.0000159
-0.0000748
-0.0001365
-0.0000748
-0.0000060
-0.0000107
0.0000016
0.0000538
0.0001000
0.0000825
0.0000134
-0.0000647
-0.0000346
0.0000334
0.0000055
-0.0000548
-0.0000533
0.0000147
0.0000209
-0.0001020
-0.0001244
-0.0000129
0.0000291
0.0000323
0.0000756
0.0000965
0.0000810
0.0000194
0.0000110
0.0000807
0.0000659
-0.0000499
-0.0000514
0.0000241
0.0000209
0.0000052
0.0000289
0.0000488
0.0000214
-0.0000822
-0.0001204
-0.0000018
0.0000419
-0.0000322
-0.0000751
-0.0000568
-0.0000394
-0.0000440
-0.0000517
-0.0000377
0.0000000
-0.0000091
-0.0000365
-0.0000003
0.0000246
-0.0000528
-0.0000727
0.0000433
0.0000893
-0.0000028
-0.0000743
-0.0000761
-0.0001083
-0.0001976
-0.0001958
-0.0000107
0.0001246
0.0001082
0.0000005
-0.0000570
0.0000088
0.0001150
0.0001395
0.0000857
0.0000813
0.0001133
0.0000705
-0.0000152
-0.0000027
0.0000864
0.0000686
-0.0000549
-0.0000552
0.0000110
-0.0000385
-0.0000940
-0.0000578
0.0000082
0.0000075
0.0000174
0.0000785
0.0000738
-0.0000190
-0.0000490
0.0000194
-0.0000144
-0.0000714
-0.0000294
0.0000056
0.0000189
0.0000201
0.0000063
0.0000474
0.0000735
0.0000362
-0.0000330
-0.0000415
0.0000471
0.0000879
0.0000353
-0.0000257
-0.0000203
-0.0000068
0.0000114
0.0000232
-0.0000285
-0.0001080
-0.0000784
0.0000547
0.0000858
-0.0000009
-0.0000338
-0.0000179
0.0000160
0.0000259
-0.0000061
-0.0000052
0.0000347
0.0000207
-0.0000328
0.0000474
0.0000982
-0.0000007
-0.0000693
-0.0000288
0.0000070
-0.0000136
-0.0000384
0.0000084
-0.0000873
-0.0001316
0.0000204
0.0001073
0.0000578
0.0000117
0.0000236
0.0000405
0.0000277
-0.0000404
-0.0001101
-0.0001150
-0.0000830
-0.0000797
-0.0001786
-0.0000944
0.0000701
0.0000754
-0.0000294
-0.0000682
-0.0000265
-0.0000520
-0.0000858
-0.0000685
-0.0000199
0.0000478
0.0000218
-0.0000540
-0.0000628
-0.0000049
-0.0000304
-0.0001532
-0.0002366
-0.0002786
-0.0001748
-0.0000478
-0.0000591
-0.0000880
-0.0000620
-0.0000369
-0.0000417
-0.0000619
-0.0001099
-0.0001181
-0.0000502
-0.0000326
-0.0000253
-0.0000231
-0.0000288
0.0000067
0.0000369
-0.0000187
-0.0000909
-0.0000508
-0.0000055
-0.0000410
-0.0001039
-0.0000790
0.0000151
0.0000667
0.0000275
-0.0000691
-0.0001200
-0.0001461
-0.0000940
0.0000056
-0.0000001
-0.0001025
-0.0001347
-0.0000366
-0.0000002
-0.0000650
-0.0000384
0.0000226
-0.0000232
-0.0000292
0.0000227
0.0000190
0.0000124
0.0000255
-0.0000057
-0.0000371
0.0000034
0.0000421
-0.0000008
-0.0000546
-0.0000574
-0.0000523
-0.0000856
-0.0000693
0.0000004
0.0000300
0.0000654
0.0000526
-0.0000314
0.0000208
0.0000890
-0.0000319
-0.0000779
0.0000113
0.0000076
-0.0000749
-0.0000566
0.0000040
0.0000217
-0.0000015
0.0000068
0.0000452
0.0000424
-0.0000000
-0.0000223
-0.0000610
-0.0000906
-0.0000859
-0.0000151
0.0000693
0.0000968
0.0000219
-0.0000590
-0.0000624
-0.0000527
-0.0000703
-0.0000360
0.0000038
0.0000158
-0.0000147
-0.0000350
-0.0000278
-0.0000988
-0.0000907
0.0000374
0.0000786
0.0000571
0.0000164
-0.0000013
-0.0000050
0.0000043
-0.0000007
0.0000155
0.0000208
-0.0000521
-0.0000890
-0.0000557
-0.0000294
-0.0000382
-0.0000231
0.0000487
0.0000346
-0.0000293
-0.0000075
0.0000402
-0.0000086
-0.0000875
-0.0000270
0.0001039
0.0000733
-0.0000967
-0.0000902
0.0000306
0.0000288
-0.0000588
-0.0001138
-0.0000702
0.0000250
0.0000545
-0.0000051
-0.0000706
-0.0000894
-0.0000176
0.0000595
0.0000525
-0.0000038
-0.0000117
-0.0000011
0.0000105
-0.0000136
-0.0000313
-0.0000288
-0.0000969
-0.0001160
-0.0000407
0.0000129
-0.0000323
-0.0000275
0.0000291
0.0000204
0.0000245
0.0000958
0.0001530
0.0001218
0.0000238
-0.0000202
-0.0000081
-0.0000030
-0.0000323
0.0000085
0.0000350
0.0000152
-0.0000117
0.0000096
0.0000466
0.0000676
0.0000778
0.0000326
-0.0000298
-0.0001191
-0.0001073
0.0000202
0.0001229
0.0000583
-0.0001053
-0.0000996
-0.0000125
-0.0000245
-0.0000955
-0.0001058
-0.0000893
-0.0000538
0.0000174
0.0000471
0.0000087
-0.0000204
-0.0000754
-0.0001351
-0.0001346
-0.0000588
0.0000081
-0.0000525
-0.0001299
-0.0000945
-0.0000293
-0.0000224
-0.0000423
-0.0000477
-0.0000164
0.0000687
0.0000714
-0.0000494
-0.0000890
-0.0000062
-0.0000061
-0.0001504
-0.0002264
-0.0001315
-0.0000689
-0.0000959
-0.0000834
-0.0000484
-0.0000698
-0.0000613
-0.0000062
-0.0000582
-0.0001646
-0.0001267
-0.0000283
0.0000068
-0.0000006
-0.0000537
-0.0000738
-0.0000305
0.0000346
0.0000554
-0.0000233
-0.0001413
-0.0000986
0.0000748
0.0001155
0.0000180
-0.0000089
0.0000594
0.0001084
0.0000251
-0.0000974
-0.0000840
0.0000267
0.0000813
0.0000629
0.0000313
0.0000012
0.0000182
0.0000418
0.0000157
0.0000144
0.0000368
0.0000036
-0.0000298
-0.0000027
0.0000153
0.0000157
-0.0000091
-0.0000280
0.0000274
0.0000955
0.0000541
0.0000233
0.0000709
0.0000293
-0.0000957
-0.0001699
-0.0001587
-0.0000345
0.0000626
0.0000188
-0.0000380
0.0000031
0.0000764
0.0001148
0.0000759
-0.0000148
-0.0000202
0.0000958
0.0000833
-0.0000211
-0.0000262
-0.0000157
-0.0000825
-0.0001313
-0.0000579
0.0000937
0.0001601
0.0000831
-0.0000265
-0.0000615
-0.0000397
-0.0000418
-0.0000587
0.0000273
0.0000956
0.0000847
0.0000848
0.0000797
0.0000530
0.0000433
0.0000226
-0.0000408
-0.0000495
-0.0000582
-0.0000505
-0.0000104
-0.0000297
-0.0000248
-0.0000264
-0.0000624
-0.0000364
0.0000211
0.0000677
0.0000543
0.0000499
0.0000300
0.0000202
0.0000434
0.0000442
0.0000058
-0.0000033
-0.0000002
0.0000350
0.0000964
0.0000947
0.0000254
-0.0000712
-0.0000764
0.0000142
0.0000714
0.0000598
0.0000407
0.0000312
0.0000021
0.0000240
0.0000804
0.0000496
-0.0000019
-0.0000150
0.0000062
-0.0000056
-0.0000307
0.0000192
0.0000889
0.0000618
0.0000552
0.0000427
-0.0000242
-0.0000002
0.0000321
0.0000315
0.0000377
0.0000474
0.0000368
-0.0000138
-0.0000523
-0.0000524
-0.0000283
0.0000192
0.0000422
-0.0000066
-0.0000407
-0.0000096
0.0000339
0.0001142
0.0001065
-0.0000076
-0.0000611
0.0000009
0.0000743
0.0001059
0.0000649
-0.0000200
-0.0000633
-0.0000402
0.0000085
-0.0000026
-0.0000569
-0.0001053
-0.0000465
0.0001008
0.0000826
-0.0000430
-0.0000937
-0.0001058
-0.0001258
-0.0001485
-0.0002029
-0.0002713
-0.0002614
-0.0002273
-0.0002236
-0.0001353
-0.0000028
0.0001192
0.0002240
0.0002891
0.0002547
0.0001724
0.0001494
0.0000717
-0.0001415
-0.0003393
-0.0005044
-0.0007132
-0.0007973
-0.0006676
-0.0004092
-0.0001263
0.0001145
0.0002553
0.0003480
0.0005154
0.0006230
0.0004600
0.0001799
-0.0001077
-0.0004493
-0.0008518
-0.0011306
-0.0011110
-0.0009460
-0.0007412
-0.0004882
-0.0001832
0.0001589
0.0003774
0.0004354
0.0003999
0.0002791
0.0000642
-0.0001851
-0.0002733
-0.0001865
-0.0000550
0.0000657
0.0002955
0.0005044
0.0004648
0.0002029
-0.0001312
-0.0004746
-0.0007423
-0.0008256
-0.0005768
-0.0001118
0.0003940
0.0007944
0.0009671
0.0010557
0.0011023
0.0009834
0.0007350
0.0005157
0.0002695
-0.0000907
-0.0005207
-0.0008915
-0.0010792
-0.0010328
-0.0008435
-0.0005918
-0.0001961
0.0002998
0.0007449
0.0010281
0.0011426
0.0012072
0.0013074
0.0012855
0.0010407
0.0007661
0.0005004
0.0001662
-0.0001877
-0.0004088
-0.0004537
-0.0004502
-0.0003486
0.0000863
0.0007239
0.0010940
0.0009159
0.0003332
-0.0004971
-0.0015246
-0.0024172
-0.0027883
-0.0023714
-0.0012644
0.0001732
0.0015099
0.0024371
0.0027243
0.0023152
0.0013644
0.0001206
-0.0011906
-0.0023285
-0.0030377
-0.0031868
-0.0027719
-0.0019900
-0.0010437
-0.0000890
0.0006641
0.0011035
0.0013664
0.0015345
0.0015216
0.0013255
0.0010592
0.0008412
0.0006729
0.0005527
0.0006244
0.0009911
0.0015703
0.0019862
0.0020229
0.0017208
0.0010000
-0.0001544
-0.0014630
-0.0023948
-0.0026617
-0.0021868
-0.0011238
0.0001675
0.0012435
0.0018908
0.0020793
0.0017315
0.0009470
-0.0000258
-0.0008551
-0.0013782
-0.0016441
-0.0017000
-0.0015601
-0.0014363
-0.0014860
-0.0016144
-0.0016668
-0.0014379
-0.0008858
-0.0002893
0.0002377
0.0006151
0.0007396
0.0004760
-0.0001486
-0.0007743
-0.0011057
-0.0011113
-0.0007651
-0.0000642
0.0008526
0.0017218
0.0022749
0.0023010
0.0018940
0.0012233
0.0004982
-0.0001653
-0.0007012
-0.0009714
-0.0008200
-0.0003887
0.0000682
0.0005912
0.0010094
0.0010785
0.0008922
0.0006960
0.0005047
0.0002380
-0.0000858
-0.0002998
-0.0003091
-0.0002314
0.0000037
0.0004357
0.0007630
0.0007824
0.0005348
0.0000062
-0.0007053
-0.0012300
-0.0013831
-0.0011724
-0.0005873
0.0002723
0.0012412
0.0020196
0.0023348
0.0020415
0.0010948
-0.0001213
-0.0010366
-0.0013860
-0.0011547
-0.0004065
0.0007000
0.0018476
0.0026012
0.0026416
0.0019750
0.0007914
-0.0004277
-0.0012062
-0.0014547
-0.0012497
-0.0007468
0.0000474
0.0008851
0.0011154
0.0004482
-0.0007026
-0.0018128
-0.0026331
-0.0029679
-0.0027012
-0.0019537
-0.0009416
0.0000518
0.0007100
0.0007581
0.0000786
-0.0011442
-0.0023854
-0.0029665
-0.0027615
-0.0018625
-0.0002685
0.0016228
0.0032272
0.0040539
0.0037904
0.0025729
0.0008846
-0.0007111
-0.0016397
-0.0014318
-0.0003171
0.0009028
0.0017938
0.0019767
0.0011406
-0.0006066
-0.0028028
-0.0046549
-0.0055047
-0.0052267
-0.0037459
-0.0013174
0.0013121
0.0033565
0.0043730
0.0041421
0.0026549
0.0004798
-0.0016442
-0.0032241
-0.0039632
-0.0035967
-0.0022743
-0.0005858
0.0008557
0.0016750
0.0016385
0.0008472
-0.0004342
-0.0016687
-0.0021993
-0.0018234
-0.0005703
0.0013499
0.0035370
0.0054671
0.0065459
0.0064023
0.0050805
0.0028547
0.0001484
-0.0023988
-0.0039881
-0.0041150
-0.0027424
-0.0002169
0.0027165
0.0054080
0.0071215
0.0070265
0.0050216
0.0019298
-0.0011497
-0.0034674
-0.0044351
-0.0037811
-0.0018486
0.0007051
0.0028797
0.0037197
0.0029242
0.0007628
-0.0021624
-0.0048908
-0.0065610
-0.0067940
-0.0057099
-0.0036344
-0.0011289
0.0011755
0.0028493
0.0036997
0.0037898
0.0032198
0.0022063
0.0010610
0.0000325
-0.0006680
-0.0007207
-0.0001113
0.0007956
0.0016243
0.0020635
0.0016283
0.0000607
-0.0021917
-0.0043596
-0.0058090
-0.0061709
-0.0053172
-0.0033577
-0.0007092
0.0020501
0.0041583
0.0051235
0.0047588
0.0030764
0.0005584
-0.0019531
-0.0037096
-0.0041657
-0.0032198
-0.0012476
0.0011693
0.0031855
0.0041318
0.0038392
0.0024130
0.0001981
-0.0021566
-0.0038145
-0.0043915
-0.0037429
-0.0017983
0.0012094
0.0045392
0.0072173
0.0083185
0.0072620
0.0042538
0.0000905
-0.0041879
-0.0072795
-0.0081907
-0.0067478
-0.0034673
0.0006227
0.0040746
0.0057176
0.0051813
0.0029094
-0.0003650
-0.0037039
-0.0060645
-0.0065713
-0.0049835
-0.0018238
0.0019909
0.0053191
0.0070604
0.0066502
0.0041932
0.0004012
-0.0036862
-0.0068345
-0.0080687
-0.0071199
-0.0042820
-0.0004391
0.0032521
0.0058613
0.0068745
0.0061349
0.0040130
0.0012093
-0.0014109
-0.0029249
-0.0028911
-0.0014562
0.0007918
0.0030633
0.0043230
0.0037720
0.0014227
-0.0018667
-0.0049372
-0.0069474
-0.0070273
-0.0047304
-0.0006128
0.0041386
0.0082024
0.0104546
0.0101438
0.0072490
0.0026912
-0.0020837
-0.0055340
-0.0067900
-0.0058304
-0.0033658
-0.0005947
0.0013475
0.0017314
0.0004204
-0.0021318
-0.0048879
-0.0067638
-0.0069675
-0.0050222
-0.0011650
0.0037805
0.0087572
0.0126896
0.0148068
0.0149448
0.0131233
0.0095372
0.0047202
-0.0004550
-0.0052367
-0.0091128
-0.0116150
-0.0123688
-0.0112663
-0.0086704
-0.0050507
-0.0011536
0.0021082
0.0042959
0.0054672
0.0058876
0.0058361
0.0057709
0.0057638
0.0054762
0.0045175
0.0026452
-0.0002633
-0.0039897
-0.0078182
-0.0107207
-0.0118437
-0.0107173
-0.0074369
-0.0028491
0.0016733
0.0048745
0.0057811
0.0041760
0.0009580
-0.0026345
-0.0055246
-0.0067700
-0.0057287
-0.0027612
0.0008423
0.0037748
0.0049470
0.0036025
0.0000223
-0.0045031
-0.0083954
-0.0102731
-0.0090422
-0.0042662
0.0031423
0.0111985
0.0179663
0.0218361
0.0218377
0.0180339
0.0113286
0.0033426
-0.0041581
-0.0097466
-0.0126314
-0.0128311
-0.0109521
-0.0078115
-0.0039728
0.0002382
0.0042150
0.0073481
0.0093119
0.0098690
0.0088541
0.0064620
0.0029201
-0.0015949
-0.0064132
-0.0102454
-0.0121412
-0.0119183
-0.0098234
-0.0063355
-0.0021291
0.0020233
0.0055165
0.0080156
0.0092842
0.0091958
0.0079980
0.0061645
0.0041088
0.0019940
0.0000331
-0.0014555
-0.0024892
-0.0033148
-0.0042204
-0.0056167
-0.0075387
-0.0095264
-0.0108943
-0.0109364
-0.0091668
-0.0056907
-0.0009327
0.0045431
0.0099286
0.0142053
0.0163090
0.0154845
0.0117332
0.0058811
-0.0008690
-0.0069799
-0.0109202
-0.0118498
-0.0097322
-0.0053204
0.0000524
0.0048877
0.0080674
0.0091216
0.0080095
0.0049740
0.0006751
-0.0037365
-0.0070550
-0.0083602
-0.0071124
-0.0033600
0.0025459
0.0096472
0.0163656
0.0208061
0.0212914
0.0172389
0.0092377
-0.0011939
-0.0118559
-0.0200903
-0.0237468
-0.0218731
-0.0145559
-0.0031622
0.0095992
0.0205498
0.0267796
0.0264790
0.0195357
0.0076483
-0.0060744
-0.0180923
-0.0254852
-0.0266302
-0.0214036
-0.0113148
0.0005129
0.0106014
0.0164505
0.0168225
0.0118125
0.0029104
-0.0072030
-0.0154421
-0.0193939
-0.0179492
-0.0113033
-0.0009077
0.0107191
0.0203533
0.0250937
0.0237571
0.0169487
0.0062468
-0.0056743
-0.0157242
-0.0213438
-0.0210366
-0.0149558
-0.0048759
0.0065683
0.0165597
0.0223922
0.0223875
0.0164947
0.0061375
-0.0062143
-0.0174924
-0.0247572
-0.0262893
-0.0221909
-0.0140930
-0.0043570
0.0044851
0.0102227
0.0118076
0.0093119
0.0038269
-0.0025156
-0.0072605
-0.0086957
-0.0062630
-0.0005473
0.0068058
0.0135802
0.0177570
0.0179501
0.0136394
0.0054585
-0.0046248
-0.0136947
-0.0191643
-0.0196513
-0.0149656
-0.0059635
0.0056353
0.0173497
0.0261925
0.0297981
0.0271640
0.0188356
0.0067300
-0.0063905
-0.0174933
-0.0238424
-0.0238296
-0.0174552
-0.0064670
0.0061108
0.0169724
0.0234154
0.0240013
0.0191211
0.0107290
0.0016081
-0.0056280
-0.0092632
-0.0087224
-0.0044866
0.0019157
0.0082684
0.0121546
0.0119420
0.0076850
0.0010139
-0.0056333
-0.0100349
-0.0109393
-0.0083988
-0.0036180
0.0014442
0.0045919
0.0041136
0.0000031
-0.0059995
-0.0114931
-0.0145789
-0.0142074
-0.0104185
-0.0040782
0.0034431
0.0106023
0.0159233
0.0184795
0.0182128
0.0154830
0.0106627
0.0041850
-0.0030081
-0.0096948
-0.0150315
-0.0186395
-0.0206138
-0.0214715
-0.0217561
-0.0220770
-0.0226929
-0.0228652
-0.0207571
-0.0149134
-0.0053502
0.0066000
0.0188531
0.0290079
0.0347642
0.0345686
0.0280415
0.0162629
0.0018437
-0.0114805
-0.0198286
-0.0205421
-0.0134888
-0.0009928
0.0129613
0.0238416
0.0277150
0.0226167
0.0092844
-0.0088690
-0.0263945
-0.0375720
-0.0383155
-0.0275726
-0.0079446
0.0151312
0.0351714
0.0467381
0.0469378
0.0357929
0.0159753
-0.0076551
-0.0291706
-0.0431194
-0.0460074
-0.0370725
-0.0186547
0.0045586
0.0268247
0.0425070
0.0479266
0.0424346
0.0279340
0.0080376
-0.0122614
-0.0274541
-0.0335435
-0.0293758
-0.0168708
-0.0004251
0.0146844
0.0239250
0.0246878
0.0170003
0.0030653
-0.0132059
-0.0268649
-0.0336558
-0.0315926
-0.0212221
-0.0050514
0.0127442
0.0274903
0.0354658
0.0346628
0.0255253
0.0110950
-0.0040060
-0.0155520
-0.0209795
-0.0195342
-0.0124378
-0.0024466
0.0068163
0.0120088
0.0114845
0.0059724
-0.0019558
-0.0092576
-0.0132583
-0.0128952
-0.0090208
-0.0034369
0.0020071
0.0057625
0.0069179
0.0055197
0.0025916
-0.0003584
-0.0020180
-0.0013684
0.0017265
0.0061986
0.0103524
0.0127492
0.0129174
0.0112139
0.0083441
0.0048349
0.0009582
-0.0028740
-0.0064372
-0.0097068
-0.0124189
-0.0140636
-0.0143165
-0.0129678
-0.0096937
-0.0047057
0.0009053
0.0060328
0.0100164
0.0126620
0.0142183
0.0148730
0.0140918
0.0110755
0.0054912
-0.0021313
-0.0105214
-0.0181470
-0.0236127
-0.0259091
-0.0244060
-0.0190892
-0.0108528
-0.0013610
0.0074303
0.0136077
0.0156772
0.0130934
0.0069207
-0.0003893
-0.0059604
-0.0074809
-0.0040139
0.0034604
0.0121598
0.0185548
0.0197393
0.0145069
0.0037602
-0.0097041
-0.0220962
-0.0296937
-0.0300277
-0.0227861
-0.0100545
0.0043772
0.0163353
0.0227369
0.0224387
0.0164178
0.0071976
-0.0020301
-0.0086630
-0.0114814
-0.0104610
-0.0063053
-0.0000572
0.0071940
0.0141122
0.0193335
0.0221572
0.0224325
0.0204118
0.0169337
0.0129001
0.0088391
0.0051970
0.0022052
-0.0002778
-0.0025232
-0.0046336
-0.0064895
-0.0079998
-0.0093660
-0.0108365
-0.0124520
-0.0138383
-0.0141823
-0.0125770
-0.0088487
-0.0035896
0.0022570
0.0075770
0.0114485
0.0135659
0.0140610
0.0129272
0.0102272
0.0062666
0.0014799
-0.0035799
-0.0083975
-0.0127025
-0.0163161
-0.0188535
-0.0198854
-0.0192458
-0.0170965
-0.0136317
-0.0089026
-0.0031766
0.0027387
0.0076430
0.0105141
0.0109171
0.0088249
0.0046624
-0.0005171
-0.0052358
-0.0082655
-0.0092373
-0.0083494
-0.0064061
-0.0047938
-0.0041711
-0.0041784
-0.0042320
-0.0034886
-0.0006866
0.0049243
0.0126517
0.0204486
0.0258889
0.0273586
0.0244286
0.0177306
0.0086982
-0.0006723
-0.0083619
-0.0132339
-0.0149586
-0.0138260
-0.0104681
-0.0056960
-0.0003294
0.0045147
0.0077071
0.0086469
0.0073308
0.0040517
-0.0006420
-0.0056304
-0.0095762
-0.0114374
-0.0109476
-0.0085868
-0.0050720
-0.0012585
0.0015922
0.0024174
0.0009713
-0.0020216
-0.0051990
-0.0071810
-0.0071247
-0.0051182
-0.0018308
0.0018400
0.0048953
0.0065698
0.0063652
0.0041334
0.0009064
-0.0010956
0.0003734
0.0061567
0.0154973
0.0266046
0.0368264
0.0433854
0.0441904
0.0383623
0.0267526
0.0118750
-0.0031540
-0.0154592
-0.0231979
-0.0257700
-0.0240298
-0.0200242
-0.0160298
-0.0137498
-0.0139680
-0.0165675
-0.0203859
-0.0235482
-0.0239408
-0.0199338
-0.0112801
0.0008124
0.0140236
0.0254985
0.0326924
0.0340644
0.0290204
0.0180559
0.0030844
-0.0127950
-0.0263045
-0.0349726
-0.0373517
-0.0332581
-0.0236084
-0.0102362
0.0043224
0.0172851
0.0263176
0.0300327
0.0282628
0.0221569
0.0138294
0.0056621
-0.0004087
-0.0031962
-0.0025762
0.0001264
0.0026133
0.0026358
-0.0008041
-0.0070779
-0.0145224
-0.0210782
-0.0247961
-0.0246800
-0.0208616
-0.0141432
-0.0059602
0.0021226
0.0091472
0.0144712
0.0174750
0.0178918
0.0157128
0.0113320
0.0055977
-0.0006482
-0.0067640
-0.0122233
-0.0165559
-0.0193861
-0.0202326
-0.0186198
-0.0142081
-0.0069411
0.0029490
0.0148315
0.0274101
0.0389082
0.0474529
0.0513406
0.0491404
0.0403610
0.0256300
0.0071183
-0.0117666
-0.0275476
-0.0376177
-0.0405018
-0.0360197
-0.0255964
-0.0118179
0.0022765
0.0139276
0.0213529
0.0238662
0.0219170
0.0172092
0.0120017
0.0079449
0.0055666
0.0045004
0.0039314
0.0028765
0.0006280
-0.0029322
-0.0075093
-0.0122342
-0.0158123
-0.0171241
-0.0158236
-0.0119445
-0.0057011
0.0020005
0.0093669
0.0146406
0.0166536
0.0151481
0.0105700
0.0035312
-0.0048346
-0.0128465
-0.0190075
-0.0223050
-0.0227751
-0.0215884
-0.0203479
-0.0202381
-0.0217001
-0.0243552
-0.0271609
-0.0287200
-0.0277191
-0.0233282
-0.0154424
-0.0049539
0.0059342
0.0143855
0.0183849
0.0170063
0.0103819
-0.0001720
-0.0125385
-0.0241741
-0.0328570
-0.0374027
-0.0375775
-0.0337614
-0.0265903
-0.0168227
-0.0054124
0.0066189
0.0181826
0.0281457
0.0355493
0.0398196
0.0408601
0.0387733
0.0337332
0.0260600
0.0163567
0.0056527
-0.0049930
-0.0146100
-0.0226102
-0.0285990
-0.0324476
-0.0341049
-0.0333242
-0.0299307
-0.0236742
-0.0143292
-0.0018968
0.0130532
0.0292965
0.0452619
0.0591976
0.0696114
0.0754838
0.0764154
0.0727422
0.0652313
0.0550743
0.0436930
0.0323731
0.0219003
0.0124511
0.0040270
-0.0033685
-0.0099211
-0.0156066
-0.0204323
-0.0243693
-0.0269033
-0.0270276
-0.0237440
-0.0165955
-0.0057343
0.0080407
0.0231525
0.0374674
0.0489229
0.0556470
0.0563547
0.0510081
0.0406333
0.0271435
0.0126657
-0.0010457
-0.0127717
-0.0216705
-0.0275829
-0.0314731
-0.0348863
-0.0389325
-0.0439044
-0.0494436
-0.0547117
-0.0587778
-0.0609783
-0.0609872
-0.0588307
-0.0550422
-0.0507150
-0.0468957
-0.0439228
-0.0418242
-0.0405003
-0.0397806
-0.0395134
-0.0395982
-0.0399463
-0.0405620
-0.0415507
-0.0425076
-0.0425960
-0.0412721
-0.0384582
-0.0339390
-0.0275416
-0.0196306
-0.0107061
-0.0012246
0.0080995
0.0165685
0.0235750
0.0284061
0.0304924
0.0295075
0.0253534
0.0182743
0.0090399
-0.0006628
-0.0088732
-0.0143701
-0.0167200
-0.0154083
-0.0098524
-0.0006153
0.0102580
0.0206141
0.0294557
0.0363967
0.0409341
0.0425644
0.0413261
0.0380756
0.0341930
0.0310541
0.0296322
0.0307441
0.0349884
0.0420933
0.0510549
0.0602977
0.0680478
0.0731063
0.0747319
0.0724061
0.0664592
0.0579884
0.0483053
0.0385844
0.0294378
0.0211807
0.0142793
0.0087659
0.0039534
-0.0008180
-0.0058028
-0.0110438
-0.0166346
-0.0221503
-0.0263094
-0.0278733
-0.0263312
-0.0221783
-0.0162810
-0.0094851
-0.0028643
0.0022948
0.0048003
0.0040938
0.0003535
-0.0060380
-0.0145448
-0.0243133
-0.0344604
-0.0439647
-0.0513914
-0.0554916
-0.0561874
-0.0545172
-0.0515417
-0.0479588
-0.0438686
-0.0387105
-0.0317312
-0.0224901
-0.0109184
0.0023497
0.0154784
0.0261045
0.0323261
0.0332422
0.0290614
0.0209132
0.0106301
0.0002292
-0.0091062
-0.0171784
-0.0244612
-0.0320254
-0.0410640
-0.0517822
-0.0628698
-0.0721571
-0.0774254
-0.0773581
-0.0718711
-0.0617710
-0.0482451
-0.0327956
-0.0176287
-0.0050233
0.0039984
0.0095743
0.0121404
0.0122921
0.0109097
0.0089925
0.0073427
0.0061685
0.0057919
0.0065894
0.0083707
0.0106827
0.0136055
0.0180525
0.0244228
0.0315654
0.0376278
0.0414692
0.0432724
0.0440689
0.0447662
0.0456173
0.0463397
0.0465933
0.0465167
0.0463750
0.0461055
0.0455922
0.0445632
0.0426295
0.0393907
0.0348199
0.0295761
0.0248213
0.0217874
0.0211784
0.0231425
0.0273848
0.0328301
0.0380224
0.0419638
0.0440771
0.0439105
0.0414159
0.0370017
0.0312786
0.0247118
0.0174322
0.0095110
0.0009469
-0.0076122
-0.0149546
-0.0202512
-0.0235102
-0.0253074
-0.0265032
-0.0280726
-0.0309275
-0.0353126
-0.0404746
-0.0450720
-0.0480295
-0.0487309
-0.0470090
-0.0427759
-0.0360753
-0.0275447
-0.0182233
-0.0093911
-0.0023477
0.0018561
0.0028740
0.0013887
-0.0013744
-0.0045628
-0.0078720
-0.0110163
-0.0138473
-0.0166075
-0.0195938
-0.0231937
-0.0276368
-0.0327811
-0.0380851
-0.0430194
-0.0475100
-0.0515450
-0.0548622
-0.0570141
-0.0573125
-0.0550398
-0.0497810
-0.0414075
-0.0304172
-0.0183673
-0.0072267
0.0012780
0.0058438
0.0060443
0.0026662
-0.0023939
-0.0069561
-0.0099223
-0.0113059
-0.0112504
-0.0096083
-0.0068805
-0.0046845
-0.0042851
-0.0057441
-0.0086202
-0.0123461
-0.0159360
-0.0175426
-0.0154093
-0.0089473
0.0010645
0.0127743
0.0237611
0.0318068
0.0356058
0.0346684
0.0290519
0.0197026
0.0084995
-0.0020996
-0.0098689
-0.0133531
-0.0119879
-0.0064022
0.0017947
0.0109793
0.0195055
0.0258610
0.0292861
0.0301268
0.0293857
0.0283051
0.0281987
0.0301600
0.0346047
0.0409351
0.0480882
0.0549065
0.0601902
0.0629036
0.0625366
0.0589681
0.0522544
0.0426821
0.0311282
0.0193085
0.0091498
0.0022118
-0.0002519
0.0026717
0.0109601
0.0233409
0.0378808
0.0521126
0.0633846
0.0694013
0.0684090
0.0599691
0.0452970
0.0265788
0.0061452
-0.0136078
-0.0305434
-0.0432220
-0.0512787
-0.0552062
-0.0557974
-0.0542860
-0.0525697
-0.0524473
-0.0546177
-0.0587166
-0.0639366
-0.0696142
-0.0752505
-0.0801524
-0.0837846
-0.0857808
-0.0859628
-0.0847364
-0.0827278
-0.0803572
-0.0779491
-0.0755176
-0.0729945
-0.0703270
-0.0674351
-0.0640063
-0.0597833
-0.0547138
-0.0489326
-0.0425950
-0.0357434
-0.0284570
-0.0213942
-0.0157781
-0.0123124
-0.0106588
-0.0106232
-0.0127501
-0.0168458
-0.0207713
-0.0220089
-0.0199745
-0.0155320
-0.0091408
-0.0005958
0.0097340
0.0204696
0.0298497
0.0364040
0.0395439
0.0395800
0.0372771
0.0331749
0.0280251
0.0230625
0.0196732
0.0187581
0.0205673
0.0244734
0.0292902
0.0342560
0.0390397
0.0433994
0.0468849
0.0491116
0.0502476
0.0509000
0.0519469
0.0542995
0.0585356
0.0645704
0.0716948
0.0788411
0.0846893
0.0879050
0.0874817
0.0831113
0.0754226
0.0659020
0.0562189
0.0474034
0.0394323
0.0318793
0.0245361
0.0176283
0.0113007
0.0056427
0.0004819
-0.0045680
-0.0099757
-0.0163091
-0.0240910
-0.0333591
-0.0437731
-0.0549146
-0.0662007
-0.0769965
-0.0868767
-0.0958662
-0.1040768
-0.1112186
-0.1171086
-0.1219914
-0.1260998
-0.1292298
-0.1308323
-0.1301533
-0.1268063
-0.1211553
-0.1139335
-0.1058613
-0.0977424
-0.0907964
-0.0863302
-0.0846293
-0.0849453
-0.0864106
-0.0884544
-0.0908242
-0.0930222
-0.0946411
-0.0954411
-0.0949878
-0.0938016
-0.0930165
-0.0926706
-0.0920160
-0.0906633
-0.0886656
-0.0860375
-0.0827130
-0.0787466
-0.0741713
-0.0693435
-0.0650681
-0.0617639
-0.0591977
-0.0572437
-0.0563537
-0.0564950
-0.0559807
-0.0524606
-0.0448797
-0.0342011
-0.0221654
-0.0098615
0.0020080
0.0121911
0.0193496
0.0230953
0.0240717
0.0233145
0.0217273
0.0197588
0.0175659
0.0149754
0.0117345
0.0079949
0.0044065
0.0017383
0.0005362
0.0011147
0.0035282
0.0073802
0.0118550
0.0160794
0.0193709
0.0212278
0.0212512
0.0197724
0.0179118
0.0172861
0.0192444
0.0244180
0.0326647
0.0433594
0.0555114
0.0681302
0.0806293
0.0926635
0.1040734
0.1146197
0.1241082
0.1324172
0.1396038
0.1458410
0.1510762
0.1549401
0.1572695
0.1583142
0.1583619
0.1573504
0.1540991
0.1457138
0.1288798
0.1027164
0.0698488
0.0343151
-0.0007460
-0.0331730
-0.0605159
-0.0798342
-0.0896617
-0.0915014
-0.0883746
-0.0826959
-0.0763492
-0.0713769
-0.0692252
-0.0696661
-0.0713779
-0.0731408
-0.0741750
-0.0739347
-0.0722650
-0.0699997
-0.0690460
-0.0710600
-0.0763785
-0.0841111
-0.0922479
-0.0982395
-0.1001881
-0.0975546
-0.0910052
-0.0818361
-0.0715503
-0.0615661
-0.0529199
-0.0461095
-0.0407489
-0.0359395
-0.0310343
-0.0254937
-0.0185742
-0.0098983
0.0002548
0.0116183
0.0239646
0.0368556
0.0495363
0.0609711
0.0700139
0.0757654
0.0777199
0.0762014
0.0726101
0.0685647
0.0648947
0.0616355
0.0586683
0.0559783
0.0532717
0.0500784
0.0465703
0.0434243
0.0416693
0.0423089
0.0458788
0.0523707
0.0606260
0.0680082
0.0714883
0.0690823
0.0608120
0.0484793
0.0347049
0.0222611
0.0135739
0.0103885
0.0134952
0.0225770
0.0361042
0.0514878
0.0659040
0.0774504
0.0856950
0.0912762
0.0950518
0.0980440
0.1016300
0.1065146
0.1111008
0.1118291
0.1058934
0.0933333
0.0759589
0.0554470
0.0337137
0.0137066
-0.0015979
-0.0104648
-0.0126289
-0.0089196
-0.0011718
0.0077122
0.0149849
0.0194126
0.0213971
0.0224002
0.0240780
0.0274586
0.0322190
0.0364581
0.0375787
0.0337325
0.0246459
0.0114053
-0.0041099
-0.0196628
-0.0328707
-0.0415670
-0.0447930
-0.0430902
-0.0379505
-0.0310263
-0.0238429
-0.0175771
-0.0127592
-0.0091615
-0.0060074
-0.0024718
0.0017511
0.0061774
0.0099540
0.0123678
0.0135309
0.0146011
0.0177567
0.0253728
0.0388582
0.0578449
0.0801898
0.1028951
0.1228724
0.1374673
0.1452890
0.1466429
0.1426201
0.1343019
0.1225924
0.1090319
0.0957180
0.0838997
0.0732761
0.0627072
0.0516300
0.0401318
0.0284411
0.0173951
0.0083938
0.0024126
-0.0005468
-0.0004663
0.0031215
0.0094680
0.0157404
0.0187652
0.0165490
0.0082599
-0.0053875
-0.0217277
-0.0377047
-0.0510378
-0.0599111
-0.0629730
-0.0597888
-0.0513317
-0.0395478
-0.0264240
-0.0142360
-0.0055479
-0.0020753
-0.0037557
-0.0088926
-0.0152333
-0.0207683
-0.0237770
-0.0224433
-0.0154557
-0.0032682
0.0120795
0.0282857
0.0438753
0.0579685
0.0701206
0.0805374
0.0898118
0.0985620
0.1074414
0.1170016
0.1271795
0.1371226
0.1452153
0.1489968
0.1455693
0.1328334
0.1105256
0.0800124
0.0436701
0.0045296
-0.0340676
-0.0687382
-0.0966219
-0.1158345
-0.1257959
-0.1276289
-0.1238823
-0.1178087
-0.1123914
-0.1093521
-0.1091380
-0.1113464
-0.1151565
-0.1197857
-0.1244667
-0.1285284
-0.1318113
-0.1346935
-0.1374105
-0.1396468
-0.1410732
-0.1419705
-0.1430465
-0.1442909
-0.1444902
-0.1419652
-0.1357020
-0.1256747
-0.1121246
-0.0955148
-0.0767986
-0.0571102
-0.0374128
-0.0189570
-0.0031802
0.0091023
0.0179664
0.0237526
0.0260833
0.0244920
0.0200867
0.0151414
0.0114172
0.0092771
0.0084145
0.0090080
0.0119922
0.0182840
0.0280356
0.0402886
0.0533838
0.0653867
0.0744133
0.0788970
0.0776858
0.0708541
0.0602798
0.0487695
0.0390718
0.0332480
0.0323163
0.0358279
0.0424053
0.0505867
0.0593986
0.0682108
0.0764341
0.0837580
0.0905037
0.0975204
0.1056731
0.1154356
0.1266959
0.1379604
0.1459436
0.1466718
0.1372262
0.1169495
0.0867688
0.0485102
0.0052264
-0.0385357
-0.0784353
-0.1120742
-0.1381329
-0.1548505
-0.1611348
-0.1581249
-0.1487469
-0.1367262
-0.1257913
-0.1188356
-0.1172068
-0.1204301
-0.1268262
-0.1338073
-0.1386037
-0.1397215
-0.1377529
-0.1349309
-0.1333381
-0.1337336
-0.1363227
-0.1408046
-0.1463424
-0.1523189
-0.1585757
-0.1649410
-0.1706747
-0.1742511
-0.1737613
-0.1680087
-0.1571871
-0.1424464
-0.1252133
-0.1067342
-0.0879051
-0.0700865
-0.0553551
-0.0455360
-0.0414568
-0.0425003
-0.0473935
-0.0546233
-0.0621970
-0.0679011
-0.0698256
-0.0666713
-0.0581234
-0.0448009
-0.0278795
-0.0090070
0.0100725
0.0280122
0.0434944
0.0551309
0.0621317
0.0644909
0.0631620
0.0599961
0.0569162
0.0547811
0.0536659
0.0534036
0.0538158
0.0545141
0.0545661
0.0526422
0.0473407
0.0378688
0.0250868
0.0106786
-0.0037408
-0.0163097
-0.0250713
-0.0288567
-0.0276511
-0.0223449
-0.0142364
-0.0047673
0.0044393
0.0119478
0.0167763
0.0184443
0.0173693
0.0147822
0.0119111
0.0097353
0.0092241
0.0110524
0.0160032
0.0249200
0.0373074
0.0512218
0.0641711
0.0741651
0.0803354
0.0825988
0.0809732
0.0761035
0.0697185
0.0636825
0.0593430
0.0573661
0.0578481
0.0602220
0.0628815
0.0638395
0.0619224
0.0576857
0.0529419
0.0491056
0.0470872
0.0478221
0.0519070
0.0592123
0.0689512
0.0797936
0.0902680
0.0988007
0.1041326
0.1060722
0.1055666
0.1042192
0.1034054
0.1037101
0.1049173
0.1066552
0.1084975
0.1088112
0.1047725
0.0943657
0.0783515
0.0597077
0.0416208
0.0264340
0.0160547
0.0122163
0.0155612
0.0250174
0.0385033
0.0537342
0.0682362
0.0795347
0.0856849
0.0853788
0.0789145
0.0683517
0.0561407
0.0442823
0.0338669
0.0247634
0.0158996
0.0061364
-0.0048051
-0.0164229
-0.0282172
-0.0404906
-0.0535157
-0.0670226
-0.0806203
-0.0944695
-0.1091117
-0.1241521
-0.1379206
-0.1484318
-0.1541540
-0.1546179
-0.1503970
-0.1426047
-0.1327439
-0.1222003
-0.1113505
-0.0989998
-0.0829972
-0.0618342
-0.0360186
-0.0075043
0.0216325
0.0502614
0.0779880
0.1036676
0.1251889
0.1411102
0.1516686
0.1579414
0.1606681
0.1601580
0.1570123
0.1525674
0.1481501
0.1438776
0.1390863
0.1334557
0.1268779
0.1184335
0.1069257
0.0926957
0.0779650
0.0653298
0.0567599
0.0535261
0.0557144
0.0617199
0.0688738
0.0743285
0.0758192
0.0723393
0.0644247
0.0540679
0.0436904
0.0347541
0.0279498
0.0240473
0.0237081
0.0264043
0.0303499
0.0340796
0.0372274
0.0395878
0.0405574
0.0399862
0.0384923
0.0368450
0.0355872
0.0349904
0.0355458
0.0379733
0.0425428
0.0490627
0.0571843
0.0662359
0.0753608
0.0841217
0.0925176
0.1003797
0.1067528
0.1100617
0.1087471
0.1015969
0.0882726
0.0699357
0.0490086
0.0277229
0.0070734
-0.0120802
-0.0279989
-0.0392526
-0.0462325
-0.0505965
-0.0536466
-0.0563407
-0.0596677
-0.0642303
-0.0698802
-0.0762631
-0.0830073
-0.0892520
-0.0938854
-0.0962595
-0.0965458
-0.0952608
-0.0929371
-0.0902663
-0.0878455
-0.0859245
-0.0843156
-0.0825147
-0.0801885
-0.0774276
-0.0742081
-0.0699452
-0.0640895
-0.0565388
-0.0476070
-0.0380692
-0.0289825
-0.0213038
-0.0154765
-0.0116199
-0.0096436
-0.0093854
-0.0108079
-0.0138618
-0.0181323
-0.0230095
-0.0281951
-0.0330561
-0.0365702
-0.0383168
-0.0384799
-0.0371129
-0.0335552
-0.0272729
-0.0191587
-0.0109860
-0.0044252
-0.0006248
-0.0001893
-0.0033370
-0.0096603
-0.0182610
-0.0284635
-0.0400025
-0.0524006
-0.0646869
-0.0755416
-0.0837518
-0.0885421
-0.0899017
-0.0887882
-0.0864577
-0.0839210
-0.0819952
-0.0816081
-0.0834911
-0.0879313
-0.0943449
-0.1015988
-0.1083720
-0.1131848
-0.1148667
-0.1128211
-0.1072418
-0.0990902
-0.0899404
-0.0820129
-0.0774686
-0.0773519
-0.0814977
-0.0889210
-0.0979047
-0.1059315
-0.1101356
-0.1079210
-0.0975795
-0.0795750
-0.0562819
-0.0305990
-0.0050497
0.0188070
0.0401843
0.0588494
0.0745616
0.0864896
0.0935424
0.0956295
0.0942816
0.0919186
0.0905975
0.0915105
0.0946708
0.0991933
0.1035967
0.1064114
0.1073008
0.1066913
0.1048819
0.1020382
0.0986095
0.0954894
0.0933619
0.0917152
0.0896818
0.0871062
0.0844730
0.0823540
0.0809782
0.0804176
0.0802729
0.0793314
0.0760736
0.0695187
0.0590853
0.0445528
0.0265178
0.0061066
-0.0156819
-0.0375175
-0.0571843
-0.0726524
-0.0831378
-0.0882330
-0.0879326
-0.0829985
-0.0747170
-0.0649214
-0.0555789
-0.0484761
-0.0449298
-0.0449560
-0.0470397
-0.0491577
-0.0499908
-0.0491758
-0.0470488
-0.0439453
-0.0403727
-0.0370494
-0.0346760
-0.0340131
-0.0356963
-0.0398012
-0.0458584
-0.0530727
-0.0605559
-0.0678529
-0.0750160
-0.0820425
-0.0886744
-0.0946114
-0.0998336
-0.1044554
-0.1085993
-0.1124115
-0.1157462
-0.1184558
-0.1211518
-0.1251819
-0.1313769
-0.1385566
-0.1439671
-0.1455895
-0.1432376
-0.1380819
-0.1318615
-0.1262322
-0.1220385
-0.1184297
-0.1127204
-0.1022608
-0.0864385
-0.0665466
-0.0436860
-0.0180291
0.0096836
0.0371996
0.0613398
0.0791268
0.0882681
0.0881183
0.0806346
0.0699348
0.0605709
0.0557993
0.0566582
0.0625668
0.0726302
0.0862139
0.1019991
0.1173785
0.1291220
0.1348419
0.1339866
0.1280766
0.1198068
0.1115329
0.1042385
0.0977232
0.0916549
0.0861012
0.0815756
0.0783819
0.0763175
0.0752094
0.0750425
0.0758261
0.0775055
0.0800023
0.0833318
0.0875033
0.0919543
0.0953352
0.0964660
0.0950300
0.0912341
0.0858175
0.0804848
0.0771215
0.0769983
0.0812000
0.0906473
0.1050524
0.1224892
0.1403125
0.1560643
0.1675058
0.1725070
0.1700447
0.1602086
0.1437337
0.1228392
0.1016623
0.0848150
0.0754539
0.0751721
0.0850242
0.1052811
0.1338824
0.1663022
0.1970460
0.2213567
0.2364179
0.2412240
0.2352055
0.2185635
0.1934407
0.1639381
0.1342454
0.1068352
0.0829193
0.0634708
0.0492929
0.0403402
0.0353181
0.0323111
0.0296950
0.0264358
0.0219750
0.0159230
0.0081593
-0.0011094
-0.0113912
-0.0218293
-0.0312036
-0.0388842
-0.0451499
-0.0502181
-0.0534968
-0.0536948
-0.0498217
-0.0419658
-0.0319475
-0.0226095
-0.0164635
-0.0149351
-0.0181082
-0.0247394
-0.0327275
-0.0398690
-0.0445186
-0.0458675
-0.0440066
-0.0397703
-0.0343397
-0.0295348
-0.0271153
-0.0276725
-0.0305870
-0.0346353
-0.0383213
-0.0401982
-0.0392423
-0.0352639
-0.0293664
-0.0232979
-0.0184041
-0.0150134
-0.0130866
-0.0124988
-0.0126224
-0.0122085
-0.0098461
-0.0046936
0.0037235
0.0155258
0.0297104
0.0437276
0.0547432
0.0613304
0.0635903
0.0624510
0.0590567
0.0541914
0.0481747
0.0410678
0.0328177
0.0234366
0.0133218
0.0031410
-0.0063590
-0.0145750
-0.0211834
-0.0260320
-0.0288923
-0.0293744
-0.0275017
-0.0242013
-0.0201796
-0.0155362
-0.0100861
-0.0033881
0.0050259
0.0153426
0.0271247
0.0395012
0.0513351
0.0612962
0.0681570
0.0715473
0.0725958
0.0732567
0.0749705
0.0782197
0.0828858
0.0884680
0.0938462
0.0979765
0.1009756
0.1038035
0.1074082
0.1119210
0.1170274
0.1229657
0.1307968
0.1408093
0.1511773
0.1587997
0.1611565
0.1567984
0.1451271
0.1272074
0.1059020
0.0841226
0.0632138
0.0436115
0.0261483
0.0115385
-0.0003157
-0.0099769
-0.0178025
-0.0241272
-0.0298059
-0.0356243
-0.0416804
-0.0475691
-0.0529535
-0.0578605
-0.0625071
-0.0669172
-0.0710781
-0.0749831
-0.0786003
-0.0819540
-0.0848654
-0.0869793
-0.0882934
-0.0892386
-0.0904823
-0.0928690
-0.0975203
-0.1055776
-0.1178830
-0.1347655
-0.1550933
-0.1753219
-0.1901866
-0.1952007
-0.1888687
-0.1725113
-0.1488552
-0.1213887
-0.0942653
-0.0721078
-0.0585514
-0.0549863
-0.0607267
-0.0736716
-0.0907512
-0.1084733
-0.1232571
-0.1320513
-0.1330018
-0.1256289
-0.1108191
-0.0903353
-0.0665167
-0.0422639
-0.0206918
-0.0043714
0.0051520
0.0072488
0.0021397
-0.0090786
-0.0242939
-0.0407393
-0.0563114
-0.0698113
-0.0799121
-0.0848718
-0.0831457
-0.0738097
-0.0570222
-0.0343855
-0.0089017
0.0162571
0.0393433
0.0595185
0.0753783
0.0845287
0.0849462
0.0768205
0.0630547
0.0482624
0.0369760
0.0320927
0.0344702
0.0434566
0.0572872
0.0734137
0.0887435
0.1004917
0.1076558
0.1117098
0.1155779
0.1217160
0.1308998
0.1422227
0.1539416
0.1643268
0.1719247
0.1754779
0.1741341
0.1679986
0.1583951
0.1470663
0.1349461
0.1218495
0.1070478
0.0896679
0.0684404
0.0424511
0.0128202
-0.0176543
-0.0469817
-0.0745240
-0.0994156
-0.1198301
-0.1342875
-0.1424308
-0.1443633
-0.1404644
-0.1317872
-0.1206643
-0.1101054
-0.1029353
-0.1011702
-0.1049070
-0.1114648
-0.1160081
-0.1135456
-0.1010990
-0.0789275
-0.0498376
-0.0174950
0.0145202
0.0426752
0.0639806
0.0770705
0.0821611
0.0804033
0.0734819
0.0639444
0.0551211
0.0497129
0.0491377
0.0538083
0.0634527
0.0764388
0.0893065
0.0978700
0.0994098
0.0944058
0.0863674
0.0797754
0.0780388
0.0832323
0.0959421
0.1145681
0.1352115
0.1527076
0.1614759
0.1568316
0.1368942
0.1039498
0.0635768
0.0213578
-0.0190793
-0.0554094
-0.0851325
-0.1053130
-0.1142064
-0.1127924
-0.1041279
-0.0911877
-0.0766070
-0.0643630
-0.0587650
-0.0613550
-0.0706716
-0.0844221
-0.1007903
-0.1181198
-0.1345646
-0.1483668
-0.1580642
-0.1620958
-0.1590772
-0.1488162
-0.1328560
-0.1137598
-0.0939694
-0.0756108
-0.0610929
-0.0535647
-0.0557673
-0.0671756
-0.0827985
-0.0957509
-0.1014527
-0.0998823
-0.0939762
-0.0864961
-0.0787265
-0.0711635
-0.0648078
-0.0618856
-0.0650636
-0.0755247
-0.0920894
-0.1115300
-0.1295175
-0.1422637
-0.1476125
-0.1455274
-0.1367221
-0.1210436
-0.0981967
-0.0694626
-0.0380301
-0.0078572
0.0174101
0.0350317
0.0439166
0.0448236
0.0397366
0.0307750
0.0195485
0.0077233
-0.0026417
-0.0094821
-0.0113280
-0.0073561
0.0027040
0.0179957
0.0362639
0.0546946
0.0710634
0.0844055
0.0948997
0.1030916
0.1090079
0.1120443
0.1115556
0.1075905
0.1011712
0.0939782
0.0875934
0.0829207
0.0802420
0.0792780
0.0794114
0.0796861
0.0792710
0.0774787
0.0735862
0.0681731
0.0638261
0.0626188
0.0635469
0.0643771
0.0651894
0.0675981
0.0712583
0.0736876
0.0730270
0.0692216
0.0629352
0.0542280
0.0431562
0.0310109
0.0205668
0.0149926
0.0170023
0.0280225
0.0474483
0.0717821
0.0947263
0.1100112
0.1144631
0.1085325
0.0949713
0.0768883
0.0567508
0.0354938
0.0126615
-0.0115883
-0.0353808
-0.0562872
-0.0731160
-0.0860486
-0.0957409
-0.1027836
-0.1070301
-0.1072895
-0.1020654
-0.0907518
-0.0742006
-0.0542739
-0.0332140
-0.0133143
0.0028898
0.0130294
0.0151864
0.0084809
-0.0061438
-0.0253772
-0.0445374
-0.0597152
-0.0690285
-0.0730352
-0.0745802
-0.0771234
-0.0821763
-0.0885987
-0.0943137
-0.0988033
-0.1043189
-0.1136297
-0.1268200
-0.1405469
-0.1493827
-0.1486370
-0.1367581
-0.1160779
-0.0918952
-0.0702040
-0.0564116
-0.0544318
-0.0652000
-0.0869993
-0.1173516
-0.1532480
-0.1901808
-0.2217930
-0.2412745
-0.2435764
-0.2272393
-0.1953337
-0.1548448
-0.1139547
-0.0786827
-0.0518885
-0.0347719
-0.0273371
-0.0273356
-0.0307357
-0.0340068
-0.0358658
-0.0361068
-0.0340659
-0.0295344
-0.0242715
-0.0204511
-0.0179850
-0.0144364
-0.0070741
0.0048901
0.0198946
0.0355219
0.0502337
0.0639437
0.0770139
0.0891944
0.0994635
0.1062889
0.1089260
0.1082254
0.1060091
0.1040776
0.1031927
0.1026635
0.1010769
0.0974833
0.0923463
0.0868610
0.0816942
0.0765723
0.0710548
0.0657695
0.0626046
0.0636355
0.0701107
0.0819007
0.0972164
0.1133746
0.1278809
0.1387779
0.1446604
0.1446402
0.1377399
0.1234664
0.1039649
0.0846769
0.0713188
0.0670525
0.0725624
0.0870244
0.1082049
0.1325162
0.1550803
0.1706010
0.1751730
0.1686459
0.1550499
0.1396043
0.1259911
0.1165455
0.1139894
0.1213458
0.1401429
0.1687240
0.2015024
0.2306307
0.2494402
0.2546509
0.2464332
0.2273346
0.2016772
0.1744332
0.1492584
0.1280620
0.1116807
0.0996969
0.0896384
0.0784320
0.0649799
0.0497730
0.0330639
0.0144139
-0.0066397
-0.0304529
-0.0569071
-0.0843202
-0.1094259
-0.1290498
-0.1413876
-0.1461892
-0.1443100
-0.1375490
-0.1284524
-0.1193043
-0.1116710
-0.1062136
-0.1022771
-0.0988279
-0.0966948
-0.0995065
-0.1117025
-0.1356872
-0.1706502
-0.2132372
-0.2589541
-0.3033286
-0.3422338
-0.3721915
-0.3917236
-0.4021652
-0.4061115
-0.4050913
-0.3988749
-0.3866979
-0.3689403
-0.3478520
-0.3271018
-0.3090161
-0.2917874
-0.2706976
-0.2430548
-0.2113862
-0.1817550
-0.1592303
-0.1450708
-0.1372692
-0.1320857
-0.1252822
-0.1134188
-0.0951550
-0.0715778
-0.0451093
-0.0181901
0.0073932
0.0301592
0.0483665
0.0605154
0.0661728
0.0665894
0.0645833
0.0625908
0.0611475
0.0594340
0.0568404
0.0536685
0.0500214
0.0449713
0.0377006
0.0288740
0.0200768
0.0121973
0.0054504
0.0001944
-0.0032762
-0.0058532
-0.0091511
-0.0139204
-0.0197510
-0.0262213
-0.0339091
-0.0441250
-0.0586153
-0.0784330
-0.1022709
-0.1264219
-0.1459089
-0.1566120
-0.1570888
-0.1480374
-0.1306583
-0.1062792
-0.0774615
-0.0497097
-0.0304054
-0.0247614
-0.0331061
-0.0521726
-0.0780157
-0.1072794
-0.1371884
-0.1651563
-0.1891505
-0.2073272
-0.2173121
-0.2171676
-0.2072954
-0.1912920
-0.1742049
-0.1599225
-0.1496847
-0.1424547
-0.1361073
-0.1287702
-0.1196109
-0.1086287
-0.0963695
-0.0838960
-0.0727585
-0.0642778
-0.0593401
-0.0588521
-0.0634040
-0.0726818
-0.0850936
-0.0982168
-0.1098589
-0.1189693
-0.1252759
-0.1281137
-0.1267070
-0.1215535
-0.1142946
-0.1066332
-0.0998832
-0.0946867
-0.0897758
-0.0814310
-0.0660114
-0.0426493
-0.0133170
0.0189107
0.0509925
0.0795639
0.1009749
0.1127951
0.1151672
0.1104616
0.1021141
0.0933006
0.0858999
0.0800877
0.0746783
0.0682829
0.0604806
0.0525340
0.0466374
0.0440923
0.0439503
0.0435996
0.0407785
0.0347723
0.0263113
0.0163195
0.0052446
-0.0065422
-0.0182756
-0.0288814
-0.0375058
-0.0432621
-0.0447811
-0.0408730
-0.0313669
-0.0176539
-0.0024535
0.0111577
0.0209516
0.0262987
0.0280525
0.0277236
0.0268605
0.0271331
0.0301940
0.0371969
0.0483465
0.0629075
0.0801407
0.1000321
0.1229272
0.1494578
0.1795557
0.2086277
0.2258289
0.2204174
0.1905839
0.1441295
0.0904608
0.0352550
-0.0182372
-0.0667872
-0.1080210
-0.1417447
-0.1673931
-0.1813937
-0.1803143
-0.1658759
-0.1441775
-0.1205243
-0.0972589
-0.0763003
-0.0607663
-0.0531678
-0.0534537
-0.0595230
-0.0689540
-0.0792298
-0.0877011
-0.0923615
-0.0922595
-0.0874057
-0.0788391
-0.0678964
-0.0552093
-0.0414056
-0.0288647
-0.0214513
-0.0215824
-0.0277742
-0.0358428
-0.0428765
-0.0491430
-0.0562349
-0.0640011
-0.0702097
-0.0733219
-0.0746818
-0.0775068
-0.0839874
-0.0937832
-0.1052135
-0.1171657
-0.1294392
-0.1422211
-0.1552653
-0.1677515
-0.1789921
-0.1884338
-0.1955692
-0.2002625
-0.2027913
-0.2036973
-0.2032681
-0.2019792
-0.2006238
-0.1997684
-0.2000501
-0.2025196
-0.2083184
-0.2177384
-0.2296249
-0.2420173
-0.2533143
-0.2626475
-0.2694593
-0.2730934
-0.2732567
-0.2704491
-0.2660664
-0.2615060
-0.2571291
-0.2523678
-0.2467020
-0.2400434
-0.2322751
-0.2232554
-0.2129973
-0.2019214
-0.1908917
-0.1811336
-0.1739563
-0.1702658
-0.1699956
-0.1723365
-0.1767018
-0.1828532
-0.1905478
-0.1995083
-0.2093126
-0.2189724
-0.2268910
-0.2314139
-0.2313445
-0.2261584
-0.2156836
-0.1998579
-0.1792421
-0.1552884
-0.1301601
-0.1066923
-0.0877228
-0.0751170
-0.0698373
-0.0722382
-0.0819890
-0.0979194
-0.1176905
-0.1382852
-0.1568649
-0.1713134
-0.1803288
-0.1833719
-0.1812579
-0.1763926
-0.1715446
-0.1684148
-0.1672024
-0.1676157
-0.1697774
-0.1739115
-0.1797479
-0.1866434
-0.1943424
-0.2031800
-0.2140710
-0.2292391
-0.2531496
-0.2899060
-0.3347516
-0.3701339
-0.3772563
-0.3512072
-0.3002652
-0.2343226
-0.1610915
-0.0897927
-0.0286666
0.0218533
0.0679449
0.1139835
0.1592535
0.2014605
0.2393455
0.2718869
0.2977827
0.3166631
0.3291146
0.3355102
0.3367731
0.3354437
0.3344583
0.3358079
0.3411847
0.3523502
0.3703405
0.3944908
0.4224443
0.4514209
0.4796663
0.5065260
0.5313901
0.5531735
0.5710221
0.5851137
0.5969266
0.6083782
0.6197504
0.6291862
0.6346137
0.6359488
0.6348506
0.6323927
0.6275519
0.6185077
0.6048409
0.5876656
0.5682824
0.5474672
0.5259525
0.5049683
0.4867511
0.4741450
0.4698591
0.4760726
0.4931496
0.5167421
0.5363609
0.5401901
0.5222591
0.4830173
0.4258372
0.3575783
0.2885997
0.2258680
0.1682269
0.1118101
0.0561910
0.0032777
-0.0454630
-0.0885570
-0.1231537
-0.1463814
-0.1577593
-0.1595164
-0.1556987
-0.1507092
-0.1474492
-0.1465143
-0.1468553
-0.1477180
-0.1499867
-0.1551916
-0.1620625
-0.1643442
-0.1538231
-0.1275896
-0.0918893
-0.0576876
-0.0333149
-0.0218059
-0.0229061
-0.0346079
-0.0525639
-0.0711671
-0.0869168
-0.0999102
-0.1114680
-0.1215524
-0.1296503
-0.1369596
-0.1455939
-0.1562291
-0.1674278
-0.1765978
-0.1818475
-0.1832650
-0.1818836
-0.1785297
-0.1743248
-0.1711444
-0.1699768
-0.1693237
-0.1669842
-0.1627547
-0.1581567
-0.1547277
-0.1524923
-0.1500690
-0.1462398
-0.1409249
-0.1350218
-0.1290041
-0.1218557
-0.1112128
-0.0947778
-0.0726245
-0.0474180
-0.0226994
-0.0012268
0.0152356
0.0251272
0.0274261
0.0225450
0.0121432
-0.0014314
-0.0152033
-0.0263513
-0.0332877
-0.0358809
-0.0350928
-0.0325303
-0.0299940
-0.0287999
-0.0293147
-0.0291335
-0.0221453
-0.0021648
0.0307356
0.0690005
0.1036423
0.1303693
0.1499722
0.1656620
0.1819038
0.2031713
0.2305671
0.2595191
0.2813993
0.2879986
0.2744127
0.2395304
0.1867258
0.1248217
0.0648143
0.0137719
-0.0264786
-0.0554484
-0.0720416
-0.0776922
-0.0770997
-0.0743435
-0.0716016
-0.0716925
-0.0783366
-0.0933311
-0.1152236
-0.1410769
-0.1677659
-0.1922312
-0.2118645
-0.2249056
-0.2309601
-0.2307521
-0.2257639
-0.2170881
-0.2056986
-0.1932977
-0.1823532
-0.1745994
-0.1686431
-0.1603748
-0.1457051
-0.1228964
-0.0930895
-0.0588638
-0.0220914
0.0168730
0.0583341
0.1015390
0.1442098
0.1842115
0.2206226
0.2522753
0.2766351
0.2915721
0.2972322
0.2949462
0.2851895
0.2682585
0.2458306
0.2201458
0.1929595
0.1661317
0.1421860
0.1238498
0.1129648
0.1105559
0.1168634
0.1310101
0.1508190
0.1729159
0.1939074
0.2127069
0.2303475
0.2477626
0.2643310
0.2792434
0.2926255
0.3046046
0.3146935
0.3229214
0.3307778
0.3401198
0.3520410
0.3653018
0.3733981
0.3660315
0.3373194
0.2912845
0.2368268
0.1793751
0.1209563
0.0649111
0.0154262
-0.0260000
-0.0597786
-0.0857160
-0.1032808
-0.1125210
-0.1126172
-0.1017224
-0.0800478
-0.0518339
-0.0229545
0.0031582
0.0260666
0.0456825
0.0607242
0.0699058
0.0734823
0.0722519
0.0662759
0.0554893
0.0407273
0.0236122
0.0052942
-0.0144059
-0.0362243
-0.0601517
-0.0843383
-0.1061220
-0.1236406
-0.1364360
-0.1455736
-0.1531469
-0.1612562
-0.1711313
-0.1829471
-0.1963134
-0.2102721
-0.2234693
-0.2350509
-0.2448003
-0.2528764
-0.2594888
-0.2645578
-0.2678120
-0.2688856
-0.2671256
-0.2617935
-0.2528620
-0.2417687
-0.2303966
-0.2197050
-0.2098747
-0.2014475
-0.1950634
-0.1901851
-0.1855236
-0.1803808
-0.1750574
-0.1701791
-0.1661317
-0.1638009
-0.1646794
-0.1697904
-0.1790615
-0.1919422
-0.2076667
-0.2247640
-0.2407269
-0.2531799
-0.2610017
-0.2641893
-0.2626027
-0.2555165
-0.2424450
-0.2246946
-0.2050946
-0.1858140
-0.1680347
-0.1538333
-0.1472339
-0.1520848
-0.1693685
-0.1965966
-0.2289892
-0.2603312
-0.2828876
-0.2879582
-0.2694795
-0.2285571
-0.1733422
-0.1138016
-0.0575032
-0.0094561
0.0274239
0.0526528
0.0680117
0.0759628
0.0781744
0.0759184
0.0714155
0.0671900
0.0647655
0.0650854
0.0694383
0.0790012
0.0935445
0.1114862
0.1312459
0.1515372
0.1708091
0.1872012
0.1989360
0.2052969
0.2067911
0.2044863
0.1994837
0.1926619
0.1851276
0.1787162
0.1751513
0.1753493
0.1794242
0.1870769
0.1979664
0.2121231
0.2294963
0.2498607
0.2729851
0.2978477
0.3227899
0.3461324
0.3668855
0.3847226
0.3996856
0.4119970
0.4217637
0.4279946
0.4292098
0.4254441
0.4179171
0.4072256
0.3939691
0.3804584
0.3694316
0.3621632
0.3586432
0.3589481
0.3632831
0.3708780
0.3797532
0.3876574
0.3929981
0.3943289
0.3900301
0.3792142
0.3627167
0.3431514
0.3235774
0.3061045
0.2912585
0.2782015
0.2662832
0.2557664
0.2463465
0.2364670
0.2252191
0.2137487
0.2038331
0.1965330
0.1924249
0.1921272
0.1958972
0.2032855
0.2135739
0.2259113
0.2388253
0.2498073
0.2565395
0.2585510
0.2569340
0.2527695
0.2469548
0.2406561
0.2348631
0.2300946
0.2267480
0.2256237
0.2279589
0.2340134
0.2425577
0.2517638
0.2600986
0.2664970
0.2703436
0.2716325
0.2710589
0.2696731
0.2684232
0.2681891
0.2699636
0.2744286
0.2813921
0.2896719
0.2970819
0.3010932
0.2994329
0.2910750
0.2769545
0.2595682
0.2418092
0.2261700
0.2138297
0.2047955
0.1981673
0.1926055
0.1871578
0.1812940
0.1747641
0.1675058
0.1596364
0.1514880
0.1434625
0.1357906
0.1284384
0.1210779
0.1133162
0.1049184
0.0957612
0.0860708
0.0766216
0.0683814
0.0626582
0.0611051
0.0646636
0.0727794
0.0833149
0.0932041
0.0996161
0.1005989
0.0954180
0.0844627
0.0686566
0.0490082
0.0266783
0.0034094
-0.0188733
-0.0388169
-0.0555878
-0.0687975
-0.0783171
-0.0842588
-0.0871066
-0.0874864
-0.0862802
-0.0847498
-0.0841971
-0.0851497
-0.0873042
-0.0900677
-0.0933708
-0.0974291
-0.1020849
-0.1074168
-0.1139059
-0.1217756
-0.1303562
-0.1380647
-0.1425494
-0.1411385
-0.1319443
-0.1148487
-0.0913038
-0.0632167
-0.0323921
-0.0005310
0.0306590
0.0596074
0.0854548
0.1075772
0.1252035
0.1381073
0.1465432
0.1512193
0.1535529
0.1550283
0.1568027
0.1595815
0.1636015
0.1687847
0.1746398
0.1804054
0.1855279
0.1897863
0.1930087
0.1953091
0.1975748
0.2010905
0.2055975
0.2086883
0.2088993
0.2079528
0.2080554
0.2089788
0.2094239
0.2098978
0.2120133
0.2158671
0.2196675
0.2221023
0.2238406
0.2261093
0.2292016
0.2327620
0.2364540
0.2398165
0.2420433
0.2431299
0.2439579
0.2448394
0.2448148
0.2426155
0.2380175
0.2318719
0.2249070
0.2171633
0.2083632
0.1989736
0.1908007
0.1855293
0.1834428
0.1837982
0.1857808
0.1889424
0.1926127
0.1954839
0.1959247
0.1931445
0.1875827
0.1802710
0.1721486
0.1637113
0.1552421
0.1473683
0.1407794
0.1361063
0.1338197
0.1339817
0.1363805
0.1405731
0.1456546
0.1505098
0.1544951
0.1577246
0.1602982
0.1618241
0.1619050
0.1603502
0.1571091
0.1521455
0.1455881
0.1378255
0.1291025
0.1193333
0.1082841
0.0957747
0.0816837
0.0661102
0.0494976
0.0323531
0.0151445
-0.0014137
-0.0161759
-0.0281107
-0.0366112
-0.0414636
-0.0430785
-0.0426406
-0.0417567
-0.0418280
-0.0438540
-0.0486828
-0.0569592
-0.0685475
-0.0825491
-0.0975255
-0.1118956
-0.1244418
-0.1341170
-0.1399984
-0.1417713
-0.1398238
-0.1353757
-0.1301321
-0.1257659
-0.1234718
-0.1235242
-0.1248155
-0.1241154
-0.1159838
-0.0960366
-0.0669960
-0.0385991
-0.0189525
-0.0090420
-0.0081685
-0.0214990
-0.0577501
-0.1192450
-0.1972194
-0.2789240
-0.3558154
-0.4227001
-0.4728098
-0.4981146
-0.4933837
-0.4587947
-0.4011233
-0.3325003
-0.2658988
-0.2104325
-0.1704970
-0.1471082
-0.1391026
-0.1441126
-0.1589688
-0.1801568
-0.2042927
-0.2287854
-0.2525195
-0.2754416
-0.2979778
-0.3204793
-0.3426948
-0.3638409
-0.3831923
-0.3998113
-0.4119175
-0.4172293
-0.4137960
-0.4008748
-0.3792619
-0.3510411
-0.3188999
-0.2853499
-0.2523519
-0.2216182
-0.1951473
-0.1750459
-0.1629079
-0.1589587
-0.1619137
-0.1693757
-0.1785745
-0.1868082
-0.1915564
-0.1910333
-0.1845973
-0.1728336
-0.1574906
-0.1412342
-0.1263910
-0.1142027
-0.1051223
-0.0990857
-0.0959763
-0.0958570
-0.0990810
-0.1058428
-0.1156029
-0.1268375
-0.1373420
-0.1450000
-0.1484174
-0.1472614
-0.1422351
-0.1346561
-0.1257110
-0.1163317
-0.1074677
-0.1000860
-0.0949002
-0.0921144
-0.0915955
-0.0930161
-0.0961046
-0.1006912
-0.1066515
-0.1139234
-0.1221500
-0.1306563
-0.1389144
-0.1465331
-0.1532061
-0.1585888
-0.1624469
-0.1647676
-0.1656981
-0.1655479
-0.1642821
-0.1619816
-0.1589254
-0.1552233
-0.1509360
-0.1460664
-0.1409165
-0.1360446
-0.1319785
-0.1293508
-0.1288689
-0.1311798
-0.1364467
-0.1443279
-0.1540746
-0.1645711
-0.1744866
-0.1828922
-0.1894568
-0.1942008
-0.1971515
-0.1985791
-0.1993247
-0.2003651
-0.2020688
-0.2042103
-0.2064804
-0.2087274
-0.2109527
-0.2133123
-0.2157183
-0.2180057
-0.2205243
-0.2235401
-0.2270471
-0.2309905
-0.2350495
-0.2387863
-0.2418511
-0.2440547
-0.2452642
-0.2455257
-0.2450084
-0.2432354
-0.2390305
-0.2311870
-0.2190938
-0.2029040
-0.1833199
-0.1612822
-0.1382092
-0.1157738
-0.0953538
-0.0781368
-0.0653975
-0.0582092
-0.0572115
-0.0622330
-0.0716817
-0.0828462
-0.0928463
-0.0994151
-0.1013173
-0.0984229
-0.0916799
-0.0828182
-0.0736389
-0.0660247
-0.0618895
-0.0622213
-0.0663473
-0.0726477
-0.0799192
-0.0877183
-0.0955762
-0.1030652
-0.1103427
-0.1174987
-0.1243434
-0.1308348
-0.1372104
-0.1433509
-0.1485662
-0.1522784
-0.1543795
-0.1549907
-0.1545153
-0.1537552
-0.1535804
-0.1545586
-0.1569805
-0.1610799
-0.1670290
-0.1746095
-0.1831220
-0.1913975
-0.1978104
-0.2007192
-0.1986904
-0.1910550
-0.1783491
-0.1623790
-0.1457340
-0.1305439
-0.1181970
-0.1093778
-0.1040666
-0.1020738
-0.1032048
-0.1066286
-0.1106902
-0.1135286
-0.1140420
-0.1119228
-0.1075842
-0.1019991
-0.0961597
-0.0906651
-0.0857934
-0.0819064
-0.0792656
-0.0778128
-0.0772683
-0.0772770
-0.0774349
-0.0772123
-0.0762151
-0.0743596
-0.0716152
-0.0680030
-0.0636231
-0.0587079
-0.0538020
-0.0494452
-0.0458101
-0.0431494
-0.0418031
-0.0416674
-0.0423115
-0.0431244
-0.0436585
-0.0437881
-0.0437013
-0.0438134
-0.0446444
-0.0466875
-0.0499794
-0.0539914
-0.0581108
-0.0621545
-0.0658891
-0.0686044
-0.0699679
-0.0703412
-0.0701100
-0.0692549
-0.0679547
-0.0666194
-0.0653945
-0.0644763
-0.0642934
-0.0652623
-0.0678026
-0.0720942
-0.0780527
-0.0854166
-0.0939501
-0.1034704
-0.1138124
-0.1248734
-0.1362181
-0.1471053
-0.1564704
-0.1631376
-0.1662920
-0.1658253
-0.1627503
-0.1588301
-0.1555427
-0.1533564
-0.1519446
-0.1509360
-0.1504375
-0.1510025
-0.1526108
-0.1544040
-0.1554545
-0.1549979
-0.1527654
-0.1493379
-0.1458915
-0.1435045
-0.1426591
-0.1431431
-0.1445564
-0.1467383
-0.1494144
-0.1518074
-0.1530616
-0.1528362
-0.1509346
-0.1469767
-0.1406962
-0.1325510
-0.1237725
-0.1154280
-0.1078484
-0.1010951
-0.0951769
-0.0901478
-0.0858622
-0.0820358
-0.0785688
-0.0752659
-0.0720582
-0.0690667
-0.0664522
-0.0643132
-0.0630563
-0.0630897
-0.0644866
-0.0671658
-0.0709613
-0.0754088
-0.0795812
-0.0827312
-0.0846533
-0.0855797
-0.0858447
-0.0857746
-0.0856579
-0.0857519
-0.0861129
-0.0867568
-0.0875481
-0.0881600
-0.0881881
-0.0873621
-0.0857358
-0.0833056
-0.0802015
-0.0770299
-0.0743484
-0.0723439
-0.0710949
-0.0706387
-0.0708684
-0.0718114
-0.0734580
-0.0756059
-0.0778802
-0.0797217
-0.0808804
-0.0812580
-0.0806865
-0.0790489
-0.0761369
-0.0718416
-0.0662905
-0.0599003
-0.0533935
-0.0472320
-0.0416199
-0.0366348
-0.0321930
-0.0280054
-0.0239306
-0.0199383
-0.0158428
-0.0114300
-0.0065270
-0.0009931
0.0051363
0.0115334
0.0179062
0.0242900
0.0305993
0.0367780
0.0431195
0.0497700
0.0564135
0.0627143
0.0686848
0.0744845
0.0799789
0.0849510
0.0894157
0.0933626
0.0963601
0.0979603
0.0978746
0.0959269
0.0917454
0.0850390
0.0761278
0.0655871
0.0537738
0.0410546
0.0282054
0.0162456
0.0058423
-0.0026723
-0.0087862
-0.0123923
-0.0141383
-0.0148883
-0.0151719
-0.0156353
-0.0171795
-0.0204544
-0.0256298
-0.0324663
-0.0405494
-0.0492814
-0.0579933
-0.0662949
-0.0740184
-0.0810966
-0.0873783
-0.0926735
-0.0968273
-0.1001553
-0.1033266
-0.1067534
-0.1100945
-0.1127245
-0.1146188
-0.1161484
-0.1182809
-0.1225077
-0.1292921
-0.1370811
-0.1431897
-0.1445621
-0.1379066
-0.1215603
-0.0977797
-0.0723165
-0.0505201
-0.0344984
-0.0246948
-0.0223292
-0.0293034
-0.0454821
-0.0670863
-0.0880265
-0.1028675
-0.1087215
-0.1050173
-0.0927050
-0.0743572
-0.0536987
-0.0341253
-0.0178248
-0.0058285
0.0016455
0.0049472
0.0047615
0.0020425
-0.0019168
-0.0057886
-0.0083350
-0.0086925
-0.0067752
-0.0030719
0.0019509
0.0078300
0.0137542
0.0188023
0.0221321
0.0232196
0.0219146
0.0183836
0.0128711
0.0057310
-0.0023080
-0.0103086
-0.0172367
-0.0222501
-0.0245978
-0.0240579
-0.0209250
-0.0155845
-0.0085790
-0.0003668
0.0084504
0.0169824
0.0246198
0.0311353
0.0362422
0.0395132
0.0411470
0.0420181
0.0427690
0.0436654
0.0448805
0.0464963
0.0485357
0.0508033
0.0531620
0.0556300
0.0580032
0.0598879
0.0611171
0.0617344
0.0617251
0.0613791
0.0611427
0.0612326
0.0616346
0.0622648
0.0633533
0.0652208
0.0677153
0.0705657
0.0737006
0.0772228
0.0812045
0.0855002
0.0899890
0.0947830
0.1000178
0.1054086
0.1104348
0.1145540
0.1174844
0.1194915
0.1208130
0.1214931
0.1217210
0.1217821
0.1220385
0.1229435
0.1247765
0.1273159
0.1301792
0.1330916
0.1359859
0.1388795
0.1414967
0.1434761
0.1444947
0.1443828
0.1433284
0.1414060
0.1385976
0.1349605
0.1307254
0.1261991
0.1217408
0.1176049
0.1142168
0.1121034
0.1112479
0.1112257
0.1117589
0.1127440
0.1139984
0.1153815
0.1168384
0.1184258
0.1203393
0.1227371
0.1254300
0.1282479
0.1313493
0.1343049
0.1357264
0.1344932
0.1307510
0.1249476
0.1171745
0.1083243
0.1000067
0.0930764
0.0872101
0.0823894
0.0796841
0.0794608
0.0806002
0.0822321
0.0847007
0.0881030
0.0912311
0.0929151
0.0933823
0.0932648
0.0926416
0.0914121
0.0898291
0.0880119
0.0858129
0.0833514
0.0810274
0.0792029
0.0780478
0.0773308
0.0767740
0.0766786
0.0774611
0.0787862
0.0799595
0.0809521
0.0824044
0.0845013
0.0864513
0.0879732
0.0896572
0.0920901
0.0952134
0.0985951
0.1017883
0.1044770
0.1064790
0.1078997
0.1088676
0.1093478
0.1096889
0.1103850
0.1116351
0.1132990
0.1154554
0.1183880
0.1219373
0.1252834
0.1278376
0.1295084
0.1303101
0.1300053
0.1285067
0.1261095
0.1231506
0.1198404
0.1162543
0.1124217
0.1084279
0.1042784
0.0998953
0.0952074
0.0904836
0.0860263
0.0820637
0.0787836
0.0763722
0.0750435
0.0746624
0.0744162
0.0737074
0.0727299
0.0719140
0.0715932
0.0718545
0.0726186
0.0738060
0.0755326
0.0784287
0.0828160
0.0882053
0.0938503
0.1000056
0.1077000
0.1171355
0.1274648
0.1376506
0.1471805
0.1558635
0.1632590
0.1685058
0.1709579
0.1710071
0.1696257
0.1676966
0.1658224
0.1646130
0.1646028
0.1661548
0.1693641
0.1738870
0.1791236
0.1846421
0.1902212
0.1955374
0.2003391
0.2046409
0.2086002
0.2123283
0.2159986
0.2196689
0.2233392
0.2269011
0.2303027
0.2334109
0.2360624
0.2381909
0.2397096
0.2402529
0.2392053
0.2361665
0.2309226
0.2234967
0.2142371
0.2035283
0.1916243
0.1786771
0.1649872
0.1509505
0.1369291
0.1232029
0.1099253
0.0973775
0.0860742
0.0761756
0.0677006
0.0609224
0.0561511
0.0534751
0.0528844
0.0543514
0.0578062
0.0628480
0.0689134
0.0753422
0.0813062
0.0861406
0.0897341
0.0923291
0.0939746
0.0947550
0.0949303
0.0948054
0.0947653
0.0950372
0.0957721
0.0971138
0.0992495
0.1023193
0.1062146
0.1106387
0.1153854
0.1203452
0.1253997
0.1302442
0.1344960
0.1379797
0.1404596
0.1416074
0.1413275
0.1398618
0.1376514
0.1349720
0.1320442
0.1291239
0.1265093
0.1243670
0.1228289
0.1219720
0.1214796
0.1209806
0.1201231
0.1183245
0.1150561
0.1102275
0.1041529
0.0974105
0.0907237
0.0846131
0.0795301
0.0759340
0.0742035
0.0745010
0.0766668
0.0804284
0.0852664
0.0901105
0.0937197
0.0952846
0.0945163
0.0917029
0.0874628
0.0826804
0.0782580
0.0748050
0.0727745
0.0722647
0.0731916
0.0755076
0.0790237
0.0833584
0.0879142
0.0922232
0.0957849
0.0982610
0.0996512
0.1002142
0.1003047
0.1002801
0.1003957
0.1007048
0.1011273
0.1016716
0.1021547
0.1022790
0.1018357
0.1007257
0.0988683
0.0961197
0.0923861
0.0879072
0.0830823
0.0783145
0.0738600
0.0694882
0.0648385
0.0598598
0.0545349
0.0489644
0.0434803
0.0384402
0.0340652
0.0302401
0.0266432
0.0230056
0.0192825
0.0155297
0.0119092
0.0082899
0.0042530
-0.0004441
-0.0055050
-0.0105619
-0.0154533
-0.0199361
-0.0237978
-0.0269718
-0.0292757
-0.0304279
-0.0306604
-0.0305084
-0.0301950
-0.0298894
-0.0299525
-0.0308434
-0.0328055
-0.0358978
-0.0401573
-0.0455871
-0.0520197
-0.0588570
-0.0654942
-0.0717292
-0.0771845
-0.0814755
-0.0846040
-0.0866695
-0.0878846
-0.0884467
-0.0884888
-0.0883447
-0.0883539
-0.0886174
-0.0892565
-0.0904463
-0.0923781
-0.0952687
-0.0990845
-0.1034919
-0.1081104
-0.1126885
-0.1167622
-0.1199224
-0.1218814
-0.1225491
-0.1222437
-0.1210362
-0.1190504
-0.1167332
-0.1144970
-0.1128067
-0.1118564
-0.1116066
-0.1120550
-0.1134272
-0.1159624
-0.1194664
-0.1234055
-0.1273711
-0.1309897
-0.1339545
-0.1362213
-0.1381364
-0.1402540
-0.1428829
-0.1458742
-0.1485272
-0.1501543
-0.1508334
-0.1510256
-0.1510039
-0.1507251
-0.1502814
-0.1498797
-0.1496659
-0.1499187
-0.1509490
-0.1529301
-0.1558057
-0.1588344
-0.1609744
-0.1617302
-0.1611941
-0.1598719
-0.1583619
-0.1572160
-0.1571047
-0.1583720
-0.1608603
-0.1643225
-0.1682110
-0.1715750
-0.1733928
-0.1730633
-0.1703337
-0.1652820
-0.1584356
-0.1505835
-0.1423050
-0.1340904
-0.1262862
-0.1189169
-0.1117745
-0.1045949
-0.0971855
-0.0894076
-0.0810308
-0.0717279
-0.0612817
-0.0500766
-0.0393719
-0.0307128
-0.0246018
-0.0205483
-0.0179434
-0.0165010
-0.0162370
-0.0170022
-0.0185123
-0.0204294
-0.0220789
-0.0228372
-0.0225634
-0.0211651
-0.0185453
-0.0148147
-0.0103576
-0.0055521
-0.0006111
0.0043877
0.0095890
0.0146663
0.0190749
0.0229678
0.0268769
0.0307471
0.0340524
0.0365540
0.0384484
0.0399843
0.0410238
0.0415309
0.0421293
0.0434142
0.0454195
0.0481931
0.0517837
0.0559968
0.0603970
0.0644437
0.0677069
0.0699617
0.0714308
0.0725860
0.0736204
0.0745305
0.0755625
0.0771097
0.0793249
0.0821602
0.0854580
0.0889412
0.0923238
0.0954594
0.0982123
0.1004911
0.1022336
0.1034864
0.1044827
0.1057535
0.1076756
0.1094514
0.1098360
0.1086766
0.1071402
0.1061897
0.1054877
0.1044004
0.1030172
0.1015796
0.0995867
0.0962626
0.0915853
0.0863705
0.0815231
0.0772402
0.0729711
0.0677813
0.0609472
0.0522635
0.0419395
0.0308153
0.0199764
0.0094932
-0.0014543
-0.0129091
-0.0238045
-0.0331512
-0.0406650
-0.0460991
-0.0490768
-0.0496038
-0.0481211
-0.0452143
-0.0417008
-0.0386114
-0.0368592
-0.0370082
-0.0391909
-0.0434331
-0.0492249
-0.0556237
-0.0617811
-0.0671916
-0.0716304
-0.0750841
-0.0776268
-0.0793239
-0.0804371
-0.0812531
-0.0821121
-0.0833428
-0.0852595
-0.0882008
-0.0925304
-0.0983675
-0.1054466
-0.1131191
-0.1207315
-0.1279852
-0.1346626
-0.1404911
-0.1453988
-0.1494087
-0.1524778
-0.1544922
-0.1554603
-0.1556381
-0.1553635
-0.1547378
-0.1538275
-0.1527524
-0.1517264
-0.1510357
-0.1507655
-0.1506297
-0.1498927
-0.1477325
-0.1437051
-0.1379484
-0.1311135
-0.1239082
-0.1167710
-0.1100080
-0.1041290
-0.0994247
-0.0957675
-0.0930349
-0.0912374
-0.0899060
-0.0882618
-0.0857836
-0.0823884
-0.0782989
-0.0737381
-0.0690434
-0.0645311
-0.0604120
-0.0569561
-0.0545212
-0.0533815
-0.0535138
-0.0546201
-0.0563913
-0.0585524
-0.0606741
-0.0624081
-0.0637465
-0.0649412
-0.0667116
-0.0696020
-0.0733420
-0.0771215
-0.0804012
-0.0832979
-0.0860230
-0.0883946
-0.0900960
-0.0913491
-0.0922411
-0.0923984
-0.0919231
-0.0912458
-0.0904028
-0.0891501
-0.0873622
-0.0850771
-0.0826027
-0.0803251
-0.0781835
-0.0758846
-0.0734274
-0.0707679
-0.0674660
-0.0632144
-0.0582940
-0.0531543
-0.0478174
-0.0417849
-0.0348901
-0.0278420
-0.0214129
-0.0156160
-0.0105096
-0.0062387
-0.0025670
0.0008981
0.0043671
0.0077934
0.0110639
0.0140688
0.0168682
0.0195932
0.0224078
0.0253957
0.0282914
0.0307749
0.0327836
0.0342731
0.0352531
0.0358997
0.0363399
0.0364839
0.0363006
0.0358898
0.0351963
0.0343267
0.0336591
0.0333205
0.0332486
0.0335948
0.0345810
0.0363127
0.0388626
0.0419049
0.0451346
0.0483889
0.0513732
0.0539460
0.0560384
0.0575185
0.0583448
0.0585682
0.0584485
0.0583494
0.0584036
0.0586748
0.0590979
0.0596424
0.0604592
0.0615804
0.0630753
0.0649766
0.0671226
0.0692879
0.0711489
0.0724743
0.0733720
0.0737868
0.0735819
0.0726995
0.0710022
0.0684183
0.0657017
0.0638232
0.0625866
0.0607412
0.0575623
0.0537013
0.0495878
0.0450250
0.0403366
0.0361592
0.0322914
0.0281427
0.0241064
0.0210487
0.0192681
0.0186378
0.0190333
0.0202395
0.0219186
0.0237656
0.0256722
0.0277762
0.0299054
0.0316133
0.0330528
0.0346011
0.0361879
0.0373215
0.0378373
0.0385384
0.0402555
0.0425089
0.0442336
0.0452536
0.0460896
0.0467371
0.0464790
0.0448251
0.0416997
0.0372363
0.0318708
0.0259762
0.0198906
0.0140577
0.0084955
0.0031280
-0.0018211
-0.0061891
-0.0097959
-0.0124123
-0.0142383
-0.0157022
-0.0171020
-0.0184558
-0.0196310
-0.0207090
-0.0218946
-0.0230979
-0.0242819
-0.0256081
-0.0270581
-0.0284720
-0.0294594
-0.0298460
-0.0297921
-0.0292361
-0.0279463
-0.0258742
-0.0230791
-0.0197344
-0.0160750
-0.0123078
-0.0085592
-0.0048090
-0.0009133
0.0032648
0.0078754
0.0129469
0.0183503
0.0237759
0.0289147
0.0336051
0.0376501
0.0409114
0.0434298
0.0449107
0.0450826
0.0440481
0.0422138
0.0402638
0.0388370
0.0381188
0.0379165
0.0382387
0.0392082
0.0406958
0.0423282
0.0435260
0.0437364
0.0425503
0.0396285
0.0350811
0.0292137
0.0223033
0.0146883
0.0066747
-0.0012696
-0.0085379
-0.0146539
-0.0190958
-0.0216009
-0.0222507
-0.0216525
-0.0207099
-0.0199842
-0.0193715
-0.0185704
-0.0178291
-0.0178242
-0.0187471
-0.0202796
-0.0220465
-0.0237474
-0.0251160
-0.0260408
-0.0267139
-0.0273124
-0.0279531
-0.0286627
-0.0294883
-0.0305506
-0.0318075
-0.0332425
-0.0346903
-0.0357776
-0.0363595
-0.0366010
-0.0367766
-0.0371066
-0.0377602
-0.0387863
-0.0401498
-0.0417404
-0.0435884
-0.0459037
-0.0487990
-0.0520857
-0.0554471
-0.0584557
-0.0607611
-0.0622996
-0.0630926
-0.0631982
-0.0626064
-0.0613891
-0.0596437
-0.0576762
-0.0558909
-0.0545454
-0.0539303
-0.0542202
-0.0549783
-0.0555851
-0.0554689
-0.0542791
-0.0520709
-0.0490203
-0.0454838
-0.0420132
-0.0392231
-0.0375243
-0.0367982
-0.0367159
-0.0370713
-0.0377632
-0.0386692
-0.0397268
-0.0411584
-0.0432432
-0.0459465
-0.0489225
-0.0518717
-0.0549704
-0.0585014
-0.0622987
-0.0659301
-0.0694018
-0.0730092
-0.0767689
-0.0804881
-0.0837997
-0.0864046
-0.0882146
-0.0892688
-0.0895571
-0.0890061
-0.0876658
-0.0859210
-0.0843311
-0.0831105
-0.0821318
-0.0811343
-0.0796948
-0.0774409
-0.0744057
-0.0708592
-0.0671552
-0.0633924
-0.0594279
-0.0551176
-0.0505549
-0.0458965
-0.0410016
-0.0359451
-0.0314530
-0.0281206
-0.0260581
-0.0252267
-0.0253959
-0.0259984
-0.0262178
-0.0254625
-0.0236198
-0.0209594
-0.0177134
-0.0142667
-0.0112594
-0.0089778
-0.0073441
-0.0059576
-0.0044102
-0.0027550
-0.0014642
-0.0008236
-0.0008531
-0.0016108
-0.0032113
-0.0054638
-0.0081103
-0.0110411
-0.0142822
-0.0178206
-0.0215230
-0.0253683
-0.0293975
-0.0335713
-0.0377623
-0.0418523
-0.0454333
-0.0482092
-0.0501798
-0.0515713
-0.0528890
-0.0548301
-0.0574464
-0.0600224
-0.0620347
-0.0633023
-0.0638551
-0.0638090
-0.0635186
-0.0633920
-0.0637453
-0.0646025
-0.0656081
-0.0666412
-0.0676731
-0.0685362
-0.0691356
-0.0698254
-0.0711217
-0.0730854
-0.0756229
-0.0787480
-0.0821959
-0.0853865
-0.0880099
-0.0899462
-0.0909479
-0.0906022
-0.0889136
-0.0864554
-0.0838536
-0.0816610
-0.0803280
-0.0802609
-0.0815716
-0.0840143
-0.0870862
-0.0900931
-0.0924156
-0.0937179
-0.0938626
-0.0927676
-0.0905836
-0.0877283
-0.0846715
-0.0818803
-0.0794837
-0.0773524
-0.0753044
-0.0730073
-0.0701128
-0.0663346
-0.0614713
-0.0553869
-0.0481675
-0.0402615
-0.0323223
-0.0249345
-0.0185135
-0.0132260
-0.0089735
-0.0055930
-0.0028292
-0.0003221
0.0022146
0.0050106
0.0083000
0.0122474
0.0170345
0.0225953
0.0285500
0.0345174
0.0401951
0.0454337
0.0502151
0.0546999
0.0590369
0.0635319
0.0683423
0.0734204
0.0788681
0.0847313
0.0908294
0.0969049
0.1026518
0.1078791
0.1124904
0.1162439
0.1188809
0.1204616
0.1213296
0.1217686
0.1218147
0.1214631
0.1208261
0.1198924
0.1186463
0.1170879
0.1152701
0.1133643
0.1113596
0.1093053
0.1072897
0.1053107
0.1034234
0.1015813
0.0997225
0.0980021
0.0965257
0.0952791
0.0943319
0.0942760
0.0957606
0.0980591
0.0993929
0.0986660
0.0966993
0.0947630
0.0927158
0.0899134
0.0865513
0.0834323
0.0807021
0.0778118
0.0743275
0.0701949
0.0654322
0.0599478
0.0540499
0.0484121
0.0432832
0.0386400
0.0347459
0.0318966
0.0302677
0.0301986
0.0318865
0.0350265
0.0389354
0.0430715
0.0472532
0.0512690
0.0544928
0.0560672
0.0555864
0.0532055
0.0492505
0.0442039
0.0385777
0.0330099
0.0282139
0.0243438
0.0211856
0.0187675
0.0171306
0.0161193
0.0156978
0.0159300
0.0169157
0.0186343
0.0211883
0.0249160
0.0297296
0.0350550
0.0400659
0.0441817
0.0472765
0.0496466
0.0515335
0.0530157
0.0542235
0.0551065
0.0554866
0.0553627
0.0547185
0.0534542
0.0514621
0.0489330
0.0463513
0.0440722
0.0423194
0.0413208
0.0411282
0.0414948
0.0419340
0.0422083
0.0423462
0.0423746
0.0424142
0.0425500
0.0426183
0.0424551
0.0420939
0.0415266
0.0408029
0.0400155
0.0391958
0.0384065
0.0377327
0.0373454
0.0374495
0.0379054
0.0383701
0.0385292
0.0381304
0.0369484
0.0349780
0.0325920
0.0301952
0.0279512
0.0260594
0.0248294
0.0242243
0.0238263
0.0232818
0.0222828
0.0207684
0.0190197
0.0173023
0.0158223
0.0147995
0.0143413
0.0143634
0.0147754
0.0155085
0.0162576
0.0168613
0.0173748
0.0177531
0.0178949
0.0178749
0.0177109
0.0173510
0.0167175
0.0158071
0.0147540
0.0137492
0.0129800
0.0123671
0.0115761
0.0105254
0.0096710
0.0095899
0.0101881
0.0110947
0.0124220
0.0149888
0.0193607
0.0247711
0.0302803
0.0359187
0.0419036
0.0475443
0.0520349
0.0555136
0.0584258
0.0608117
0.0627503
0.0642831
0.0650085
0.0645448
0.0633932
0.0625006
0.0622708
0.0625405
0.0631679
0.0640980
0.0651394
0.0660273
0.0666554
0.0669640
0.0667883
0.0657364
0.0636258
0.0606467
0.0570050
0.0528569
0.0481097
0.0426860
0.0368310
0.0311411
0.0261624
0.0220426
0.0187065
0.0159777
0.0136582
0.0114310
0.0093370
0.0073131
0.0051777
0.0031854
0.0016570
0.0007025
0.0003568
0.0006950
0.0016364
0.0030918
0.0048150
0.0061583
0.0064881
0.0054279
0.0028204
-0.0011551
-0.0062429
-0.0119637
-0.0176436
-0.0227372
-0.0267818
-0.0290740
-0.0289158
-0.0261072
-0.0208274
-0.0135857
-0.0053667
0.0027710
0.0099554
0.0155603
0.0193431
0.0213211
0.0216770
0.0207365
0.0188593
0.0165661
0.0146212
0.0135940
0.0135588
0.0142370
0.0154869
0.0172651
0.0196796
0.0227903
0.0263863
0.0299463
0.0330511
0.0357983
0.0384246
0.0408731
0.0428984
0.0445574
0.0459793
0.0470142
0.0475313
0.0477646
0.0478649
0.0475460
0.0466879
0.0455484
0.0444677
0.0433435
0.0418180
0.0399664
0.0384043
0.0377925
0.0381211
0.0389563
0.0401209
0.0414875
0.0426717
0.0432523
0.0428440
0.0411429
0.0381966
0.0338624
0.0283461
0.0223813
0.0166137
0.0114772
0.0072173
0.0035886
0.0001227
-0.0031478
-0.0054495
-0.0061517
-0.0056048
-0.0047297
-0.0038018
-0.0024292
-0.0005199
0.0013542
0.0027707
0.0040270
0.0052272
0.0059828
0.0061162
0.0057616
0.0050975
0.0043504
0.0037401
0.0034580
0.0035046
0.0040068
0.0054556
0.0082596
0.0124394
0.0177589
0.0239119
0.0304353
0.0367375
0.0423995
0.0472808
0.0513352
0.0544690
0.0568064
0.0586203
0.0601681
0.0617123
0.0635905
0.0662048
0.0699389
0.0742867
0.0781853
0.0814418
0.0849622
0.0890643
0.0926164
0.0944414
0.0948525
0.0948167
0.0944211
0.0929174
0.0897299
0.0850093
0.0796150
0.0745737
0.0705709
0.0679748
0.0672389
0.0687626
0.0724441
0.0773666
0.0823625
0.0865808
0.0893233
0.0899072
0.0879967
0.0835022
0.0764255
0.0672345
0.0568233
0.0459347
0.0351083
0.0245039
0.0141078
0.0039411
-0.0059147
-0.0153397
-0.0241968
-0.0321774
-0.0389744
-0.0445670
-0.0489439
-0.0520336
-0.0539432
-0.0548357
-0.0548116
-0.0542988
-0.0537936
-0.0535505
-0.0537241
-0.0541957
-0.0548171
-0.0555993
-0.0566901
-0.0582582
-0.0601276
-0.0620314
-0.0637346
-0.0648122
-0.0647119
-0.0631822
-0.0603225
-0.0564140
-0.0517021
-0.0462754
-0.0403557
-0.0343643
-0.0288393
-0.0240756
-0.0204223
-0.0182308
-0.0176169
-0.0184862
-0.0204826
-0.0231187
-0.0258333
-0.0280477
-0.0293637
-0.0297263
-0.0292046
-0.0278999
-0.0261370
-0.0243878
-0.0227814
-0.0212695
-0.0198013
-0.0185668
-0.0179616
-0.0181144
-0.0190054
-0.0204761
-0.0223677
-0.0249040
-0.0285243
-0.0333162
-0.0389897
-0.0453463
-0.0523021
-0.0595570
-0.0666450
-0.0732413
-0.0791387
-0.0842201
-0.0888100
-0.0933103
-0.0978230
-0.1022112
-0.1062191
-0.1096574
-0.1124586
-0.1146525
-0.1162935
-0.1173057
-0.1177124
-0.1177685
-0.1177776
-0.1179816
-0.1185503
-0.1197943
-0.1220307
-0.1250752
-0.1283956
-0.1316839
-0.1348951
-0.1377978
-0.1399893
-0.1414164
-0.1419395
-0.1409651
-0.1378625
-0.1322585
-0.1239460
-0.1129702
-0.0998531
-0.0853937
-0.0702267
-0.0545418
-0.0384533
-0.0224245
-0.0070343
0.0072483
0.0202060
0.0316087
0.0412810
0.0494904
0.0566775
0.0628641
0.0677987
0.0715515
0.0746136
0.0771837
0.0785917
0.0781671
0.0758472
0.0718755
0.0665057
0.0596960
0.0513986
0.0417789
0.0309882
0.0193530
0.0073561
-0.0043497
-0.0149939
-0.0241519
-0.0320378
-0.0389251
-0.0446716
-0.0494330
-0.0539642
-0.0586656
-0.0633770
-0.0678501
-0.0722214
-0.0768711
-0.0820264
-0.0876602
-0.0933885
-0.0988426
-0.1038618
-0.1082030
-0.1118241
-0.1146365
-0.1162569
-0.1165332
-0.1157598
-0.1140855
-0.1110328
-0.1061663
-0.1000108
-0.0934992
-0.0866604
-0.0791020
-0.0712743
-0.0639970
-0.0575403
-0.0516522
-0.0465604
-0.0427401
-0.0399308
-0.0376629
-0.0358791
-0.0347283
-0.0341975
-0.0343280
-0.0354485
-0.0377960
-0.0413516
-0.0461530
-0.0518480
-0.0575818
-0.0624698
-0.0662343
-0.0692483
-0.0717025
-0.0733700
-0.0742692
-0.0748514
-0.0756245
-0.0770467
-0.0792596
-0.0818428
-0.0844566
-0.0868769
-0.0886148
-0.0893384
-0.0891786
-0.0885229
-0.0874719
-0.0861035
-0.0847453
-0.0839785
-0.0843293
-0.0859928
-0.0887389
-0.0922946
-0.0964925
-0.1008744
-0.1048074
-0.1079083
-0.1101301
-0.1117121
-0.1128255
-0.1133639
-0.1131636
-0.1121824
-0.1103665
-0.1077321
-0.1043280
-0.1002680
-0.0955717
-0.0902314
-0.0840202
-0.0766427
-0.0681450
-0.0587249
-0.0486521
-0.0381773
-0.0276898
-0.0178579
-0.0089642
-0.0007931
0.0068309
0.0139162
0.0202716
0.0257399
0.0302129
0.0334231
0.0352435
0.0358317
0.0354753
0.0345369
0.0335650
0.0329555
0.0328781
0.0334133
0.0346690
0.0365779
0.0389407
0.0415422
0.0440825
0.0463537
0.0482124
0.0495342
0.0501817
0.0500697
0.0490268
0.0468567
0.0434774
0.0389042
0.0332736
0.0266007
0.0189282
0.0106683
0.0024427
-0.0051590
-0.0116309
-0.0166598
-0.0202638
-0.0225702
-0.0238636
-0.0245758
-0.0249323
-0.0250748
-0.0250812
-0.0249984
-0.0247644
-0.0242159
-0.0233498
-0.0222507
-0.0208888
-0.0191201
-0.0170272
-0.0149651
-0.0132402
-0.0120584
-0.0115178
-0.0118347
-0.0132681
-0.0159730
-0.0199065
-0.0247404
-0.0299654
-0.0352581
-0.0404536
-0.0451340
-0.0486625
-0.0509102
-0.0524830
-0.0538261
-0.0549256
-0.0559562
-0.0574570
-0.0597100
-0.0627620
-0.0665253
-0.0706911
-0.0747618
-0.0781241
-0.0802339
-0.0806751
-0.0790908
-0.0748815
-0.0670389
-0.0551252
-0.0400012
-0.0235758
-0.0078612
0.0059348
0.0170376
0.0249382
0.0298598
0.0327262
0.0343034
0.0348982
0.0349856
0.0351844
0.0358760
0.0369195
0.0376896
0.0376287
0.0365046
0.0344120
0.0316646
0.0287020
0.0259239
0.0236419
0.0220445
0.0213422
0.0216811
0.0230675
0.0254427
0.0287148
0.0327389
0.0374382
0.0426425
0.0481046
0.0535664
0.0589267
0.0641275
0.0689551
0.0732327
0.0770373
0.0806563
0.0841515
0.0873414
0.0899369
0.0916636
0.0923962
0.0923446
0.0917720
0.0907357
0.0892741
0.0878070
0.0867464
0.0863165
0.0868948
0.0887818
0.0919000
0.0960535
0.1011035
0.1068631
0.1129555
0.1190283
0.1248730
0.1305432
0.1363888
0.1423485
0.1473409
0.1503349
0.1518449
0.1532986
0.1550066
0.1561221
0.1564314
0.1562710
0.1553548
0.1530226
0.1495474
0.1457109
0.1415853
0.1366812
0.1313080
0.1264496
0.1225155
0.1190768
0.1155588
0.1118528
0.1079957
0.1037944
0.0989373
0.0931214
0.0864291
0.0793909
0.0724805
0.0655331
0.0583417
0.0510310
0.0436692
0.0362455
0.0286798
0.0207716
0.0123323
0.0035927
-0.0046903
-0.0119716
-0.0181466
-0.0230152
-0.0262565
-0.0278420
-0.0279535
-0.0268367
-0.0248011
-0.0221573
-0.0190773
-0.0157826
-0.0123896
-0.0089431
-0.0054300
-0.0017936
0.0020435
0.0061763
0.0107102
0.0155778
0.0205819
0.0256172
0.0305726
0.0353866
0.0399647
0.0439261
0.0468473
0.0485517
0.0492141
0.0487841
0.0472255
0.0448839
0.0420223
0.0387652
0.0352969
0.0316504
0.0279239
0.0244232
0.0212545
0.0181671
0.0148493
0.0109132
0.0061050
0.0006190
-0.0053228
-0.0117161
-0.0182268
-0.0242585
-0.0294611
-0.0335393
-0.0361727
-0.0372963
-0.0372020
-0.0359744
-0.0335437
-0.0302165
-0.0266631
-0.0234724
-0.0210051
-0.0193501
-0.0183149
-0.0176352
-0.0171403
-0.0168250
-0.0167572
-0.0168116
-0.0167637
-0.0167052
-0.0169036
-0.0173455
-0.0180157
-0.0191319
-0.0209902
-0.0234094
-0.0261216
-0.0291602
-0.0324278
-0.0357558
-0.0388987
-0.0415740
-0.0435432
-0.0445007
-0.0443368
-0.0428021
-0.0393104
-0.0335367
-0.0257857
-0.0167516
-0.0070167
0.0028282
0.0121172
0.0205245
0.0278466
0.0337773
0.0380113
0.0406421
0.0420316
0.0424875
0.0425125
0.0426798
0.0432909
0.0444791
0.0463016
0.0486608
0.0512781
0.0538151
0.0562382
0.0585488
0.0606024
0.0620454
0.0623978
0.0612359
0.0587358
0.0553361
0.0510631
0.0458075
0.0401161
0.0348561
0.0301317
0.0256223
0.0212545
0.0168380
0.0121175
0.0071911
0.0023601
-0.0024216
-0.0073533
-0.0120722
-0.0161378
-0.0194308
-0.0218558
-0.0232381
-0.0238270
-0.0242935
-0.0250427
-0.0259484
-0.0268100
-0.0278901
-0.0295734
-0.0319445
-0.0347485
-0.0375899
-0.0399295
-0.0411721
-0.0411334
-0.0400032
-0.0381116
-0.0358272
-0.0336178
-0.0318822
-0.0307723
-0.0304525
-0.0310465
-0.0324914
-0.0345880
-0.0370563
-0.0396884
-0.0422264
-0.0442586
-0.0456588
-0.0467264
-0.0478153
-0.0492602
-0.0512927
-0.0538059
-0.0566782
-0.0599208
-0.0633817
-0.0669224
-0.0705122
-0.0738648
-0.0764152
-0.0775685
-0.0767164
-0.0732589
-0.0668187
-0.0574552
-0.0456522
-0.0322180
-0.0180009
-0.0041101
0.0083271
0.0188448
0.0269855
0.0319861
0.0335792
0.0324391
0.0298221
0.0267078
0.0240104
0.0228254
0.0236896
0.0262689
0.0301345
0.0349150
0.0398420
0.0439164
0.0467088
0.0480653
0.0478483
0.0461802
0.0435598
0.0406796
0.0380469
0.0358302
0.0342553
0.0336720
0.0340063
0.0349733
0.0365237
0.0384858
0.0403797
0.0420352
0.0436035
0.0450607
0.0461995
0.0467182
0.0461949
0.0442997
0.0409465
0.0360801
0.0296185
0.0213870
0.0113722
0.0001206
-0.0113312
-0.0220247
-0.0314467
-0.0391858
-0.0446655
-0.0473122
-0.0469124
-0.0436900
-0.0380331
-0.0303844
-0.0213179
-0.0114362
-0.0013822
0.0081973
0.0169512
0.0246384
0.0308828
0.0354197
0.0381828
0.0391982
0.0386717
0.0371137
0.0349632
0.0324733
0.0297939
0.0269741
0.0242149
0.0217616
0.0195134
0.0169533
0.0138719
0.0105191
0.0071320
0.0036835
0.0002231
-0.0028900
-0.0051893
-0.0064415
-0.0063918
-0.0048049
-0.0017207
0.0026571
0.0078504
0.0133110
0.0186125
0.0232882
0.0270740
0.0298616
0.0315033
0.0321310
0.0321096
0.0315300
0.0305599
0.0296339
0.0290920
0.0293056
0.0305232
0.0328282
0.0362790
0.0406369
0.0453562
0.0498753
0.0536209
0.0561317
0.0574663
0.0580529
0.0580719
0.0573364
0.0555679
0.0531133
0.0506288
0.0482468
0.0455818
0.0424219
0.0386983
0.0342859
0.0292241
0.0236412
0.0177436
0.0117404
0.0059767
0.0007440
-0.0039057
-0.0075930
-0.0099599
-0.0111883
-0.0117882
-0.0120908
-0.0120057
-0.0115063
-0.0108785
-0.0106272
-0.0108041
-0.0106940
-0.0095371
-0.0074561
-0.0049628
-0.0022059
0.0009778
0.0043734
0.0075065
0.0100251
0.0115080
0.0116409
0.0105618
0.0085178
0.0056768
0.0023494
-0.0010509
-0.0042268
-0.0070873
-0.0095374
-0.0115012
-0.0129660
-0.0139135
-0.0143402
-0.0140781
-0.0130276
-0.0114816
-0.0098782
-0.0083990
-0.0070669
-0.0058399
-0.0045582
-0.0031805
-0.0016987
0.0000280
0.0021474
0.0044414
0.0065383
0.0081729
0.0089280
0.0085452
0.0069384
0.0043321
0.0011353
-0.0021822
-0.0051077
-0.0073350
-0.0086378
-0.0089629
-0.0085651
-0.0079151
-0.0075244
-0.0077567
-0.0087678
-0.0106805
-0.0133482
-0.0162359
-0.0186876
-0.0203199
-0.0211474
-0.0212535
-0.0204673
-0.0184830
-0.0153786
-0.0118143
-0.0087070
-0.0063007
-0.0039102
-0.0015671
-0.0002457
-0.0001771
-0.0002851
0.0000931
0.0003555
-0.0002272
-0.0016498
-0.0037475
-0.0064217
-0.0093876
-0.0122721
-0.0151073
-0.0182139
-0.0216442
-0.0251297
-0.0285467
-0.0318601
-0.0347140
-0.0367218
-0.0377305
-0.0376324
-0.0363472
-0.0340019
-0.0310646
-0.0280304
-0.0254399
-0.0238071
-0.0232399
-0.0235461
-0.0244205
-0.0258584
-0.0278699
-0.0299794
-0.0315066
-0.0324954
-0.0333724
-0.0339630
-0.0337423
-0.0325690
-0.0310557
-0.0297118
-0.0286874
-0.0283097
-0.0288023
-0.0300202
-0.0318946
-0.0345465
-0.0379104
-0.0416318
-0.0452708
-0.0486176
-0.0515767
-0.0540184
-0.0559891
-0.0573898
-0.0578610
-0.0572062
-0.0556844
-0.0538921
-0.0521431
-0.0504983
-0.0489976
-0.0474632
-0.0457295
-0.0436553
-0.0411105
-0.0381731
-0.0352051
-0.0326593
-0.0308071
-0.0298861
-0.0300843
-0.0312799
-0.0329268
-0.0343475
-0.0351794
-0.0352125
-0.0341370
-0.0318763
-0.0287081
-0.0251505
-0.0219630
-0.0198664
-0.0191502
-0.0196711
-0.0212678
-0.0239892
-0.0277245
-0.0321075
-0.0366870
-0.0409218
-0.0443508
-0.0468914
-0.0485345
-0.0490697
-0.0483283
-0.0462227
-0.0428765
-0.0385939
-0.0338201
-0.0291072
-0.0251690
-0.0225273
-0.0213360
-0.0214827
-0.0227758
-0.0249981
-0.0280649
-0.0318526
-0.0358445
-0.0394645
-0.0425881
-0.0451596
-0.0468335
-0.0474934
-0.0472576
-0.0462017
-0.0442473
-0.0413955
-0.0379482
-0.0341240
-0.0298744
-0.0251155
-0.0200533
-0.0150793
-0.0104242
-0.0059493
-0.0015696
0.0021582
0.0043927
0.0049465
0.0042982
0.0028251
0.0007523
-0.0016458
-0.0040601
-0.0061907
-0.0079715
-0.0094061
-0.0103332
-0.0106473
-0.0106104
-0.0106772
-0.0110619
-0.0118756
-0.0131120
-0.0147133
-0.0167616
-0.0192168
-0.0220166
-0.0252116
-0.0288551
-0.0329136
-0.0372849
-0.0419155
-0.0467221
-0.0514726
-0.0559044
-0.0598415
-0.0630601
-0.0653167
-0.0663118
-0.0659670
-0.0643347
-0.0614827
-0.0576185
-0.0532298
-0.0489705
-0.0448340
-0.0407201
-0.0368890
-0.0337529
-0.0316147
-0.0305025
-0.0303395
-0.0309926
-0.0323352
-0.0341150
-0.0360960
-0.0383364
-0.0408474
-0.0431893
-0.0446965
-0.0451003
-0.0444064
-0.0427695
-0.0401657
-0.0364360
-0.0316143
-0.0262415
-0.0211539
-0.0168360
-0.0133632
-0.0110935
-0.0102358
-0.0104837
-0.0113267
-0.0123948
-0.0136130
-0.0151443
-0.0170802
-0.0195224
-0.0225706
-0.0262523
-0.0305253
-0.0352829
-0.0403310
-0.0454650
-0.0501742
-0.0541148
-0.0572646
-0.0596100
-0.0611310
-0.0617661
-0.0617141
-0.0612992
-0.0606695
-0.0600503
-0.0598096
-0.0601730
-0.0611790
-0.0627899
-0.0651201
-0.0679582
-0.0707543
-0.0730117
-0.0744804
-0.0748930
-0.0741021
-0.0722663
-0.0695795
-0.0663319
-0.0628240
-0.0594555
-0.0564483
-0.0538205
-0.0516612
-0.0500508
-0.0487969
-0.0475938
-0.0462900
-0.0449762
-0.0436597
-0.0423407
-0.0410457
-0.0394612
-0.0373314
-0.0346905
-0.0316782
-0.0283340
-0.0245277
-0.0201929
-0.0155668
-0.0108965
-0.0062812
-0.0016076
0.0032607
0.0081242
0.0129773
0.0179845
0.0229551
0.0272702
0.0303503
0.0319855
0.0320647
0.0304714
0.0274050
0.0233220
0.0187752
0.0141539
0.0097978
0.0061362
0.0035345
0.0020231
0.0012923
0.0008713
0.0003355
-0.0007212
-0.0025871
-0.0053513
-0.0087927
-0.0127140
-0.0169990
-0.0213474
-0.0253449
-0.0285675
-0.0307298
-0.0315868
-0.0309568
-0.0290569
-0.0262200
-0.0226968
-0.0187583
-0.0146393
-0.0104505
-0.0064024
-0.0028098
0.0003108
0.0031456
0.0058325
0.0085802
0.0115126
0.0147221
0.0183116
0.0221582
0.0262015
0.0302782
0.0341134
0.0378589
0.0416640
0.0452521
0.0485079
0.0513630
0.0534897
0.0545730
0.0547104
0.0541187
0.0529191
0.0513000
0.0496029
0.0484026
0.0479958
0.0483131
0.0491173
0.0500656
0.0507009
0.0505069
0.0488117
0.0451759
0.0396679
0.0325421
0.0243620
0.0160711
0.0085229
0.0023744
-0.0019160
-0.0043085
-0.0048304
-0.0034230
-0.0001899
0.0044107
0.0097895
0.0154416
0.0211867
0.0271566
0.0330219
0.0382877
0.0427828
0.0465692
0.0498025
0.0525817
0.0548619
0.0567492
0.0585773
0.0607936
0.0634541
0.0663343
0.0692321
0.0719632
0.0744835
0.0770087
0.0797497
0.0824117
0.0844746
0.0858842
0.0866439
0.0864827
0.0852095
0.0830794
0.0807456
0.0786021
0.0767541
0.0755343
0.0753122
0.0760720
0.0773613
0.0787798
0.0802105
0.0817003
0.0830573
0.0833229
0.0818045
0.0791190
0.0764155
0.0739398
0.0714568
0.0690904
0.0671012
0.0652230
0.0627446
0.0594937
0.0557000
0.0513307
0.0464826
0.0415867
0.0370861
0.0333006
0.0304576
0.0286557
0.0277592
0.0276761
0.0283665
0.0294877
0.0307097
0.0316462
0.0323427
0.0329229
0.0331818
0.0333468
0.0339196
0.0348512
0.0359606
0.0373103
0.0389698
0.0409095
0.0428792
0.0446823
0.0463257
0.0478268
0.0490596
0.0498875
0.0503503
0.0504189
0.0501876
0.0498969
0.0497298
0.0496199
0.0493164
0.0486097
0.0474649
0.0459740
0.0439485
0.0411962
0.0377730
0.0338196
0.0296066
0.0255684
0.0219350
0.0187207
0.0160307
0.0140436
0.0127432
0.0118217
0.0110283
0.0101713
0.0090388
0.0076069
0.0059134
0.0041201
0.0024352
0.0009301
-0.0003365
-0.0014182
-0.0023914
-0.0032585
-0.0039464
-0.0043618
-0.0045552
-0.0045037
-0.0040443
-0.0032729
-0.0025681
-0.0022659
-0.0023514
-0.0028797
-0.0038859
-0.0052226
-0.0067213
-0.0080783
-0.0088391
-0.0088175
-0.0080584
-0.0065440
-0.0042817
-0.0015539
0.0010378
0.0031674
0.0048267
0.0057972
0.0057730
0.0047351
0.0027418
-0.0000027
-0.0030546
-0.0059253
-0.0082831
-0.0101410
-0.0115676
-0.0126186
-0.0131735
-0.0132515
-0.0131868
-0.0131625
-0.0130762
-0.0128285
-0.0120864
-0.0106146
-0.0084440
-0.0054825
-0.0016245
0.0030372
0.0082309
0.0138245
0.0197573
0.0258615
0.0317153
0.0368359
0.0410673
0.0446037
0.0476616
0.0503132
0.0526983
0.0549766
0.0572841
0.0596464
0.0619963
0.0644217
0.0669177
0.0693223
0.0715144
0.0734074
0.0748321
0.0755079
0.0751286
0.0737014
0.0714498
0.0685676
0.0654219
0.0624399
0.0599571
0.0583591
0.0577788
0.0579627
0.0584661
0.0587137
0.0581182
0.0562378
0.0530435
0.0489761
0.0438727
0.0366381
0.0269042
0.0160570
0.0058111
-0.0036918
-0.0130826
-0.0218040
-0.0284490
-0.0326885
-0.0352168
-0.0361991
-0.0354148
-0.0333317
-0.0308042
-0.0282045
-0.0257451
-0.0239529
-0.0232557
-0.0234992
-0.0244348
-0.0259574
-0.0279755
-0.0301335
-0.0320937
-0.0335551
-0.0341347
-0.0337746
-0.0329469
-0.0321180
-0.0314509
-0.0313270
-0.0323369
-0.0347339
-0.0382776
-0.0426440
-0.0476424
-0.0528830
-0.0580283
-0.0628699
-0.0670899
-0.0702565
-0.0721160
-0.0727558
-0.0721467
-0.0702159
-0.0669905
-0.0627066
-0.0576646
-0.0520171
-0.0459129
-0.0393881
-0.0325821
-0.0262659
-0.0215467
-0.0185654
-0.0165090
-0.0147426
-0.0133350
-0.0123662
-0.0114043
-0.0102562
-0.0089606
-0.0074141
-0.0056325
-0.0039614
-0.0026959
-0.0018387
-0.0013484
-0.0013845
-0.0018253
-0.0025619
-0.0036418
-0.0047386
-0.0051396
-0.0044726
-0.0028654
-0.0004871
0.0026465
0.0063878
0.0104201
0.0146808
0.0192796
0.0239934
0.0285279
0.0329318
0.0374495
0.0417791
0.0451197
0.0471333
0.0480106
0.0481543
0.0478588
0.0472144
0.0462466
0.0448529
0.0431002
0.0414271
0.0400795
0.0389862
0.0383390
0.0385816
0.0398610
0.0422194
0.0457965
0.0505396
0.0562160
0.0625305
0.0691841
0.0757220
0.0817744
0.0871776
0.0917819
0.0954308
0.0981885
0.1001807
0.1014263
0.1018751
0.1014133
0.1000440
0.0980157
0.0959961
0.0944245
0.0923777
0.0886310
0.0838369
0.0797033
0.0768197
0.0746376
0.0730267
0.0724672
0.0729026
0.0736680
0.0744838
0.0755569
0.0768655
0.0781837
0.0795027
0.0809542
0.0823056
0.0831033
0.0832483
0.0830015
0.0824760
0.0809472
0.0775154
0.0724007
0.0667441
0.0610569
0.0553468
0.0499826
0.0456471
0.0427102
0.0409431
0.0402766
0.0407035
0.0418343
0.0432984
0.0448794
0.0460819
0.0463241
0.0454841
0.0436361
0.0406390
0.0363878
0.0308905
0.0243199
0.0169420
0.0091121
0.0012098
-0.0065325
-0.0138890
-0.0205554
-0.0263302
-0.0311812
-0.0351582
-0.0385967
-0.0418494
-0.0450094
-0.0482464
-0.0517551
-0.0554548
-0.0592096
-0.0629355
-0.0664505
-0.0695775
-0.0723481
-0.0747329
-0.0766019
-0.0781706
-0.0797847
-0.0816458
-0.0838505
-0.0862999
-0.0889903
-0.0918841
-0.0946066
-0.0968477
-0.0985074
-0.0991760
-0.0982690
-0.0957259
-0.0918208
-0.0868587
-0.0811135
-0.0751238
-0.0694987
-0.0648478
-0.0617901
-0.0606860
-0.0615226
-0.0640382
-0.0677305
-0.0719487
-0.0760804
-0.0798021
-0.0830693
-0.0857869
-0.0877106
-0.0885252
-0.0881149
-0.0868561
-0.0853900
-0.0843192
-0.0838814
-0.0837431
-0.0834512
-0.0830642
-0.0827858
-0.0824604
-0.0817988
-0.0807324
-0.0791506
-0.0772759
-0.0754793
-0.0740016
-0.0729414
-0.0721448
-0.0711690
-0.0696241
-0.0673172
-0.0641061
-0.0599912
-0.0550221
-0.0492147
-0.0427753
-0.0360762
-0.0295150
-0.0234961
-0.0183430
-0.0142988
-0.0115063
-0.0099951
-0.0097268
-0.0103827
-0.0113602
-0.0122654
-0.0130310
-0.0137772
-0.0146983
-0.0156485
-0.0159876
-0.0154502
-0.0144565
-0.0134784
-0.0125726
-0.0116604
-0.0107587
-0.0101387
-0.0101085
-0.0109056
-0.0125704
-0.0149764
-0.0179663
-0.0211190
-0.0237877
-0.0256527
-0.0267913
-0.0272369
-0.0267838
-0.0256373
-0.0245047
-0.0238142
-0.0233155
-0.0226066
-0.0215382
-0.0201403
-0.0180622
-0.0147816
-0.0102778
-0.0050483
0.0003642
0.0057192
0.0107656
0.0152278
0.0192431
0.0230177
0.0263996
0.0293722
0.0321484
0.0347671
0.0372965
0.0398784
0.0423275
0.0444106
0.0461179
0.0473401
0.0477984
0.0474802
0.0465417
0.0452122
0.0438098
0.0424587
0.0412295
0.0398969
0.0381165
0.0356406
0.0318530
0.0262760
0.0190678
0.0106896
0.0016242
-0.0076179
-0.0164612
-0.0244228
-0.0312694
-0.0369817
-0.0414219
-0.0442718
-0.0455120
-0.0454425
-0.0444085
-0.0427217
-0.0409504
-0.0395158
-0.0387458
-0.0387751
-0.0393932
-0.0401688
-0.0404994
-0.0397592
-0.0374670
-0.0332685
-0.0270430
-0.0190189
-0.0097202
0.0000219
0.0093819
0.0180389
0.0260302
0.0333440
0.0395787
0.0440673
0.0464374
0.0471881
0.0471983
0.0470324
0.0468640
0.0465653
0.0459418
0.0448563
0.0432084
0.0406558
0.0367443
0.0313740
0.0248588
0.0178499
0.0109917
0.0046434
-0.0009500
-0.0056376
-0.0093163
-0.0120538
-0.0142201
-0.0162382
-0.0184071
-0.0207006
-0.0229836
-0.0251521
-0.0270487
-0.0284928
-0.0291429
-0.0285559
-0.0264068
-0.0226326
-0.0174065
-0.0108356
-0.0035336
0.0034383
0.0092936
0.0135527
0.0159126
0.0165808
0.0161151
0.0151238
0.0142023
0.0138765
0.0146127
0.0165740
0.0195259
0.0229655
0.0264198
0.0298099
0.0333237
0.0370213
0.0406977
0.0440878
0.0470171
0.0494855
0.0517098
0.0537849
0.0557691
0.0577291
0.0595222
0.0609757
0.0620128
0.0624017
0.0618435
0.0602829
0.0575408
0.0535224
0.0484965
0.0428707
0.0368672
0.0306870
0.0247906
0.0197776
0.0159792
0.0135346
0.0129721
0.0148157
0.0185977
0.0230714
0.0274949
0.0318813
0.0361030
0.0394930
0.0415774
0.0426074
0.0429957
0.0428948
0.0423145
0.0414240
0.0404208
0.0395037
0.0387890
0.0380461
0.0369900
0.0357263
0.0344854
0.0334526
0.0327605
0.0326436
0.0332648
0.0345881
0.0363139
0.0381557
0.0401232
0.0423995
0.0449756
0.0471397
0.0480185
0.0476448
0.0468127
0.0457841
0.0439781
0.0410919
0.0377229
0.0345575
0.0316306
0.0286588
0.0258245
0.0234298
0.0215188
0.0198637
0.0183869
0.0171045
0.0157121
0.0138934
0.0117759
0.0097430
0.0079266
0.0062522
0.0047127
0.0032772
0.0018066
0.0000966
-0.0019662
-0.0043267
-0.0066698
-0.0088003
-0.0107125
-0.0122120
-0.0130822
-0.0133749
-0.0132077
-0.0127370
-0.0121837
-0.0115721
-0.0110985
-0.0110857
-0.0116564
-0.0127670
-0.0143697
-0.0163836
-0.0185824
-0.0207540
-0.0227541
-0.0243959
-0.0256292
-0.0265423
-0.0272203
-0.0276082
-0.0275966
-0.0272313
-0.0265879
-0.0255879
-0.0240243
-0.0217428
-0.0188363
-0.0154794
-0.0120535
-0.0087830
-0.0058583
-0.0035975
-0.0021890
-0.0016731
-0.0020543
-0.0034180
-0.0057573
-0.0088706
-0.0125194
-0.0165757
-0.0208566
-0.0252076
-0.0295419
-0.0339035
-0.0382100
-0.0422071
-0.0458003
-0.0490592
-0.0519008
-0.0541884
-0.0559563
-0.0573596
-0.0581195
-0.0581422
-0.0579056
-0.0576581
-0.0573864
-0.0570415
-0.0566210
-0.0562283
-0.0561049
-0.0562855
-0.0565559
-0.0566489
-0.0565455
-0.0563145
-0.0558052
-0.0545907
-0.0523740
-0.0491410
-0.0448813
-0.0395995
-0.0334139
-0.0268139
-0.0202770
-0.0140727
-0.0085172
-0.0040465
-0.0008866
0.0010686
0.0019653
0.0020321
0.0014518
0.0003643
-0.0012659
-0.0034541
-0.0060830
-0.0090419
-0.0122252
-0.0155054
-0.0187896
-0.0218955
-0.0245624
-0.0264483
-0.0274642
-0.0276829
-0.0272101
-0.0261747
-0.0246602
-0.0230061
-0.0216965
-0.0210565
-0.0212548
-0.0223491
-0.0242772
-0.0266643
-0.0288681
-0.0304587
-0.0312224
-0.0312838
-0.0308570
-0.0298359
-0.0283113
-0.0266939
-0.0252908
-0.0242446
-0.0234745
-0.0227372
-0.0220448
-0.0215257
-0.0210167
-0.0201744
-0.0188567
-0.0172053
-0.0156340
-0.0145682
-0.0141780
-0.0142154
-0.0144915
-0.0152921
-0.0169686
-0.0192357
-0.0213759
-0.0233135
-0.0255531
-0.0278920
-0.0295042
-0.0304495
-0.0312611
-0.0318715
-0.0320404
-0.0318312
-0.0314537
-0.0309492
-0.0302696
-0.0292260
-0.0275183
-0.0253298
-0.0231769
-0.0213165
-0.0198378
-0.0191529
-0.0196737
-0.0214289
-0.0244241
-0.0286359
-0.0337892
-0.0393281
-0.0446047
-0.0490106
-0.0522782
-0.0543769
-0.0552301
-0.0547396
-0.0529954
-0.0504509
-0.0476245
-0.0447479
-0.0420839
-0.0400761
-0.0387211
-0.0378181
-0.0373878
-0.0375999
-0.0384098
-0.0395465
-0.0407867
-0.0421281
-0.0433818
-0.0441325
-0.0443157
-0.0443603
-0.0443592
-0.0435462
-0.0409395
-0.0367245
-0.0319497
-0.0274794
-0.0239416
-0.0216350
-0.0208833
-0.0217197
-0.0240569
-0.0277625
-0.0322378
-0.0365935
-0.0403503
-0.0437906
-0.0470599
-0.0499298
-0.0523875
-0.0545717
-0.0563784
-0.0574860
-0.0577685
-0.0574786
-0.0569365
-0.0562433
-0.0554292
-0.0548593
-0.0547979
-0.0550057
-0.0553158
-0.0558208
-0.0565443
-0.0572680
-0.0577723
-0.0579231
-0.0576653
-0.0569933
-0.0558019
-0.0538215
-0.0509868
-0.0473655
-0.0429831
-0.0379009
-0.0322751
-0.0263016
-0.0200799
-0.0136144
-0.0069953
-0.0004199
0.0059298
0.0119770
0.0176500
0.0227137
0.0266279
0.0290916
0.0301897
0.0301157
0.0290902
0.0274511
0.0257093
0.0242472
0.0233849
0.0232590
0.0239152
0.0253467
0.0273592
0.0295492
0.0314640
0.0330568
0.0344989
0.0354285
0.0352514
0.0338761
0.0315756
0.0285440
0.0251442
0.0215929
0.0177352
0.0136056
0.0097124
0.0066322
0.0044337
0.0027454
0.0014845
0.0008996
0.0010153
0.0017398
0.0032242
0.0055581
0.0087054
0.0125289
0.0170329
0.0222978
0.0281763
0.0343581
0.0405308
0.0464679
0.0517772
0.0563365
0.0603314
0.0638485
0.0668612
0.0694350
0.0717385
0.0738842
0.0758046
0.0774862
0.0790257
0.0803049
0.0811565
0.0816827
0.0820644
0.0824557
0.0831441
0.0843144
0.0859589
0.0879126
0.0899267
0.0915624
0.0920810
0.0906740
0.0866603
0.0798258
0.0705088
0.0595096
0.0481821
0.0377112
0.0280503
0.0187480
0.0104368
0.0045166
0.0014013
0.0003817
0.0008294
0.0024965
0.0046936
0.0065385
0.0076051
0.0079199
0.0074419
0.0061636
0.0043132
0.0022844
0.0003618
-0.0015730
-0.0036653
-0.0060543
-0.0088259
-0.0118405
-0.0149237
-0.0179135
-0.0205005
-0.0223044
-0.0230716
-0.0226554
-0.0212224
-0.0191496
-0.0168065
-0.0144093
-0.0122686
-0.0109034
-0.0105087
-0.0110647
-0.0125534
-0.0146943
-0.0171030
-0.0193660
-0.0210717
-0.0218389
-0.0213204
-0.0193809
-0.0162545
-0.0122184
-0.0076298
-0.0031410
0.0008408
0.0041715
0.0067445
0.0086376
0.0099321
0.0108007
0.0114573
0.0121615
0.0131758
0.0147523
0.0170446
0.0199215
0.0231936
0.0267130
0.0302772
0.0338646
0.0374966
0.0409999
0.0442101
0.0471691
0.0498065
0.0519495
0.0535831
0.0548726
0.0558625
0.0564550
0.0565790
0.0563770
0.0561552
0.0559923
0.0556938
0.0551055
0.0542407
0.0530760
0.0513619
0.0491903
0.0467223
0.0441313
0.0417693
0.0397511
0.0380487
0.0368838
0.0364378
0.0367550
0.0377482
0.0393315
0.0412373
0.0431903
0.0449365
0.0462049
0.0466093
0.0459056
0.0441258
0.0412815
0.0373261
0.0325073
0.0272183
0.0217553
0.0164494
0.0117490
0.0083576
0.0064164
0.0050602
0.0037294
0.0029249
0.0030574
0.0037051
0.0042088
0.0043643
0.0042010
0.0036117
0.0022576
-0.0000326
-0.0031037
-0.0068208
-0.0109919
-0.0155193
-0.0203092
-0.0250923
-0.0297856
-0.0340761
-0.0377606
-0.0409718
-0.0437845
-0.0461695
-0.0480659
-0.0494771
-0.0504155
-0.0508410
-0.0507511
-0.0500174
-0.0485442
-0.0464260
-0.0436058
-0.0403051
-0.0369722
-0.0340649
-0.0321041
-0.0311723
-0.0314100
-0.0328839
-0.0352152
-0.0379801
-0.0406598
-0.0425135
-0.0430698
-0.0422489
-0.0401853
-0.0369751
-0.0329469
-0.0286122
-0.0244539
-0.0210445
-0.0187146
-0.0175328
-0.0174721
-0.0182996
-0.0198180
-0.0220179
-0.0246156
-0.0269217
-0.0283071
-0.0283997
-0.0269812
-0.0240525
-0.0197553
-0.0145400
-0.0089893
-0.0036077
0.0011049
0.0046611
0.0067090
0.0074174
0.0070542
0.0056668
0.0035129
0.0010139
-0.0015299
-0.0040214
-0.0064034
-0.0083831
-0.0100601
-0.0120009
-0.0143523
-0.0169975
-0.0197894
-0.0224492
-0.0248339
-0.0267024
-0.0278037
-0.0279996
-0.0271190
-0.0253037
-0.0230977
-0.0209386
-0.0187522
-0.0165585
-0.0149452
-0.0141016
-0.0136960
-0.0135828
-0.0138280
-0.0142103
-0.0143310
-0.0141630
-0.0137793
-0.0129268
-0.0113516
-0.0091556
-0.0065289
-0.0037227
-0.0008836
0.0018072
0.0040535
0.0055235
0.0060241
0.0058154
0.0055344
0.0053038
0.0045517
0.0031468
0.0015880
0.0003094
-0.0011688
-0.0037193
-0.0073540
-0.0112122
-0.0150982
-0.0193072
-0.0235002
-0.0269348
-0.0293771
-0.0308057
-0.0308664
-0.0292495
-0.0261630
-0.0219530
-0.0165380
-0.0101087
-0.0033061
0.0035209
0.0101830
0.0164408
0.0220954
0.0270491
0.0312905
0.0348781
0.0377079
0.0396095
0.0405200
0.0405834
0.0397202
0.0379432
0.0357992
0.0337329
0.0319615
0.0306094
0.0298517
0.0298128
0.0302814
0.0310409
0.0319250
0.0327326
0.0331510
0.0330937
0.0329105
0.0326495
0.0320174
0.0310119
0.0297715
0.0283791
0.0269361
0.0256424
0.0247594
0.0243082
0.0242592
0.0246297
0.0253537
0.0263978
0.0277514
0.0291484
0.0303797
0.0316061
0.0328996
0.0340649
0.0349800
0.0357707
0.0363264
0.0362327
0.0353814
0.0340371
0.0324729
0.0306576
0.0287782
0.0274862
0.0270979
0.0274352
0.0283552
0.0300973
0.0328317
0.0362051
0.0395089
0.0422947
0.0444515
0.0455556
0.0452467
0.0434931
0.0404935
0.0365784
0.0322442
0.0283435
0.0255979
0.0238548
0.0224164
0.0211392
0.0206238
0.0214866
0.0234119
0.0257149
0.0283051
0.0312425
0.0343568
0.0375597
0.0409182
0.0444362
0.0480987
0.0517895
0.0554535
0.0588624
0.0615385
0.0632773
0.0639723
0.0635731
0.0621895
0.0601757
0.0580467
0.0561832
0.0546110
0.0533504
0.0527961
0.0534224
0.0550374
0.0568964
0.0583059
0.0589913
0.0591889
0.0591540
0.0587926
0.0579925
0.0570619
0.0562000
0.0551409
0.0535842
0.0515523
0.0493181
0.0469060
0.0444183
0.0419742
0.0394910
0.0367388
0.0339130
0.0314289
0.0293425
0.0273997
0.0254979
0.0238543
0.0224468
0.0210710
0.0198608
0.0189822
0.0183907
0.0181423
0.0182490
0.0186716
0.0193626
0.0201054
0.0206995
0.0212255
0.0217889
0.0223348
0.0227034
0.0227976
0.0228752
0.0230053
0.0230638
0.0231074
0.0231633
0.0230618
0.0226277
0.0219808
0.0211756
0.0199492
0.0182514
0.0163376
0.0143749
0.0123524
0.0104053
0.0087954
0.0075126
0.0064219
0.0057500
0.0058867
0.0068846
0.0085680
0.0106400
0.0125549
0.0140586
0.0151838
0.0157940
0.0157524
0.0149747
0.0135365
0.0117551
0.0099158
0.0079955
0.0059523
0.0039739
0.0021779
0.0004075
-0.0014143
-0.0032498
-0.0051291
-0.0070022
-0.0087481
-0.0103906
-0.0120190
-0.0136227
-0.0152183
-0.0169368
-0.0187825
-0.0206993
-0.0226572
-0.0244344
-0.0257404
-0.0264064
-0.0264208
-0.0259614
-0.0251937
-0.0241958
-0.0230729
-0.0220675
-0.0215004
-0.0215035
-0.0221300
-0.0234039
-0.0253382
-0.0277953
-0.0304580
-0.0330665
-0.0354885
-0.0374934
-0.0390354
-0.0402690
-0.0412244
-0.0419222
-0.0426925
-0.0438266
-0.0453649
-0.0472759
-0.0495885
-0.0523619
-0.0555214
-0.0589634
-0.0624853
-0.0659382
-0.0691287
-0.0718515
-0.0737956
-0.0745577
-0.0740986
-0.0726023
-0.0701394
-0.0668054
-0.0628993
-0.0587303
-0.0545375
-0.0505623
-0.0470794
-0.0441936
-0.0420009
-0.0407304
-0.0405441
-0.0413560
-0.0427693
-0.0445108
-0.0464026
-0.0482487
-0.0498856
-0.0512903
-0.0525805
-0.0538235
-0.0550204
-0.0565216
-0.0585820
-0.0606007
-0.0618938
-0.0625379
-0.0629579
-0.0632771
-0.0633057
-0.0630075
-0.0623234
-0.0611664
-0.0596382
-0.0580474
-0.0566944
-0.0557013
-0.0551945
-0.0554290
-0.0567379
-0.0593398
-0.0629095
-0.0668898
-0.0709593
-0.0747527
-0.0779777
-0.0805921
-0.0826092
-0.0841080
-0.0850419
-0.0854587
-0.0855985
-0.0855176
-0.0851482
-0.0844416
-0.0835607
-0.0827294
-0.0818741
-0.0807632
-0.0790292
-0.0763792
-0.0728654
-0.0686226
-0.0636577
-0.0580319
-0.0521363
-0.0465079
-0.0415154
-0.0374702
-0.0345322
-0.0327492
-0.0322270
-0.0329560
-0.0345234
-0.0364312
-0.0384142
-0.0402867
-0.0418072
-0.0427986
-0.0433588
-0.0437098
-0.0439940
-0.0441968
-0.0442236
-0.0439274
-0.0431874
-0.0419858
-0.0405226
-0.0389289
-0.0373582
-0.0360880
-0.0352334
-0.0347420
-0.0344131
-0.0340559
-0.0336337
-0.0331467
-0.0327191
-0.0324840
-0.0324132
-0.0323413
-0.0322484
-0.0319897
-0.0314419
-0.0305063
-0.0290605
-0.0271407
-0.0249527
-0.0227265
-0.0203736
-0.0178631
-0.0154650
-0.0132039
-0.0108281
-0.0082296
-0.0056070
-0.0032569
-0.0013317
0.0000730
0.0010498
0.0017007
0.0019450
0.0019650
0.0021490
0.0027625
0.0038671
0.0055936
0.0078181
0.0101428
0.0122059
0.0139503
0.0156231
0.0173305
0.0190434
0.0207074
0.0221302
0.0232807
0.0245966
0.0263682
0.0283337
0.0302972
0.0325648
0.0353852
0.0385631
0.0418913
0.0455398
0.0496488
0.0539187
0.0578640
0.0614528
0.0648295
0.0680540
0.0710274
0.0736651
0.0761862
0.0789778
0.0822178
0.0857076
0.0891864
0.0927197
0.0963617
0.0996760
0.1022293
0.1039456
0.1047025
0.1042352
0.1024741
0.0996265
0.0959088
0.0916889
0.0874995
0.0838528
0.0808859
0.0786567
0.0773350
0.0767807
0.0763820
0.0759521
0.0761201
0.0774578
0.0791405
0.0794428
0.0782024
0.0770546
0.0769782
0.0772328
0.0771490
0.0770721
0.0772799
0.0774717
0.0772926
0.0767986
0.0761083
0.0750651
0.0734520
0.0713009
0.0687762
0.0658937
0.0626629
0.0593878
0.0563361
0.0534490
0.0506827
0.0482212
0.0464131
0.0455077
0.0451191
0.0445725
0.0438964
0.0438653
0.0446148
0.0456097
0.0465260
0.0473607
0.0480892
0.0485101
0.0485004
0.0481186
0.0474668
0.0465631
0.0453749
0.0440222
0.0426935
0.0414578
0.0405447
0.0403499
0.0408886
0.0416391
0.0420839
0.0423343
0.0427015
0.0430242
0.0428390
0.0420329
0.0410351
0.0399755
0.0386533
0.0370437
0.0353190
0.0337945
0.0327340
0.0321846
0.0320748
0.0322449
0.0327641
0.0337750
0.0351573
0.0365647
0.0376784
0.0382240
0.0380749
0.0371864
0.0355048
0.0331060
0.0299220
0.0258924
0.0212289
0.0164279
0.0119336
0.0076924
0.0033552
-0.0011964
-0.0055443
-0.0093934
-0.0131498
-0.0172796
-0.0213697
-0.0244894
-0.0263387
-0.0275969
-0.0291756
-0.0312588
-0.0332259
-0.0345845
-0.0353295
-0.0356497
-0.0358663
-0.0364364
-0.0377821
-0.0398051
-0.0419098
-0.0437407
-0.0455302
-0.0474565
-0.0492267
-0.0503038
-0.0505041
-0.0498805
-0.0482598
-0.0455512
-0.0418158
-0.0371090
-0.0315415
-0.0252361
-0.0184084
-0.0115445
-0.0050139
0.0011093
0.0065311
0.0107528
0.0136601
0.0154088
0.0158569
0.0149702
0.0130078
0.0102671
0.0071168
0.0038927
0.0009132
-0.0016465
-0.0037945
-0.0057679
-0.0078765
-0.0103775
-0.0134740
-0.0172143
-0.0214538
-0.0260372
-0.0307619
-0.0353357
-0.0393627
-0.0426113
-0.0449771
-0.0465023
-0.0473638
-0.0477568
-0.0478104
-0.0477841
-0.0479004
-0.0483234
-0.0491972
-0.0505243
-0.0522213
-0.0541349
-0.0560370
-0.0576035
-0.0585383
-0.0589882
-0.0592123
-0.0590561
-0.0584381
-0.0575552
-0.0566953
-0.0558495
-0.0547265
-0.0532787
-0.0516417
-0.0497174
-0.0473616
-0.0446980
-0.0420726
-0.0396145
-0.0373332
-0.0353223
-0.0337540
-0.0328844
-0.0329443
-0.0338712
-0.0353034
-0.0366767
-0.0377678
-0.0386526
-0.0392719
-0.0395949
-0.0396481
-0.0393635
-0.0386366
-0.0377107
-0.0368812
-0.0361948
-0.0353567
-0.0340667
-0.0323657
-0.0304722
-0.0284179
-0.0262155
-0.0240527
-0.0221300
-0.0205443
-0.0195832
-0.0195806
-0.0204793
-0.0219591
-0.0237435
-0.0257061
-0.0277196
-0.0295397
-0.0308232
-0.0312968
-0.0308805
-0.0296674
-0.0278847
-0.0257502
-0.0235820
-0.0219422
-0.0210882
-0.0211544
-0.0222302
-0.0241030
-0.0264296
-0.0288811
-0.0311568
-0.0330625
-0.0346215
-0.0358357
-0.0366190
-0.0369293
-0.0368018
-0.0363246
-0.0355951
-0.0345098
-0.0329605
-0.0310939
-0.0289444
-0.0267026
-0.0245039
-0.0223448
-0.0203372
-0.0186226
-0.0172029
-0.0160278
-0.0151604
-0.0146514
-0.0144349
-0.0143648
-0.0143532
-0.0142173
-0.0137865
-0.0130015
-0.0119376
-0.0106589
-0.0091712
-0.0076487
-0.0063930
-0.0054578
-0.0048173
-0.0046300
-0.0050165
-0.0058528
-0.0069575
-0.0081777
-0.0094753
-0.0106858
-0.0115185
-0.0116098
-0.0108448
-0.0091949
-0.0068061
-0.0039610
-0.0007752
0.0026474
0.0060485
0.0092753
0.0123956
0.0154757
0.0186458
0.0219312
0.0251018
0.0279661
0.0308096
0.0338133
0.0365494
0.0384936
0.0398100
0.0406841
0.0408883
0.0405435
0.0401268
0.0397557
0.0393222
0.0391248
0.0395069
0.0403656
0.0415709
0.0432192
0.0453486
0.0476354
0.0499461
0.0525323
0.0553357
0.0580227
0.0605838
0.0631309
0.0655274
0.0675426
0.0692870
0.0708562
0.0720572
0.0729440
0.0736342
0.0740732
0.0741914
0.0741902
0.0744652
0.0749991
0.0754810
0.0757426
0.0757495
0.0754202
0.0744815
0.0730474
0.0717626
0.0711048
0.0704492
0.0685002
0.0651715
0.0618148
0.0593524
0.0573327
0.0551947
0.0532167
0.0518184
0.0507133
0.0493371
0.0475610
0.0455204
0.0432671
0.0407689
0.0382481
0.0358025
0.0331927
0.0303041
0.0271871
0.0238944
0.0202930
0.0166150
0.0132865
0.0104439
0.0079508
0.0056879
0.0037214
0.0022271
0.0011779
0.0004202
-0.0001913
-0.0006430
-0.0009567
-0.0016032
-0.0030078
-0.0051276
-0.0074758
-0.0098465
-0.0123341
-0.0149037
-0.0172193
-0.0189958
-0.0203174
-0.0213104
-0.0219770
-0.0222511
-0.0222052
-0.0218685
-0.0212743
-0.0202593
-0.0187875
-0.0169618
-0.0146913
-0.0118963
-0.0086256
-0.0051368
-0.0017537
0.0013503
0.0040698
0.0061463
0.0074358
0.0079368
0.0076180
0.0065138
0.0048925
0.0031355
0.0015364
0.0002791
-0.0005406
-0.0007359
-0.0003448
0.0003539
0.0011624
0.0017397
0.0016885
0.0009128
-0.0006556
-0.0030878
-0.0061885
-0.0098162
-0.0136971
-0.0174991
-0.0209646
-0.0239309
-0.0261763
-0.0275705
-0.0281847
-0.0281537
-0.0275699
-0.0263668
-0.0245591
-0.0223060
-0.0197309
-0.0170941
-0.0145449
-0.0121044
-0.0100370
-0.0086397
-0.0081122
-0.0084387
-0.0093965
-0.0106938
-0.0121145
-0.0133877
-0.0142864
-0.0145367
-0.0139740
-0.0124568
-0.0100605
-0.0070192
-0.0035183
0.0001742
0.0038158
0.0071356
0.0097603
0.0114579
0.0121610
0.0117390
0.0101104
0.0073155
0.0036355
-0.0005873
-0.0050521
-0.0094150
-0.0134056
-0.0168143
-0.0192444
-0.0204249
-0.0203947
-0.0193883
-0.0177455
-0.0157064
-0.0135682
-0.0116419
-0.0100687
-0.0088285
-0.0078891
-0.0072308
-0.0067380
-0.0061677
-0.0053264
-0.0043166
-0.0034122
-0.0026029
-0.0018150
-0.0009808
-0.0000275
0.0011087
0.0025402
0.0043104
0.0063533
0.0085848
0.0108749
0.0131894
0.0151959
0.0163129
0.0163719
0.0156324
0.0142577
0.0122190
0.0096960
0.0071522
0.0050343
0.0034666
0.0025228
0.0023662
0.0030242
0.0042899
0.0056524
0.0065830
0.0068378
0.0063784
0.0051095
0.0028111
-0.0004488
-0.0043780
-0.0087336
-0.0132149
-0.0174891
-0.0211256
-0.0237981
-0.0253511
-0.0258006
-0.0251784
-0.0235838
-0.0215194
-0.0194912
-0.0176238
-0.0163054
-0.0158346
-0.0160639
-0.0166890
-0.0174914
-0.0185548
-0.0201275
-0.0222809
-0.0249680
-0.0280778
-0.0313507
-0.0345764
-0.0377648
-0.0408786
-0.0438940
-0.0468285
-0.0495376
-0.0518726
-0.0538585
-0.0556118
-0.0571630
-0.0583527
-0.0592511
-0.0601561
-0.0611660
-0.0622143
-0.0633231
-0.0646231
-0.0663525
-0.0686089
-0.0711819
-0.0737092
-0.0761274
-0.0784239
-0.0803362
-0.0816535
-0.0823257
-0.0822487
-0.0814529
-0.0799784
-0.0778501
-0.0754341
-0.0731471
-0.0711729
-0.0692938
-0.0674682
-0.0661439
-0.0655701
-0.0651510
-0.0640571
-0.0620756
-0.0593797
-0.0560500
-0.0520093
-0.0473648
-0.0422173
-0.0362704
-0.0293810
-0.0219417
-0.0144624
-0.0072503
-0.0003303
0.0061702
0.0117662
0.0160360
0.0190002
0.0209424
0.0222150
0.0232064
0.0242539
0.0254647
0.0269257
0.0287854
0.0310872
0.0335499
0.0356571
0.0370638
0.0374264
0.0366508
0.0349934
0.0327204
0.0300683
0.0272995
0.0247682
0.0228962
0.0218928
0.0217850
0.0222992
0.0230902
0.0239473
0.0246670
0.0251525
0.0255593
0.0258571
0.0259409
0.0258636
0.0258135
0.0259690
0.0264370
0.0271536
0.0278268
0.0282279
0.0284518
0.0286788
0.0288725
0.0290698
0.0294740
0.0303479
0.0317886
0.0335782
0.0354628
0.0373719
0.0392894
0.0409897
0.0423157
0.0431607
0.0435880
0.0437195
0.0435717
0.0432582
0.0430074
0.0429399
0.0428555
0.0425778
0.0419895
0.0410783
0.0398852
0.0382601
0.0354768
0.0307797
0.0245144
0.0179196
0.0117154
0.0060403
0.0011656
-0.0025944
-0.0051286
-0.0067240
-0.0078447
-0.0086519
-0.0090289
-0.0089062
-0.0085493
-0.0084648
-0.0089371
-0.0099234
-0.0112133
-0.0125507
-0.0136308
-0.0142834
-0.0145931
-0.0145893
-0.0142804
-0.0138478
-0.0134645
-0.0133912
-0.0138169
-0.0147339
-0.0160019
-0.0173387
-0.0185093
-0.0194287
-0.0199815
-0.0198268
-0.0187278
-0.0167282
-0.0140763
-0.0110001
-0.0077450
-0.0047353
-0.0022961
-0.0005118
0.0003492
0.0001391
-0.0010257
-0.0029261
-0.0050087
-0.0068285
-0.0082253
-0.0089147
-0.0088340
-0.0081479
-0.0070842
-0.0058724
-0.0046972
-0.0038781
-0.0036927
-0.0042256
-0.0054969
-0.0074047
-0.0096959
-0.0120291
-0.0141343
-0.0157446
-0.0166152
-0.0166516
-0.0159162
-0.0144150
-0.0122873
-0.0098746
-0.0073796
-0.0048651
-0.0024640
-0.0003289
0.0013222
0.0024627
0.0031896
0.0035038
0.0034415
0.0028684
0.0016566
-0.0001492
-0.0023561
-0.0048545
-0.0076311
-0.0104543
-0.0131810
-0.0156595
-0.0176546
-0.0189989
-0.0197154
-0.0199674
-0.0199978
-0.0199560
-0.0199962
-0.0203995
-0.0212234
-0.0222153
-0.0232480
-0.0244256
-0.0257066
-0.0267182
-0.0273586
-0.0278009
-0.0280785
-0.0280904
-0.0278636
-0.0276135
-0.0273958
-0.0272144
-0.0271793
-0.0272317
-0.0271478
-0.0268799
-0.0264061
-0.0256233
-0.0245610
-0.0233168
-0.0220611
-0.0208927
-0.0199768
-0.0194832
-0.0193386
-0.0195494
-0.0202449
-0.0214081
-0.0229415
-0.0246448
-0.0262934
-0.0279144
-0.0294214
-0.0307093
-0.0317620
-0.0325135
-0.0329474
-0.0329989
-0.0324836
-0.0313149
-0.0296751
-0.0276661
-0.0253794
-0.0231665
-0.0213318
-0.0199403
-0.0187893
-0.0179394
-0.0176341
-0.0176783
-0.0178304
-0.0180342
-0.0179764
-0.0175475
-0.0168110
-0.0157241
-0.0143326
-0.0126373
-0.0106316
-0.0084767
-0.0063659
-0.0044559
-0.0027211
-0.0010840
0.0005131
0.0020821
0.0035127
0.0046712
0.0056743
0.0066290
0.0074464
0.0082027
0.0088948
0.0093471
0.0092956
0.0086531
0.0074992
0.0057791
0.0032848
0.0001219
-0.0034367
-0.0072061
-0.0110471
-0.0146915
-0.0178910
-0.0204635
-0.0222556
-0.0232791
-0.0235668
-0.0230936
-0.0218472
-0.0198316
-0.0171728
-0.0140581
-0.0107322
-0.0074360
-0.0042882
-0.0014767
0.0007483
0.0022822
0.0030616
0.0028863
0.0017106
-0.0003088
-0.0030169
-0.0062781
-0.0099731
-0.0137691
-0.0172906
-0.0203105
-0.0225641
-0.0239197
-0.0244023
-0.0239879
-0.0227538
-0.0209086
-0.0187662
-0.0167629
-0.0150909
-0.0137633
-0.0128925
-0.0124382
-0.0122147
-0.0119610
-0.0115533
-0.0109915
-0.0102832
-0.0096431
-0.0091967
-0.0087552
-0.0082253
-0.0079310
-0.0079632
-0.0080361
-0.0080585
-0.0081436
-0.0082143
-0.0082258
-0.0081868
-0.0080045
-0.0077063
-0.0074175
-0.0071539
-0.0066973
-0.0060332
-0.0052355
-0.0041603
-0.0027534
-0.0011454
0.0005393
0.0022057
0.0038683
0.0053942
0.0066444
0.0073658
0.0074507
0.0070529
0.0064741
0.0058940
0.0053088
0.0048527
0.0046191
0.0044502
0.0043058
0.0043120
0.0044023
0.0045565
0.0047967
0.0052018
0.0058382
0.0065847
0.0073298
0.0080939
0.0087634
0.0091316
0.0090789
0.0086261
0.0078647
0.0069801
0.0061959
0.0056258
0.0053682
0.0054773
0.0060539
0.0071372
0.0084819
0.0098121
0.0109828
0.0119852
0.0125260
0.0123744
0.0116176
0.0103799
0.0086344
0.0063906
0.0039819
0.0017812
-0.0000021
-0.0011905
-0.0015165
-0.0009379
0.0002550
0.0017801
0.0034645
0.0050676
0.0063244
0.0069166
0.0066661
0.0056190
0.0039191
0.0015164
-0.0013301
-0.0040700
-0.0065941
-0.0088031
-0.0105614
-0.0118592
-0.0127254
-0.0133296
-0.0137945
-0.0143169
-0.0151534
-0.0162458
-0.0173721
-0.0184145
-0.0192038
-0.0194842
-0.0188782
-0.0172650
-0.0148173
-0.0116529
-0.0080658
-0.0045873
-0.0016607
0.0005198
0.0019443
0.0027584
0.0031431
0.0033058
0.0035852
0.0042191
0.0051757
0.0064253
0.0078488
0.0091400
0.0100725
0.0103818
0.0098378
0.0082647
0.0056115
0.0021037
-0.0017400
-0.0054319
-0.0086097
-0.0108193
-0.0117970
-0.0116151
-0.0103190
-0.0081928
-0.0057890
-0.0036487
-0.0020503
-0.0013244
-0.0016406
-0.0027315
-0.0044192
-0.0065648
-0.0086968
-0.0102941
-0.0112698
-0.0117629
-0.0116725
-0.0107971
-0.0093319
-0.0076687
-0.0058241
-0.0039779
-0.0024404
-0.0011006
0.0000538
0.0007919
0.0008339
0.0004209
0.0000777
0.0000255
0.0002664
0.0009862
0.0025155
0.0046225
0.0066047
0.0080343
0.0087356
0.0085881
0.0075911
0.0059955
0.0041377
0.0025888
0.0018823
0.0021685
0.0032247
0.0047745
0.0066192
0.0082814
0.0093378
0.0097109
0.0093589
0.0083066
0.0068777
0.0056295
0.0050907
0.0053998
0.0066113
0.0088292
0.0118371
0.0153056
0.0188597
0.0221510
0.0248786
0.0268089
0.0278752
0.0282165
0.0279814
0.0272435
0.0261097
0.0246969
0.0231438
0.0217952
0.0208781
0.0203898
0.0204491
0.0211460
0.0223257
0.0235817
0.0245783
0.0251205
0.0250270
0.0240889
0.0222399
0.0198346
0.0170893
0.0140809
0.0110298
0.0082302
0.0059351
0.0044386
0.0039263
0.0042793
0.0053772
0.0070345
0.0090412
0.0112939
0.0134978
0.0155586
0.0175897
0.0195783
0.0216305
0.0236940
0.0254899
0.0268993
0.0278995
0.0282561
0.0276476
0.0260132
0.0236610
0.0208794
0.0178024
0.0146743
0.0118671
0.0095314
0.0076106
0.0061211
0.0050673
0.0042090
0.0032729
0.0023266
0.0015593
0.0008630
0.0000243
-0.0007499
-0.0011531
-0.0010418
-0.0004712
0.0005207
0.0019754
0.0037199
0.0055194
0.0073412
0.0091437
0.0105651
0.0115962
0.0129555
0.0148810
0.0169435
0.0192143
0.0219214
0.0248222
0.0275716
0.0298806
0.0316712
0.0330984
0.0341569
0.0345271
0.0341716
0.0334348
0.0325506
0.0316358
0.0309392
0.0305690
0.0305391
0.0310460
0.0321315
0.0335663
0.0351651
0.0367526
0.0380958
0.0391940
0.0401321
0.0409678
0.0417277
0.0424251
0.0433114
0.0444151
0.0454135
0.0461784
0.0466499
0.0465907
0.0458552
0.0446873
0.0430526
0.0408457
0.0382468
0.0354882
0.0326462
0.0297237
0.0270029
0.0246857
0.0228121
0.0212880
0.0202223
0.0201187
0.0210541
0.0223742
0.0235026
0.0244741
0.0256272
0.0269426
0.0279712
0.0283958
0.0283613
0.0279363
0.0270134
0.0254434
0.0232264
0.0204171
0.0169919
0.0130030
0.0086034
0.0039392
-0.0006526
-0.0048750
-0.0085807
-0.0114385
-0.0132358
-0.0139615
-0.0135207
-0.0117320
-0.0089924
-0.0059601
-0.0030833
-0.0005755
0.0015096
0.0032687
0.0047593
0.0058045
0.0063543
0.0064369
0.0061053
0.0055924
0.0050083
0.0043081
0.0035644
0.0030295
0.0027074
0.0024318
0.0022718
0.0023556
0.0026236
0.0031082
0.0039579
0.0050934
0.0063135
0.0075613
0.0086569
0.0093018
0.0092974
0.0085057
0.0068697
0.0045484
0.0016775
-0.0014589
-0.0043333
-0.0066505
-0.0083964
-0.0094740
-0.0097558
-0.0090277
-0.0071322
-0.0043337
-0.0012250
0.0018236
0.0047449
0.0072224
0.0088758
0.0097665
0.0102059
0.0104782
0.0107696
0.0113421
0.0123410
0.0136711
0.0154047
0.0175502
0.0197673
0.0216487
0.0229821
0.0238016
0.0241662
0.0242170
0.0240893
0.0238120
0.0234840
0.0231976
0.0229756
0.0228765
0.0228061
0.0226592
0.0225557
0.0224845
0.0223693
0.0221887
0.0219510
0.0217215
0.0214276
0.0208761
0.0200739
0.0190603
0.0177791
0.0163005
0.0148951
0.0136346
0.0125680
0.0117796
0.0111171
0.0104935
0.0100438
0.0097806
0.0095345
0.0092224
0.0090920
0.0091726
0.0094316
0.0099566
0.0105924
0.0113793
0.0123850
0.0134887
0.0146806
0.0157778
0.0165947
0.0169603
0.0167449
0.0159349
0.0146415
0.0129770
0.0110043
0.0089438
0.0070341
0.0054147
0.0041809
0.0033381
0.0027759
0.0022982
0.0016439
0.0007559
-0.0001514
-0.0011106
-0.0022866
-0.0036152
-0.0049057
-0.0060649
-0.0069799
-0.0075108
-0.0074803
-0.0066376
-0.0048514
-0.0020452
0.0017102
0.0060551
0.0106272
0.0152585
0.0196630
0.0234265
0.0264601
0.0287715
0.0304331
0.0315968
0.0322933
0.0325249
0.0324505
0.0321046
0.0313747
0.0301506
0.0284710
0.0264140
0.0239723
0.0214137
0.0190858
0.0173095
0.0163052
0.0161317
0.0167054
0.0180051
0.0197914
0.0213533
0.0221735
0.0221558
0.0212269
0.0192551
0.0162714
0.0125548
0.0086250
0.0049080
0.0017987
-0.0003814
-0.0012709
-0.0006207
0.0014327
0.0043886
0.0078148
0.0113340
0.0145387
0.0173014
0.0196601
0.0216449
0.0232331
0.0244834
0.0254580
0.0260955
0.0261808
0.0255284
0.0240428
0.0218241
0.0191147
0.0161778
0.0132118
0.0103819
0.0078985
0.0061146
0.0051610
0.0048191
0.0049818
0.0056119
0.0067070
0.0081150
0.0095077
0.0106942
0.0114608
0.0115697
0.0110875
0.0101874
0.0089984
0.0076468
0.0063980
0.0056469
0.0055326
0.0060148
0.0071026
0.0086912
0.0105384
0.0124513
0.0142745
0.0158467
0.0170627
0.0180427
0.0187402
0.0190137
0.0189334
0.0186581
0.0182973
0.0175929
0.0163297
0.0146379
0.0128004
0.0109601
0.0090519
0.0071350
0.0051724
0.0031288
0.0012815
0.0001041
-0.0003900
-0.0003923
0.0002618
0.0016848
0.0037032
0.0060705
0.0085371
0.0109252
0.0130661
0.0147409
0.0158762
0.0165613
0.0166994
0.0162753
0.0156099
0.0149653
0.0144827
0.0141737
0.0139271
0.0137818
0.0138454
0.0140988
0.0143820
0.0145052
0.0143481
0.0138417
0.0129084
0.0115025
0.0097463
0.0077333
0.0051564
0.0017658
-0.0020191
-0.0058286
-0.0096610
-0.0134282
-0.0169056
-0.0199107
-0.0224489
-0.0243734
-0.0255275
-0.0259493
-0.0256862
-0.0247348
-0.0231524
-0.0212665
-0.0193420
-0.0175615
-0.0159485
-0.0144500
-0.0133638
-0.0129329
-0.0131321
-0.0137090
-0.0144109
-0.0150883
-0.0157155
-0.0161292
-0.0161152
-0.0156048
-0.0146400
-0.0132304
-0.0115051
-0.0097171
-0.0080256
-0.0063792
-0.0047819
-0.0032415
-0.0017170
-0.0001213
0.0015084
0.0029835
0.0042601
0.0053610
0.0060409
0.0059888
0.0051116
0.0034757
0.0010464
-0.0021499
-0.0057767
-0.0095803
-0.0132164
-0.0162922
-0.0187609
-0.0205663
-0.0215504
-0.0216159
-0.0207655
-0.0191358
-0.0169116
-0.0142633
-0.0114069
-0.0085167
-0.0057242
-0.0033314
-0.0015101
-0.0002560
0.0004568
0.0006427
0.0002747
-0.0007141
-0.0022718
-0.0041609
-0.0062307
-0.0084039
-0.0103489
-0.0120032
-0.0134801
-0.0146451
-0.0154270
-0.0159258
-0.0161740
-0.0162496
-0.0161993
-0.0159264
-0.0153534
-0.0146394
-0.0139105
-0.0130895
-0.0123334
-0.0118871
-0.0118057
-0.0120728
-0.0126999
-0.0137651
-0.0151940
-0.0168947
-0.0187545
-0.0204602
-0.0218319
-0.0227755
-0.0232339
-0.0232519
-0.0227683
-0.0217500
-0.0202723
-0.0184061
-0.0162932
-0.0142011
-0.0122769
-0.0106764
-0.0097490
-0.0097780
-0.0107218
-0.0124269
-0.0147695
-0.0175622
-0.0205037
-0.0231568
-0.0252281
-0.0264481
-0.0265208
-0.0254373
-0.0233370
-0.0201981
-0.0163012
-0.0121141
-0.0078802
-0.0038258
-0.0002145
0.0026732
0.0046708
0.0057891
0.0061231
0.0058564
0.0050747
0.0038177
0.0022903
0.0006355
-0.0010150
-0.0025163
-0.0039004
-0.0050773
-0.0060302
-0.0068106
-0.0075733
-0.0085513
-0.0098251
-0.0113544
-0.0131208
-0.0149461
-0.0166445
-0.0181280
-0.0193277
-0.0199933
-0.0199494
-0.0192928
-0.0182381
-0.0171097
-0.0160748
-0.0153754
-0.0152449
-0.0156138
-0.0162680
-0.0171088
-0.0178278
-0.0180219
-0.0176378
-0.0166947
-0.0150557
-0.0128667
-0.0106755
-0.0089500
-0.0078795
-0.0074473
-0.0077136
-0.0086424
-0.0098127
-0.0108830
-0.0116231
-0.0119606
-0.0118342
-0.0112450
-0.0104080
-0.0096357
-0.0091199
-0.0088441
-0.0087683
-0.0089926
-0.0094368
-0.0097639
-0.0098377
-0.0096761
-0.0093043
-0.0088122
-0.0084423
-0.0084043
-0.0088347
-0.0099336
-0.0117369
-0.0140094
-0.0165916
-0.0193720
-0.0221841
-0.0247995
-0.0270305
-0.0288330
-0.0302401
-0.0311383
-0.0315299
-0.0315954
-0.0312126
-0.0302823
-0.0288421
-0.0267050
-0.0240175
-0.0210693
-0.0179976
-0.0151183
-0.0127076
-0.0109632
-0.0101228
-0.0103460
-0.0115553
-0.0134391
-0.0155731
-0.0175039
-0.0187652
-0.0189214
-0.0178612
-0.0156408
-0.0125001
-0.0088281
-0.0049505
-0.0013603
0.0015766
0.0036178
0.0046282
0.0045713
0.0035767
0.0021126
0.0006428
-0.0004993
-0.0011730
-0.0014078
-0.0012391
-0.0007538
-0.0000568
0.0006334
0.0011857
0.0016186
0.0019006
0.0021085
0.0024281
0.0029811
0.0037854
0.0048344
0.0060854
0.0074444
0.0087073
0.0098026
0.0106785
0.0111594
0.0111037
0.0106269
0.0097491
0.0084884
0.0070564
0.0058008
0.0049096
0.0043812
0.0043525
0.0048514
0.0057174
0.0067928
0.0079161
0.0089848
0.0099690
0.0106978
0.0111692
0.0115251
0.0117286
0.0118561
0.0120241
0.0122483
0.0127181
0.0135780
0.0146422
0.0158053
0.0170493
0.0182914
0.0193676
0.0201339
0.0205361
0.0205131
0.0199614
0.0188078
0.0171643
0.0150568
0.0125575
0.0098250
0.0070800
0.0044530
0.0019553
-0.0002808
-0.0021524
-0.0036590
-0.0048348
-0.0057112
-0.0063775
-0.0069059
-0.0071497
-0.0071319
-0.0068799
-0.0063624
-0.0055047
-0.0044463
-0.0035320
-0.0029520
-0.0028283
-0.0032172
-0.0040171
-0.0054039
-0.0074574
-0.0098142
-0.0121475
-0.0142413
-0.0160011
-0.0173138
-0.0180410
-0.0181267
-0.0174354
-0.0158648
-0.0136393
-0.0110579
-0.0083489
-0.0057796
-0.0035650
-0.0018233
-0.0006006
0.0001753
0.0008292
0.0014483
0.0020261
0.0027280
0.0035887
0.0045334
0.0053861
0.0060654
0.0065909
0.0069555
0.0073380
0.0078893
0.0086200
0.0096810
0.0113487
0.0135815
0.0159707
0.0182696
0.0202947
0.0217561
0.0225127
0.0224651
0.0215315
0.0198302
0.0176222
0.0152806
0.0131809
0.0115620
0.0103184
0.0092593
0.0084373
0.0080364
0.0082184
0.0088749
0.0097563
0.0106850
0.0115522
0.0123953
0.0131439
0.0136382
0.0136930
0.0132392
0.0122951
0.0109778
0.0094520
0.0078827
0.0064268
0.0051787
0.0041633
0.0034756
0.0031086
0.0028373
0.0022507
0.0011205
-0.0005163
-0.0026871
-0.0054277
-0.0084309
-0.0114014
-0.0144082
-0.0174108
-0.0200838
-0.0222784
-0.0240896
-0.0255914
-0.0266672
-0.0273919
-0.0279665
-0.0284117
-0.0286439
-0.0286606
-0.0284220
-0.0278223
-0.0268118
-0.0254674
-0.0239172
-0.0223043
-0.0207651
-0.0194939
-0.0187005
-0.0185526
-0.0190429
-0.0199794
-0.0211750
-0.0224553
-0.0236649
-0.0245767
-0.0249416
-0.0246601
-0.0236749
-0.0220299
-0.0199910
-0.0176747
-0.0151115
-0.0126601
-0.0107518
-0.0094098
-0.0082889
-0.0073157
-0.0068741
-0.0071299
-0.0076381
-0.0080170
-0.0083819
-0.0089153
-0.0093907
-0.0095732
-0.0095203
-0.0093707
-0.0090867
-0.0085393
-0.0077521
-0.0068079
-0.0057882
-0.0047360
-0.0036407
-0.0024803
-0.0013107
-0.0001041
0.0010711
0.0021301
0.0032015
0.0042645
0.0051745
0.0060637
0.0069472
0.0076077
0.0081440
0.0085866
0.0087192
0.0084882
0.0081398
0.0078033
0.0075238
0.0073895
0.0074485
0.0077726
0.0083055
0.0090158
0.0098500
0.0107771
0.0117593
0.0127393
0.0135152
0.0139754
0.0141786
0.0141756
0.0139519
0.0136413
0.0133772
0.0132256
0.0133568
0.0137333
0.0141760
0.0147572
0.0152602
0.0152543
0.0146319
0.0133314
0.0114974
0.0093801
0.0071829
0.0050654
0.0031964
0.0016914
0.0006734
0.0002828
0.0003876
0.0005657
0.0004690
-0.0000118
-0.0009175
-0.0024644
-0.0046651
-0.0071808
-0.0095817
-0.0117296
-0.0136593
-0.0151787
-0.0161025
-0.0165720
-0.0167226
-0.0167757
-0.0168793
-0.0171380
-0.0176559
-0.0184768
-0.0195500
-0.0206440
-0.0215967
-0.0223112
-0.0226352
-0.0224293
-0.0216688
-0.0203790
-0.0186145
-0.0164875
-0.0141437
-0.0117263
-0.0092048
-0.0068199
-0.0048658
-0.0033164
-0.0020713
-0.0011598
-0.0006653
-0.0005882
-0.0009093
-0.0015551
-0.0023190
-0.0030389
-0.0037229
-0.0043653
-0.0048352
-0.0050990
-0.0051460
-0.0049441
-0.0044624
-0.0037398
-0.0028607
-0.0019066
-0.0010307
-0.0004143
-0.0001245
-0.0002356
-0.0008346
-0.0019036
-0.0033029
-0.0049636
-0.0068740
-0.0090897
-0.0114753
-0.0138405
-0.0163042
-0.0189072
-0.0213848
-0.0236253
-0.0255833
-0.0269847
-0.0276827
-0.0276268
-0.0267328
-0.0252141
-0.0232242
-0.0209161
-0.0187116
-0.0169731
-0.0158453
-0.0154943
-0.0159047
-0.0169595
-0.0185590
-0.0204177
-0.0221636
-0.0237536
-0.0251972
-0.0263371
-0.0271777
-0.0277820
-0.0282463
-0.0287049
-0.0292562
-0.0298404
-0.0304883
-0.0310012
-0.0312332
-0.0313699
-0.0312006
-0.0305360
-0.0295296
-0.0284068
-0.0272709
-0.0261620
-0.0251225
-0.0242675
-0.0236974
-0.0234298
-0.0234694
-0.0238025
-0.0243871
-0.0251800
-0.0261700
-0.0273395
-0.0287523
-0.0304252
-0.0322001
-0.0339199
-0.0355422
-0.0370125
-0.0381231
-0.0388100
-0.0392528
-0.0394735
-0.0393190
-0.0388455
-0.0384129
-0.0382492
-0.0381266
-0.0377011
-0.0370878
-0.0364939
-0.0358801
-0.0352186
-0.0343945
-0.0331917
-0.0313853
-0.0291665
-0.0268491
-0.0245302
-0.0223414
-0.0206044
-0.0192840
-0.0182272
-0.0174085
-0.0169594
-0.0169049
-0.0169558
-0.0168192
-0.0166036
-0.0165843
-0.0167399
-0.0170029
-0.0174950
-0.0180696
-0.0186133
-0.0192967
-0.0199034
-0.0200852
-0.0198861
-0.0195157
-0.0189590
-0.0183433
-0.0179929
-0.0180111
-0.0184538
-0.0193912
-0.0208859
-0.0230109
-0.0255347
-0.0280089
-0.0302739
-0.0324846
-0.0345468
-0.0361915
-0.0374092
-0.0381669
-0.0385087
-0.0385220
-0.0382373
-0.0375979
-0.0367747
-0.0358302
-0.0347168
-0.0334698
-0.0320953
-0.0305831
-0.0290104
-0.0275887
-0.0265688
-0.0259136
-0.0255015
-0.0253668
-0.0255346
-0.0257258
-0.0257029
-0.0254466
-0.0249320
-0.0241139
-0.0230041
-0.0217918
-0.0206467
-0.0195841
-0.0186523
-0.0178304
-0.0170457
-0.0161524
-0.0151198
-0.0139964
-0.0125553
-0.0108391
-0.0091997
-0.0077002
-0.0064056
-0.0053719
-0.0046145
-0.0041229
-0.0039032
-0.0037111
-0.0032927
-0.0026540
-0.0017381
-0.0004042
0.0011993
0.0030283
0.0051681
0.0074477
0.0097825
0.0122179
0.0145789
0.0167436
0.0188083
0.0206749
0.0221625
0.0232466
0.0241431
0.0247279
0.0248962
0.0248404
0.0246501
0.0243824
0.0240418
0.0236658
0.0233659
0.0232743
0.0233214
0.0232998
0.0231778
0.0230251
0.0226388
0.0219302
0.0210589
0.0201823
0.0193855
0.0188012
0.0184996
0.0185129
0.0188135
0.0191955
0.0194835
0.0195929
0.0193968
0.0188204
0.0179746
0.0169568
0.0159028
0.0149373
0.0140742
0.0133707
0.0128563
0.0124349
0.0120484
0.0117346
0.0115035
0.0112502
0.0109251
0.0105963
0.0102041
0.0098612
0.0096580
0.0093539
0.0089996
0.0085882
0.0079137
0.0069398
0.0056732
0.0040827
0.0021273
-0.0001537
-0.0026507
-0.0051838
-0.0075747
-0.0097936
-0.0117939
-0.0134024
-0.0146522
-0.0156600
-0.0164106
-0.0167645
-0.0168613
-0.0168500
-0.0166260
-0.0161443
-0.0152936
-0.0142114
-0.0130205
-0.0118865
-0.0110300
-0.0103804
-0.0098360
-0.0094466
-0.0093677
-0.0095282
-0.0096130
-0.0094919
-0.0092094
-0.0088066
-0.0081477
-0.0071431
-0.0058324
-0.0043313
-0.0029940
-0.0019731
-0.0010238
-0.0001748
0.0003702
0.0006593
0.0009987
0.0016130
0.0024458
0.0034167
0.0045217
0.0058839
0.0073193
0.0085394
0.0095254
0.0103190
0.0108447
0.0110362
0.0110988
0.0112152
0.0113766
0.0116081
0.0118978
0.0122100
0.0125710
0.0130627
0.0135840
0.0138795
0.0137470
0.0130224
0.0117599
0.0103358
0.0091672
0.0085349
0.0084581
0.0086692
0.0090375
0.0098409
0.0111252
0.0125319
0.0138240
0.0149907
0.0160451
0.0169195
0.0174503
0.0176335
0.0175998
0.0174294
0.0171394
0.0169227
0.0169884
0.0173149
0.0178053
0.0184025
0.0190266
0.0196152
0.0200375
0.0201059
0.0197978
0.0193126
0.0186821
0.0179012
0.0170510
0.0162112
0.0154598
0.0148284
0.0142506
0.0137067
0.0131742
0.0125947
0.0119228
0.0112278
0.0106010
0.0101050
0.0097098
0.0093243
0.0089644
0.0086376
0.0082947
0.0077474
0.0069192
0.0058743
0.0045184
0.0028858
0.0010864
-0.0007175
-0.0025310
-0.0043158
-0.0058409
-0.0070812
-0.0081077
-0.0088150
-0.0091660
-0.0092395
-0.0091387
-0.0088514
-0.0083232
-0.0076380
-0.0069517
-0.0063627
-0.0058541
-0.0053286
-0.0047509
-0.0041927
-0.0037206
-0.0032509
-0.0027364
-0.0021905
-0.0016192
-0.0009918
-0.0002943
0.0003548
0.0008264
0.0012024
0.0015719
0.0018457
0.0018943
0.0017955
0.0016084
0.0013678
0.0011838
0.0011713
0.0013563
0.0017453
0.0023352
0.0029164
0.0033586
0.0036621
0.0037769
0.0036960
0.0033904
0.0029822
0.0026115
0.0023581
0.0023867
0.0027347
0.0034015
0.0044556
0.0059216
0.0076012
0.0093285
0.0110540
0.0127360
0.0143614
0.0159061
0.0172890
0.0184376
0.0194519
0.0205038
0.0214848
0.0222031
0.0226879
0.0229501
0.0227944
0.0221094
0.0211077
0.0200036
0.0187671
0.0175407
0.0166133
0.0159693
0.0155534
0.0153601
0.0151069
0.0146178
0.0140416
0.0132980
0.0121320
0.0104746
0.0083061
0.0056374
0.0025959
-0.0006784
-0.0040738
-0.0075169
-0.0107925
-0.0137405
-0.0162269
-0.0181736
-0.0195222
-0.0201933
-0.0201138
-0.0192298
-0.0175680
-0.0152979
-0.0126754
-0.0097553
-0.0067890
-0.0042280
-0.0024350
-0.0015216
-0.0013110
-0.0015783
-0.0022473
-0.0031757
-0.0040602
-0.0046172
-0.0047582
-0.0044529
-0.0036749
-0.0025399
-0.0010574
0.0006902
0.0023879
0.0038474
0.0050879
0.0060930
0.0068789
0.0074137
0.0077623
0.0081330
0.0086262
0.0091951
0.0097970
0.0102774
0.0105109
0.0105660
0.0104373
0.0100951
0.0095857
0.0089403
0.0082566
0.0076281
0.0070833
0.0066842
0.0066356
0.0069197
0.0073043
0.0078159
0.0082965
0.0085159
0.0084406
0.0080565
0.0073396
0.0063620
0.0053854
0.0047105
0.0045643
0.0050241
0.0062400
0.0082534
0.0108869
0.0138204
0.0167080
0.0191971
0.0210558
0.0220026
0.0219178
0.0207719
0.0185730
0.0156135
0.0123809
0.0093400
0.0068474
0.0050793
0.0042290
0.0044467
0.0055199
0.0071781
0.0091877
0.0112966
0.0133368
0.0152604
0.0169585
0.0183654
0.0195688
0.0205775
0.0213062
0.0217991
0.0220916
0.0222003
0.0222688
0.0223711
0.0226147
0.0231824
0.0240608
0.0249281
0.0256048
0.0261408
0.0266695
0.0273196
0.0280974
0.0288918
0.0296345
0.0304194
0.0312710
0.0321260
0.0329998
0.0336682
0.0339191
0.0340269
0.0341391
0.0340131
0.0336058
0.0331474
0.0327603
0.0324324
0.0322447
0.0323118
0.0327359
0.0334581
0.0343144
0.0353168
0.0364676
0.0375216
0.0383178
0.0389441
0.0391776
0.0389055
0.0382918
0.0374375
0.0363407
0.0351904
0.0342374
0.0335135
0.0331333
0.0332234
0.0336289
0.0341526
0.0347017
0.0354116
0.0364465
0.0375701
0.0381531
0.0376449
0.0363306
0.0348232
0.0332867
0.0316469
0.0298869
0.0281727
0.0267066
0.0254506
0.0243724
0.0235814
0.0231136
0.0228306
0.0225663
0.0223877
0.0223117
0.0221582
0.0220017
0.0218787
0.0215984
0.0211590
0.0206265
0.0200075
0.0193812
0.0187632
0.0182142
0.0178231
0.0176647
0.0178966
0.0183541
0.0188297
0.0194050
0.0200260
0.0206071
0.0209600
0.0209648
0.0207557
0.0204248
0.0201046
0.0198556
0.0196043
0.0194800
0.0195023
0.0196659
0.0200131
0.0204340
0.0207660
0.0209115
0.0208560
0.0206047
0.0202158
0.0196660
0.0190302
0.0184125
0.0179876
0.0178627
0.0180154
0.0184148
0.0188846
0.0192785
0.0194568
0.0191895
0.0183982
0.0172380
0.0157795
0.0140589
0.0120131
0.0096629
0.0074843
0.0058262
0.0045193
0.0033999
0.0025780
0.0022342
0.0022664
0.0024191
0.0025475
0.0027158
0.0029303
0.0029951
0.0028764
0.0028692
0.0031363
0.0036590
0.0044484
0.0054762
0.0066825
0.0079926
0.0092634
0.0104039
0.0113864
0.0122231
0.0129272
0.0136487
0.0144375
0.0153687
0.0163961
0.0174037
0.0183070
0.0189421
0.0191853
0.0189880
0.0183401
0.0172186
0.0156937
0.0139328
0.0121774
0.0106023
0.0093953
0.0086774
0.0083272
0.0081275
0.0080103
0.0078418
0.0075882
0.0073041
0.0069144
0.0064186
0.0058840
0.0053477
0.0050139
0.0050120
0.0052391
0.0056330
0.0060584
0.0063941
0.0067041
0.0068551
0.0066136
0.0059762
0.0051188
0.0042167
0.0033338
0.0024743
0.0018548
0.0016307
0.0017188
0.0020639
0.0027061
0.0035599
0.0045206
0.0055284
0.0066484
0.0078984
0.0091561
0.0103808
0.0115370
0.0125203
0.0133307
0.0141198
0.0148997
0.0154193
0.0155846
0.0153106
0.0147435
0.0139161
0.0126754
0.0113445
0.0102119
0.0093251
0.0086699
0.0083202
0.0083584
0.0086576
0.0088892
0.0087840
0.0084137
0.0079239
0.0070449
0.0054836
0.0036197
0.0017539
-0.0001231
-0.0020494
-0.0039187
-0.0056198
-0.0072405
-0.0088439
-0.0104107
-0.0116985
-0.0126985
-0.0134097
-0.0136286
-0.0134699
-0.0131614
-0.0127415
-0.0123478
-0.0122898
-0.0124613
-0.0127878
-0.0133955
-0.0141301
-0.0148689
-0.0154111
-0.0156505
-0.0156184
-0.0152712
-0.0146011
-0.0135609
-0.0122770
-0.0110064
-0.0098132
-0.0087198
-0.0077525
-0.0068740
-0.0061238
-0.0054944
-0.0049822
-0.0045645
-0.0042092
-0.0039453
-0.0037974
-0.0036900
-0.0035686
-0.0034079
-0.0031164
-0.0025192
-0.0015287
-0.0000991
0.0017684
0.0039956
0.0066001
0.0094768
0.0123262
0.0150212
0.0174115
0.0193082
0.0206596
0.0215507
0.0221482
0.0225371
0.0227375
0.0229134
0.0231675
0.0235708
0.0240831
0.0245131
0.0247804
0.0250890
0.0254340
0.0254469
0.0247685
0.0234278
0.0218900
0.0207889
0.0202414
0.0200576
0.0201677
0.0205735
0.0212317
0.0220143
0.0228028
0.0235054
0.0239450
0.0240636
0.0238640
0.0234305
0.0229612
0.0223234
0.0215254
0.0208453
0.0204570
0.0200880
0.0192132
0.0177514
0.0160989
0.0144522
0.0127977
0.0112705
0.0100191
0.0091168
0.0084294
0.0078616
0.0075417
0.0075190
0.0076241
0.0077058
0.0076718
0.0074469
0.0069634
0.0061602
0.0050570
0.0036687
0.0020027
0.0002120
-0.0017212
-0.0038224
-0.0059245
-0.0078503
-0.0095177
-0.0110244
-0.0124275
-0.0136840
-0.0147823
-0.0157411
-0.0165941
-0.0174650
-0.0185194
-0.0197086
-0.0209564
-0.0222865
-0.0237029
-0.0251522
-0.0265194
-0.0276612
-0.0286694
-0.0295992
-0.0303995
-0.0309727
-0.0311871
-0.0311188
-0.0309366
-0.0307396
-0.0305651
-0.0304265
-0.0302769
-0.0300994
-0.0300168
-0.0302310
-0.0306389
-0.0309070
-0.0310792
-0.0314059
-0.0318536
-0.0321450
-0.0321708
-0.0322303
-0.0324559
-0.0326609
-0.0328505
-0.0331849
-0.0336348
-0.0341079
-0.0347066
-0.0354404
-0.0359905
-0.0363539
-0.0367370
-0.0370420
-0.0372843
-0.0375712
-0.0379221
-0.0381314
-0.0381375
-0.0380428
-0.0378840
-0.0376970
-0.0375080
-0.0372965
-0.0369744
-0.0367199
-0.0366631
-0.0366364
-0.0366533
-0.0368651
-0.0372722
-0.0377128
-0.0381483
-0.0385535
-0.0389323
-0.0391900
-0.0391648
-0.0388014
-0.0381804
-0.0373735
-0.0364231
-0.0353550
-0.0342228
-0.0330889
-0.0321066
-0.0312598
-0.0302452
-0.0290306
-0.0277268
-0.0263903
-0.0250757
-0.0238672
-0.0226934
-0.0213616
-0.0199605
-0.0187664
-0.0180424
-0.0178293
-0.0180467
-0.0185091
-0.0190356
-0.0195828
-0.0201144
-0.0205676
-0.0207970
-0.0207970
-0.0208174
-0.0210908
-0.0215542
-0.0221877
-0.0229785
-0.0238163
-0.0245059
-0.0251478
-0.0257597
-0.0261906
-0.0263370
-0.0263003
-0.0262480
-0.0263110
-0.0266222
-0.0270297
-0.0274262
-0.0278908
-0.0284925
-0.0292037
-0.0298504
-0.0302879
-0.0304904
-0.0304292
-0.0301519
-0.0298127
-0.0294768
-0.0289831
-0.0282859
-0.0277212
-0.0274955
-0.0273849
-0.0271124
-0.0267704
-0.0263679
-0.0258651
-0.0252154
-0.0243250
-0.0231963
-0.0218702
-0.0204634
-0.0190028
-0.0174900
-0.0160972
-0.0149260
-0.0138799
-0.0128718
-0.0118309
-0.0107635
-0.0096699
-0.0084906
-0.0071764
-0.0058186
-0.0045732
-0.0034085
-0.0021736
-0.0009900
-0.0001388
0.0003189
0.0003874
0.0001069
-0.0003014
-0.0007383
-0.0014232
-0.0023723
-0.0032749
-0.0040934
-0.0050294
-0.0059315
-0.0068338
-0.0079554
-0.0092286
-0.0103731
-0.0113276
-0.0121269
-0.0127122
-0.0130926
-0.0131469
-0.0126304
-0.0116034
-0.0102991
-0.0087244
-0.0068934
-0.0049623
-0.0031898
-0.0017437
-0.0006599
0.0000864
0.0005126
0.0006246
0.0005059
0.0001402
-0.0003349
-0.0006965
-0.0009626
-0.0012363
-0.0015123
-0.0016055
-0.0014253
-0.0010193
-0.0003510
0.0006833
0.0021290
0.0038891
0.0058431
0.0079581
0.0101816
0.0124728
0.0147443
0.0169032
0.0188237
0.0203212
0.0214187
0.0222341
0.0227531
0.0228884
0.0226807
0.0221351
0.0213304
0.0202388
0.0187851
0.0171110
0.0153374
0.0135037
0.0116320
0.0098348
0.0083080
0.0071243
0.0062016
0.0054086
0.0046811
0.0040480
0.0035241
0.0030143
0.0026079
0.0024702
0.0024320
0.0021676
0.0016554
0.0010547
0.0002729
-0.0007946
-0.0022415
-0.0039977
-0.0058589
-0.0076551
-0.0092619
-0.0106004
-0.0116018
-0.0121655
-0.0120874
-0.0113985
-0.0102481
-0.0089289
-0.0077159
-0.0065853
-0.0056744
-0.0053147
-0.0055268
-0.0062194
-0.0072731
-0.0086893
-0.0104154
-0.0121558
-0.0134966
-0.0144699
-0.0152169
-0.0156210
-0.0157139
-0.0156020
-0.0153669
-0.0151020
-0.0148445
-0.0145165
-0.0140051
-0.0133669
-0.0126810
-0.0119651
-0.0112413
-0.0105738
-0.0100854
-0.0097973
-0.0098479
-0.0101905
-0.0107110
-0.0113378
-0.0119280
-0.0123484
-0.0125130
-0.0123001
-0.0117111
-0.0108407
-0.0097033
-0.0084031
-0.0072538
-0.0064375
-0.0059210
-0.0056194
-0.0056658
-0.0061438
-0.0068632
-0.0076838
-0.0085697
-0.0096633
-0.0108640
-0.0118653
-0.0126403
-0.0131763
-0.0134508
-0.0135059
-0.0132174
-0.0126506
-0.0120401
-0.0114937
-0.0109114
-0.0103507
-0.0100069
-0.0097934
-0.0096046
-0.0093049
-0.0087891
-0.0079973
-0.0068779
-0.0053503
-0.0034841
-0.0014301
0.0008182
0.0031857
0.0055280
0.0076651
0.0094637
0.0108946
0.0119221
0.0125619
0.0128284
0.0127419
0.0124400
0.0120624
0.0116207
0.0112276
0.0110097
0.0109500
0.0110035
0.0112518
0.0116669
0.0121539
0.0125890
0.0129364
0.0130463
0.0129291
0.0127383
0.0124717
0.0122078
0.0119202
0.0116859
0.0116586
0.0118802
0.0122058
0.0125485
0.0128692
0.0131111
0.0132138
0.0130464
0.0125642
0.0119783
0.0114076
0.0108865
0.0106171
0.0106585
0.0110345
0.0115663
0.0121763
0.0129807
0.0138062
0.0144434
0.0148735
0.0152130
0.0155291
0.0158402
0.0161763
0.0165278
0.0169387
0.0173870
0.0177521
0.0179640
0.0178765
0.0173698
0.0165055
0.0152072
0.0134890
0.0117275
0.0100128
0.0082642
0.0065073
0.0047982
0.0030985
0.0015497
0.0003135
-0.0005890
-0.0011566
-0.0012572
-0.0008540
-0.0000815
0.0009804
0.0022347
0.0035237
0.0046100
0.0052650
0.0053749
0.0049422
0.0039847
0.0025804
0.0009968
-0.0004586
-0.0015652
-0.0023324
-0.0027514
-0.0027554
-0.0023495
-0.0015710
-0.0004128
0.0009884
0.0026224
0.0044119
0.0060726
0.0075561
0.0089088
0.0100070
0.0106906
0.0109142
0.0108332
0.0106065
0.0102414
0.0097294
0.0092017
0.0088387
0.0087742
0.0089056
0.0091507
0.0095192
0.0099145
0.0103421
0.0107231
0.0108889
0.0108331
0.0107381
0.0106133
0.0104171
0.0102238
0.0100297
0.0097670
0.0094480
0.0091477
0.0088888
0.0085871
0.0082850
0.0081525
0.0081218
0.0079725
0.0077589
0.0076187
0.0075400
0.0074728
0.0072558
0.0067260
0.0060461
0.0052432
0.0042210
0.0030291
0.0017978
0.0005906
-0.0006235
-0.0017758
-0.0027482
-0.0034398
-0.0039484
-0.0042459
-0.0043286
-0.0042899
-0.0040390
-0.0034821
-0.0026011
-0.0014163
-0.0000907
0.0011334
0.0021711
0.0030214
0.0036054
0.0038406
0.0036280
0.0029830
0.0020962
0.0011027
0.0000682
-0.0009750
-0.0018660
-0.0024248
-0.0024381
-0.0019214
-0.0011567
-0.0001461
0.0010423
0.0021913
0.0032342
0.0040892
0.0047437
0.0052988
0.0056867
0.0059221
0.0061586
0.0063692
0.0064936
0.0066325
0.0067961
0.0067987
0.0065850
0.0064523
0.0063792
0.0061828
0.0059638
0.0058564
0.0057894
0.0055608
0.0051764
0.0046266
0.0037609
0.0025486
0.0010313
-0.0006817
-0.0025001
-0.0043275
-0.0059935
-0.0072580
-0.0080512
-0.0085288
-0.0085822
-0.0081056
-0.0074133
-0.0068608
-0.0064252
-0.0062059
-0.0064264
-0.0070205
-0.0077734
-0.0085599
-0.0091169
-0.0092726
-0.0089933
-0.0081651
-0.0068574
-0.0052172
-0.0032707
-0.0011138
0.0011171
0.0033660
0.0055662
0.0075500
0.0090547
0.0100158
0.0105346
0.0105806
0.0100346
0.0088751
0.0072586
0.0053424
0.0033127
0.0011348
-0.0012136
-0.0036087
-0.0060097
-0.0082939
-0.0103466
-0.0121069
-0.0135542
-0.0146691
-0.0154254
-0.0158431
-0.0160110
-0.0159966
-0.0159265
-0.0159719
-0.0161859
-0.0165733
-0.0172651
-0.0183408
-0.0194761
-0.0204441
-0.0214055
-0.0223680
-0.0231716
-0.0237229
-0.0240545
-0.0242299
-0.0243244
-0.0244292
-0.0245136
-0.0244942
-0.0245049
-0.0246070
-0.0244890
-0.0240484
-0.0233821
-0.0225229
-0.0216301
-0.0207730
-0.0197584
-0.0185628
-0.0174579
-0.0165195
-0.0156356
-0.0147601
-0.0138262
-0.0128089
-0.0115292
-0.0102631
-0.0087875
-0.0071056
-0.0054155
-0.0038720
-0.0025547
-0.0015156
-0.0006637
-0.0000397
0.0001906
0.0000681
-0.0000355
-0.0000025
-0.0000558
-0.0001827
-0.0000939
0.0002832
0.0007489
0.0008737
0.0006346
0.0003020
-0.0000899
-0.0007421
-0.0017175
-0.0026816
-0.0034007
-0.0038462
-0.0040930
-0.0041313
-0.0037377
-0.0029825
-0.0020757
-0.0011430
-0.0003352
0.0002876
0.0007073
0.0008240
0.0006494
0.0003034
-0.0001133
-0.0005339
-0.0008756
-0.0010604
-0.0010362
-0.0008255
-0.0004718
0.0001596
0.0009601
0.0018164
0.0027236
0.0036198
0.0044882
0.0053065
0.0061332
0.0069053
0.0075150
0.0079630
0.0083319
0.0086141
0.0088040
0.0089336
0.0088838
0.0086371
0.0082451
0.0076658
0.0068548
0.0058589
0.0048657
0.0039248
0.0030479
0.0024462
0.0022163
0.0022840
0.0025805
0.0030943
0.0036780
0.0041508
0.0044673
0.0045437
0.0042217
0.0034666
0.0023927
0.0013125
0.0002424
-0.0010163
-0.0023789
-0.0035945
-0.0044803
-0.0049873
-0.0051509
-0.0049958
-0.0044363
-0.0034758
-0.0022479
-0.0008095
0.0007709
0.0022611
0.0033545
0.0039354
0.0039658
0.0033240
0.0019849
0.0002110
-0.0017992
-0.0039262
-0.0059418
-0.0076179
-0.0088660
-0.0096479
-0.0099839
-0.0099794
-0.0097026
-0.0091949
-0.0084678
-0.0075801
-0.0066600
-0.0057247
-0.0047944
-0.0039451
-0.0032192
-0.0026828
-0.0024731
-0.0026164
-0.0029957
-0.0034457
-0.0039098
-0.0043690
-0.0046891
-0.0046358
-0.0041730
-0.0035429
-0.0028259
-0.0020582
-0.0015093
-0.0013861
-0.0016194
-0.0021166
-0.0028193
-0.0036718
-0.0045393
-0.0051520
-0.0052690
-0.0049720
-0.0042610
-0.0032951
-0.0022416
-0.0011305
-0.0000580
0.0008100
0.0013998
0.0016174
0.0014356
0.0011045
0.0007760
0.0005034
0.0003313
0.0002857
0.0004191
0.0007158
0.0011608
0.0016694
0.0019804
0.0020518
0.0019552
0.0017571
0.0014233
0.0008412
0.0000556
-0.0008170
-0.0017838
-0.0028180
-0.0037915
-0.0046857
-0.0053613
-0.0058504
-0.0062393
-0.0064392
-0.0064261
-0.0062137
-0.0059759
-0.0057843
-0.0056319
-0.0054039
-0.0050544
-0.0047667
-0.0046482
-0.0045350
-0.0043074
-0.0040022
-0.0036807
-0.0033273
-0.0029650
-0.0026747
-0.0024730
-0.0024171
-0.0025328
-0.0028128
-0.0031410
-0.0034326
-0.0035941
-0.0036419
-0.0035328
-0.0031595
-0.0025403
-0.0017278
-0.0007906
0.0001850
0.0011295
0.0021238
0.0030849
0.0039318
0.0046529
0.0053972
0.0062444
0.0071210
0.0079250
0.0086464
0.0095085
0.0105355
0.0116303
0.0126585
0.0136073
0.0145790
0.0154858
0.0163315
0.0171228
0.0176761
0.0178361
0.0177277
0.0175020
0.0172390
0.0169084
0.0166309
0.0164921
0.0164705
0.0165853
0.0168052
0.0170685
0.0173521
0.0176855
0.0181109
0.0185792
0.0189726
0.0193744
0.0198969
0.0205215
0.0210649
0.0214171
0.0217471
0.0220047
0.0219182
0.0214707
0.0207814
0.0199351
0.0188840
0.0176794
0.0165129
0.0155371
0.0147943
0.0143420
0.0141079
0.0140142
0.0140000
0.0139105
0.0136147
0.0130797
0.0123853
0.0116941
0.0110548
0.0104320
0.0099693
0.0097773
0.0097263
0.0096584
0.0095099
0.0092998
0.0089541
0.0084972
0.0080505
0.0076207
0.0073063
0.0072729
0.0075858
0.0084120
0.0097886
0.0115128
0.0135070
0.0157194
0.0179150
0.0198631
0.0214529
0.0226257
0.0233597
0.0235187
0.0232859
0.0229251
0.0223583
0.0215360
0.0205914
0.0195943
0.0186025
0.0176511
0.0167731
0.0159912
0.0153670
0.0149689
0.0148153
0.0148008
0.0148834
0.0151653
0.0156657
0.0161839
0.0166844
0.0173429
0.0181615
0.0190502
0.0199254
0.0207581
0.0214717
0.0221758
0.0228985
0.0235737
0.0242358
0.0249372
0.0257758
0.0267154
0.0276830
0.0286129
0.0295374
0.0304321
0.0312273
0.0318260
0.0322741
0.0326040
0.0327508
0.0327219
0.0327712
0.0331207
0.0335931
0.0338254
0.0337186
0.0335156
0.0334874
0.0335354
0.0334623
0.0332795
0.0330064
0.0326150
0.0321158
0.0314832
0.0306168
0.0294890
0.0283039
0.0270127
0.0256466
0.0243877
0.0232909
0.0223169
0.0213929
0.0205920
0.0201585
0.0200148
0.0199448
0.0199491
0.0200852
0.0203431
0.0206154
0.0208379
0.0208943
0.0207729
0.0204264
0.0196865
0.0186593
0.0176098
0.0167730
0.0162713
0.0160761
0.0158989
0.0156735
0.0155911
0.0156891
0.0159460
0.0163616
0.0167744
0.0170984
0.0174150
0.0176047
0.0175807
0.0173839
0.0170527
0.0164866
0.0156148
0.0146666
0.0138027
0.0129349
0.0120700
0.0113062
0.0107105
0.0104557
0.0106274
0.0110667
0.0117241
0.0124119
0.0128828
0.0132562
0.0136071
0.0138561
0.0139546
0.0139605
0.0138426
0.0135039
0.0128427
0.0120025
0.0110896
0.0100455
0.0089839
0.0080371
0.0071489
0.0061558
0.0050292
0.0038453
0.0027205
0.0016430
0.0004381
-0.0009707
-0.0024526
-0.0037807
-0.0048561
-0.0056742
-0.0063037
-0.0068194
-0.0072688
-0.0076989
-0.0080648
-0.0084192
-0.0088523
-0.0094322
-0.0100802
-0.0106980
-0.0113110
-0.0119170
-0.0125129
-0.0130793
-0.0134910
-0.0137582
-0.0139771
-0.0141714
-0.0142667
-0.0143521
-0.0145342
-0.0147930
-0.0150504
-0.0152511
-0.0153952
-0.0154436
-0.0153484
-0.0151383
-0.0148407
-0.0144243
-0.0139594
-0.0135302
-0.0131414
-0.0127957
-0.0125245
-0.0123453
-0.0123165
-0.0124662
-0.0126400
-0.0127673
-0.0129040
-0.0130842
-0.0132296
-0.0133040
-0.0132262
-0.0130275
-0.0128377
-0.0126573
-0.0125021
-0.0123757
-0.0122586
-0.0122041
-0.0122424
-0.0123851
-0.0125428
-0.0127228
-0.0129785
-0.0132847
-0.0135780
-0.0138441
-0.0140872
-0.0143757
-0.0146338
-0.0146667
-0.0144718
-0.0141971
-0.0138157
-0.0132074
-0.0124798
-0.0118533
-0.0113272
-0.0107942
-0.0103221
-0.0100102
-0.0099175
-0.0100868
-0.0103987
-0.0107594
-0.0112089
-0.0117370
-0.0122799
-0.0127712
-0.0132329
-0.0136074
-0.0139049
-0.0141554
-0.0143074
-0.0143104
-0.0141746
-0.0138564
-0.0133239
-0.0125863
-0.0117041
-0.0106175
-0.0094036
-0.0082644
-0.0072506
-0.0063039
-0.0054682
-0.0048027
-0.0042870
-0.0039465
-0.0037130
-0.0034295
-0.0031020
-0.0027007
-0.0021499
-0.0014532
-0.0006790
0.0002071
0.0011528
0.0020554
0.0028151
0.0033881
0.0037414
0.0038493
0.0038511
0.0038354
0.0037371
0.0036036
0.0034731
0.0033490
0.0032894
0.0032302
0.0031372
0.0029725
0.0028001
0.0027108
0.0026956
0.0027247
0.0027201
0.0026947
0.0028068
0.0029777
0.0028724
0.0025287
0.0021713
0.0017387
0.0011104
0.0003615
-0.0004086
-0.0012568
-0.0022333
-0.0032691
-0.0042857
-0.0053101
-0.0063604
-0.0073677
-0.0081759
-0.0087970
-0.0092290
-0.0094690
-0.0095931
-0.0095848
-0.0094998
-0.0093727
-0.0092577
-0.0091605
-0.0090871
-0.0090261
-0.0089999
-0.0090538
-0.0091430
-0.0092345
-0.0093329
-0.0094661
-0.0097103
-0.0100895
-0.0105463
-0.0109807
-0.0114057
-0.0118301
-0.0122000
-0.0124651
-0.0125684
-0.0124834
-0.0122963
-0.0121448
-0.0120906
-0.0121011
-0.0121664
-0.0124120
-0.0128363
-0.0132224
-0.0135420
-0.0139514
-0.0143818
-0.0146821
-0.0149140
-0.0151005
-0.0153171
-0.0155546
-0.0156944
-0.0157671
-0.0159183
-0.0161581
-0.0163249
-0.0163373
-0.0161674
-0.0158673
-0.0154645
-0.0149675
-0.0144301
-0.0139318
-0.0134532
-0.0129594
-0.0124125
-0.0119254
-0.0115097
-0.0111302
-0.0108623
-0.0107492
-0.0107055
-0.0106790
-0.0107033
-0.0107431
-0.0106281
-0.0103649
-0.0099721
-0.0094405
-0.0087764
-0.0080491
-0.0073056
-0.0065746
-0.0059549
-0.0055510
-0.0052958
-0.0051579
-0.0051041
-0.0051351
-0.0052364
-0.0054089
-0.0055896
-0.0056966
-0.0057992
-0.0059638
-0.0062255
-0.0066252
-0.0070301
-0.0073991
-0.0077864
-0.0081468
-0.0084646
-0.0087090
-0.0088439
-0.0088881
-0.0089313
-0.0090774
-0.0093790
-0.0097567
-0.0101646
-0.0106184
-0.0110535
-0.0114101
-0.0116971
-0.0117934
-0.0117268
-0.0116101
-0.0114201
-0.0110972
-0.0106947
-0.0103940
-0.0101690
-0.0099889
-0.0098444
-0.0097000
-0.0096350
-0.0096505
-0.0097213
-0.0097859
-0.0097764
-0.0097421
-0.0097873
-0.0098971
-0.0099329
-0.0099981
-0.0102206
-0.0104718
-0.0106506
-0.0108166
-0.0109967
-0.0111651
-0.0113006
-0.0113819
-0.0114321
-0.0114591
-0.0115263
-0.0116809
-0.0118402
-0.0119750
-0.0121366
-0.0122994
-0.0124148
-0.0125057
-0.0125412
-0.0124486
-0.0122726
-0.0121076
-0.0119303
-0.0116179
-0.0112144
-0.0107532
-0.0102202
-0.0096596
-0.0090324
-0.0083065
-0.0075897
-0.0069088
-0.0062047
-0.0056354
-0.0052210
-0.0048991
-0.0047007
-0.0047396
-0.0049550
-0.0052276
-0.0055352
-0.0058825
-0.0062637
-0.0067194
-0.0071574
-0.0075464
-0.0079043
-0.0082914
-0.0086703
-0.0089887
-0.0092739
-0.0095461
-0.0098331
-0.0101040
-0.0102774
-0.0103676
-0.0103868
-0.0104251
-0.0105029
-0.0104998
-0.0103553
-0.0102028
-0.0101252
-0.0100169
-0.0098495
-0.0096797
-0.0095176
-0.0093350
-0.0090468
-0.0086375
-0.0081834
-0.0077631
-0.0073929
-0.0070960
-0.0069052
-0.0068558
-0.0069677
-0.0071517
-0.0073957
-0.0077346
-0.0081207
-0.0084705
-0.0087854
-0.0090130
-0.0091050
-0.0090812
-0.0089571
-0.0087905
-0.0085446
-0.0081983
-0.0078572
-0.0075432
-0.0072533
-0.0069590
-0.0066624
-0.0063652
-0.0060268
-0.0056345
-0.0052451
-0.0049356
-0.0046680
-0.0044449
-0.0043077
-0.0042468
-0.0041855
-0.0041647
-0.0042450
-0.0043578
-0.0044485
-0.0045431
-0.0045967
-0.0046046
-0.0045588
-0.0044625
-0.0043357
-0.0041653
-0.0038797
-0.0035499
-0.0033180
-0.0032139
-0.0030610
-0.0028313
-0.0026974
-0.0027573
-0.0029521
-0.0032090
-0.0034887
-0.0037691
-0.0039919
-0.0041504
-0.0041988
-0.0040777
-0.0037730
-0.0033470
-0.0028707
-0.0023593
-0.0018059
-0.0012866
-0.0008125
-0.0003297
0.0001736
0.0006229
0.0010119
0.0013650
0.0017070
0.0020187
0.0023055
0.0025333
0.0026535
0.0027065
0.0027425
0.0026962
0.0025635
0.0024019
0.0022807
0.0021819
0.0020257
0.0018347
0.0016517
0.0015531
0.0015920
0.0016841
0.0017904
0.0019087
0.0020721
0.0023248
0.0025889
0.0028048
0.0029911
0.0031584
0.0032761
0.0033070
0.0032766
0.0032922
0.0033371
0.0033705
0.0033662
0.0033359
0.0032971
0.0032494
0.0032061
0.0031758
0.0031301
0.0031233
0.0032673
0.0035339
0.0038822
0.0042900
0.0046637
0.0050511
0.0054932
0.0058953
0.0062339
0.0065624
0.0069328
0.0073124
0.0076807
0.0080638
0.0084661
0.0088967
0.0093136
0.0096840
0.0099592
0.0102077
0.0104460
0.0106311
0.0107716
0.0108734
0.0109279
0.0110164
0.0111039
0.0111301
0.0110980
0.0110357
0.0109114
0.0106687
0.0103281
0.0099324
0.0095743
0.0092631
0.0089383
0.0086412
0.0084456
0.0083437
0.0082873
0.0081673
0.0079866
0.0077579
0.0074978
0.0072293
0.0069264
0.0066458
0.0064312
0.0062359
0.0060557
0.0059689
0.0059726
0.0060088
0.0060381
0.0061390
0.0062992
0.0064018
0.0064571
0.0064658
0.0063559
0.0061830
0.0059994
0.0058093
0.0056525
0.0055151
0.0053496
0.0052167
0.0051317
0.0050463
0.0049586
0.0049012
0.0047707
0.0045350
0.0042956
0.0040849
0.0038819
0.0037002
0.0035537
0.0034792
0.0034576
0.0034123
0.0033360
0.0032977
0.0032137
0.0029792
0.0026275
0.0021818
0.0016473
0.0010319
0.0004138
-0.0001400
-0.0005774
-0.0008888
-0.0010943
-0.0011887
-0.0011718
-0.0011089
-0.0010293
-0.0009261
-0.0008452
-0.0008075
-0.0007655
-0.0007216
-0.0006918
-0.0006260
-0.0004980
-0.0003541
-0.0001772
0.0000411
0.0002558
0.0004439
0.0005928
0.0007308
0.0008659
0.0010319
0.0012619
0.0015220
0.0018097
0.0021481
0.0025673
0.0029689
0.0032147
0.0033093
0.0033438
0.0032802
0.0030620
0.0027437
0.0024546
0.0022474
0.0020876
0.0020147
0.0020653
0.0022016
0.0023414
0.0024437
0.0024890
0.0024629
0.0023789
0.0022377
0.0020569
0.0018618
0.0017128
0.0015757
0.0014050
0.0012317
0.0010430
0.0008629
0.0007172
0.0006087
0.0005188
0.0004370
0.0003880
0.0003969
0.0004614
0.0005331
0.0006084
0.0007281
0.0009134
0.0011150
0.0013066
0.0015153
0.0017098
0.0018750
0.0019850
0.0020087
0.0019736
0.0018718
0.0016803
0.0014100
0.0010977
0.0007687
0.0004191
0.0000638
-0.0002446
-0.0005139
-0.0007455
-0.0009294
-0.0011073
-0.0012923
-0.0014602
-0.0016239
-0.0018072
-0.0019953
-0.0021731
-0.0023165
-0.0023970
-0.0023985
-0.0023369
-0.0022361
-0.0021137
-0.0019797
-0.0018035
-0.0016362
-0.0015296
-0.0014795
-0.0014617
-0.0014339
-0.0014059
-0.0014237
-0.0014657
-0.0014735
-0.0014249
-0.0013427
-0.0012514
-0.0011431
-0.0010326
-0.0009416
-0.0008636
-0.0007930
-0.0007270
-0.0006902
-0.0006702
-0.0006408
-0.0005744
-0.0004515
-0.0002918
-0.0001196
0.0000353
0.0001680
0.0002826
0.0003453
0.0003600
0.0003843
0.0004244
0.0004462
0.0004529
0.0004865
0.0005325
0.0005431
0.0005275
0.0004623
0.0003479
0.0001532
-0.0001627
-0.0005546
-0.0009256
-0.0012679
-0.0016055
-0.0018951
-0.0020827
-0.0021568
-0.0021606
-0.0021276
-0.0020553
-0.0019326
-0.0018055
-0.0017344
-0.0017343
-0.0017832
-0.0018509
-0.0019287
-0.0020304
-0.0021347
-0.0022165
-0.0022710
-0.0022993
-0.0023256
-0.0023671
-0.0023898
-0.0023633
-0.0023245
-0.0022952
-0.0022571
-0.0021923
-0.0020936
-0.0020146
-0.0019930
-0.0020089
-0.0020538
-0.0021226
-0.0022291
-0.0023658
-0.0024834
-0.0025472
-0.0025684
-0.0025683
-0.0025334
-0.0024653
-0.0023874
-0.0023257
-0.0022945
-0.0022816
-0.0022777
-0.0022912
-0.0023351
-0.0023978
-0.0024446
-0.0024669
-0.0024691
-0.0024374
-0.0023714
-0.0022835
-0.0021761
-0.0020576
-0.0019339
-0.0017844
-0.0016107
-0.0014393
-0.0012600
-0.0010797
-0.0009336
-0.0008298
-0.0007479
-0.0006920
-0.0006716
-0.0006730
-0.0006803
-0.0006738
-0.0006603
-0.0006317
-0.0005609
-0.0004419
-0.0002597
-0.0000447
0.0001532
0.0003343
0.0005044
0.0006509
0.0007867
0.0009245
0.0010575
0.0011788
0.0013005
0.0014375
0.0015895
0.0017364
0.0018598
0.0019795
0.0020991
0.0022001
0.0022789
0.0023527
0.0024360
0.0025355
0.0026755
0.0028659
0.0030806
0.0032968
0.0035020
0.0036845
0.0038565
0.0040121
0.0041168
0.0041677
0.0041895
0.0042032
0.0042174
0.0042244
0.0042265
0.0042354
0.0042609
0.0042940
0.0043214
0.0043524
0.0043936
0.0044343
0.0044671
0.0045053
0.0045486
0.0045775
0.0046042
0.0046306
0.0046342
0.0046178
0.0045896
0.0045653
0.0045469
0.0045143
0.0044642
0.0044299
0.0044074
0.0043816
0.0043592
0.0043519
0.0043597
0.0043821
0.0044101
0.0044366
0.0044530
0.0044467
0.0044277
0.0044213
0.0044192
0.0043790
0.0042950
0.0041990
0.0041016
0.0039917
0.0038659
0.0037396
0.0036252
0.0035321
0.0034703
0.0034342
0.0034130
0.0034010
0.0033902
0.0033762
0.0033586
0.0033224
0.0032728
0.0032131
0.0031417
0.0030599
0.0029800
0.0029098
0.0028457
0.0027902
0.0027426
0.0026924
0.0026315
0.0025725
0.0025076
0.0024354
0.0023763
0.0023463
0.0023405
0.0023478
0.0023611
0.0023875
0.0024238
0.0024474
0.0024436
0.0024116
0.0023487
0.0022589
0.0021498
0.0020411
0.0019384
0.0018422
0.0017595
0.0016907
0.0016388
0.0015931
0.0015446
0.0014980
0.0014502
0.0014031
0.0013607
0.0013253
0.0013062
0.0013051
0.0013196
0.0013587
0.0014200
0.0014817
0.0015337
0.0015797
0.0016153
0.0016297
0.0016278
0.0016147
0.0015929
0.0015700
0.0015518
0.0015306
0.0015155
0.0015103
0.0015015
0.0014852
0.0014736
0.0014645
0.0014485
0.0014318
0.0014240
0.0014210
0.0014171
0.0014157
0.0014224
0.0014294
0.0014247
0.0014063
0.0013830
0.0013595
0.0013367
0.0013096
0.0012789
0.0012509
0.0012263
0.0011998
0.0011731
0.0011493
0.0011291
0.0011092
0.0010918
0.0010725
0.0010425
0.0010081
0.0009790
0.0009525
0.0009228
0.0008897
0.0008592
0.0008323
0.0008033
0.0007759
0.0007487
0.0007184
0.0006904
0.0006706
0.0006545
0.0006346
0.0006179
0.0006119
0.0006124
0.0006174
0.0006312
0.0006523
0.0006752
0.0006978
0.0007163
0.0007299
0.0007386
0.0007416
0.0007382
0.0007268
0.0007102
0.0006906
0.0006652
0.0006294
0.0005853
0.0005364
0.0004814
0.0004284
0.0003790
0.0003289
0.0002736
0.0002155
0.0001600
0.0001124
0.0000763
0.0000541
0.0000431
0.0000388
0.0000385
0.0000389
0.0000382
0.0000323
0.0000155
-0.0000095
-0.0000389
-0.0000720
-0.0001093
-0.0001492
-0.0001860
-0.0002159
-0.0002435
-0.0002704
-0.0002895
-0.0003019
-0.0003201
-0.0003402
-0.0003540
-0.0003669
-0.0003844
-0.0003986
-0.0004024
-0.0004011
-0.0003984
-0.0003894
-0.0003752
-0.0003616
-0.0003488
-0.0003386
-0.0003323
-0.0003320
-0.0003381
-0.0003478
-0.0003594
-0.0003738
-0.0003911
-0.0004086
-0.0004241
-0.0004373
-0.0004450
-0.0004502
-0.0004558
-0.0004629
-0.0004730
-0.0004838
-0.0004944
-0.0005060
-0.0005225
-0.0005422
-0.0005579
-0.0005704
-0.0005837
-0.0005980
-0.0006100
-0.0006201
-0.0006309
-0.0006411
-0.0006497
-0.0006566
-0.0006626
-0.0006665
-0.0006667
-0.0006662
-0.0006678
-0.0006701
-0.0006714
-0.0006743
-0.0006787
-0.0006841
-0.0006913
-0.0007002
-0.0007088
-0.0007141
-0.0007172
-0.0007185
-0.0007162
-0.0007070
-0.0006926
-0.0006768
-0.0006587
-0.0006396
-0.0006230
-0.0006091
-0.0005975
-0.0005907
-0.0005884
-0.0005883
-0.0005894
-0.0005918
-0.0005945
-0.0005981
-0.0006043
-0.0006116
-0.0006193
-0.0006274
-0.0006351
-0.0006409
-0.0006445
-0.0006470
-0.0006485
-0.0006475
-0.0006439
-0.0006402
-0.0006373
-0.0006357
-0.0006364
-0.0006400
-0.0006453
-0.0006520
-0.0006600
-0.0006681
-0.0006745
-0.0006792
-0.0006826
-0.0006851
-0.0006861
-0.0006856
-0.0006849
-0.0006843
-0.0006841
-0.0006838
-0.0006833
-0.0006831
-0.0006816
-0.0006791
-0.0006761
-0.0006719
-0.0006659
-0.0006593
-0.0006531
-0.0006475
-0.0006434
-0.0006406
-0.0006382
-0.0006367
-0.0006364
-0.0006371
-0.0006375
-0.0006373
-0.0006375
-0.0006380
-0.0006376
-0.0006358
-0.0006340
-0.0006324
-0.0006304
-0.0006276
-0.0006238
-0.0006195
-0.0006149
-0.0006099
-0.0006039
-0.0005967
-0.0005891
-0.0005814
-0.0005735
-0.0005659
-0.0005583
-0.0005509
-0.0005436
-0.0005360
-0.0005281
-0.0005203
-0.0005122
-0.0005040
-0.0004965
-0.0004897
-0.0004830
-0.0004763
-0.0004697
-0.0004627
-0.0004548
-0.0004463
-0.0004375
-0.0004284
-0.0004187
-0.0004086
-0.0003990
-0.0003899
-0.0003816
-0.0003741
-0.0003673
-0.0003608
-0.0003544
-0.0003484
-0.0003429
-0.0003377
-0.0003329
-0.0003283
-0.0003242
-0.0003207
-0.0003181
-0.0003164
-0.0003151
-0.0003142
-0.0003135
-0.0003134
-0.0003135
-0.0003134
-0.0003128
-0.0003121
-0.0003113
-0.0003103
-0.0003089
-0.0003072
-0.0003054
-0.0003032
-0.0003009
-0.0002986
-0.0002960
-0.0002933
-0.0002905
-0.0002877
-0.0002846
-0.0002813
-0.0002779
-0.0002743
-0.0002706
-0.0002666
-0.0002624
-0.0002579
-0.0002533
-0.0002486
-0.0002439
-0.0002392
-0.0002346
-0.0002302
-0.0002260
-0.0002221
-0.0002182
-0.0002146
-0.0002113
-0.0002082
-0.0002053
-0.0002024
-0.0001995
-0.0001966
-0.0001935
-0.0001904
-0.0001871
-0.0001836
-0.0001801
-0.0001765
-0.0001727
-0.0001690
-0.0001653
-0.0001618
-0.0001585
-0.0001553
-0.0001521
-0.0001492
-0.0001464
-0.0001436
-0.0001409
-0.0001383
-0.0001356
-0.0001329
-0.0001302
-0.0001274
-0.0001246
-0.0001218
-0.0001191
-0.0001164
-0.0001137
-0.0001111
-0.0001086
-0.0001062
-0.0001038
-0.0001014
-0.0000990
-0.0000966
-0.0000942
-0.0000917
-0.0000892
-0.0000867
-0.0000841
-0.0000815
-0.0000790
-0.0000764
-0.0000739
-0.0000713
-0.0000688
-0.0000662
-0.0000636
-0.0000611
-0.0000587
-0.0000562
-0.0000539
-0.0000516
-0.0000494
-0.0000472
-0.0000452
-0.0000431
-0.0000411
-0.0000391
-0.0000372
-0.0000352
-0.0000332
-0.0000313
-0.0000293
-0.0000274
-0.0000255
-0.0000236
-0.0000217
-0.0000198
-0.0000180
-0.0000162
-0.0000143
-0.0000125
-0.0000107
-0.0000090
-0.0000072
-0.0000054
-0.0000037
-0.0000020
-0.0000002
0.0000015
0.0000033
0.0000050
0.0000067
0.0000084
0.0000101
0.0000117
0.0000134
0.0000150
0.0000166
0.0000183
0.0000199
0.0000214
0.0000230
0.0000246
0.0000261
0.0000276
0.0000292
0.0000307
0.0000322
0.0000336
0.0000351
0.0000366
0.0000380
0.0000395
0.0000409
0.0000423
0.0000437
0.0000451
0.0000465
0.0000478
0.0000492
0.0000505
0.0000518
0.0000532
0.0000545
0.0000558
0.0000570
0.0000583
0.0000596
0.0000608
0.0000620
0.0000633
0.0000645
0.0000657
0.0000668
0.0000680
0.0000692
0.0000703
0.0000715
0.0000726
0.0000737
0.0000748
0.0000759
0.0000770
0.0000781
0.0000792
0.0000802
