0.0000014
0.0000013
0.0000012
0.0000012
0.0000013
0.0000013
0.0000012
0.0000012
0.0000013
0.0000013
0.0000012
0.0000012
0.0000013
0.0000012
0.0000012
0.0000011
0.0000011
0.0000012
0.0000013
0.0000012
0.0000011
0.0000011
0.0000010
0.0000011
0.0000011
0.0000009
0.0000009
0.0000011
0.0000011
0.0000009
0.0000011
0.0000014
0.0000013
0.0000011
0.0000012
0.0000012
0.0000011
0.0000012
0.0000012
0.0000010
0.0000005
0.0000005
0.0000011
0.0000014
0.0000011
0.0000010
0.0000013
0.0000015
0.0000016
0.0000014
0.0000008
0.0000002
0.0000007
0.0000014
0.0000013
0.0000004
0.0000000
0.0000003
0.0000000
-0.0000004
0.0000001
0.0000011
0.0000017
0.0000020
0.0000013
-0.0000004
-0.0000000
0.0000020
0.0000018
-0.0000005
-0.0000009
-0.0000002
-0.0000000
0.0000001
0.0000011
0.0000023
0.0000023
0.0000007
-0.0000013
-0.0000011
-0.0000005
-0.0000005
-0.0000002
0.0000002
-0.0000020
-0.0000037
-0.0000010
0.0000019
0.0000013
0.0000003
-0.0000002
0.0000001
0.0000014
-0.0000000
-0.0000013
0.0000003
0.0000021
0.0000014
-0.0000018
-0.0000041
-0.0000040
-0.0000031
-0.0000013
0.0000007
-0.0000001
-0.0000022
-0.0000017
-0.0000015
-0.0000024
-0.0000033
-0.0000020
0.0000005
-0.0000001
-0.0000032
-0.0000030
0.0000007
0.0000039
0.0000057
0.0000018
-0.0000047
-0.0000065
-0.0000029
0.0000017
0.0000003
-0.0000096
-0.0000112
-0.0000021
0.0000015
-0.0000034
-0.0000046
-0.0000004
0.0000013
0.0000004
-0.0000012
-0.0000039
-0.0000070
-0.0000059
-0.0000082
-0.0000062
0.0000022
0.0000032
-0.0000023
-0.0000037
-0.0000010
-0.0000027
-0.0000058
-0.0000060
-0.0000019
0.0000013
0.0000044
0.0000049
0.0000016
-0.0000076
-0.0000154
-0.0000085
0.0000019
0.0000066
0.0000055
-0.0000002
-0.0000082
-0.0000065
-0.0000012
-0.0000039
-0.0000106
-0.0000088
-0.0000074
-0.0000023
0.0000078
0.0000119
0.0000055
-0.0000022
-0.0000033
-0.0000055
-0.0000071
-0.0000053
-0.0000050
-0.0000085
-0.0000072
-0.0000006
-0.0000022
-0.0000159
-0.0000199
-0.0000059
-0.0000017
-0.0000017
-0.0000052
-0.0000054
0.0000045
0.0000069
-0.0000083
-0.0000203
-0.0000101
0.0000005
-0.0000023
-0.0000072
-0.0000056
0.0000001
-0.0000011
-0.0000044
-0.0000035
-0.0000068
-0.0000141
-0.0000225
-0.0000127
-0.0000069
-0.0000264
-0.0000345
-0.0000239
-0.0000126
-0.0000170
-0.0000219
-0.0000211
-0.0000188
-0.0000112
-0.0000095
-0.0000015
0.0000041
0.0000006
-0.0000098
-0.0000110
0.0000009
0.0000072
-0.0000007
-0.0000088
-0.0000104
-0.0000130
-0.0000116
-0.0000072
-0.0000055
-0.0000069
-0.0000056
0.0000016
0.0000080
0.0000057
0.0000008
0.0000033
-0.0000040
-0.0000188
-0.0000335
-0.0000212
0.0000108
0.0000156
-0.0000073
-0.0000099
0.0000037
0.0000061
0.0000093
0.0000115
0.0000065
-0.0000047
-0.0000065
0.0000086
0.0000162
0.0000047
-0.0000128
-0.0000099
-0.0000076
-0.0000237
-0.0000273
-0.0000197
-0.0000118
-0.0000088
-0.0000063
-0.0000033
-0.0000110
-0.0000243
-0.0000395
-0.0000332
-0.0000134
0.0000078
0.0000060
-0.0000073
-0.0000022
0.0000046
-0.0000078
-0.0000077
0.0000044
0.0000009
-0.0000164
-0.0000370
-0.0000398
-0.0000308
-0.0000240
-0.0000219
-0.0000306
-0.0000233
0.0000003
-0.0000004
-0.0000151
-0.0000020
0.0000067
-0.0000122
-0.0000376
-0.0000309
-0.0000095
-0.0000047
-0.0000081
0.0000011
0.0000122
0.0000139
0.0000041
-0.0000140
-0.0000113
-0.0000069
-0.0000201
-0.0000205
0.0000050
0.0000255
0.0000119
-0.0000037
-0.0000060
0.0000046
0.0000061
-0.0000146
-0.0000356
-0.0000535
-0.0000466
-0.0000396
-0.0000484
-0.0000616
-0.0000411
-0.0000024
0.0000293
0.0000392
0.0000159
-0.0000179
-0.0000163
0.0000003
0.0000026
-0.0000180
-0.0000229
0.0000014
0.0000194
0.0000171
0.0000076
-0.0000065
-0.0000155
-0.0000163
-0.0000092
-0.0000061
-0.0000350
-0.0000527
-0.0000327
-0.0000300
-0.0000460
-0.0000257
0.0000074
0.0000243
0.0000077
-0.0000214
-0.0000284
0.0000126
0.0000401
-0.0000011
-0.0000347
-0.0000286
-0.0000284
-0.0000401
-0.0000208
0.0000146
0.0000085
0.0000039
0.0000024
-0.0000241
-0.0000803
-0.0001113
-0.0000577
0.0000333
0.0000435
-0.0000059
-0.0000511
-0.0000528
-0.0000516
-0.0000509
-0.0000327
-0.0000363
-0.0000542
-0.0000269
0.0000018
-0.0000053
-0.0000189
-0.0000141
0.0000047
-0.0000038
-0.0000279
-0.0000217
-0.0000010
0.0000591
0.0000674
-0.0000198
-0.0000619
-0.0000219
0.0000114
-0.0000089
-0.0000171
-0.0000027
0.0000086
0.0000025
0.0000059
0.0000137
0.0000051
-0.0000099
-0.0000406
-0.0000175
0.0000204
-0.0000399
-0.0000824
-0.0000212
0.0000282
-0.0000094
-0.0000416
-0.0000319
-0.0000251
-0.0000031
0.0000073
-0.0000383
-0.0000486
-0.0000030
0.0000009
-0.0000713
-0.0001212
-0.0000811
-0.0000456
-0.0000341
-0.0000085
0.0000245
-0.0000015
-0.0000341
-0.0000336
-0.0000227
0.0000193
0.0000392
0.0000046
-0.0000208
-0.0000021
-0.0000020
-0.0000360
-0.0000465
-0.0000525
-0.0000781
-0.0000799
-0.0000613
-0.0000356
0.0000164
0.0000166
-0.0000346
-0.0000583
-0.0000652
-0.0000443
-0.0000204
-0.0000376
-0.0000584
-0.0000325
0.0000190
0.0000336
0.0000085
-0.0000070
-0.0000211
-0.0000085
-0.0000076
-0.0000230
0.0000010
0.0000091
0.0000133
-0.0000060
-0.0000149
-0.0000433
-0.0000684
-0.0000122
0.0000476
0.0000576
-0.0000048
-0.0000205
-0.0000095
0.0000001
0.0000036
0.0000086
-0.0000011
-0.0000122
0.0000097
0.0000220
-0.0000216
-0.0000381
-0.0000066
-0.0000156
-0.0000294
-0.0000008
0.0000065
-0.0000072
-0.0000067
-0.0000250
-0.0000447
-0.0000439
-0.0000086
0.0000055
-0.0000067
0.0000021
-0.0000061
-0.0000432
-0.0000464
-0.0000203
-0.0000037
0.0000113
-0.0000139
-0.0000673
-0.0000418
0.0000034
0.0000035
0.0000120
0.0000251
0.0000136
0.0000036
0.0000119
0.0000232
-0.0000327
-0.0000818
-0.0000812
-0.0000393
-0.0000478
-0.0000557
-0.0000347
-0.0000313
0.0000056
0.0000672
0.0000709
0.0000364
0.0000251
0.0000344
0.0000333
-0.0000161
-0.0000858
-0.0000827
-0.0000477
-0.0000351
-0.0000489
-0.0000359
0.0000189
0.0000411
0.0000229
0.0000154
-0.0000317
-0.0000364
0.0000082
0.0000700
0.0000898
0.0000250
-0.0000267
-0.0000120
-0.0000236
-0.0000318
-0.0000068
-0.0000214
-0.0000512
-0.0000531
-0.0000098
0.0000166
0.0000252
0.0000363
0.0000423
0.0000320
0.0000057
0.0000122
0.0000313
-0.0000094
-0.0001006
-0.0001078
-0.0000148
0.0000235
-0.0000033
-0.0000107
-0.0000328
-0.0000423
-0.0000290
0.0000025
0.0000295
-0.0000263
-0.0000518
-0.0000507
-0.0000848
-0.0000994
0.0000019
0.0000842
0.0000653
0.0000232
-0.0000182
-0.0000503
0.0000073
0.0001266
0.0001308
-0.0000081
-0.0000697
0.0000023
0.0000759
0.0000638
-0.0000402
-0.0000660
-0.0000342
0.0000048
-0.0000145
-0.0000918
-0.0000868
-0.0000416
-0.0000656
-0.0000225
0.0000589
0.0000355
-0.0000028
-0.0000581
-0.0000735
-0.0000028
0.0000980
0.0000696
-0.0000266
-0.0000499
-0.0000247
-0.0000025
0.0000051
-0.0000326
-0.0000533
-0.0000208
0.0000304
0.0000660
0.0000775
0.0000266
-0.0000313
-0.0000470
-0.0000591
-0.0000376
0.0000040
-0.0000234
-0.0000338
0.0000413
0.0000251
-0.0000814
-0.0000769
-0.0000330
-0.0000385
-0.0000458
0.0000207
0.0000504
0.0000254
-0.0000097
-0.0000276
-0.0000261
-0.0000115
0.0000169
0.0000073
-0.0000130
0.0000064
0.0000076
-0.0000190
-0.0000409
-0.0000728
-0.0000990
-0.0000922
-0.0000353
0.0000261
0.0000178
-0.0000342
-0.0000730
-0.0000439
0.0000226
0.0000097
-0.0000600
-0.0000771
-0.0000603
-0.0000593
-0.0000883
-0.0000308
0.0000504
0.0000396
0.0000123
-0.0000055
-0.0000179
-0.0000258
0.0000006
0.0000482
0.0000270
0.0000059
-0.0000545
-0.0000792
-0.0000110
0.0000644
0.0000116
-0.0000689
-0.0000726
-0.0000035
0.0000218
-0.0000131
-0.0000321
-0.0000248
-0.0000044
0.0000115
-0.0000184
-0.0000038
0.0000759
0.0001463
0.0000739
-0.0000228
-0.0000095
0.0000158
-0.0000214
-0.0000612
-0.0000189
0.0000167
-0.0000192
-0.0000812
-0.0001236
-0.0001237
-0.0000242
0.0000671
0.0000195
-0.0000704
-0.0001047
-0.0001202
-0.0000219
0.0000611
0.0000470
0.0000200
0.0000445
-0.0000065
-0.0001129
-0.0001575
-0.0000692
0.0000302
0.0000048
-0.0000137
-0.0000115
-0.0000604
-0.0000975
-0.0000565
-0.0000064
-0.0000039
-0.0000188
-0.0000325
-0.0000487
0.0000053
0.0000602
0.0000412
0.0000051
-0.0000165
0.0000358
0.0000710
0.0000799
0.0000247
-0.0000657
-0.0000557
0.0000262
0.0000352
-0.0000264
-0.0000763
-0.0000547
0.0000003
0.0000394
0.0000182
-0.0000199
-0.0000276
-0.0000037
0.0000206
-0.0000243
-0.0000522
-0.0000386
-0.0000385
-0.0000021
0.0000269
0.0000508
0.0000325
-0.0000591
-0.0000628
-0.0000331
-0.0000397
-0.0000527
-0.0000051
0.0000238
-0.0000042
-0.0000237
-0.0000418
-0.0001007
-0.0000622
0.0000751
0.0000572
-0.0001001
-0.0001045
0.0000284
0.0000325
-0.0000878
-0.0000191
0.0002233
0.0002303
-0.0000351
-0.0001423
-0.0000277
0.0000711
0.0000361
-0.0000373
-0.0000881
-0.0000794
-0.0000103
-0.0000002
0.0000175
0.0000446
-0.0000255
-0.0001113
-0.0000981
0.0000094
0.0000178
-0.0000811
-0.0000682
-0.0000353
-0.0000674
-0.0000298
0.0000676
0.0000451
-0.0000124
-0.0000337
0.0000057
0.0000382
0.0000548
0.0000749
0.0000684
0.0000210
-0.0000444
-0.0001113
-0.0000829
-0.0000058
-0.0000115
-0.0001009
-0.0000802
0.0000358
0.0000534
0.0000065
0.0000067
-0.0000434
-0.0001310
-0.0000815
0.0000455
0.0000560
0.0000047
0.0000180
0.0000172
-0.0000471
-0.0000308
0.0000805
0.0000839
-0.0000271
-0.0001281
-0.0000630
0.0000958
0.0000814
-0.0000529
-0.0000879
-0.0000561
-0.0000097
0.0000542
0.0001049
0.0001250
0.0000564
-0.0000051
0.0000084
-0.0000226
-0.0001190
-0.0001960
-0.0000896
0.0001054
0.0000680
-0.0001572
-0.0002119
-0.0001022
-0.0000446
0.0000024
0.0000373
-0.0001060
-0.0001757
-0.0001193
-0.0000476
-0.0000342
-0.0000310
0.0000089
0.0000425
-0.0000048
-0.0000635
-0.0001063
-0.0000515
0.0000411
0.0000118
-0.0000250
0.0000421
0.0000962
0.0000374
-0.0000617
-0.0000032
0.0001796
0.0001257
-0.0000472
-0.0000861
0.0000287
0.0000941
0.0000039
-0.0000422
0.0000431
0.0001033
0.0000474
0.0000087
0.0000806
0.0000690
-0.0000246
-0.0000386
-0.0000463
-0.0000085
0.0000441
0.0000633
0.0000450
0.0000545
0.0000895
0.0000885
0.0000318
0.0000010
0.0000388
0.0000426
0.0000177
0.0000359
0.0000367
0.0000174
0.0000504
0.0000835
0.0000435
0.0000017
0.0000595
0.0001110
-0.0000106
-0.0000863
-0.0000253
0.0000258
0.0000133
0.0000046
0.0000567
0.0000540
-0.0000995
-0.0000993
0.0000580
-0.0000006
-0.0001705
-0.0001442
0.0000278
0.0000677
-0.0000341
-0.0000457
0.0000445
0.0000743
0.0000670
0.0000717
0.0000381
0.0000128
0.0000273
-0.0000024
-0.0000432
-0.0000404
0.0000083
0.0000253
0.0000684
0.0000697
-0.0000004
-0.0000576
-0.0000624
-0.0000807
-0.0001041
-0.0001954
-0.0001620
0.0000150
0.0001099
0.0001033
0.0000263
-0.0000032
-0.0000034
0.0000292
0.0000409
0.0000140
-0.0000005
0.0000040
0.0000238
0.0000441
0.0000098
0.0000289
0.0000704
-0.0000125
-0.0001419
-0.0001187
0.0000400
0.0001251
0.0000437
-0.0000225
0.0001055
0.0001778
0.0000416
-0.0001181
-0.0001016
-0.0000160
0.0000504
0.0000227
-0.0000733
-0.0000169
0.0000795
0.0000538
0.0000332
-0.0000292
-0.0000532
-0.0000034
0.0000269
0.0000178
-0.0000065
-0.0000392
-0.0000133
0.0000483
-0.0000107
-0.0001187
-0.0000807
0.0000227
0.0000171
-0.0000694
-0.0000275
0.0000395
-0.0000419
-0.0001739
-0.0001103
0.0000246
0.0000801
0.0000818
-0.0000031
-0.0000396
-0.0000461
0.0000069
0.0000607
0.0001010
0.0001272
0.0000263
-0.0000661
0.0000134
0.0001128
0.0000614
-0.0000445
-0.0000554
-0.0000282
-0.0000148
-0.0000432
-0.0000526
0.0000248
0.0000752
0.0000882
0.0000978
0.0001098
0.0000579
-0.0000947
-0.0001207
-0.0000284
0.0000623
0.0000495
-0.0000202
0.0000246
0.0000886
0.0000147
-0.0001014
-0.0001326
-0.0000362
0.0001197
0.0002155
0.0001284
-0.0000130
-0.0000624
-0.0000296
-0.0000164
-0.0000104
0.0000264
0.0000710
0.0000598
-0.0000081
-0.0000981
-0.0001297
-0.0000972
0.0000237
0.0001172
0.0000595
-0.0000049
0.0001138
0.0002079
0.0001581
0.0000144
-0.0000401
0.0000042
0.0000490
0.0000695
0.0000748
0.0001083
0.0000863
0.0000054
-0.0000463
-0.0000475
-0.0000672
-0.0000487
0.0000661
0.0001993
0.0000696
-0.0001232
-0.0000890
0.0000816
0.0000899
0.0000468
0.0000805
0.0001235
0.0000690
-0.0000964
-0.0001102
0.0000121
0.0000093
-0.0001619
-0.0001341
0.0000504
0.0000500
-0.0000685
-0.0001067
-0.0000337
0.0000882
0.0000495
-0.0000576
-0.0000554
-0.0000172
0.0000051
0.0000120
-0.0000581
-0.0001525
-0.0001289
-0.0001163
-0.0001371
-0.0001659
-0.0001158
0.0000140
0.0000997
0.0000876
0.0000518
0.0000156
0.0000362
0.0000830
0.0001411
0.0001539
0.0000945
-0.0000015
-0.0000368
-0.0000033
0.0000970
0.0000922
-0.0000130
-0.0000383
0.0000477
0.0000902
-0.0000805
-0.0001343
0.0000143
0.0000826
-0.0000508
-0.0000321
0.0001401
0.0001413
0.0000380
0.0000480
0.0001197
0.0001252
0.0000546
0.0000213
0.0000617
0.0000814
0.0000759
0.0000621
0.0000810
0.0001037
0.0000625
0.0000286
0.0000580
0.0000659
0.0000162
-0.0000213
0.0000287
0.0000688
0.0000005
-0.0001251
-0.0001317
-0.0001120
-0.0000417
0.0001091
0.0002492
0.0002251
0.0000239
-0.0000710
0.0000598
0.0001352
0.0001038
0.0000924
0.0000988
0.0000614
0.0000156
0.0000244
0.0000605
-0.0000030
-0.0001323
-0.0001470
0.0000043
0.0000912
0.0000356
-0.0000420
-0.0000105
0.0000779
0.0000791
0.0000353
0.0000574
0.0000138
-0.0001552
-0.0001265
0.0000803
0.0001588
0.0000722
-0.0000266
-0.0000944
-0.0001012
-0.0000391
0.0000417
0.0000416
0.0000293
0.0000031
0.0000204
0.0001172
0.0000861
-0.0000611
-0.0000997
-0.0000679
-0.0000540
-0.0000960
-0.0000286
0.0000671
0.0000348
-0.0000609
-0.0000005
0.0001266
0.0001539
0.0001039
0.0000679
0.0001247
0.0001347
0.0000341
0.0000274
0.0000972
0.0000722
-0.0000256
-0.0000040
0.0000955
0.0000394
0.0000119
0.0000819
0.0000849
0.0000169
-0.0000388
-0.0000023
0.0001025
0.0001844
0.0001357
0.0000149
-0.0000010
0.0000094
0.0000070
0.0000302
0.0000887
0.0001020
0.0000165
-0.0000348
-0.0000689
-0.0001492
-0.0001296
0.0000168
0.0001776
0.0001972
0.0000579
0.0000201
0.0000893
0.0000847
0.0000133
-0.0000517
-0.0000487
0.0000424
0.0000748
0.0000512
0.0000213
-0.0000681
-0.0000369
0.0000783
0.0001636
0.0001443
0.0000646
0.0000517
0.0000536
0.0000458
0.0000521
0.0000247
0.0000485
0.0000997
0.0000840
0.0000774
0.0000933
0.0000754
0.0000773
0.0000969
0.0000622
0.0000183
-0.0000019
-0.0000096
0.0000359
0.0000733
0.0000910
0.0001105
0.0001028
0.0000657
0.0000693
0.0001119
0.0000737
-0.0000868
-0.0001063
0.0000237
0.0001064
0.0000688
0.0000079
0.0000314
0.0001188
0.0001045
0.0000321
0.0000568
0.0000905
0.0000360
-0.0000158
-0.0000968
-0.0000792
0.0000159
0.0000733
0.0001327
0.0001227
0.0000005
-0.0000954
-0.0000632
0.0000347
0.0000200
-0.0000695
-0.0000659
0.0000126
-0.0000115
-0.0000916
-0.0001578
-0.0000068
0.0001655
0.0001497
0.0000398
-0.0000023
-0.0000184
-0.0001073
-0.0000762
0.0000670
0.0000829
-0.0000177
-0.0000253
0.0000679
0.0000693
-0.0000178
-0.0000447
-0.0000140
0.0000625
0.0001124
0.0000670
0.0000250
0.0000672
0.0001249
0.0001015
0.0000048
-0.0000534
-0.0000782
-0.0000377
0.0000400
0.0000877
0.0000624
0.0000181
0.0000007
-0.0000229
0.0000027
0.0000910
0.0002037
0.0002041
-0.0000037
-0.0000702
0.0000536
0.0001548
0.0001161
0.0000309
-0.0000583
-0.0000516
0.0000316
0.0000907
0.0000621
0.0000280
0.0000322
-0.0000321
-0.0000481
-0.0000023
-0.0000041
-0.0000105
0.0000290
0.0000538
-0.0000181
0.0000035
0.0000822
0.0000369
-0.0000192
-0.0000088
-0.0000252
-0.0000530
-0.0000191
0.0000320
0.0000242
-0.0000233
-0.0000328
0.0000009
0.0000927
0.0000894
-0.0000055
0.0000346
0.0001488
0.0001219
-0.0000219
-0.0001226
-0.0000112
0.0000764
0.0000326
-0.0001041
-0.0000695
0.0001117
0.0001490
0.0000616
-0.0000057
0.0000008
-0.0000050
0.0000286
-0.0000023
-0.0000727
-0.0001207
-0.0000422
0.0000468
0.0000986
0.0000295
-0.0000364
0.0000721
0.0001802
0.0001872
0.0001230
0.0000297
-0.0000510
-0.0000675
-0.0000103
0.0000363
0.0000342
0.0000196
0.0000080
-0.0000235
-0.0000105
-0.0000032
-0.0000332
0.0000172
0.0000150
0.0000159
0.0000555
0.0000713
0.0000133
-0.0000313
-0.0000332
-0.0000140
-0.0000179
0.0000048
0.0000820
0.0001172
0.0000868
0.0001273
0.0001803
0.0001035
0.0000180
0.0000321
0.0000049
-0.0000515
-0.0000404
-0.0000175
0.0000002
0.0000233
0.0000151
-0.0000204
-0.0000533
-0.0001167
-0.0000802
0.0000379
0.0000873
0.0000318
-0.0000017
-0.0000443
-0.0000273
0.0000901
0.0001610
0.0000466
-0.0000897
-0.0000860
-0.0000112
-0.0000003
-0.0000057
0.0000170
0.0000331
0.0000170
-0.0000251
-0.0000024
0.0000717
0.0000869
0.0000842
0.0000953
0.0000369
-0.0000739
-0.0000751
-0.0000222
0.0000140
0.0000258
0.0000507
0.0001071
0.0000406
-0.0000459
-0.0000140
-0.0000101
0.0000165
0.0000491
0.0000405
-0.0000044
-0.0000739
-0.0000500
0.0000271
0.0000472
0.0000281
-0.0000064
-0.0000697
-0.0000356
0.0000616
0.0000263
-0.0000449
0.0000265
0.0001207
0.0000600
-0.0001019
-0.0001997
-0.0001876
-0.0000585
0.0000524
0.0000292
-0.0000718
-0.0000574
0.0000285
0.0000781
0.0001361
0.0001412
0.0000662
-0.0000147
-0.0000905
-0.0000900
-0.0000049
0.0000149
-0.0001365
-0.0002316
-0.0000923
0.0000894
0.0001512
0.0000499
-0.0000218
-0.0000037
0.0000105
0.0000357
0.0000155
0.0000117
0.0000676
0.0000756
0.0000451
0.0000752
0.0000992
0.0000261
-0.0000196
0.0000272
0.0000662
-0.0000326
-0.0000857
0.0000222
0.0000915
0.0000240
-0.0000702
-0.0000086
0.0000723
0.0000678
0.0000769
0.0000932
-0.0000121
-0.0001561
-0.0000878
0.0001004
0.0001425
0.0000099
-0.0000945
-0.0000449
0.0000931
0.0000647
-0.0000478
-0.0000608
-0.0000693
-0.0000704
-0.0000080
0.0000327
-0.0000030
-0.0000108
0.0000253
0.0000546
0.0001039
0.0001703
0.0001627
0.0001087
-0.0000044
-0.0001435
-0.0000227
0.0001777
0.0002205
0.0001334
0.0000368
0.0000104
0.0000149
-0.0000248
-0.0000441
0.0000350
0.0000535
-0.0000636
-0.0001081
-0.0000171
0.0000682
0.0000805
0.0000113
-0.0000144
0.0000066
0.0000083
0.0000290
0.0000284
0.0000349
0.0000116
-0.0000024
0.0000223
0.0000239
0.0000091
0.0000934
0.0001501
0.0000788
0.0000198
0.0000457
0.0000125
-0.0000377
0.0000233
0.0000616
-0.0000028
-0.0000098
0.0000546
0.0000347
0.0000046
0.0000821
0.0001557
0.0000524
-0.0000602
0.0000329
0.0001716
0.0001261
0.0000124
-0.0000056
0.0000274
0.0000396
0.0000022
-0.0000830
-0.0000991
0.0000141
0.0001413
0.0001293
0.0000531
0.0000137
0.0000810
0.0001009
0.0000364
0.0000053
-0.0000052
-0.0000609
-0.0000483
0.0000228
0.0000352
-0.0000186
-0.0000186
0.0000102
0.0000176
0.0000821
0.0001097
0.0000594
-0.0000505
-0.0000442
0.0000665
0.0000882
0.0000287
0.0000178
0.0000567
0.0000119
-0.0000585
-0.0000258
0.0000094
-0.0000391
0.0000055
0.0001147
0.0001448
0.0001043
0.0000416
0.0000266
0.0000645
0.0000791
0.0000483
-0.0000429
-0.0000781
-0.0000670
0.0000530
0.0002066
0.0001533
0.0000132
-0.0000177
0.0000347
0.0000962
0.0001198
0.0001145
0.0000941
0.0000624
0.0000482
0.0000158
0.0000325
0.0000495
0.0000437
0.0000584
0.0000684
0.0000335
-0.0000908
-0.0001071
-0.0000471
-0.0000194
0.0000490
0.0000812
-0.0000248
-0.0000541
0.0000754
0.0001670
0.0000343
-0.0001179
-0.0000370
0.0000745
0.0000442
-0.0000520
-0.0000669
0.0000351
0.0000398
-0.0001071
-0.0001096
0.0000147
0.0000721
0.0000987
0.0001389
0.0001057
0.0000740
0.0000833
0.0000588
0.0000169
0.0000081
0.0000196
0.0000239
0.0000312
0.0000661
0.0000439
-0.0000130
-0.0000075
-0.0000481
-0.0001018
-0.0000395
0.0001491
0.0001980
0.0000533
-0.0000550
0.0000217
0.0001160
0.0000871
0.0000636
0.0000823
0.0000721
0.0000602
0.0000543
0.0000750
0.0001082
0.0000881
0.0000223
0.0000717
0.0001288
0.0000802
0.0000675
0.0001294
0.0000708
-0.0000595
0.0000293
0.0001941
0.0001684
0.0000336
-0.0000358
-0.0000304
0.0000559
0.0001724
0.0001767
0.0000307
-0.0000753
-0.0001270
-0.0001292
0.0000269
0.0002063
0.0001364
-0.0000617
-0.0001156
-0.0000384
0.0000151
0.0000818
0.0000545
-0.0000750
-0.0000842
0.0000193
0.0000980
0.0001253
0.0001322
0.0000859
0.0000600
0.0000895
0.0000945
0.0000791
0.0001492
0.0001483
-0.0000092
-0.0000821
0.0000474
0.0001040
0.0000396
0.0000147
-0.0000124
-0.0000071
0.0000224
-0.0000293
-0.0000070
0.0000786
0.0000652
0.0000154
0.0000451
0.0001155
0.0001561
0.0001429
0.0001229
0.0000503
-0.0000613
-0.0000964
-0.0000215
0.0000697
0.0000530
0.0000371
0.0001156
0.0000738
-0.0000511
-0.0001235
-0.0000556
0.0000756
0.0001102
0.0000412
-0.0000283
-0.0000315
0.0000771
0.0001204
-0.0000078
-0.0000924
-0.0000063
0.0000716
0.0000696
0.0000360
0.0000649
0.0001395
0.0001405
0.0000777
0.0000385
0.0000858
0.0000494
-0.0000886
-0.0000866
0.0000676
0.0001724
0.0001531
0.0001078
0.0000864
0.0001327
0.0001123
0.0000333
-0.0000276
0.0000024
0.0000461
0.0000675
0.0000850
0.0000642
-0.0000193
-0.0000527
0.0000107
0.0001036
0.0000887
0.0000398
-0.0000038
-0.0000497
-0.0000590
-0.0000150
0.0001089
0.0001235
0.0000385
-0.0000587
-0.0000962
-0.0000306
0.0000438
-0.0000133
-0.0000917
-0.0000937
-0.0001577
-0.0001929
-0.0000835
0.0000353
0.0000817
0.0000875
0.0000606
-0.0000220
-0.0000257
0.0000810
0.0000969
0.0000613
0.0000402
0.0000072
0.0000492
0.0000617
-0.0000051
-0.0000702
-0.0000476
-0.0000234
-0.0000729
-0.0000228
0.0000741
0.0000682
0.0000360
0.0000009
-0.0000611
-0.0001290
-0.0001852
-0.0000828
0.0001127
0.0001619
0.0000799
0.0000003
-0.0000186
-0.0000043
-0.0000122
-0.0000399
0.0000138
0.0000904
0.0000943
-0.0000025
-0.0000794
0.0000494
0.0001130
0.0000228
-0.0000519
-0.0000535
0.0000133
0.0000495
0.0000600
0.0000783
0.0000740
0.0000476
0.0001000
0.0001529
0.0000603
-0.0000736
-0.0000604
0.0000536
0.0001097
0.0000768
0.0000106
-0.0000115
0.0000455
0.0000550
-0.0000504
-0.0000404
0.0000627
0.0000302
-0.0000948
-0.0000602
0.0000049
-0.0000968
-0.0001642
0.0000193
0.0001849
0.0000975
-0.0000372
-0.0000459
-0.0000131
-0.0000664
-0.0001423
-0.0000914
0.0000024
0.0000165
0.0000022
0.0000279
0.0000412
0.0000525
0.0000997
0.0001799
0.0001307
0.0000059
0.0000715
0.0001385
0.0000506
-0.0000414
-0.0000201
0.0000059
-0.0000926
-0.0000824
0.0000229
0.0000677
0.0000476
0.0000700
0.0000404
-0.0000547
-0.0000694
-0.0000041
0.0000522
0.0000171
-0.0000661
-0.0000512
0.0000342
0.0000432
-0.0000247
-0.0000517
0.0000281
0.0000343
0.0000099
-0.0000110
-0.0000546
-0.0000539
-0.0000134
-0.0000255
-0.0000921
-0.0000355
0.0000843
0.0000726
-0.0000754
-0.0001213
-0.0000813
-0.0000690
-0.0000196
0.0000821
0.0000741
-0.0000118
-0.0000249
0.0000078
-0.0000586
-0.0000859
-0.0000282
0.0000209
0.0000416
0.0000314
0.0000209
-0.0000541
-0.0001423
-0.0001201
-0.0000964
-0.0000593
-0.0000374
-0.0000903
-0.0000973
-0.0000613
-0.0000276
0.0000064
0.0000396
0.0000402
0.0000343
0.0000408
0.0000941
0.0001061
0.0000146
-0.0000767
-0.0000752
-0.0000514
-0.0000445
-0.0000697
-0.0000916
-0.0000456
-0.0000376
-0.0001369
-0.0001392
-0.0000495
0.0000447
0.0000941
0.0000517
-0.0000892
-0.0001335
0.0000042
0.0000891
0.0000006
-0.0000793
-0.0000628
0.0000153
0.0000501
0.0000433
0.0000162
-0.0000254
-0.0000499
-0.0000120
-0.0000164
-0.0000131
0.0000966
0.0001668
0.0000600
-0.0000700
-0.0000153
0.0000562
-0.0000436
-0.0000984
-0.0000312
0.0000139
0.0000122
0.0000277
0.0000350
0.0000507
0.0000765
0.0000838
0.0000667
0.0000030
-0.0000671
-0.0000700
-0.0000671
-0.0000947
-0.0000837
0.0000027
0.0000402
-0.0000243
-0.0001077
-0.0000329
0.0000667
0.0000057
-0.0000367
0.0000746
0.0000896
-0.0001142
-0.0002110
-0.0001025
0.0000515
0.0001078
0.0000843
0.0000667
0.0000736
0.0000799
0.0000674
-0.0000083
-0.0001032
-0.0000501
0.0000278
0.0000146
-0.0000115
0.0000383
0.0000389
-0.0001090
-0.0001397
-0.0000135
0.0000471
-0.0000460
-0.0000538
0.0000100
0.0000362
0.0001264
0.0002525
0.0001993
0.0000539
-0.0000231
-0.0000229
-0.0000104
0.0000013
0.0000294
0.0000453
0.0000808
0.0000261
-0.0000977
-0.0000632
0.0000090
-0.0000435
-0.0001090
-0.0000520
0.0000215
-0.0000649
-0.0001401
-0.0000715
0.0000203
0.0000305
-0.0000885
-0.0001419
-0.0000988
-0.0001272
-0.0001345
-0.0001022
-0.0000034
0.0000908
0.0000751
-0.0000327
-0.0000547
0.0000138
0.0000069
0.0000145
0.0000426
-0.0000117
-0.0000670
-0.0000625
0.0000193
0.0000791
0.0000442
0.0000354
0.0000317
-0.0000629
-0.0001191
-0.0001187
-0.0000898
-0.0000987
-0.0000847
-0.0000722
-0.0000674
0.0000112
0.0000905
0.0000859
0.0000142
-0.0000153
0.0000258
0.0000435
0.0000495
0.0000724
0.0000688
0.0000322
-0.0000008
-0.0000899
-0.0001336
-0.0000470
0.0000545
0.0000304
-0.0000554
0.0000043
0.0000828
-0.0000687
-0.0002076
-0.0001748
-0.0000550
0.0000153
-0.0000128
-0.0000519
-0.0000444
-0.0000991
-0.0000424
0.0001224
0.0001259
0.0000239
0.0001161
0.0001632
-0.0000212
-0.0001830
-0.0001011
0.0000569
0.0000588
-0.0000058
0.0000218
0.0000724
0.0000338
-0.0000215
-0.0000432
-0.0000207
0.0000714
-0.0000048
-0.0001267
-0.0000732
0.0000392
-0.0000215
-0.0001241
-0.0000050
0.0001205
0.0000573
-0.0000360
-0.0000385
-0.0000179
-0.0000627
-0.0000982
-0.0000789
-0.0001062
-0.0001329
-0.0001121
-0.0000794
-0.0000464
-0.0000638
-0.0000881
-0.0000509
-0.0000013
0.0000128
0.0000490
0.0000439
-0.0000507
-0.0000857
-0.0001247
-0.0001004
-0.0000026
0.0000608
0.0000336
-0.0000298
-0.0000811
-0.0000940
-0.0000406
-0.0000244
-0.0000673
-0.0000065
-0.0000065
-0.0001296
-0.0001378
-0.0000010
0.0000619
-0.0000197
-0.0001078
-0.0000815
-0.0001017
-0.0001198
-0.0001234
-0.0001199
-0.0000608
0.0000745
0.0001406
0.0000732
-0.0000166
0.0000335
0.0000418
-0.0000727
-0.0000318
0.0001141
0.0001226
0.0000812
0.0000340
0.0000028
0.0000283
0.0000283
-0.0000043
-0.0000206
-0.0000097
-0.0000189
-0.0000403
-0.0000272
-0.0000509
-0.0000622
-0.0001211
-0.0000941
0.0000448
0.0000915
0.0000006
-0.0000086
0.0000734
0.0000939
0.0000370
0.0000317
0.0000640
0.0000345
-0.0000156
-0.0000354
-0.0000674
-0.0001005
-0.0000962
-0.0000136
0.0000736
-0.0000412
-0.0001703
-0.0000533
0.0000971
0.0000532
-0.0000725
-0.0000586
0.0000054
-0.0001009
-0.0001698
-0.0000425
0.0001280
0.0001497
0.0000442
-0.0000957
-0.0000936
-0.0000350
-0.0000628
-0.0000469
-0.0000376
-0.0000739
-0.0000041
0.0001932
0.0002066
0.0000066
-0.0001292
0.0000042
0.0001293
0.0000613
-0.0000491
-0.0000559
0.0000288
-0.0000062
-0.0000054
0.0000963
0.0000824
0.0000137
0.0000663
0.0000983
-0.0000208
-0.0001161
-0.0000673
0.0000065
-0.0000034
-0.0000731
-0.0001155
-0.0000940
-0.0000355
0.0000151
0.0000208
-0.0000810
-0.0001242
0.0000004
0.0000974
0.0000574
0.0000424
0.0001144
0.0001173
0.0000250
-0.0000480
-0.0000703
-0.0000420
-0.0000054
-0.0000147
-0.0000474
0.0000064
0.0000625
-0.0000189
-0.0001162
-0.0001376
-0.0001284
-0.0000802
-0.0000488
-0.0000318
0.0000007
0.0000436
0.0000060
-0.0000939
-0.0000373
0.0000496
-0.0000364
-0.0000961
0.0000044
0.0001426
0.0000683
-0.0000429
-0.0000019
0.0000378
0.0000173
0.0000230
0.0000088
-0.0000527
-0.0000565
-0.0000143
0.0000163
0.0000269
-0.0000247
-0.0000264
0.0000746
0.0000518
-0.0000978
-0.0001264
-0.0000495
0.0000179
-0.0000142
-0.0000485
-0.0000332
-0.0000831
-0.0001811
-0.0001514
-0.0000947
-0.0000487
0.0000021
0.0000722
0.0001242
0.0000650
-0.0000098
0.0000395
0.0001124
0.0000174
-0.0001068
-0.0000515
0.0001072
0.0001478
0.0000722
-0.0000028
-0.0000357
-0.0000703
-0.0000922
-0.0000363
0.0000554
0.0001115
0.0000948
-0.0000441
-0.0000983
-0.0000423
-0.0000214
0.0000180
0.0000765
0.0000815
0.0000188
-0.0000143
0.0000356
0.0000894
0.0000762
0.0000141
-0.0000285
0.0000035
0.0000833
0.0000791
0.0000200
-0.0000460
-0.0000543
-0.0000161
-0.0000145
-0.0000690
-0.0001162
-0.0000755
0.0000436
-0.0000058
-0.0001845
-0.0001509
-0.0000570
-0.0001413
-0.0001281
-0.0000359
-0.0000190
-0.0000561
-0.0000907
-0.0001269
-0.0000177
0.0000551
-0.0000273
-0.0000563
0.0000348
0.0001051
0.0000697
-0.0000365
-0.0000519
0.0000292
0.0000544
0.0000641
0.0000929
-0.0000091
-0.0001251
-0.0000034
0.0000974
-0.0000335
-0.0001236
-0.0000727
0.0000378
0.0000863
0.0000165
-0.0000727
-0.0000862
-0.0001238
-0.0001876
-0.0001823
-0.0000574
0.0000477
0.0000354
0.0001212
0.0002375
0.0001530
-0.0000578
-0.0001131
0.0000370
0.0000907
-0.0000075
-0.0000781
0.0000001
0.0000827
0.0000536
0.0000326
0.0000548
0.0000063
-0.0001447
-0.0002558
-0.0001493
0.0000582
0.0000540
-0.0000321
-0.0000001
0.0000323
0.0000146
0.0000227
0.0000196
-0.0000071
-0.0000327
-0.0000608
-0.0000587
-0.0000693
-0.0000979
-0.0000963
-0.0000412
-0.0000113
-0.0000477
-0.0000412
0.0000449
0.0000740
-0.0000048
-0.0000059
0.0000599
0.0000423
-0.0000041
0.0000287
0.0000849
0.0000908
0.0000743
0.0000571
0.0000281
0.0000387
0.0000627
0.0000149
-0.0000809
-0.0000995
-0.0000153
-0.0000075
-0.0000373
-0.0000549
-0.0000998
-0.0001078
-0.0000962
-0.0000220
0.0000055
-0.0001040
-0.0001306
-0.0000594
-0.0001334
-0.0001599
-0.0000764
-0.0000356
-0.0000918
-0.0000998
-0.0000602
-0.0000257
0.0000181
0.0000990
0.0001138
0.0000044
-0.0001368
-0.0001575
-0.0000893
0.0000042
0.0000957
0.0000799
0.0000586
0.0000975
0.0000780
0.0000335
0.0000171
0.0000124
-0.0000944
-0.0001678
-0.0000523
0.0000724
0.0001124
0.0000484
-0.0000096
0.0000058
-0.0000059
0.0000165
0.0000608
0.0000461
0.0000408
0.0000585
0.0000263
-0.0000167
-0.0000381
-0.0000452
-0.0000234
-0.0000682
-0.0000674
0.0000357
0.0000905
0.0000324
-0.0000415
-0.0000748
-0.0000448
-0.0000304
-0.0000966
-0.0000774
0.0000298
0.0000608
0.0000397
-0.0000167
-0.0001097
-0.0000799
0.0000220
0.0000158
0.0000099
0.0000658
0.0000576
-0.0000703
-0.0001031
-0.0000359
-0.0000443
-0.0000893
-0.0000713
-0.0000622
-0.0000709
0.0000327
0.0001596
0.0000812
-0.0000145
-0.0000025
0.0000584
0.0000881
0.0000806
0.0000477
-0.0000562
-0.0001528
-0.0000859
0.0000571
0.0001114
0.0000689
0.0000164
0.0000200
0.0000213
-0.0000236
-0.0000450
0.0000255
0.0000418
0.0000661
0.0000855
0.0000393
0.0000416
0.0001030
0.0000402
-0.0001031
-0.0000587
0.0000795
0.0001008
0.0000142
-0.0000622
-0.0001347
-0.0001063
0.0000405
0.0001061
0.0000639
-0.0000485
-0.0000775
-0.0000726
-0.0000228
0.0000293
0.0000325
-0.0000453
-0.0000956
-0.0000149
-0.0000019
-0.0001403
-0.0001443
-0.0000357
-0.0000236
-0.0000357
0.0000410
0.0001362
0.0001138
0.0000096
-0.0000531
-0.0000742
0.0000018
0.0001752
0.0001212
-0.0001220
-0.0001659
0.0000576
0.0001917
0.0000888
-0.0000061
-0.0000119
0.0000034
0.0000426
0.0000617
0.0000313
0.0000183
-0.0000142
-0.0001356
-0.0001805
-0.0000984
-0.0001533
-0.0001924
-0.0000602
0.0000388
-0.0000371
-0.0000574
0.0000148
0.0000311
-0.0000831
-0.0001730
-0.0001477
-0.0000099
0.0001111
0.0001320
0.0000332
-0.0000811
-0.0000605
0.0000462
0.0000889
-0.0000029
-0.0001154
-0.0000485
0.0000869
0.0000721
-0.0000812
-0.0001170
-0.0000019
0.0001055
0.0000905
0.0000661
0.0000447
0.0000430
0.0000436
-0.0000423
-0.0000736
0.0000827
0.0001792
0.0001412
0.0000912
0.0000912
0.0000348
-0.0000854
-0.0000886
0.0000692
0.0000638
-0.0000211
0.0000443
0.0001050
0.0000312
-0.0000312
0.0000157
0.0000942
0.0001044
-0.0000043
-0.0000892
-0.0000762
-0.0000120
-0.0000218
-0.0000778
-0.0001414
-0.0001383
-0.0000534
-0.0000145
-0.0000443
-0.0000198
0.0000134
-0.0000209
-0.0000628
-0.0000424
-0.0000744
-0.0000718
0.0000259
0.0001029
0.0001413
0.0001202
-0.0000184
-0.0001140
-0.0000083
0.0001130
0.0000161
-0.0001342
-0.0001390
-0.0000358
0.0000613
0.0000702
0.0000210
0.0000083
0.0000192
0.0000158
-0.0000261
-0.0000181
0.0000196
0.0000106
-0.0000732
-0.0000575
0.0000057
-0.0000108
-0.0000758
-0.0000690
-0.0000459
-0.0001009
-0.0000979
-0.0000275
-0.0000123
-0.0000530
-0.0000189
-0.0000219
-0.0001475
-0.0001447
-0.0000284
0.0000164
-0.0000157
-0.0000102
0.0000814
0.0001063
0.0000307
0.0000129
0.0000602
0.0000712
-0.0000011
-0.0000951
-0.0001192
-0.0000548
-0.0000314
-0.0001031
-0.0001045
-0.0000121
0.0000019
-0.0001775
-0.0002176
-0.0000241
0.0000276
-0.0001252
-0.0001379
-0.0000861
-0.0000406
0.0000357
0.0000838
0.0000800
0.0000639
0.0000643
0.0000682
0.0000708
0.0000313
-0.0000856
-0.0001056
-0.0000306
0.0000052
-0.0000275
-0.0000639
-0.0000252
-0.0000615
-0.0001977
-0.0001919
-0.0000648
-0.0000275
-0.0000321
0.0000163
0.0000012
-0.0001166
-0.0001786
-0.0001306
0.0000389
0.0001295
0.0001196
0.0001205
0.0000549
0.0000335
0.0000303
-0.0000219
-0.0000769
-0.0000755
-0.0000501
0.0000017
0.0000313
0.0000221
-0.0000382
-0.0000609
-0.0000265
-0.0000203
-0.0000283
0.0001263
0.0002914
0.0001826
-0.0000850
-0.0001929
-0.0000576
0.0000716
0.0000660
-0.0001410
-0.0002860
-0.0001533
0.0000398
0.0001176
0.0000363
-0.0000950
-0.0001244
-0.0000661
-0.0000574
-0.0001282
-0.0002041
-0.0001035
0.0001014
0.0001370
0.0000321
-0.0000300
-0.0000985
-0.0001534
-0.0001560
-0.0000653
0.0000557
0.0000744
-0.0000422
-0.0000965
0.0000378
0.0001221
0.0000383
-0.0000450
-0.0000269
0.0000374
0.0000375
0.0000639
0.0001206
0.0000027
-0.0001127
-0.0000899
0.0000236
0.0000569
-0.0000702
-0.0001092
-0.0000596
-0.0000606
0.0000063
0.0000486
-0.0000110
-0.0000822
-0.0000656
-0.0000020
0.0000559
0.0000541
-0.0000327
-0.0000674
-0.0000412
-0.0000510
-0.0000401
0.0000355
0.0000642
-0.0000359
-0.0001173
-0.0000706
-0.0000035
0.0000109
0.0000267
-0.0000230
-0.0001568
-0.0001416
-0.0000080
0.0000667
0.0000133
-0.0000780
-0.0000568
0.0000202
0.0000023
0.0000035
0.0000607
0.0000893
0.0000630
0.0000056
-0.0000416
-0.0000723
-0.0000529
-0.0000276
-0.0000551
-0.0000555
-0.0000233
0.0000064
0.0000075
-0.0000774
-0.0000831
0.0000076
-0.0000172
-0.0000832
-0.0000404
-0.0000184
-0.0000365
-0.0000284
-0.0000374
-0.0001281
-0.0002001
-0.0001287
0.0000023
0.0000130
0.0000107
0.0000499
0.0000183
-0.0000648
-0.0000686
-0.0000157
-0.0000105
-0.0000719
-0.0001068
-0.0000425
0.0000448
0.0000367
-0.0000187
-0.0000200
0.0000435
0.0000541
-0.0001065
-0.0002430
-0.0001790
-0.0001179
-0.0000383
-0.0000071
-0.0000744
-0.0000744
-0.0000527
0.0000305
0.0000550
0.0000154
-0.0000225
-0.0000972
-0.0000384
-0.0000048
-0.0000545
-0.0000200
0.0000116
-0.0000519
-0.0001304
-0.0001509
-0.0000752
0.0000156
0.0000540
0.0000351
0.0000286
0.0000159
-0.0000094
-0.0000091
0.0000589
0.0000975
-0.0000163
-0.0000537
0.0000121
0.0000608
0.0000007
-0.0001028
-0.0000549
0.0000389
0.0000625
0.0000038
-0.0000589
-0.0000115
0.0000039
-0.0000904
-0.0000907
0.0000753
0.0002378
0.0001683
0.0000624
-0.0000116
-0.0000924
-0.0000378
0.0000922
0.0001412
0.0000430
-0.0000956
-0.0000968
0.0000334
0.0000341
-0.0000418
-0.0000328
0.0000483
0.0000806
0.0000342
0.0000168
-0.0000026
-0.0000462
-0.0000018
0.0000669
0.0000238
-0.0000503
0.0000809
0.0003074
0.0002267
-0.0000460
-0.0001223
-0.0000163
0.0000509
-0.0000210
-0.0000673
-0.0000468
-0.0000267
0.0000552
0.0001119
0.0000745
0.0000014
-0.0000711
-0.0001542
-0.0000678
0.0000432
-0.0000407
-0.0001046
-0.0000297
0.0000388
0.0000195
0.0000893
0.0001025
-0.0000614
-0.0001093
0.0000077
0.0000511
-0.0000220
-0.0000633
0.0000305
0.0000647
-0.0000047
-0.0000424
-0.0000502
-0.0001163
-0.0001495
-0.0001086
-0.0000107
0.0000770
0.0000285
-0.0000025
0.0000645
0.0001473
0.0001619
0.0000997
0.0000541
0.0000446
0.0000143
-0.0000388
-0.0000546
0.0000466
0.0000948
-0.0000422
-0.0001750
-0.0001166
-0.0000017
-0.0000150
-0.0000938
-0.0000145
0.0000438
-0.0000288
-0.0000181
0.0000161
-0.0001047
-0.0001286
0.0000307
0.0001462
0.0000654
-0.0000296
-0.0000155
-0.0000112
-0.0000018
0.0000167
0.0000316
0.0000115
-0.0000244
-0.0000293
-0.0000343
-0.0000518
-0.0000132
0.0000064
-0.0000940
-0.0001947
-0.0001192
-0.0000585
-0.0001188
-0.0002548
-0.0001435
0.0000826
0.0001220
0.0000122
-0.0000602
-0.0000906
-0.0000662
0.0000056
-0.0000740
-0.0001220
-0.0000417
-0.0000026
-0.0000392
-0.0000300
-0.0000306
-0.0000416
-0.0000018
0.0000936
0.0001093
0.0000200
-0.0000524
-0.0001010
-0.0001432
-0.0000533
0.0001435
0.0001650
0.0000323
-0.0000123
0.0000040
0.0000087
0.0000112
-0.0000212
-0.0000080
0.0000093
0.0000043
0.0000200
0.0000280
0.0000068
-0.0000847
-0.0000730
0.0000772
0.0001496
0.0001309
0.0000614
-0.0000551
-0.0001411
-0.0001711
-0.0001160
-0.0000171
-0.0001047
-0.0002723
-0.0002017
-0.0000337
0.0000211
-0.0000732
-0.0001014
-0.0000271
-0.0000151
-0.0001031
-0.0000997
-0.0000428
-0.0000952
-0.0001339
-0.0000738
-0.0000530
-0.0000820
-0.0000475
0.0000510
0.0000605
-0.0000564
-0.0000714
-0.0000254
0.0000475
0.0001013
0.0000174
-0.0000628
-0.0000030
0.0001505
0.0001671
0.0001022
0.0001482
0.0002014
0.0001785
0.0001464
0.0001500
0.0001360
0.0000655
0.0000785
0.0001522
0.0001783
0.0001439
0.0000995
0.0000996
0.0001096
0.0001007
0.0000485
-0.0000252
-0.0001326
-0.0000785
0.0000548
0.0000453
-0.0000288
-0.0000847
-0.0001650
-0.0001292
-0.0000580
-0.0001802
-0.0003551
-0.0003743
-0.0003035
-0.0001676
-0.0000411
-0.0000826
-0.0002844
-0.0004022
-0.0003125
-0.0001501
-0.0001345
-0.0002330
-0.0002361
-0.0001319
-0.0000708
-0.0000867
-0.0000847
0.0000160
0.0000517
-0.0001016
-0.0001026
0.0001135
0.0001414
0.0000359
0.0001180
0.0002593
0.0002366
0.0001644
0.0001840
0.0002015
0.0001819
0.0001973
0.0001572
0.0000106
-0.0000231
0.0000352
-0.0000188
-0.0000941
0.0000075
0.0001707
0.0001160
-0.0000412
-0.0001208
-0.0001005
-0.0000774
-0.0001563
-0.0001967
-0.0001626
-0.0001566
-0.0002357
-0.0002263
-0.0001497
-0.0001428
-0.0002367
-0.0002143
-0.0001014
-0.0000535
-0.0000127
0.0001032
0.0001995
0.0002562
0.0002981
0.0003372
0.0004591
0.0004946
0.0003788
0.0003364
0.0004628
0.0005465
0.0005835
0.0005445
0.0004521
0.0004304
0.0004331
0.0004012
0.0003243
0.0002550
0.0002313
0.0001504
0.0000816
0.0000444
-0.0000212
-0.0001357
-0.0002524
-0.0003064
-0.0003828
-0.0004310
-0.0004041
-0.0003915
-0.0004131
-0.0004040
-0.0004410
-0.0004576
-0.0004470
-0.0004705
-0.0004810
-0.0003276
-0.0002069
-0.0002970
-0.0003156
-0.0002105
-0.0001472
-0.0001029
0.0000319
0.0002208
0.0003536
0.0004225
0.0004964
0.0005383
0.0004556
0.0004226
0.0004847
0.0005087
0.0004332
0.0003204
0.0002251
0.0001462
0.0000348
-0.0001262
-0.0001863
-0.0001609
-0.0002462
-0.0004355
-0.0006095
-0.0007339
-0.0007715
-0.0008634
-0.0009525
-0.0010051
-0.0010862
-0.0011005
-0.0010006
-0.0009124
-0.0009508
-0.0009116
-0.0007283
-0.0006381
-0.0005755
-0.0004461
-0.0003250
-0.0002142
-0.0000934
-0.0000809
0.0000265
0.0002619
0.0003287
0.0002568
0.0002080
0.0002693
0.0003973
0.0004159
0.0003140
0.0002851
0.0004493
0.0006427
0.0007225
0.0007503
0.0008882
0.0010117
0.0009361
0.0008673
0.0008270
0.0006561
0.0005129
0.0004218
0.0002909
0.0001125
-0.0001079
-0.0002508
-0.0002709
-0.0002729
-0.0004201
-0.0005863
-0.0006318
-0.0005425
-0.0003491
-0.0002782
-0.0003557
-0.0002597
-0.0001339
-0.0000346
0.0000964
0.0001591
0.0002310
0.0003589
0.0004126
0.0004078
0.0004285
0.0004745
0.0004533
0.0003499
0.0002405
0.0001420
0.0000147
-0.0001122
-0.0002144
-0.0003384
-0.0004591
-0.0005641
-0.0006605
-0.0007132
-0.0008175
-0.0009711
-0.0010163
-0.0008496
-0.0007560
-0.0009513
-0.0011829
-0.0011583
-0.0010240
-0.0010049
-0.0010875
-0.0011225
-0.0010694
-0.0010464
-0.0010106
-0.0009075
-0.0008475
-0.0008659
-0.0008622
-0.0005738
-0.0002116
-0.0001010
-0.0000956
0.0000717
0.0002797
0.0002915
0.0002763
0.0003930
0.0005484
0.0005666
0.0005256
0.0006056
0.0007466
0.0007787
0.0007156
0.0006659
0.0005940
0.0005890
0.0006391
0.0005695
0.0002928
-0.0000483
-0.0003011
-0.0004330
-0.0005915
-0.0008691
-0.0010313
-0.0010939
-0.0011982
-0.0013195
-0.0014413
-0.0014793
-0.0013955
-0.0012395
-0.0011282
-0.0009611
-0.0007065
-0.0004398
-0.0001774
0.0000474
0.0001851
0.0003936
0.0007294
0.0009798
0.0010435
0.0011158
0.0013507
0.0015934
0.0016064
0.0015402
0.0015993
0.0016990
0.0017239
0.0018065
0.0019573
0.0020545
0.0020473
0.0019706
0.0019227
0.0018965
0.0018000
0.0016072
0.0013247
0.0011036
0.0009009
0.0006903
0.0005148
0.0002903
0.0000448
-0.0001460
-0.0003147
-0.0005307
-0.0007247
-0.0008193
-0.0009614
-0.0011930
-0.0013116
-0.0013187
-0.0013911
-0.0013871
-0.0012414
-0.0011253
-0.0009695
-0.0008302
-0.0008186
-0.0007151
-0.0004342
-0.0001863
-0.0001940
-0.0001368
0.0000748
0.0002408
0.0003345
0.0003740
0.0003518
0.0001983
-0.0000642
-0.0002631
-0.0004264
-0.0005877
-0.0008961
-0.0013585
-0.0017086
-0.0019090
-0.0021207
-0.0023912
-0.0026180
-0.0026327
-0.0025063
-0.0024281
-0.0024440
-0.0023708
-0.0020316
-0.0016762
-0.0013291
-0.0008963
-0.0004512
0.0000198
0.0005298
0.0010173
0.0014114
0.0016712
0.0018581
0.0020837
0.0023594
0.0025263
0.0025964
0.0025034
0.0023297
0.0022142
0.0021875
0.0021152
0.0019088
0.0016621
0.0014469
0.0012152
0.0010210
0.0007809
0.0005098
0.0001499
-0.0002218
-0.0005478
-0.0008166
-0.0011094
-0.0014946
-0.0017778
-0.0018090
-0.0018589
-0.0019773
-0.0019972
-0.0019240
-0.0018715
-0.0017589
-0.0015886
-0.0013867
-0.0011234
-0.0008054
-0.0003921
0.0000374
0.0005750
0.0011413
0.0016376
0.0021772
0.0027216
0.0032247
0.0036614
0.0039081
0.0040515
0.0041677
0.0040994
0.0038410
0.0036055
0.0033548
0.0028853
0.0023213
0.0017968
0.0011511
0.0003196
-0.0005434
-0.0012985
-0.0020867
-0.0029223
-0.0036641
-0.0042670
-0.0048880
-0.0056088
-0.0060904
-0.0061777
-0.0059603
-0.0056563
-0.0052376
-0.0046375
-0.0040040
-0.0033256
-0.0024320
-0.0015606
-0.0008447
-0.0001272
0.0005491
0.0011070
0.0014889
0.0017443
0.0020569
0.0023172
0.0024962
0.0027369
0.0029497
0.0031489
0.0033299
0.0034148
0.0034574
0.0034377
0.0033246
0.0031307
0.0028633
0.0024955
0.0019943
0.0013384
0.0005914
-0.0000166
-0.0005457
-0.0011380
-0.0018293
-0.0024238
-0.0027853
-0.0030257
-0.0031061
-0.0030383
-0.0029069
-0.0026785
-0.0023470
-0.0019927
-0.0016074
-0.0011476
-0.0006425
-0.0000985
0.0005795
0.0013014
0.0020687
0.0029015
0.0035725
0.0040053
0.0045317
0.0051214
0.0054660
0.0054631
0.0052803
0.0049624
0.0045142
0.0039662
0.0033877
0.0027003
0.0018970
0.0011205
0.0004213
-0.0002533
-0.0008870
-0.0014551
-0.0019818
-0.0024395
-0.0028298
-0.0030461
-0.0031334
-0.0033333
-0.0035990
-0.0036131
-0.0033310
-0.0031023
-0.0029907
-0.0028865
-0.0027915
-0.0026338
-0.0024227
-0.0020999
-0.0017798
-0.0015739
-0.0013452
-0.0009834
-0.0005923
-0.0002298
0.0000705
0.0002942
0.0005807
0.0009475
0.0012430
0.0015677
0.0019692
0.0023458
0.0026566
0.0028310
0.0028330
0.0027741
0.0026970
0.0025592
0.0022189
0.0017368
0.0012299
0.0006801
0.0000778
-0.0004409
-0.0008538
-0.0012052
-0.0015159
-0.0017063
-0.0018865
-0.0020587
-0.0020278
-0.0018476
-0.0016417
-0.0014522
-0.0012610
-0.0008471
-0.0003547
-0.0000437
0.0002469
0.0006523
0.0009871
0.0010377
0.0009266
0.0010317
0.0012571
0.0012338
0.0011385
0.0011990
0.0012382
0.0012224
0.0012872
0.0014054
0.0013781
0.0011981
0.0009651
0.0007334
0.0003972
-0.0001888
-0.0008513
-0.0013394
-0.0017400
-0.0021608
-0.0024633
-0.0025751
-0.0026897
-0.0026805
-0.0022634
-0.0016741
-0.0011922
-0.0006722
0.0000305
0.0008662
0.0015809
0.0021134
0.0025611
0.0029415
0.0031132
0.0030396
0.0028530
0.0025450
0.0020711
0.0015417
0.0010065
0.0003457
-0.0004627
-0.0011847
-0.0016967
-0.0022889
-0.0030471
-0.0035767
-0.0039513
-0.0044018
-0.0049272
-0.0052291
-0.0052333
-0.0051030
-0.0049033
-0.0045803
-0.0041152
-0.0035766
-0.0029392
-0.0020390
-0.0010287
-0.0000501
0.0008527
0.0016693
0.0023911
0.0029689
0.0034882
0.0038096
0.0037459
0.0036008
0.0035581
0.0034615
0.0032887
0.0030560
0.0028623
0.0027534
0.0025968
0.0023338
0.0021486
0.0020145
0.0018248
0.0017721
0.0016333
0.0011422
0.0007133
0.0005109
0.0003296
0.0000354
-0.0002908
-0.0005370
-0.0006730
-0.0008208
-0.0010497
-0.0011500
-0.0011044
-0.0011236
-0.0012530
-0.0012605
-0.0010417
-0.0007625
-0.0005111
-0.0001800
0.0002422
0.0005709
0.0008865
0.0012094
0.0014923
0.0019066
0.0023960
0.0027711
0.0030435
0.0031754
0.0032191
0.0032914
0.0032734
0.0030415
0.0026294
0.0022069
0.0019859
0.0017214
0.0012715
0.0008676
0.0004858
-0.0001134
-0.0007192
-0.0011304
-0.0014811
-0.0019687
-0.0024538
-0.0026768
-0.0027623
-0.0029145
-0.0030302
-0.0030039
-0.0029196
-0.0029006
-0.0028947
-0.0028358
-0.0026921
-0.0024935
-0.0022623
-0.0019026
-0.0014832
-0.0011500
-0.0006404
0.0000938
0.0007775
0.0014041
0.0021216
0.0028675
0.0034829
0.0038675
0.0041440
0.0044548
0.0046256
0.0045981
0.0044207
0.0042504
0.0039677
0.0034508
0.0028595
0.0023417
0.0017928
0.0010988
0.0002824
-0.0005650
-0.0013449
-0.0020738
-0.0028136
-0.0035711
-0.0041352
-0.0044393
-0.0046930
-0.0048492
-0.0047527
-0.0044486
-0.0040166
-0.0034896
-0.0027584
-0.0019266
-0.0010564
-0.0001725
0.0005572
0.0010761
0.0016936
0.0024377
0.0029656
0.0031272
0.0031465
0.0030594
0.0027262
0.0023358
0.0020054
0.0016110
0.0010903
0.0005477
0.0001303
-0.0002092
-0.0005707
-0.0009607
-0.0013479
-0.0015039
-0.0015487
-0.0016049
-0.0015108
-0.0013388
-0.0012232
-0.0010338
-0.0006866
-0.0002787
-0.0000250
0.0002392
0.0007203
0.0012972
0.0017580
0.0020456
0.0022427
0.0023843
0.0024722
0.0023618
0.0020251
0.0016923
0.0013311
0.0008556
0.0003410
-0.0001152
-0.0005998
-0.0010757
-0.0014485
-0.0017896
-0.0020321
-0.0021527
-0.0022082
-0.0021538
-0.0020582
-0.0021274
-0.0021791
-0.0020622
-0.0019669
-0.0021630
-0.0025123
-0.0026303
-0.0026354
-0.0028308
-0.0029448
-0.0026954
-0.0023871
-0.0022868
-0.0021167
-0.0017481
-0.0013100
-0.0009213
-0.0005799
-0.0002355
0.0001228
0.0004674
0.0007467
0.0009389
0.0010948
0.0012488
0.0013569
0.0013514
0.0012328
0.0011446
0.0011106
0.0009790
0.0008046
0.0006361
0.0002775
-0.0002406
-0.0005947
-0.0008582
-0.0013398
-0.0017894
-0.0019817
-0.0021284
-0.0023539
-0.0025568
-0.0026772
-0.0026849
-0.0026859
-0.0025341
-0.0021979
-0.0018946
-0.0015285
-0.0010256
-0.0005235
-0.0000296
0.0004862
0.0010146
0.0014945
0.0019446
0.0022934
0.0026235
0.0030013
0.0033065
0.0035562
0.0038286
0.0041250
0.0043412
0.0044281
0.0044810
0.0045805
0.0046062
0.0044056
0.0041209
0.0040126
0.0039234
0.0036008
0.0031964
0.0028855
0.0026014
0.0022998
0.0020007
0.0016649
0.0012214
0.0006513
0.0000656
-0.0005011
-0.0011965
-0.0020446
-0.0028055
-0.0033570
-0.0039480
-0.0046308
-0.0051057
-0.0052711
-0.0052470
-0.0051369
-0.0050818
-0.0047977
-0.0041400
-0.0033975
-0.0027162
-0.0020571
-0.0012438
-0.0003123
0.0005583
0.0013842
0.0022093
0.0029105
0.0034269
0.0038200
0.0041022
0.0042695
0.0043245
0.0042549
0.0040346
0.0036836
0.0033141
0.0028859
0.0024716
0.0021195
0.0016892
0.0011249
0.0007121
0.0004637
0.0001297
-0.0002400
-0.0005719
-0.0008032
-0.0009213
-0.0010266
-0.0011303
-0.0011539
-0.0010850
-0.0010218
-0.0008918
-0.0005182
-0.0000959
0.0002471
0.0005337
0.0007722
0.0009008
0.0009217
0.0009499
0.0010172
0.0009544
0.0006249
0.0001794
-0.0001824
-0.0004868
-0.0008445
-0.0011411
-0.0013549
-0.0015254
-0.0017114
-0.0019033
-0.0019955
-0.0020019
-0.0021326
-0.0023207
-0.0023573
-0.0022720
-0.0022493
-0.0022579
-0.0021038
-0.0018771
-0.0017103
-0.0014392
-0.0010929
-0.0007561
-0.0003476
0.0001125
0.0005177
0.0009883
0.0014313
0.0018301
0.0023119
0.0029489
0.0035097
0.0038268
0.0040570
0.0043244
0.0045344
0.0045091
0.0043590
0.0041706
0.0039030
0.0035574
0.0030464
0.0024398
0.0018382
0.0013419
0.0008986
0.0004041
-0.0001933
-0.0007222
-0.0010523
-0.0012970
-0.0015274
-0.0017890
-0.0020929
-0.0021915
-0.0021597
-0.0023877
-0.0026626
-0.0026732
-0.0025693
-0.0026867
-0.0030313
-0.0032744
-0.0032652
-0.0031683
-0.0030299
-0.0028862
-0.0028228
-0.0027255
-0.0024371
-0.0020874
-0.0017868
-0.0014940
-0.0012277
-0.0010683
-0.0008164
-0.0004081
-0.0000184
0.0001260
0.0002636
0.0004930
0.0006034
0.0005677
0.0005273
0.0005208
0.0004987
0.0005037
0.0005109
0.0004137
0.0002944
0.0002710
0.0002400
0.0001660
0.0000995
0.0000633
0.0000250
-0.0000186
-0.0000797
-0.0001675
-0.0002623
-0.0003174
-0.0002122
-0.0000219
-0.0000278
-0.0000734
0.0001469
0.0005008
0.0007519
0.0009287
0.0011515
0.0014427
0.0015492
0.0014732
0.0015055
0.0015574
0.0014514
0.0013338
0.0012981
0.0012367
0.0011342
0.0010584
0.0011148
0.0011230
0.0010277
0.0009570
0.0009236
0.0010536
0.0011541
0.0010545
0.0009607
0.0009093
0.0007344
0.0004316
0.0001823
0.0001125
0.0000031
-0.0003347
-0.0007320
-0.0008759
-0.0008982
-0.0010000
-0.0010295
-0.0008837
-0.0006892
-0.0004809
-0.0002029
0.0002068
0.0006902
0.0010854
0.0014269
0.0017519
0.0019339
0.0020153
0.0020838
0.0019652
0.0018084
0.0016856
0.0013891
0.0010094
0.0006127
0.0001913
-0.0001021
-0.0003420
-0.0006333
-0.0008285
-0.0008735
-0.0010268
-0.0013383
-0.0014735
-0.0014451
-0.0014040
-0.0013758
-0.0013178
-0.0011926
-0.0010198
-0.0009476
-0.0009016
-0.0006574
-0.0002904
-0.0000644
0.0000551
0.0002424
0.0005105
0.0008506
0.0011777
0.0014411
0.0016449
0.0017148
0.0016049
0.0014072
0.0012919
0.0010869
0.0006362
0.0001657
-0.0001694
-0.0005593
-0.0010854
-0.0015726
-0.0018920
-0.0021778
-0.0025692
-0.0030344
-0.0034271
-0.0036487
-0.0037963
-0.0038726
-0.0038920
-0.0038197
-0.0036518
-0.0034271
-0.0031619
-0.0028469
-0.0025637
-0.0023010
-0.0021003
-0.0018787
-0.0015804
-0.0013214
-0.0011810
-0.0010605
-0.0010382
-0.0009230
-0.0005625
-0.0002879
-0.0002842
-0.0003221
-0.0000126
0.0003894
0.0006656
0.0009868
0.0013224
0.0016619
0.0021608
0.0027779
0.0032923
0.0035986
0.0037782
0.0040944
0.0044387
0.0043895
0.0040089
0.0037809
0.0036471
0.0031533
0.0024390
0.0017656
0.0013516
0.0010588
0.0005908
0.0000580
-0.0003039
-0.0005985
-0.0009986
-0.0012952
-0.0013439
-0.0014565
-0.0017578
-0.0020544
-0.0021729
-0.0021785
-0.0022590
-0.0024402
-0.0025249
-0.0024188
-0.0022870
-0.0020686
-0.0018622
-0.0018019
-0.0018405
-0.0018358
-0.0017850
-0.0017611
-0.0017998
-0.0019652
-0.0021485
-0.0021809
-0.0021477
-0.0021541
-0.0021309
-0.0019488
-0.0016296
-0.0012985
-0.0010327
-0.0007929
-0.0005415
-0.0001606
0.0001680
0.0002479
0.0002391
0.0002864
0.0002649
0.0000513
-0.0002589
-0.0005284
-0.0007163
-0.0008850
-0.0011009
-0.0012933
-0.0013497
-0.0012929
-0.0010933
-0.0006238
-0.0000458
0.0003753
0.0008100
0.0015408
0.0023998
0.0029975
0.0032562
0.0035294
0.0039756
0.0042930
0.0043017
0.0041161
0.0038033
0.0033337
0.0026915
0.0019677
0.0011552
0.0003136
-0.0004395
-0.0012718
-0.0020961
-0.0028928
-0.0037519
-0.0044082
-0.0049351
-0.0054607
-0.0058610
-0.0060481
-0.0062026
-0.0064683
-0.0065191
-0.0062881
-0.0059563
-0.0055448
-0.0050083
-0.0043505
-0.0035928
-0.0028062
-0.0019228
-0.0008434
0.0001753
0.0009042
0.0015611
0.0022829
0.0029145
0.0034224
0.0037514
0.0039161
0.0039251
0.0036838
0.0032286
0.0027645
0.0022931
0.0017450
0.0010823
0.0004129
-0.0002001
-0.0007355
-0.0012790
-0.0018411
-0.0022576
-0.0026229
-0.0031062
-0.0035801
-0.0038624
-0.0038802
-0.0037736
-0.0036693
-0.0034834
-0.0031729
-0.0028538
-0.0023203
-0.0016714
-0.0012079
-0.0007679
-0.0001760
0.0004044
0.0007679
0.0010617
0.0014423
0.0018008
0.0022053
0.0025656
0.0027779
0.0028869
0.0029932
0.0031272
0.0033156
0.0034806
0.0034751
0.0033256
0.0031371
0.0029274
0.0026150
0.0021756
0.0017118
0.0013064
0.0009213
0.0005378
0.0001685
-0.0002726
-0.0008554
-0.0014421
-0.0019905
-0.0026042
-0.0032585
-0.0036897
-0.0039802
-0.0043135
-0.0045154
-0.0044782
-0.0043998
-0.0043316
-0.0040740
-0.0034916
-0.0028435
-0.0023544
-0.0018267
-0.0011799
-0.0005562
-0.0000514
0.0002527
0.0006418
0.0013281
0.0019320
0.0022297
0.0025594
0.0031797
0.0038233
0.0042889
0.0046060
0.0048290
0.0050923
0.0053566
0.0054083
0.0053345
0.0051494
0.0047070
0.0039811
0.0031271
0.0021764
0.0011527
0.0000879
-0.0009918
-0.0019898
-0.0029401
-0.0038317
-0.0045634
-0.0050565
-0.0052948
-0.0053916
-0.0054792
-0.0055466
-0.0054774
-0.0053774
-0.0051645
-0.0047466
-0.0042785
-0.0038211
-0.0032673
-0.0026376
-0.0021027
-0.0016507
-0.0011395
-0.0005753
0.0000293
0.0006768
0.0014774
0.0023015
0.0029140
0.0033922
0.0037100
0.0038797
0.0039853
0.0039386
0.0038200
0.0036160
0.0032182
0.0026402
0.0019905
0.0013835
0.0006646
-0.0001950
-0.0009272
-0.0013722
-0.0016536
-0.0019281
-0.0020201
-0.0018195
-0.0014626
-0.0011282
-0.0008029
-0.0003888
0.0001702
0.0008695
0.0016076
0.0023461
0.0030313
0.0037253
0.0043257
0.0045970
0.0044202
0.0040689
0.0039508
0.0038298
0.0033207
0.0026957
0.0023135
0.0020610
0.0017040
0.0012288
0.0008410
0.0005701
0.0002354
-0.0001663
-0.0005551
-0.0009125
-0.0012188
-0.0016320
-0.0022921
-0.0030859
-0.0038603
-0.0045763
-0.0051101
-0.0055064
-0.0058508
-0.0061043
-0.0061808
-0.0060376
-0.0057994
-0.0055324
-0.0051499
-0.0047229
-0.0043116
-0.0038080
-0.0030993
-0.0023737
-0.0018195
-0.0013860
-0.0007874
-0.0000945
0.0004581
0.0009447
0.0015860
0.0022551
0.0028155
0.0031988
0.0034701
0.0037424
0.0039870
0.0039852
0.0037022
0.0032337
0.0027283
0.0022725
0.0018379
0.0014293
0.0011303
0.0008681
0.0005855
0.0002678
-0.0001444
-0.0005984
-0.0010618
-0.0015338
-0.0019952
-0.0023404
-0.0026342
-0.0031283
-0.0037380
-0.0042077
-0.0044842
-0.0047811
-0.0052453
-0.0056101
-0.0056105
-0.0054038
-0.0051389
-0.0046462
-0.0038687
-0.0030505
-0.0023285
-0.0016621
-0.0009503
-0.0001150
0.0005595
0.0009457
0.0013218
0.0017808
0.0022107
0.0025351
0.0027098
0.0028524
0.0030197
0.0032035
0.0031434
0.0028348
0.0024463
0.0019292
0.0011637
0.0002623
-0.0007091
-0.0017824
-0.0027683
-0.0036565
-0.0045236
-0.0052724
-0.0058333
-0.0061569
-0.0063033
-0.0061752
-0.0057019
-0.0049620
-0.0039752
-0.0027651
-0.0014993
-0.0001772
0.0011483
0.0023703
0.0034534
0.0044757
0.0054132
0.0059902
0.0062460
0.0064052
0.0064914
0.0064498
0.0061309
0.0055675
0.0049280
0.0042207
0.0034314
0.0025080
0.0015125
0.0006935
-0.0000407
-0.0008989
-0.0016978
-0.0024476
-0.0031974
-0.0037911
-0.0045116
-0.0054116
-0.0060642
-0.0065059
-0.0069585
-0.0072251
-0.0071590
-0.0067593
-0.0060954
-0.0053876
-0.0045908
-0.0036036
-0.0023724
-0.0010255
0.0002136
0.0013406
0.0025452
0.0039593
0.0054999
0.0070006
0.0082352
0.0092036
0.0100523
0.0106889
0.0111052
0.0112710
0.0112187
0.0110136
0.0105480
0.0097073
0.0085657
0.0074173
0.0061675
0.0045807
0.0028431
0.0010862
-0.0007112
-0.0025661
-0.0042741
-0.0056741
-0.0069623
-0.0080650
-0.0088160
-0.0092863
-0.0095564
-0.0097174
-0.0095763
-0.0088438
-0.0076844
-0.0064288
-0.0051756
-0.0038751
-0.0022685
-0.0002751
0.0018019
0.0037073
0.0056108
0.0075601
0.0093580
0.0107483
0.0115169
0.0119192
0.0123483
0.0129414
0.0133674
0.0132765
0.0128007
0.0121392
0.0112267
0.0101044
0.0089002
0.0076622
0.0061507
0.0042883
0.0022321
0.0001302
-0.0017764
-0.0036430
-0.0055541
-0.0072927
-0.0088343
-0.0101957
-0.0112500
-0.0120669
-0.0127521
-0.0131123
-0.0130125
-0.0123496
-0.0112367
-0.0099690
-0.0086190
-0.0071168
-0.0055460
-0.0038935
-0.0020077
0.0000643
0.0020408
0.0037880
0.0054626
0.0071928
0.0087423
0.0100122
0.0110743
0.0119476
0.0125590
0.0129132
0.0128958
0.0124890
0.0119177
0.0111879
0.0102061
0.0089799
0.0075296
0.0059359
0.0041693
0.0022004
0.0003292
-0.0012550
-0.0026028
-0.0037298
-0.0046513
-0.0053699
-0.0058637
-0.0060898
-0.0061528
-0.0062253
-0.0063802
-0.0066064
-0.0066461
-0.0064485
-0.0061476
-0.0057730
-0.0052995
-0.0048320
-0.0043429
-0.0036211
-0.0027465
-0.0019575
-0.0012758
-0.0006021
0.0000199
0.0004989
0.0009653
0.0014242
0.0017033
0.0018806
0.0022245
0.0026601
0.0029675
0.0030648
0.0029173
0.0026389
0.0022661
0.0016740
0.0009347
0.0002229
-0.0004560
-0.0010637
-0.0015872
-0.0020392
-0.0023267
-0.0024184
-0.0023748
-0.0023863
-0.0022820
-0.0019888
-0.0018735
-0.0018954
-0.0017994
-0.0015549
-0.0013308
-0.0012849
-0.0013276
-0.0012154
-0.0009547
-0.0006469
-0.0001992
0.0003571
0.0008615
0.0014654
0.0021778
0.0028149
0.0033432
0.0037466
0.0039121
0.0039895
0.0040529
0.0041011
0.0041050
0.0040499
0.0038827
0.0037721
0.0037638
0.0037086
0.0036264
0.0034334
0.0030628
0.0026323
0.0021452
0.0016460
0.0012560
0.0009661
0.0007130
0.0005366
0.0003421
0.0000951
-0.0001368
-0.0003020
-0.0004777
-0.0006585
-0.0007532
-0.0007986
-0.0006944
-0.0003786
-0.0000899
0.0001073
0.0003342
0.0006132
0.0008679
0.0010163
0.0011621
0.0014022
0.0017019
0.0021976
0.0028364
0.0035923
0.0044591
0.0053508
0.0061980
0.0070101
0.0078223
0.0084577
0.0087768
0.0088794
0.0089271
0.0087578
0.0083109
0.0076446
0.0068756
0.0061472
0.0051366
0.0038292
0.0025333
0.0013704
0.0002647
-0.0007984
-0.0016962
-0.0022768
-0.0026146
-0.0030349
-0.0036185
-0.0041917
-0.0045312
-0.0046171
-0.0046482
-0.0047366
-0.0047572
-0.0046750
-0.0044542
-0.0039751
-0.0033304
-0.0025818
-0.0015582
-0.0002468
0.0011408
0.0024685
0.0038770
0.0054476
0.0067757
0.0077350
0.0084316
0.0088837
0.0090914
0.0089987
0.0086115
0.0081122
0.0076067
0.0071357
0.0067842
0.0064285
0.0057853
0.0049416
0.0040300
0.0029612
0.0015302
-0.0000130
-0.0013355
-0.0026045
-0.0038564
-0.0049018
-0.0057466
-0.0063543
-0.0067319
-0.0068335
-0.0067011
-0.0064809
-0.0062737
-0.0060346
-0.0056060
-0.0050285
-0.0045389
-0.0042271
-0.0038750
-0.0034126
-0.0029196
-0.0024863
-0.0020809
-0.0015978
-0.0008919
-0.0000379
0.0007340
0.0013849
0.0019538
0.0024419
0.0027067
0.0029656
0.0032902
0.0035857
0.0037775
0.0038299
0.0036694
0.0032670
0.0026019
0.0015597
0.0003143
-0.0011360
-0.0028644
-0.0045499
-0.0059247
-0.0071688
-0.0082849
-0.0090305
-0.0093150
-0.0093311
-0.0092119
-0.0088517
-0.0083377
-0.0077535
-0.0069588
-0.0059944
-0.0050680
-0.0041137
-0.0031275
-0.0022573
-0.0015881
-0.0009022
0.0000199
0.0010675
0.0020217
0.0030138
0.0042005
0.0054024
0.0062316
0.0065972
0.0067458
0.0068193
0.0067670
0.0066419
0.0064908
0.0061347
0.0054401
0.0043881
0.0033757
0.0026096
0.0019398
0.0012183
0.0005026
-0.0000127
-0.0005097
-0.0011367
-0.0018236
-0.0025043
-0.0030557
-0.0034183
-0.0036135
-0.0037994
-0.0039177
-0.0037685
-0.0033970
-0.0029017
-0.0023576
-0.0017187
-0.0007073
0.0006170
0.0017834
0.0024946
0.0029443
0.0033893
0.0038033
0.0039881
0.0037808
0.0034991
0.0034997
0.0036607
0.0036193
0.0032724
0.0027006
0.0020431
0.0013946
0.0006872
-0.0002092
-0.0012655
-0.0022450
-0.0030007
-0.0036509
-0.0042224
-0.0047045
-0.0047747
-0.0044219
-0.0039895
-0.0037199
-0.0036197
-0.0034324
-0.0029667
-0.0023662
-0.0017553
-0.0010122
-0.0000667
0.0009590
0.0018182
0.0025955
0.0034000
0.0041229
0.0047154
0.0053507
0.0060276
0.0064912
0.0067159
0.0068825
0.0070422
0.0070355
0.0067622
0.0063656
0.0060376
0.0057536
0.0053323
0.0050266
0.0048013
0.0044001
0.0037496
0.0029094
0.0018361
0.0006049
-0.0006156
-0.0017114
-0.0026696
-0.0034932
-0.0039983
-0.0040952
-0.0038886
-0.0033556
-0.0026152
-0.0017950
-0.0009788
-0.0000203
0.0011869
0.0025875
0.0039902
0.0052573
0.0063097
0.0070169
0.0073992
0.0077015
0.0078241
0.0076912
0.0075149
0.0074134
0.0072639
0.0070473
0.0068246
0.0067097
0.0066506
0.0064462
0.0062490
0.0063242
0.0064912
0.0064635
0.0062893
0.0061743
0.0062543
0.0063815
0.0063052
0.0061584
0.0059876
0.0056819
0.0053860
0.0051181
0.0046850
0.0041085
0.0035793
0.0031514
0.0027782
0.0023927
0.0018668
0.0010394
-0.0000481
-0.0012185
-0.0024970
-0.0036051
-0.0043891
-0.0051041
-0.0057467
-0.0060942
-0.0060996
-0.0060339
-0.0061067
-0.0061785
-0.0059156
-0.0054796
-0.0051579
-0.0047505
-0.0040415
-0.0032241
-0.0025813
-0.0021620
-0.0018064
-0.0013738
-0.0008633
-0.0005508
-0.0003657
-0.0001672
-0.0000773
-0.0001550
-0.0005172
-0.0011886
-0.0021038
-0.0032048
-0.0044962
-0.0058732
-0.0072749
-0.0087057
-0.0099944
-0.0111184
-0.0120795
-0.0127595
-0.0132656
-0.0137206
-0.0141370
-0.0144325
-0.0145964
-0.0146498
-0.0145650
-0.0142223
-0.0135897
-0.0127689
-0.0118396
-0.0109005
-0.0099822
-0.0091427
-0.0083415
-0.0074626
-0.0064730
-0.0054818
-0.0045121
-0.0032510
-0.0016323
0.0000078
0.0015097
0.0031649
0.0048407
0.0062658
0.0075522
0.0087877
0.0099870
0.0110503
0.0118285
0.0122328
0.0122612
0.0120783
0.0118254
0.0114407
0.0108042
0.0100637
0.0093197
0.0084359
0.0074274
0.0062878
0.0049581
0.0034514
0.0020251
0.0006633
-0.0006660
-0.0016954
-0.0023937
-0.0029333
-0.0033579
-0.0034882
-0.0034624
-0.0035468
-0.0038004
-0.0041537
-0.0043616
-0.0044572
-0.0046933
-0.0050422
-0.0053193
-0.0055703
-0.0060070
-0.0066656
-0.0072520
-0.0079036
-0.0089084
-0.0100505
-0.0108937
-0.0114455
-0.0120662
-0.0127667
-0.0132416
-0.0134866
-0.0135741
-0.0138211
-0.0144939
-0.0153661
-0.0162051
-0.0170324
-0.0178872
-0.0187070
-0.0193091
-0.0197088
-0.0200190
-0.0201588
-0.0199560
-0.0193701
-0.0184859
-0.0173896
-0.0161268
-0.0146598
-0.0130702
-0.0114426
-0.0096865
-0.0078075
-0.0059001
-0.0041205
-0.0025161
-0.0010600
0.0002097
0.0013720
0.0025102
0.0035727
0.0045374
0.0056405
0.0070340
0.0085048
0.0098178
0.0108960
0.0117544
0.0125572
0.0133194
0.0138634
0.0141003
0.0141342
0.0141117
0.0140049
0.0137632
0.0135140
0.0133460
0.0133474
0.0135963
0.0141144
0.0148802
0.0156733
0.0163544
0.0169564
0.0175401
0.0178858
0.0179108
0.0178728
0.0177664
0.0174784
0.0172348
0.0173160
0.0174446
0.0173948
0.0172446
0.0171303
0.0170647
0.0168681
0.0163010
0.0155017
0.0147006
0.0138428
0.0126676
0.0111619
0.0095548
0.0078627
0.0059281
0.0035946
0.0009346
-0.0019026
-0.0047787
-0.0076086
-0.0102607
-0.0125409
-0.0143304
-0.0156296
-0.0163724
-0.0165627
-0.0164025
-0.0159736
-0.0153291
-0.0145490
-0.0135648
-0.0123406
-0.0110774
-0.0101127
-0.0092810
-0.0082488
-0.0070648
-0.0059673
-0.0050535
-0.0042830
-0.0034903
-0.0027624
-0.0023386
-0.0022202
-0.0023484
-0.0028423
-0.0035513
-0.0042415
-0.0048011
-0.0054224
-0.0064654
-0.0079641
-0.0094508
-0.0105979
-0.0115823
-0.0126059
-0.0135013
-0.0142105
-0.0147912
-0.0151835
-0.0154381
-0.0157599
-0.0160622
-0.0163552
-0.0164945
-0.0164778
-0.0164143
-0.0162376
-0.0157629
-0.0149394
-0.0138337
-0.0126216
-0.0113810
-0.0101157
-0.0089235
-0.0078639
-0.0067157
-0.0055159
-0.0045007
-0.0036512
-0.0029176
-0.0020616
-0.0011197
-0.0003153
0.0002481
0.0005722
0.0006481
0.0005513
0.0004534
0.0004734
0.0005430
0.0006029
0.0005632
0.0002932
-0.0001132
-0.0005610
-0.0010588
-0.0015909
-0.0019117
-0.0019774
-0.0019200
-0.0018707
-0.0018310
-0.0016572
-0.0013370
-0.0008689
-0.0001610
0.0008644
0.0021807
0.0035686
0.0050033
0.0064843
0.0080048
0.0093635
0.0105332
0.0115243
0.0121450
0.0124176
0.0125918
0.0125575
0.0121712
0.0114557
0.0105640
0.0099461
0.0097160
0.0095865
0.0093525
0.0091684
0.0089741
0.0086077
0.0081615
0.0077146
0.0072702
0.0066452
0.0058361
0.0048864
0.0037519
0.0026534
0.0017475
0.0010569
0.0004070
-0.0004134
-0.0011920
-0.0018548
-0.0026062
-0.0034205
-0.0041358
-0.0047929
-0.0054712
-0.0062143
-0.0068993
-0.0073557
-0.0074748
-0.0074318
-0.0073594
-0.0072556
-0.0072896
-0.0073885
-0.0075648
-0.0078758
-0.0080335
-0.0080033
-0.0079744
-0.0079308
-0.0078400
-0.0077655
-0.0075986
-0.0072946
-0.0069383
-0.0064933
-0.0058234
-0.0048920
-0.0036622
-0.0022013
-0.0007824
0.0005611
0.0016823
0.0024935
0.0032549
0.0040008
0.0045436
0.0049185
0.0053260
0.0058430
0.0062931
0.0066471
0.0070637
0.0074931
0.0079031
0.0081132
0.0082104
0.0086526
0.0094856
0.0107284
0.0122224
0.0138149
0.0155830
0.0172783
0.0185516
0.0194313
0.0200037
0.0204872
0.0210195
0.0214952
0.0218155
0.0219936
0.0220543
0.0221283
0.0221738
0.0221479
0.0221412
0.0222922
0.0226878
0.0232946
0.0239832
0.0246553
0.0253158
0.0258398
0.0260856
0.0260112
0.0256089
0.0248202
0.0237471
0.0225767
0.0212583
0.0196926
0.0179781
0.0163594
0.0148232
0.0131549
0.0112285
0.0090516
0.0066976
0.0040726
0.0011899
-0.0016580
-0.0043012
-0.0066470
-0.0084966
-0.0099300
-0.0110425
-0.0119361
-0.0126222
-0.0131354
-0.0134139
-0.0133352
-0.0131464
-0.0129734
-0.0127586
-0.0125862
-0.0124875
-0.0122949
-0.0117593
-0.0109423
-0.0099634
-0.0089746
-0.0080509
-0.0072334
-0.0066644
-0.0063788
-0.0064923
-0.0070269
-0.0080251
-0.0094480
-0.0110237
-0.0124870
-0.0138837
-0.0153408
-0.0168107
-0.0183097
-0.0197208
-0.0208334
-0.0217805
-0.0226742
-0.0234662
-0.0239870
-0.0244013
-0.0250112
-0.0255954
-0.0259075
-0.0259970
-0.0260191
-0.0260104
-0.0258090
-0.0252665
-0.0245664
-0.0239371
-0.0235578
-0.0234755
-0.0235944
-0.0237033
-0.0235799
-0.0232827
-0.0230269
-0.0226554
-0.0220033
-0.0209792
-0.0196633
-0.0182920
-0.0169347
-0.0154046
-0.0136759
-0.0119592
-0.0104574
-0.0092999
-0.0083712
-0.0075570
-0.0068936
-0.0062895
-0.0056179
-0.0048743
-0.0039594
-0.0027320
-0.0011415
0.0009179
0.0035618
0.0064852
0.0094116
0.0122285
0.0148037
0.0171864
0.0193368
0.0210677
0.0223297
0.0231454
0.0235974
0.0236951
0.0235036
0.0230950
0.0224836
0.0219754
0.0217694
0.0215899
0.0212349
0.0207278
0.0200239
0.0190541
0.0177962
0.0163269
0.0148644
0.0135469
0.0120407
0.0101126
0.0079737
0.0059074
0.0039562
0.0018782
-0.0004006
-0.0026963
-0.0049061
-0.0069447
-0.0087271
-0.0102769
-0.0117696
-0.0133699
-0.0148175
-0.0158813
-0.0166676
-0.0171813
-0.0173136
-0.0171689
-0.0167689
-0.0159318
-0.0149329
-0.0142125
-0.0137785
-0.0135469
-0.0136951
-0.0141274
-0.0145444
-0.0149144
-0.0152822
-0.0154968
-0.0154015
-0.0150809
-0.0146023
-0.0142281
-0.0141560
-0.0142003
-0.0141141
-0.0138079
-0.0134707
-0.0131689
-0.0127005
-0.0120829
-0.0114470
-0.0107997
-0.0100216
-0.0091487
-0.0081963
-0.0070533
-0.0054488
-0.0032719
-0.0008278
0.0016508
0.0042437
0.0070777
0.0100219
0.0128016
0.0154157
0.0178144
0.0199635
0.0219436
0.0235262
0.0245156
0.0248658
0.0245939
0.0238474
0.0228891
0.0216679
0.0202252
0.0186508
0.0168358
0.0146259
0.0122739
0.0101955
0.0082275
0.0060605
0.0038634
0.0021208
0.0009275
0.0000707
-0.0005969
-0.0011877
-0.0017583
-0.0023098
-0.0030546
-0.0041033
-0.0052600
-0.0062378
-0.0066581
-0.0064547
-0.0058412
-0.0050863
-0.0040891
-0.0026929
-0.0010772
0.0001988
0.0007475
0.0007556
0.0003809
-0.0003684
-0.0012467
-0.0019932
-0.0025631
-0.0030669
-0.0036875
-0.0043860
-0.0050281
-0.0054754
-0.0055590
-0.0052635
-0.0049210
-0.0045425
-0.0036590
-0.0020309
0.0001032
0.0023456
0.0044867
0.0065107
0.0083110
0.0097385
0.0107678
0.0114183
0.0116234
0.0113636
0.0108326
0.0104354
0.0103632
0.0104541
0.0107371
0.0111348
0.0113554
0.0114055
0.0113757
0.0111411
0.0106980
0.0102454
0.0099184
0.0094014
0.0085687
0.0077505
0.0069313
0.0058024
0.0043278
0.0026551
0.0010645
0.0000261
-0.0003578
-0.0004266
-0.0003393
-0.0000994
-0.0000513
-0.0004798
-0.0013190
-0.0023345
-0.0033095
-0.0040904
-0.0047871
-0.0054683
-0.0060660
-0.0062718
-0.0057648
-0.0048094
-0.0038832
-0.0030155
-0.0022090
-0.0015725
-0.0011907
-0.0010591
-0.0010570
-0.0009459
-0.0004354
0.0006037
0.0020173
0.0034629
0.0047039
0.0057512
0.0067732
0.0075163
0.0078641
0.0077605
0.0072602
0.0065207
0.0055814
0.0041737
0.0020000
-0.0004636
-0.0023140
-0.0033289
-0.0038886
-0.0040965
-0.0040499
-0.0038426
-0.0031785
-0.0020239
-0.0005688
0.0010552
0.0025918
0.0037513
0.0043158
0.0044764
0.0046011
0.0048055
0.0050123
0.0052225
0.0052156
0.0049052
0.0045595
0.0043226
0.0040787
0.0035668
0.0026013
0.0010198
-0.0009704
-0.0028810
-0.0047462
-0.0070068
-0.0096132
-0.0118437
-0.0132730
-0.0143316
-0.0154523
-0.0162956
-0.0164473
-0.0156352
-0.0137442
-0.0112370
-0.0085581
-0.0057386
-0.0029682
-0.0006109
0.0012534
0.0032244
0.0058910
0.0088192
0.0111254
0.0125092
0.0133418
0.0143318
0.0156902
0.0168207
0.0174098
0.0176914
0.0178265
0.0180356
0.0183603
0.0185261
0.0184623
0.0183408
0.0180613
0.0172594
0.0156349
0.0132917
0.0107072
0.0080987
0.0052722
0.0021096
-0.0012830
-0.0047166
-0.0079047
-0.0106650
-0.0128330
-0.0142176
-0.0149956
-0.0155158
-0.0160511
-0.0167471
-0.0174582
-0.0180716
-0.0181395
-0.0172644
-0.0156572
-0.0137723
-0.0118154
-0.0098908
-0.0081580
-0.0064939
-0.0046925
-0.0027446
-0.0009277
0.0006690
0.0024703
0.0048574
0.0075816
0.0099293
0.0113559
0.0120879
0.0127687
0.0136680
0.0145179
0.0150231
0.0153927
0.0158722
0.0163708
0.0165315
0.0160804
0.0148047
0.0126432
0.0096964
0.0059638
0.0015181
-0.0033956
-0.0083083
-0.0127042
-0.0162496
-0.0189954
-0.0212458
-0.0232297
-0.0248070
-0.0258484
-0.0263464
-0.0262598
-0.0255716
-0.0241857
-0.0221004
-0.0194552
-0.0164953
-0.0135310
-0.0103731
-0.0066831
-0.0025857
0.0014307
0.0050458
0.0084392
0.0117851
0.0151422
0.0182615
0.0207069
0.0224091
0.0235068
0.0240152
0.0238662
0.0232336
0.0221284
0.0205918
0.0189002
0.0169513
0.0145991
0.0120198
0.0095826
0.0074835
0.0056114
0.0038021
0.0019911
0.0000234
-0.0020930
-0.0040323
-0.0054550
-0.0064376
-0.0070738
-0.0072967
-0.0071279
-0.0068522
-0.0068132
-0.0070295
-0.0074855
-0.0080294
-0.0082721
-0.0081793
-0.0080306
-0.0078121
-0.0073395
-0.0064468
-0.0052521
-0.0039898
-0.0028804
-0.0019738
-0.0012774
-0.0007816
-0.0006176
-0.0010175
-0.0019505
-0.0033671
-0.0051957
-0.0074660
-0.0101710
-0.0131023
-0.0159304
-0.0183206
-0.0205953
-0.0231253
-0.0255477
-0.0274179
-0.0285898
-0.0289780
-0.0287873
-0.0286565
-0.0289168
-0.0291647
-0.0290247
-0.0285526
-0.0278977
-0.0271462
-0.0261919
-0.0250262
-0.0237900
-0.0224491
-0.0206418
-0.0181106
-0.0151563
-0.0118224
-0.0079095
-0.0034697
0.0011777
0.0055694
0.0093042
0.0122440
0.0147389
0.0173455
0.0201307
0.0225982
0.0242811
0.0249284
0.0245582
0.0234090
0.0218662
0.0204683
0.0192864
0.0180222
0.0164873
0.0143750
0.0114625
0.0079099
0.0038339
-0.0007748
-0.0054809
-0.0097241
-0.0133155
-0.0160977
-0.0177132
-0.0180689
-0.0176593
-0.0170790
-0.0165918
-0.0161453
-0.0152838
-0.0134517
-0.0104472
-0.0065112
-0.0022617
0.0018696
0.0057416
0.0092531
0.0121730
0.0143576
0.0161226
0.0179049
0.0198050
0.0214451
0.0225998
0.0233071
0.0234288
0.0228372
0.0217472
0.0204481
0.0189252
0.0169931
0.0147747
0.0128014
0.0109823
0.0084968
0.0048464
0.0002426
-0.0046188
-0.0089796
-0.0125270
-0.0153355
-0.0175268
-0.0193027
-0.0206609
-0.0210930
-0.0202930
-0.0188805
-0.0175916
-0.0166500
-0.0156177
-0.0138637
-0.0112799
-0.0083811
-0.0055489
-0.0024234
0.0014679
0.0061182
0.0112123
0.0161583
0.0203960
0.0238718
0.0270388
0.0298564
0.0320164
0.0335851
0.0343748
0.0337409
0.0317692
0.0291987
0.0261353
0.0220393
0.0169829
0.0119911
0.0079119
0.0046161
0.0011326
-0.0034552
-0.0091545
-0.0150958
-0.0203011
-0.0242598
-0.0270887
-0.0293192
-0.0309522
-0.0315925
-0.0311858
-0.0299845
-0.0281362
-0.0259262
-0.0236529
-0.0208138
-0.0164638
-0.0112821
-0.0066511
-0.0026908
0.0015467
0.0067743
0.0125582
0.0174124
0.0199437
0.0199857
0.0186671
0.0172111
0.0155505
0.0130075
0.0095515
0.0060750
0.0032903
0.0011722
-0.0004623
-0.0015983
-0.0020520
-0.0017590
-0.0011409
-0.0013638
-0.0031412
-0.0054806
-0.0071327
-0.0083197
-0.0100268
-0.0122388
-0.0139845
-0.0148253
-0.0147186
-0.0133007
-0.0107297
-0.0080687
-0.0060936
-0.0043289
-0.0018111
0.0015013
0.0049159
0.0084642
0.0129469
0.0184986
0.0240897
0.0286205
0.0316228
0.0336101
0.0354811
0.0373804
0.0389287
0.0398888
0.0401373
0.0394984
0.0379187
0.0360400
0.0346866
0.0335783
0.0319250
0.0294043
0.0257435
0.0208826
0.0152911
0.0093131
0.0029910
-0.0032792
-0.0086534
-0.0123861
-0.0149728
-0.0174173
-0.0196254
-0.0208395
-0.0204561
-0.0186899
-0.0166327
-0.0146488
-0.0118358
-0.0079856
-0.0043422
-0.0016973
0.0003058
0.0021415
0.0036072
0.0042128
0.0041471
0.0042702
0.0050608
0.0061242
0.0068152
0.0070072
0.0069841
0.0064381
0.0049409
0.0029460
0.0014335
0.0004379
-0.0009340
-0.0035502
-0.0074494
-0.0119260
-0.0167067
-0.0216636
-0.0263721
-0.0301881
-0.0325407
-0.0333651
-0.0328521
-0.0309311
-0.0273186
-0.0226203
-0.0184155
-0.0159594
-0.0144241
-0.0118533
-0.0084266
-0.0064156
-0.0065972
-0.0069426
-0.0056391
-0.0036718
-0.0030107
-0.0037816
-0.0043313
-0.0034440
-0.0014220
0.0006331
0.0018433
0.0021939
0.0020317
0.0018546
0.0018961
0.0019863
0.0019526
0.0016450
0.0006389
-0.0014401
-0.0041360
-0.0068643
-0.0093720
-0.0114240
-0.0127959
-0.0132295
-0.0126979
-0.0113234
-0.0092658
-0.0067677
-0.0042578
-0.0020655
-0.0001516
0.0019026
0.0044170
0.0071550
0.0099884
0.0133338
0.0175898
0.0225289
0.0273984
0.0312850
0.0335604
0.0345820
0.0356629
0.0374421
0.0390958
0.0398459
0.0397615
0.0389188
0.0369471
0.0339838
0.0305772
0.0265572
0.0212448
0.0145975
0.0074402
0.0001893
-0.0075771
-0.0162038
-0.0253083
-0.0343157
-0.0423654
-0.0483326
-0.0519262
-0.0538192
-0.0549863
-0.0558693
-0.0558899
-0.0539762
-0.0502042
-0.0464003
-0.0433918
-0.0389943
-0.0312734
-0.0221893
-0.0156330
-0.0122424
-0.0085547
-0.0016819
0.0072429
0.0147451
0.0192419
0.0217147
0.0235789
0.0253475
0.0269211
0.0283408
0.0302371
0.0329550
0.0354674
0.0360510
0.0344614
0.0318667
0.0289501
0.0254615
0.0213934
0.0173302
0.0134873
0.0087415
0.0016659
-0.0077986
-0.0184188
-0.0289659
-0.0382020
-0.0451571
-0.0503025
-0.0547419
-0.0576869
-0.0570800
-0.0528351
-0.0479172
-0.0455100
-0.0452506
-0.0433922
-0.0370143
-0.0276959
-0.0203836
-0.0176010
-0.0157925
-0.0094912
0.0019711
0.0144140
0.0240471
0.0311939
0.0383237
0.0458938
0.0519421
0.0559297
0.0596008
0.0633838
0.0659564
0.0666970
0.0663437
0.0657465
0.0646265
0.0621016
0.0579649
0.0525610
0.0460948
0.0381922
0.0281302
0.0161547
0.0037377
-0.0079560
-0.0187989
-0.0281847
-0.0343108
-0.0360526
-0.0349181
-0.0334354
-0.0319521
-0.0294253
-0.0260224
-0.0236382
-0.0241525
-0.0269097
-0.0282567
-0.0259015
-0.0224790
-0.0219380
-0.0241855
-0.0259837
-0.0250637
-0.0215341
-0.0158573
-0.0087091
-0.0022821
0.0018980
0.0051257
0.0089994
0.0129431
0.0160473
0.0189424
0.0222393
0.0256006
0.0295138
0.0353446
0.0421421
0.0463134
0.0453435
0.0403094
0.0344744
0.0299239
0.0264007
0.0223611
0.0165708
0.0094860
0.0029030
-0.0011849
-0.0022366
-0.0018281
-0.0015387
-0.0008493
0.0007157
0.0020354
0.0029287
0.0045836
0.0070589
0.0091399
0.0099690
0.0094393
0.0076169
0.0052986
0.0040714
0.0046599
0.0056420
0.0056855
0.0054705
0.0057808
0.0052370
0.0018664
-0.0041356
-0.0106829
-0.0164656
-0.0218379
-0.0270831
-0.0312530
-0.0337818
-0.0361381
-0.0400998
-0.0453938
-0.0504015
-0.0545857
-0.0584628
-0.0616564
-0.0630539
-0.0631909
-0.0641999
-0.0664882
-0.0678689
-0.0667219
-0.0639018
-0.0609043
-0.0585133
-0.0567032
-0.0539949
-0.0492475
-0.0440384
-0.0402104
-0.0369091
-0.0325151
-0.0271507
-0.0215997
-0.0159096
-0.0095101
-0.0014960
0.0083356
0.0182819
0.0259769
0.0309175
0.0342926
0.0362298
0.0357431
0.0335159
0.0314377
0.0302350
0.0292683
0.0288736
0.0306013
0.0341838
0.0365208
0.0352696
0.0314529
0.0278045
0.0263491
0.0271196
0.0282050
0.0275608
0.0250832
0.0228926
0.0223335
0.0223835
0.0221835
0.0225997
0.0241640
0.0256618
0.0265376
0.0279857
0.0304096
0.0319355
0.0312793
0.0294702
0.0273640
0.0248002
0.0223147
0.0211099
0.0213545
0.0223910
0.0241660
0.0266543
0.0290358
0.0300638
0.0288968
0.0257567
0.0215760
0.0171579
0.0128648
0.0094986
0.0089693
0.0125313
0.0181574
0.0215172
0.0197163
0.0134686
0.0059700
0.0005190
-0.0015898
-0.0013547
-0.0002748
0.0008902
0.0020049
0.0035042
0.0058897
0.0086967
0.0107494
0.0114444
0.0112114
0.0110859
0.0118278
0.0132221
0.0141653
0.0138944
0.0126511
0.0106839
0.0073887
0.0024795
-0.0027733
-0.0066723
-0.0089939
-0.0104468
-0.0109066
-0.0103574
-0.0101607
-0.0123683
-0.0173646
-0.0229066
-0.0264835
-0.0278908
-0.0289347
-0.0309756
-0.0338381
-0.0365569
-0.0379220
-0.0372168
-0.0355035
-0.0354485
-0.0389160
-0.0446606
-0.0493207
-0.0505750
-0.0480395
-0.0424190
-0.0351960
-0.0279009
-0.0211077
-0.0145224
-0.0083423
-0.0028364
0.0025896
0.0080237
0.0126894
0.0167473
0.0216464
0.0278772
0.0339631
0.0383581
0.0408314
0.0414907
0.0404973
0.0387410
0.0374628
0.0375424
0.0391335
0.0414358
0.0433081
0.0442898
0.0447745
0.0451392
0.0455100
0.0458925
0.0459009
0.0441437
0.0396972
0.0335117
0.0272502
0.0214782
0.0159272
0.0109462
0.0073842
0.0058933
0.0064258
0.0084137
0.0110827
0.0135535
0.0151500
0.0158852
0.0163250
0.0169009
0.0172007
0.0161908
0.0130738
0.0083405
0.0031440
-0.0022040
-0.0079927
-0.0138822
-0.0183196
-0.0196073
-0.0174036
-0.0125716
-0.0062409
0.0004673
0.0064913
0.0116386
0.0163901
0.0211281
0.0263647
0.0326915
0.0398782
0.0466887
0.0516132
0.0536745
0.0527629
0.0496311
0.0453824
0.0408074
0.0361909
0.0312442
0.0258616
0.0210090
0.0179203
0.0165019
0.0148867
0.0115743
0.0069241
0.0018318
-0.0029932
-0.0067774
-0.0093712
-0.0115827
-0.0141963
-0.0172481
-0.0209577
-0.0257759
-0.0312418
-0.0359593
-0.0387800
-0.0400596
-0.0408942
-0.0416596
-0.0420075
-0.0418554
-0.0413946
-0.0402659
-0.0385451
-0.0371089
-0.0369023
-0.0379857
-0.0394430
-0.0400508
-0.0393446
-0.0384217
-0.0391069
-0.0416518
-0.0442807
-0.0459181
-0.0472271
-0.0488822
-0.0501705
-0.0496449
-0.0463531
-0.0402759
-0.0319842
-0.0224182
-0.0133251
-0.0063771
-0.0019231
0.0005403
0.0016305
0.0018658
0.0012907
-0.0004138
-0.0030921
-0.0060822
-0.0094096
-0.0134857
-0.0179992
-0.0220685
-0.0250267
-0.0268305
-0.0274079
-0.0263463
-0.0233739
-0.0189824
-0.0145692
-0.0114526
-0.0099268
-0.0097097
-0.0102608
-0.0106574
-0.0102659
-0.0092985
-0.0085364
-0.0080801
-0.0072485
-0.0053883
-0.0020395
0.0031144
0.0094477
0.0144320
0.0157473
0.0136875
0.0108156
0.0102266
0.0136470
0.0204054
0.0270924
0.0306008
0.0311730
0.0305772
0.0286853
0.0246952
0.0202898
0.0180369
0.0182859
0.0200812
0.0226859
0.0253189
0.0272698
0.0285886
0.0297599
0.0305298
0.0295001
0.0258932
0.0202018
0.0137794
0.0082923
0.0042994
0.0004646
-0.0048396
-0.0115120
-0.0186318
-0.0258843
-0.0331363
-0.0397528
-0.0440793
-0.0441843
-0.0392026
-0.0305982
-0.0217689
-0.0153804
-0.0120042
-0.0112769
-0.0125421
-0.0137937
-0.0127634
-0.0092782
-0.0046529
0.0004506
0.0057677
0.0110320
0.0159931
0.0203716
0.0241974
0.0279134
0.0313342
0.0333814
0.0341737
0.0351356
0.0362146
0.0358260
0.0335892
0.0310551
0.0289371
0.0258586
0.0214793
0.0175940
0.0150722
0.0127186
0.0099232
0.0074610
0.0058177
0.0043694
0.0023364
-0.0008576
-0.0058361
-0.0128823
-0.0216762
-0.0314708
-0.0413740
-0.0502229
-0.0567613
-0.0604956
-0.0626964
-0.0659398
-0.0713639
-0.0768010
-0.0791702
-0.0779968
-0.0746936
-0.0698545
-0.0622406
-0.0512409
-0.0388641
-0.0275398
-0.0175773
-0.0079743
0.0014730
0.0105718
0.0198521
0.0300803
0.0415883
0.0545258
0.0688360
0.0834785
0.0966394
0.1068328
0.1138409
0.1184121
0.1209675
0.1217937
0.1213034
0.1198600
0.1173188
0.1127854
0.1055363
0.0964072
0.0874533
0.0796727
0.0719908
0.0630448
0.0525847
0.0410837
0.0294073
0.0186969
0.0095279
0.0016601
-0.0048187
-0.0090586
-0.0124918
-0.0183515
-0.0265751
-0.0333637
-0.0364644
-0.0374892
-0.0384767
-0.0396590
-0.0405047
-0.0396261
-0.0352889
-0.0286360
-0.0237054
-0.0220493
-0.0212429
-0.0205034
-0.0224348
-0.0266186
-0.0285424
-0.0282406
-0.0308831
-0.0360302
-0.0375631
-0.0354308
-0.0351875
-0.0373061
-0.0378352
-0.0364884
-0.0351534
-0.0324421
-0.0264698
-0.0191350
-0.0132870
-0.0092702
-0.0072731
-0.0094829
-0.0164739
-0.0236768
-0.0242642
-0.0166109
-0.0074895
-0.0037706
-0.0032575
0.0007111
0.0091915
0.0176495
0.0232291
0.0277137
0.0344208
0.0440835
0.0537475
0.0600015
0.0624267
0.0630829
0.0642094
0.0667987
0.0695802
0.0700993
0.0697198
0.0744314
0.0867848
0.1002831
0.1071034
0.1074298
0.1062436
0.1048491
0.1018047
0.0982298
0.0954570
0.0919533
0.0865806
0.0810487
0.0759927
0.0691425
0.0591342
0.0472029
0.0350332
0.0236782
0.0132146
0.0026375
-0.0079650
-0.0162982
-0.0214674
-0.0259078
-0.0307378
-0.0330807
-0.0314980
-0.0296326
-0.0312809
-0.0350465
-0.0364904
-0.0340975
-0.0302918
-0.0278505
-0.0274796
-0.0273411
-0.0246981
-0.0204557
-0.0192400
-0.0216319
-0.0220456
-0.0171195
-0.0109428
-0.0093219
-0.0125966
-0.0167208
-0.0189250
-0.0193205
-0.0177417
-0.0123151
-0.0033314
0.0051382
0.0103768
0.0133864
0.0149591
0.0133194
0.0068285
-0.0027712
-0.0113681
-0.0165753
-0.0196864
-0.0218974
-0.0216029
-0.0185896
-0.0156751
-0.0134143
-0.0086811
-0.0014153
0.0021090
-0.0027859
-0.0122550
-0.0189224
-0.0199127
-0.0176877
-0.0160093
-0.0168269
-0.0190418
-0.0197848
-0.0177757
-0.0151442
-0.0142612
-0.0144814
-0.0136635
-0.0110554
-0.0075625
-0.0046298
-0.0035851
-0.0051505
-0.0083604
-0.0108154
-0.0107607
-0.0089520
-0.0084669
-0.0113260
-0.0157134
-0.0183217
-0.0186830
-0.0193227
-0.0226343
-0.0287776
-0.0352922
-0.0391867
-0.0399488
-0.0391190
-0.0382059
-0.0378349
-0.0375201
-0.0358373
-0.0322098
-0.0280654
-0.0246560
-0.0209878
-0.0160142
-0.0109829
-0.0079694
-0.0075039
-0.0077869
-0.0066539
-0.0041886
-0.0015550
0.0018191
0.0071853
0.0132440
0.0169490
0.0176089
0.0179403
0.0207768
0.0261028
0.0330682
0.0425079
0.0551117
0.0691651
0.0815950
0.0897680
0.0916691
0.0867582
0.0769032
0.0660312
0.0573911
0.0515484
0.0468798
0.0409835
0.0323892
0.0229946
0.0170724
0.0159774
0.0164318
0.0151114
0.0120482
0.0089025
0.0065901
0.0052349
0.0043483
0.0026527
-0.0006008
-0.0053580
-0.0111992
-0.0168461
-0.0203293
-0.0205213
-0.0183216
-0.0156758
-0.0130432
-0.0090584
-0.0037243
0.0001084
0.0002068
-0.0016350
-0.0021198
-0.0009091
-0.0002241
-0.0009295
-0.0018132
-0.0014882
0.0005094
0.0039261
0.0080385
0.0117641
0.0145681
0.0165786
0.0175849
0.0166741
0.0133849
0.0087768
0.0049245
0.0028127
0.0012765
-0.0015146
-0.0058889
-0.0111668
-0.0163388
-0.0206764
-0.0243991
-0.0281459
-0.0321510
-0.0354788
-0.0370065
-0.0364170
-0.0340237
-0.0307810
-0.0282310
-0.0274043
-0.0282200
-0.0303316
-0.0330419
-0.0345459
-0.0335429
-0.0311791
-0.0293360
-0.0281927
-0.0267136
-0.0245910
-0.0225234
-0.0205336
-0.0177452
-0.0136717
-0.0090878
-0.0047346
-0.0003554
0.0042610
0.0088360
0.0133408
0.0182334
0.0240353
0.0307925
0.0379272
0.0445132
0.0499168
0.0543986
0.0586167
0.0623357
0.0641849
0.0630578
0.0594976
0.0546697
0.0489697
0.0416474
0.0320422
0.0209154
0.0098784
-0.0005554
-0.0108210
-0.0206210
-0.0284258
-0.0329164
-0.0340497
-0.0326615
-0.0298693
-0.0270094
-0.0247848
-0.0228428
-0.0211743
-0.0212113
-0.0244111
-0.0300946
-0.0353369
-0.0375535
-0.0369261
-0.0361867
-0.0376979
-0.0411173
-0.0448690
-0.0482597
-0.0511438
-0.0535787
-0.0564030
-0.0599468
-0.0629337
-0.0633474
-0.0600643
-0.0540307
-0.0484296
-0.0457568
-0.0448131
-0.0424105
-0.0373944
-0.0305577
-0.0219741
-0.0114581
-0.0000646
0.0112842
0.0232726
0.0363932
0.0491430
0.0597363
0.0677695
0.0735193
0.0775169
0.0806054
0.0834076
0.0856225
0.0861152
0.0839486
0.0785665
0.0700194
0.0592830
0.0477061
0.0361117
0.0246951
0.0132695
0.0011353
-0.0126757
-0.0284782
-0.0455607
-0.0628412
-0.0792197
-0.0938288
-0.1063360
-0.1164843
-0.1236005
-0.1278139
-0.1301819
-0.1305331
-0.1266134
-0.1167203
-0.1025057
-0.0872601
-0.0731790
-0.0619406
-0.0547367
-0.0497756
-0.0425612
-0.0314527
-0.0206727
-0.0159755
-0.0183896
-0.0229785
-0.0242137
-0.0225351
-0.0220936
-0.0224461
-0.0190486
-0.0122676
-0.0075696
-0.0067784
-0.0062707
-0.0040377
-0.0023840
-0.0026960
-0.0024994
0.0007833
0.0059896
0.0096687
0.0098588
0.0077814
0.0058115
0.0046976
0.0033342
0.0013605
0.0004213
0.0024281
0.0085253
0.0179749
0.0275588
0.0348426
0.0411848
0.0482714
0.0537375
0.0551913
0.0561209
0.0604600
0.0637598
0.0591817
0.0488961
0.0402379
0.0346346
0.0290563
0.0238517
0.0210015
0.0200566
0.0206199
0.0229595
0.0244241
0.0217422
0.0164208
0.0124921
0.0107485
0.0104727
0.0123675
0.0149141
0.0137959
0.0091172
0.0057717
0.0047967
0.0014796
-0.0063155
-0.0151497
-0.0216549
-0.0250997
-0.0254840
-0.0235390
-0.0211195
-0.0190844
-0.0169512
-0.0155703
-0.0155368
-0.0139809
-0.0088402
-0.0036287
-0.0022875
-0.0024429
0.0009223
0.0077545
0.0129657
0.0131118
0.0100722
0.0096005
0.0171436
0.0318517
0.0446875
0.0481325
0.0461357
0.0473658
0.0519173
0.0541168
0.0543277
0.0568655
0.0598989
0.0582250
0.0532269
0.0499742
0.0480207
0.0433448
0.0353833
0.0268068
0.0189481
0.0112258
0.0033909
-0.0034125
-0.0080031
-0.0109515
-0.0133235
-0.0146039
-0.0139306
-0.0126495
-0.0137148
-0.0181456
-0.0229800
-0.0253729
-0.0275726
-0.0337899
-0.0428685
-0.0491018
-0.0494551
-0.0457413
-0.0423206
-0.0427786
-0.0464712
-0.0492332
-0.0486774
-0.0461715
-0.0427935
-0.0369614
-0.0282378
-0.0192026
-0.0116979
-0.0044925
0.0036793
0.0123746
0.0225361
0.0360536
0.0513404
0.0642557
0.0736528
0.0811349
0.0869046
0.0905306
0.0938889
0.0986493
0.1034402
0.1068257
0.1090082
0.1088386
0.1033285
0.0920221
0.0779794
0.0634556
0.0480666
0.0310249
0.0128523
-0.0050500
-0.0214782
-0.0355710
-0.0464630
-0.0535776
-0.0577682
-0.0607725
-0.0639017
-0.0675509
-0.0709051
-0.0715067
-0.0657004
-0.0507880
-0.0275407
-0.0009650
0.0215106
0.0344997
0.0378050
0.0352347
0.0311908
0.0293032
0.0320656
0.0382233
0.0422741
0.0387939
0.0287408
0.0182639
0.0107706
0.0042792
-0.0046107
-0.0170806
-0.0310684
-0.0425433
-0.0500103
-0.0577286
-0.0699318
-0.0829472
-0.0902726
-0.0928631
-0.0973040
-0.1050925
-0.1113127
-0.1126565
-0.1100295
-0.1038127
-0.0917566
-0.0731491
-0.0519340
-0.0324801
-0.0135367
0.0088912
0.0329772
0.0507922
0.0581597
0.0593253
0.0592242
0.0558943
0.0446204
0.0259482
0.0059200
-0.0092181
-0.0177355
-0.0233688
-0.0302804
-0.0373751
-0.0402133
-0.0374603
-0.0325778
-0.0288205
-0.0270478
-0.0285935
-0.0334486
-0.0349521
-0.0256193
-0.0098723
-0.0003145
-0.0000933
-0.0006496
0.0024846
0.0040632
0.0001923
-0.0055424
-0.0096772
-0.0138082
-0.0191818
-0.0234372
-0.0249336
-0.0258758
-0.0291844
-0.0356434
-0.0443923
-0.0525415
-0.0563199
-0.0570209
-0.0610593
-0.0699376
-0.0752027
-0.0702498
-0.0617873
-0.0578990
-0.0541694
-0.0440374
-0.0287697
-0.0098760
0.0115729
0.0291358
0.0389120
0.0468095
0.0574000
0.0657390
0.0687886
0.0729372
0.0826417
0.0925504
0.0968321
0.0971270
0.0968306
0.0946358
0.0873069
0.0752568
0.0623481
0.0512161
0.0403648
0.0265267
0.0094204
-0.0067818
-0.0174169
-0.0222159
-0.0248278
-0.0284354
-0.0336617
-0.0397898
-0.0446687
-0.0456617
-0.0437387
-0.0422882
-0.0405980
-0.0339459
-0.0211883
-0.0062882
0.0084241
0.0239010
0.0384522
0.0475560
0.0501691
0.0499154
0.0507631
0.0535744
0.0558488
0.0536963
0.0449077
0.0310562
0.0161425
0.0022510
-0.0114379
-0.0250080
-0.0364107
-0.0443128
-0.0494202
-0.0522849
-0.0536237
-0.0555423
-0.0588007
-0.0610255
-0.0603488
-0.0572138
-0.0518293
-0.0439367
-0.0351511
-0.0283626
-0.0242514
-0.0207749
-0.0161866
-0.0105044
-0.0036837
0.0062146
0.0205300
0.0367875
0.0502541
0.0582962
0.0616275
0.0633205
0.0667317
0.0728722
0.0806187
0.0882751
0.0933444
0.0942152
0.0903413
0.0776722
0.0528948
0.0231294
-0.0008794
-0.0194397
-0.0384319
-0.0547704
-0.0607466
-0.0581667
-0.0570583
-0.0631193
-0.0756208
-0.0945452
-0.1189374
-0.1400238
-0.1481327
-0.1452254
-0.1410642
-0.1415169
-0.1466863
-0.1521180
-0.1472802
-0.1232990
-0.0866608
-0.0556946
-0.0418287
-0.0408350
-0.0395075
-0.0261192
-0.0009112
0.0221102
0.0304342
0.0276400
0.0261870
0.0305394
0.0337779
0.0288812
0.0168166
0.0015968
-0.0160596
-0.0340806
-0.0451717
-0.0445219
-0.0353135
-0.0246484
-0.0191660
-0.0230362
-0.0326457
-0.0370247
-0.0313038
-0.0245874
-0.0271776
-0.0340071
-0.0296390
-0.0114329
0.0018629
-0.0074984
-0.0351116
-0.0651873
-0.0885927
-0.1002473
-0.0972998
-0.0906100
-0.0938903
-0.0968557
-0.0782661
-0.0467212
-0.0339017
-0.0439750
-0.0461269
-0.0238746
0.0010195
0.0043763
-0.0048055
-0.0025082
0.0097525
0.0073272
-0.0166351
-0.0399583
-0.0421852
-0.0195548
0.0195162
0.0492259
0.0452779
0.0224164
0.0146876
0.0196665
0.0075600
-0.0229597
-0.0421556
-0.0363626
-0.0232158
-0.0208187
-0.0278180
-0.0360509
-0.0452010
-0.0592947
-0.0774011
-0.0928673
-0.1004882
-0.1036396
-0.1115356
-0.1261371
-0.1380091
-0.1418798
-0.1468308
-0.1544084
-0.1424126
-0.1040073
-0.0772592
-0.0880925
-0.0998466
-0.0702829
-0.0175410
0.0142201
0.0178653
0.0182852
0.0273679
0.0336160
0.0323349
0.0373017
0.0528390
0.0598091
0.0415768
0.0120705
0.0108464
0.0559914
0.1060373
0.1123440
0.0901187
0.0741399
0.0504595
0.0051346
-0.0218451
-0.0030745
0.0197290
0.0073162
-0.0100396
0.0097507
0.0500772
0.0698600
0.0639871
0.0519888
0.0417228
0.0312145
0.0223586
0.0167818
0.0123567
0.0082760
0.0051546
0.0024301
-0.0004794
-0.0036458
-0.0087447
-0.0177410
-0.0279998
-0.0335867
-0.0327739
-0.0320427
-0.0416355
-0.0635754
-0.0855116
-0.0917464
-0.0757904
-0.0388991
0.0099119
0.0478146
0.0538966
0.0328596
0.0026399
-0.0300048
-0.0591125
-0.0674036
-0.0493385
-0.0258849
-0.0164588
-0.0118561
0.0062235
0.0304269
0.0388113
0.0301748
0.0146454
-0.0152140
-0.0638152
-0.1017673
-0.0998861
-0.0759960
-0.0708567
-0.0932388
-0.1150055
-0.1106497
-0.0840380
-0.0613972
-0.0663478
-0.0949803
-0.1151846
-0.1037575
-0.0798420
-0.0818192
-0.1118684
-0.1238075
-0.0813282
-0.0223539
-0.0232285
-0.0845909
-0.1217774
-0.0954920
-0.0631092
-0.0709138
-0.0903213
-0.0884461
-0.0792900
-0.0826871
-0.0928618
-0.0968156
-0.0880694
-0.0664977
-0.0417754
-0.0264814
-0.0211716
-0.0158466
-0.0019523
0.0235606
0.0552513
0.0767593
0.0718395
0.0449557
0.0333916
0.0803455
0.1684451
0.2133066
0.1741948
0.1172743
0.1077600
0.1181694
0.1062091
0.0912068
0.0944003
0.0904985
0.0653893
0.0510547
0.0679050
0.0869413
0.0763761
0.0467933
0.0267153
0.0198741
0.0083067
-0.0152690
-0.0383241
-0.0503019
-0.0567986
-0.0687715
-0.0891815
-0.1103538
-0.1136490
-0.0843692
-0.0392419
-0.0146082
-0.0189834
-0.0291274
-0.0325206
-0.0344185
-0.0278878
-0.0003962
0.0344014
0.0517486
0.0550525
0.0664204
0.0907360
0.1160266
0.1341974
0.1388418
0.1185101
0.0723728
0.0220033
0.0020788
0.0410905
0.1164582
0.1413883
0.0768405
0.0121848
0.0271332
0.0657085
0.0625889
0.0613040
0.0952855
0.1020377
0.0520225
0.0191886
0.0508058
0.0894042
0.0764454
0.0385855
0.0277118
0.0383636
0.0259301
-0.0210782
-0.0617826
-0.0603944
-0.0393011
-0.0481487
-0.0891607
-0.1099340
-0.0796144
-0.0378421
-0.0374074
-0.0621737
-0.0557897
-0.0197601
-0.0079263
-0.0242915
-0.0167293
0.0206006
0.0372327
0.0255579
0.0276965
0.0447709
0.0411212
0.0246216
0.0298991
0.0441111
0.0284171
0.0003396
0.0281636
0.1178327
0.1686734
0.1171294
0.0442622
0.0367435
0.0517008
0.0313267
0.0231174
0.0724825
0.1167650
0.0906966
0.0373849
0.0298177
0.0593993
0.0689337
0.0449107
0.0236366
0.0258963
0.0255240
-0.0063695
-0.0472197
-0.0484530
-0.0131587
0.0017431
-0.0286785
-0.0605267
-0.0459530
0.0027775
0.0339455
0.0262880
0.0121608
0.0221214
0.0382697
0.0328199
0.0213996
0.0330782
0.0550393
0.0577811
0.0497375
0.0546554
0.0630331
0.0575169
0.0524648
0.0597179
0.0519571
0.0053214
-0.0431278
-0.0208336
0.0732944
0.1281828
0.0651876
-0.0333668
-0.0554945
-0.0314098
-0.0399099
-0.0556056
-0.0274453
0.0021981
-0.0193783
-0.0512443
-0.0374751
-0.0042004
-0.0028363
-0.0276167
-0.0432285
-0.0397054
-0.0265780
-0.0125991
-0.0072116
-0.0138868
-0.0218913
-0.0176609
0.0081582
0.0545566
0.0904248
0.0797854
0.0439741
0.0386043
0.0642294
0.0738133
0.0635563
0.0732342
0.1017677
0.1073308
0.0883314
0.0820497
0.0872683
0.0669814
0.0214474
-0.0102411
-0.0083159
0.0175264
0.0491132
0.0650340
0.0625861
0.0711282
0.1006156
0.1086923
0.0717583
0.0362607
0.0412738
0.0547746
0.0437105
0.0389520
0.0720354
0.1055653
0.0873807
0.0354817
0.0111320
0.0283795
0.0443174
0.0335182
0.0213548
0.0334299
0.0525827
0.0484510
0.0232162
0.0051007
0.0114667
0.0330995
0.0444004
0.0263606
-0.0104694
-0.0355906
-0.0356795
-0.0246435
-0.0181349
-0.0186305
-0.0219377
-0.0231872
-0.0242589
-0.0366254
-0.0613707
-0.0775617
-0.0713876
-0.0600552
-0.0644089
-0.0772691
-0.0795373
-0.0681816
-0.0540655
-0.0491546
-0.0609101
-0.0847698
-0.1031645
-0.1038903
-0.0951463
-0.0917809
-0.0933794
-0.0905941
-0.0864372
-0.0902696
-0.0954729
-0.0878176
-0.0723272
-0.0666433
-0.0717823
-0.0719591
-0.0598955
-0.0446580
-0.0359399
-0.0320890
-0.0247218
-0.0108552
0.0017310
0.0033340
-0.0041181
-0.0087345
-0.0053380
-0.0016004
-0.0049545
-0.0128124
-0.0200146
-0.0268639
-0.0341300
-0.0378973
-0.0347677
-0.0269328
-0.0195235
-0.0155459
-0.0131729
-0.0079400
0.0006757
0.0079580
0.0124815
0.0196464
0.0321534
0.0434626
0.0467349
0.0444296
0.0424818
0.0405929
0.0354762
0.0293027
0.0277122
0.0313341
0.0342393
0.0314563
0.0260317
0.0244569
0.0269786
0.0281995
0.0263854
0.0255180
0.0279606
0.0311415
0.0323352
0.0320465
0.0320273
0.0328040
0.0333830
0.0328175
0.0318173
0.0329080
0.0378716
0.0437091
0.0435705
0.0346621
0.0217367
0.0097106
-0.0010711
-0.0102131
-0.0143922
-0.0126737
-0.0096659
-0.0102260
-0.0135194
-0.0150229
-0.0127504
-0.0093803
-0.0083889
-0.0101468
-0.0125919
-0.0140053
-0.0145438
-0.0152119
-0.0160548
-0.0172297
-0.0200942
-0.0252900
-0.0308508
-0.0343581
-0.0369177
-0.0422184
-0.0514956
-0.0613114
-0.0668704
-0.0667619
-0.0636577
-0.0605134
-0.0570483
-0.0517759
-0.0465247
-0.0447609
-0.0455374
-0.0442612
-0.0399688
-0.0364706
-0.0355431
-0.0344319
-0.0312977
-0.0273088
-0.0231222
-0.0178418
-0.0114703
-0.0054638
-0.0011138
0.0011854
0.0022674
0.0034231
0.0044028
0.0042195
0.0031433
0.0021583
0.0020753
0.0040017
0.0083773
0.0127734
0.0138476
0.0113139
0.0075561
0.0046670
0.0040908
0.0066431
0.0106631
0.0127491
0.0120622
0.0117776
0.0146377
0.0196144
0.0247440
0.0307430
0.0385663
0.0470025
0.0539718
0.0580985
0.0598002
0.0605224
0.0613671
0.0626796
0.0642110
0.0652189
0.0651117
0.0645685
0.0651689
0.0676766
0.0711970
0.0739817
0.0746958
0.0736064
0.0724487
0.0726559
0.0737131
0.0737480
0.0717099
0.0683900
0.0647341
0.0606513
0.0558261
0.0507192
0.0461688
0.0419572
0.0372822
0.0320020
0.0263604
0.0205590
0.0155287
0.0117998
0.0085259
0.0049266
0.0013419
-0.0014923
-0.0037267
-0.0061110
-0.0093601
-0.0134643
-0.0162759
-0.0148956
-0.0090582
-0.0012315
0.0063032
0.0128777
0.0189903
0.0253813
0.0311331
0.0337876
0.0328857
0.0321134
0.0351082
0.0416239
0.0507023
0.0638217
0.0799956
0.0927742
0.0966039
0.0921430
0.0814909
0.0649793
0.0463257
0.0337051
0.0321700
0.0393615
0.0485305
0.0532357
0.0521132
0.0500496
0.0508365
0.0520547
0.0522180
0.0560646
0.0663077
0.0769293
0.0802812
0.0750113
0.0633076
0.0476843
0.0337884
0.0280613
0.0290623
0.0281576
0.0201512
0.0080602
-0.0015022
-0.0048073
-0.0033682
-0.0014121
-0.0027508
-0.0085190
-0.0160966
-0.0220579
-0.0258086
-0.0279621
-0.0280161
-0.0280528
-0.0330785
-0.0428132
-0.0490842
-0.0466463
-0.0414114
-0.0428847
-0.0523025
-0.0627370
-0.0683501
-0.0675048
-0.0602663
-0.0487992
-0.0385285
-0.0332749
-0.0308357
-0.0270855
-0.0214244
-0.0159064
-0.0123312
-0.0122327
-0.0164192
-0.0211982
-0.0190101
-0.0074148
0.0063780
0.0142156
0.0163604
0.0188945
0.0250713
0.0319177
0.0343446
0.0313025
0.0274455
0.0270481
0.0284375
0.0274538
0.0242353
0.0226794
0.0236408
0.0241131
0.0226371
0.0209376
0.0213335
0.0251895
0.0314301
0.0359127
0.0365360
0.0380026
0.0461534
0.0577338
0.0627785
0.0577980
0.0504465
0.0496158
0.0564264
0.0657046
0.0718808
0.0721516
0.0680439
0.0658085
0.0707982
0.0792150
0.0819345
0.0775432
0.0743955
0.0778877
0.0840325
0.0871079
0.0859516
0.0819023
0.0760673
0.0705540
0.0680326
0.0688982
0.0706030
0.0695383
0.0634823
0.0533458
0.0426347
0.0344031
0.0294001
0.0259051
0.0215746
0.0165747
0.0127333
0.0097401
0.0050739
-0.0019221
-0.0088040
-0.0130346
-0.0136098
-0.0102353
-0.0040015
0.0000052
-0.0054949
-0.0198107
-0.0314285
-0.0317969
-0.0251319
-0.0194191
-0.0171559
-0.0185019
-0.0246273
-0.0354061
-0.0475422
-0.0559768
-0.0574756
-0.0532102
-0.0458683
-0.0375473
-0.0326795
-0.0349063
-0.0405217
-0.0435412
-0.0436680
-0.0423018
-0.0377057
-0.0294862
-0.0206462
-0.0141719
-0.0108899
-0.0085105
-0.0026622
0.0084735
0.0218576
0.0331701
0.0403284
0.0431622
0.0435815
0.0459433
0.0533435
0.0634459
0.0715882
0.0774149
0.0828583
0.0856560
0.0827942
0.0782381
0.0787547
0.0822588
0.0814762
0.0773487
0.0769338
0.0793948
0.0768202
0.0668237
0.0533699
0.0385397
0.0219293
0.0058002
-0.0047675
-0.0070985
-0.0035772
0.0001340
-0.0007416
-0.0071066
-0.0167273
-0.0266315
-0.0343810
-0.0380013
-0.0369131
-0.0333522
-0.0313332
-0.0337412
-0.0405414
-0.0491871
-0.0557884
-0.0579821
-0.0565596
-0.0524441
-0.0441131
-0.0309996
-0.0160271
-0.0021304
0.0101451
0.0204103
0.0276728
0.0323726
0.0359851
0.0389527
0.0398209
0.0373241
0.0369242
0.0492485
0.0699536
0.0757835
0.0589993
0.0424193
0.0418755
0.0436042
0.0338071
0.0210915
0.0164536
0.0142069
0.0056013
-0.0051246
-0.0084949
-0.0038597
0.0011734
0.0003547
-0.0061404
-0.0138826
-0.0188357
-0.0206103
-0.0217194
-0.0238512
-0.0268573
-0.0310172
-0.0378301
-0.0487786
-0.0639658
-0.0817922
-0.0998284
-0.1146797
-0.1229844
-0.1255218
-0.1282682
-0.1371366
-0.1519808
-0.1651100
-0.1677847
-0.1619368
-0.1609860
-0.1741687
-0.1955692
-0.2115234
-0.2145782
-0.2096030
-0.2077462
-0.2142559
-0.2247365
-0.2340799
-0.2418959
-0.2476513
-0.2499590
-0.2530585
-0.2645217
-0.2843355
-0.3039254
-0.3167151
-0.3229878
-0.3252912
-0.3245571
-0.3210284
-0.3160735
-0.3122053
-0.3099092
-0.3060741
-0.2990095
-0.2920735
-0.2884827
-0.2858990
-0.2809629
-0.2752956
-0.2728391
-0.2749185
-0.2807100
-0.2902933
-0.3047649
-0.3236092
-0.3431817
-0.3575985
-0.3615217
-0.3536768
-0.3379595
-0.3201195
-0.3028301
-0.2833501
-0.2570352
-0.2233652
-0.1863963
-0.1489405
-0.1093309
-0.0654693
-0.0186162
0.0309795
0.0892273
0.1615033
0.2419277
0.3174535
0.3861445
0.4626095
0.5504728
0.6134487
0.5988022
0.5051185
0.4207594
0.4548672
0.5913012
0.6723397
0.5986057
0.4652351
0.4189590
0.4700412
0.5330417
0.5847091
0.6677634
0.7398675
0.6959192
0.5916552
0.5980609
0.6973715
0.7127174
0.6238614
0.5579318
0.5243226
0.4344710
0.3122746
0.2552795
0.2582851
0.2463248
0.2141981
0.2075208
0.2230733
0.2236874
0.2105697
0.2117806
0.2286192
0.2380161
0.2269098
0.2003391
0.1682587
0.1360102
0.1013425
0.0562830
-0.0029686
-0.0657161
-0.1146486
-0.1464276
-0.1743826
-0.2090135
-0.2463292
-0.2734908
-0.2751757
-0.2417369
-0.1834370
-0.1286842
-0.0972002
-0.0823595
-0.0662105
-0.0414578
-0.0182058
-0.0122505
-0.0175122
-0.0059162
0.0232743
0.0302043
0.0027181
-0.0096676
0.0297017
0.0843449
0.0979576
0.0670596
0.0297330
0.0154697
0.0305157
0.0699809
0.1243914
0.1800904
0.2194623
0.2253998
0.1936734
0.1396890
0.0857911
0.0427045
0.0064859
-0.0298534
-0.0674853
-0.1034010
-0.1343629
-0.1561886
-0.1678483
-0.1792884
-0.2006484
-0.2219043
-0.2251715
-0.2164422
-0.2182080
-0.2316292
-0.2344643
-0.2168454
-0.1937398
-0.1804054
-0.1770587
-0.1803591
-0.1912342
-0.2054010
-0.2124771
-0.2098068
-0.2064760
-0.2102562
-0.2153353
-0.2063185
-0.1747366
-0.1317672
-0.1000628
-0.0888421
-0.0834391
-0.0660716
-0.0384315
-0.0153868
-0.0034914
0.0034605
0.0087814
0.0059660
-0.0068572
-0.0178687
-0.0161158
-0.0051774
0.0066145
0.0175661
0.0250015
0.0206573
0.0067902
0.0009247
0.0103891
0.0181339
0.0053514
-0.0254199
-0.0570577
-0.0766395
-0.0833233
-0.0842491
-0.0862726
-0.0911198
-0.0971852
-0.1027951
-0.1070839
-0.1093765
-0.1093242
-0.1050963
-0.0896393
-0.0576371
-0.0202817
0.0017185
0.0076281
0.0193918
0.0474396
0.0760125
0.0910918
0.0988984
0.1068515
0.1091265
0.1015959
0.0936620
0.0948163
0.1025852
0.1098360
0.1147119
0.1184297
0.1180553
0.1080185
0.0884298
0.0669299
0.0505569
0.0397598
0.0321257
0.0272455
0.0238854
0.0181030
0.0088939
0.0003326
-0.0057355
-0.0116741
-0.0167757
-0.0164464
-0.0090607
0.0018564
0.0120781
0.0199615
0.0261098
0.0319786
0.0379236
0.0420502
0.0420206
0.0384847
0.0355010
0.0373333
0.0451367
0.0574967
0.0735427
0.0917886
0.1065800
0.1116466
0.1084464
0.1053571
0.1067778
0.1095560
0.1100181
0.1076164
0.1036990
0.1026037
0.1102704
0.1252598
0.1363670
0.1339626
0.1202906
0.1060512
0.0997563
0.1010140
0.1026779
0.0984957
0.0882057
0.0757609
0.0637394
0.0520821
0.0406390
0.0304772
0.0228246
0.0176728
0.0133250
0.0071225
-0.0012832
-0.0088799
-0.0128924
-0.0148586
-0.0183870
-0.0226463
-0.0225297
-0.0168892
-0.0116986
-0.0118054
-0.0155466
-0.0194357
-0.0216198
-0.0198972
-0.0134554
-0.0063533
-0.0017438
0.0036203
0.0118075
0.0179482
0.0183040
0.0166611
0.0161782
0.0132513
0.0043946
-0.0086686
-0.0224195
-0.0339066
-0.0419505
-0.0502441
-0.0639728
-0.0811433
-0.0935360
-0.0981024
-0.1015134
-0.1134689
-0.1375318
-0.1681532
-0.1959839
-0.2152515
-0.2248218
-0.2245024
-0.2152443
-0.2032147
-0.1978855
-0.2037667
-0.2171503
-0.2310367
-0.2415823
-0.2493637
-0.2549269
-0.2560005
-0.2518910
-0.2465473
-0.2422774
-0.2348978
-0.2221601
-0.2110986
-0.2079196
-0.2071061
-0.1999447
-0.1870177
-0.1738219
-0.1606508
-0.1455245
-0.1312639
-0.1208886
-0.1118635
-0.1012647
-0.0900647
-0.0793045
-0.0677896
-0.0546063
-0.0396440
-0.0225306
-0.0040532
0.0134479
0.0291782
0.0444407
0.0596827
0.0738126
0.0859792
0.0958435
0.1032132
0.1092768
0.1170863
0.1298747
0.1472383
0.1631622
0.1715735
0.1736110
0.1757568
0.1811452
0.1879439
0.1960562
0.2055354
0.2068619
0.1869411
0.1503537
0.1197888
0.1073175
0.1004380
0.0847375
0.0634680
0.0461305
0.0332302
0.0213044
0.0121458
0.0093019
0.0120261
0.0170405
0.0209620
0.0192491
0.0085512
-0.0080143
-0.0213256
-0.0252095
-0.0238256
-0.0266367
-0.0361393
-0.0452250
-0.0481282
-0.0482442
-0.0515693
-0.0568395
-0.0574947
-0.0517798
-0.0469041
-0.0502129
-0.0565586
-0.0523841
-0.0350794
-0.0186091
-0.0147208
-0.0176433
-0.0165702
-0.0139662
-0.0183781
-0.0270575
-0.0300287
-0.0252160
-0.0177840
-0.0117062
-0.0108656
-0.0178689
-0.0263736
-0.0290928
-0.0331466
-0.0511530
-0.0800448
-0.1056879
-0.1235819
-0.1407957
-0.1631636
-0.1905001
-0.2182022
-0.2387371
-0.2486903
-0.2549905
-0.2670187
-0.2845248
-0.2993216
-0.3058097
-0.3029298
-0.2909999
-0.2745572
-0.2631417
-0.2605696
-0.2587475
-0.2488825
-0.2304385
-0.2045311
-0.1671056
-0.1164245
-0.0619304
-0.0177736
0.0122036
0.0368569
0.0636728
0.0894954
0.1089494
0.1239455
0.1395101
0.1578605
0.1813287
0.2125118
0.2479187
0.2795165
0.3030078
0.3176413
0.3204779
0.3084237
0.2843688
0.2550367
0.2250862
0.1976110
0.1751629
0.1564054
0.1359666
0.1088504
0.0736219
0.0373989
0.0211362
0.0385744
0.0599809
0.0348874
-0.0307325
-0.0732780
-0.0670600
-0.0585585
-0.0835771
-0.1132717
-0.1113945
-0.0947903
-0.1038868
-0.1435428
-0.1818749
-0.1960836
-0.1999143
-0.2250327
-0.2816406
-0.3391834
-0.3476973
-0.2871417
-0.1996860
-0.1613068
-0.2040687
-0.2625883
-0.2341059
-0.1162643
-0.0237794
-0.0229217
-0.0356862
0.0237830
0.1168807
0.1675189
0.1774099
0.1744245
0.1564097
0.1487194
0.1966486
0.2645333
0.2730732
0.2419277
0.2594960
0.3218333
0.3345363
0.2685677
0.1927298
0.1497410
0.1114825
0.0696863
0.0652721
0.1008398
0.1119936
0.0563046
-0.0306642
-0.0903525
-0.1107380
-0.1218587
-0.1432637
-0.1584775
-0.1485200
-0.1341294
-0.1495662
-0.1774258
-0.1664033
-0.1201270
-0.0969514
-0.1090692
-0.1003583
-0.0461365
-0.0006678
-0.0111879
-0.0445212
-0.0450298
-0.0234025
-0.0328015
-0.0735755
-0.0802315
-0.0162604
0.0671221
0.1044297
0.1085105
0.1385600
0.1966602
0.2084037
0.1349847
0.0631845
0.0888635
0.1540081
0.1480692
0.1068820
0.1321971
0.1941632
0.1979375
0.1623270
0.1639280
0.1860163
0.1600150
0.0880813
0.0342491
0.0363985
0.0658739
0.0627467
0.0112070
-0.0378521
-0.0402833
-0.0200484
-0.0270773
-0.0659225
-0.0993719
-0.1037587
-0.0918329
-0.0895865
-0.1105074
-0.1457817
-0.1676200
-0.1543983
-0.1182628
-0.0917058
-0.0863834
-0.0854015
-0.0732489
-0.0514617
-0.0269945
-0.0035906
0.0144392
0.0233687
0.0256508
0.0251034
0.0201693
0.0087538
-0.0054856
-0.0173163
-0.0250095
-0.0259239
-0.0126838
0.0210589
0.0701027
0.1146883
0.1332815
0.1227210
0.1040735
0.0992332
0.1033571
0.0962259
0.0724173
0.0393351
0.0011678
-0.0349046
-0.0586040
-0.0762775
-0.1026301
-0.1276108
-0.1245431
-0.0922982
-0.0562715
-0.0309964
-0.0113471
0.0046106
0.0108775
0.0109172
0.0196254
0.0413955
0.0619018
0.0714554
0.0803741
0.0991734
0.1194229
0.1243610
0.1100876
0.0911302
0.0892657
0.1134011
0.1470432
0.1644598
0.1614282
0.1580353
0.1694826
0.1857547
0.1864744
0.1681402
0.1471299
0.1379518
0.1342626
0.1155512
0.0777293
0.0505652
0.0616782
0.0868214
0.0762438
0.0311655
-0.0012287
-0.0081471
-0.0214978
-0.0491151
-0.0625850
-0.0552280
-0.0527033
-0.0631887
-0.0676163
-0.0597100
-0.0543446
-0.0577306
-0.0608179
-0.0584235
-0.0526438
-0.0434701
-0.0333731
-0.0325394
-0.0444400
-0.0562661
-0.0558276
-0.0450558
-0.0304460
-0.0163120
-0.0106397
-0.0200395
-0.0350306
-0.0353495
-0.0156655
0.0049700
0.0075024
-0.0012886
-0.0002737
0.0114706
0.0112899
-0.0113777
-0.0375381
-0.0497515
-0.0561225
-0.0679650
-0.0794413
-0.0828478
-0.0807197
-0.0767453
-0.0743531
-0.0809206
-0.0961809
-0.1101927
-0.1221776
-0.1418452
-0.1691459
-0.1895970
-0.1886202
-0.1620799
-0.1188456
-0.0785779
-0.0586273
-0.0566105
-0.0533797
-0.0392815
-0.0268273
-0.0284360
-0.0354210
-0.0329128
-0.0230410
-0.0181111
-0.0178378
-0.0091147
0.0116379
0.0301300
0.0345702
0.0316428
0.0326830
0.0364276
0.0371939
0.0389019
0.0479767
0.0609591
0.0704628
0.0761818
0.0818236
0.0881469
0.0946660
0.1025634
0.1109881
0.1153059
0.1129266
0.1073417
0.1026990
0.0985065
0.0920492
0.0827511
0.0720863
0.0616976
0.0530364
0.0468379
0.0411614
0.0328346
0.0225630
0.0154538
0.0145538
0.0169734
0.0175870
0.0141216
0.0089703
0.0069817
0.0093937
0.0121595
0.0118664
0.0080495
0.0002586
-0.0111836
-0.0226955
-0.0318896
-0.0411744
-0.0513429
-0.0581834
-0.0595521
-0.0597304
-0.0622577
-0.0638694
-0.0598382
-0.0505426
-0.0400803
-0.0312724
-0.0250182
-0.0218215
-0.0201778
-0.0153845
-0.0041870
0.0110399
0.0269387
0.0443885
0.0656959
0.0890178
0.1095192
0.1243028
0.1330125
0.1367606
0.1378650
0.1375079
0.1338583
0.1251322
0.1121210
0.0960288
0.0780316
0.0622188
0.0528808
0.0480116
0.0417316
0.0330616
0.0262158
0.0225725
0.0177874
0.0078881
-0.0049711
-0.0157098
-0.0238217
-0.0334376
-0.0464562
-0.0593896
-0.0698977
-0.0818958
-0.0986093
-0.1137536
-0.1186657
-0.1170989
-0.1243080
-0.1472571
-0.1730908
-0.1833387
-0.1750632
-0.1620582
-0.1574559
-0.1603647
-0.1597693
-0.1479680
-0.1284492
-0.1120135
-0.1059619
-0.1059230
-0.0992605
-0.0796136
-0.0548227
-0.0353505
-0.0213809
-0.0080699
0.0020151
0.0026412
-0.0018681
0.0018106
0.0183210
0.0385867
0.0540998
0.0642168
0.0664295
0.0522541
0.0210141
-0.0139274
-0.0407876
-0.0629178
-0.0910000
-0.1266897
-0.1567753
-0.1649251
-0.1508797
-0.1365930
-0.1447890
-0.1683035
-0.1737035
-0.1429965
-0.0981198
-0.0736580
-0.0757528
-0.0808814
-0.0705852
-0.0516076
-0.0402675
-0.0408541
-0.0450905
-0.0440767
-0.0345946
-0.0189952
-0.0021719
0.0138808
0.0319963
0.0532909
0.0708570
0.0760843
0.0720337
0.0719072
0.0807400
0.0878372
0.0837688
0.0747451
0.0708232
0.0715076
0.0727797
0.0760427
0.0814968
0.0832092
0.0769782
0.0664671
0.0573012
0.0503834
0.0437724
0.0373767
0.0325230
0.0293754
0.0273004
0.0262411
0.0265393
0.0287922
0.0341383
0.0419343
0.0483997
0.0501496
0.0488955
0.0496418
0.0534414
0.0561943
0.0554737
0.0538189
0.0539729
0.0544834
0.0522810
0.0479428
0.0448756
0.0447912
0.0459949
0.0453804
0.0419167
0.0372547
0.0324337
0.0259353
0.0172126
0.0096518
0.0063906
0.0063282
0.0070084
0.0093672
0.0158028
0.0252557
0.0350569
0.0453690
0.0577565
0.0700776
0.0780595
0.0819103
0.0852424
0.0883891
0.0893338
0.0897991
0.0932191
0.0976664
0.0966601
0.0884706
0.0791938
0.0738531
0.0692149
0.0600941
0.0482221
0.0381409
0.0299627
0.0221276
0.0140503
0.0039477
-0.0097125
-0.0231551
-0.0319367
-0.0396683
-0.0514192
-0.0620734
-0.0638629
-0.0598077
-0.0581131
-0.0581146
-0.0532688
-0.0429197
-0.0308336
-0.0178044
-0.0029944
0.0115200
0.0230077
0.0324962
0.0426597
0.0533289
0.0621885
0.0689698
0.0759204
0.0834713
0.0873527
0.0833518
0.0738537
0.0654219
0.0602942
0.0544282
0.0439727
0.0306930
0.0197919
0.0130763
0.0071685
-0.0009680
-0.0091891
-0.0141319
-0.0178424
-0.0249125
-0.0344617
-0.0408892
-0.0424655
-0.0436558
-0.0478977
-0.0527791
-0.0542611
-0.0523388
-0.0510185
-0.0528015
-0.0552489
-0.0549927
-0.0528978
-0.0521498
-0.0523645
-0.0498745
-0.0438566
-0.0377105
-0.0341977
-0.0322991
-0.0290813
-0.0238386
-0.0197380
-0.0199154
-0.0225510
-0.0233107
-0.0217381
-0.0213535
-0.0233289
-0.0247224
-0.0234885
-0.0218074
-0.0233045
-0.0279584
-0.0318212
-0.0323056
-0.0317107
-0.0334535
-0.0365530
-0.0365877
-0.0316361
-0.0238932
-0.0164994
-0.0117632
-0.0093595
-0.0057236
0.0012020
0.0079092
0.0105523
0.0121361
0.0178768
0.0263004
0.0313111
0.0309695
0.0288408
0.0283054
0.0293920
0.0292344
0.0250062
0.0174270
0.0103427
0.0059805
0.0021423
-0.0037331
-0.0105061
-0.0163247
-0.0228498
-0.0320524
-0.0418453
-0.0484352
-0.0515897
-0.0544460
-0.0585526
-0.0617755
-0.0619544
-0.0599572
-0.0567787
-0.0509526
-0.0417634
-0.0312788
-0.0206561
-0.0090182
0.0031568
0.0141752
0.0243221
0.0350079
0.0459520
0.0562062
0.0662736
0.0767405
0.0862742
0.0937704
0.1004430
0.1068741
0.1106880
0.1093731
0.1046329
0.1006659
0.0976349
0.0911307
0.0793402
0.0666957
0.0578168
0.0509296
0.0410350
0.0285890
0.0189630
0.0119126
0.0002693
-0.0169292
-0.0300852
-0.0336669
-0.0356090
-0.0448521
-0.0567512
-0.0601150
-0.0538888
-0.0480250
-0.0492741
-0.0532705
-0.0526954
-0.0487634
-0.0495532
-0.0567592
-0.0618678
-0.0584692
-0.0509787
-0.0467076
-0.0454399
-0.0422764
-0.0354875
-0.0269520
-0.0182005
-0.0099207
-0.0033041
0.0014958
0.0068407
0.0148647
0.0236019
0.0296595
0.0327876
0.0346166
0.0357818
0.0365427
0.0385581
0.0428422
0.0468375
0.0475515
0.0460445
0.0453808
0.0472921
0.0529579
0.0619341
0.0688427
0.0683877
0.0634890
0.0592827
0.0531798
0.0407776
0.0270835
0.0209724
0.0211840
0.0175583
0.0051455
-0.0095395
-0.0165093
-0.0122927
-0.0017972
0.0059365
0.0048220
-0.0013971
-0.0031188
0.0006648
0.0012059
-0.0036833
-0.0043163
0.0047464
0.0149952
0.0168934
0.0137445
0.0153943
0.0241169
0.0338074
0.0400392
0.0437364
0.0461416
0.0464650
0.0452771
0.0457894
0.0493183
0.0535536
0.0555247
0.0546068
0.0528923
0.0525515
0.0524009
0.0490871
0.0418368
0.0328985
0.0244929
0.0172011
0.0099981
0.0016117
-0.0073907
-0.0150546
-0.0213935
-0.0282756
-0.0349801
-0.0382434
-0.0373453
-0.0346284
-0.0320186
-0.0307509
-0.0323147
-0.0367961
-0.0414268
-0.0428493
-0.0410263
-0.0392247
-0.0394825
-0.0396696
-0.0367059
-0.0318904
-0.0285960
-0.0259382
-0.0209180
-0.0149870
-0.0119230
-0.0114943
-0.0109703
-0.0097730
-0.0085597
-0.0072586
-0.0063499
-0.0063796
-0.0058527
-0.0039640
-0.0031907
-0.0045177
-0.0045675
-0.0021319
-0.0011601
-0.0040697
-0.0081192
-0.0107110
-0.0131988
-0.0166847
-0.0192951
-0.0201380
-0.0212324
-0.0234099
-0.0245799
-0.0235967
-0.0222672
-0.0223609
-0.0227949
-0.0216332
-0.0191328
-0.0168246
-0.0146860
-0.0113742
-0.0068728
-0.0024241
0.0013544
0.0048581
0.0085231
0.0119164
0.0148380
0.0176095
0.0201235
0.0218630
0.0223982
0.0218621
0.0207847
0.0193157
0.0174683
0.0156108
0.0136768
0.0110139
0.0075184
0.0041920
0.0018671
0.0001243
-0.0013956
-0.0027088
-0.0041112
-0.0062249
-0.0093045
-0.0127580
-0.0160596
-0.0192486
-0.0221403
-0.0240824
-0.0251054
-0.0260877
-0.0272932
-0.0282512
-0.0288065
-0.0290425
-0.0283717
-0.0267581
-0.0255856
-0.0256164
-0.0251794
-0.0225290
-0.0187415
-0.0162502
-0.0154129
-0.0142461
-0.0121685
-0.0107510
-0.0100134
-0.0080741
-0.0050896
-0.0032507
-0.0028881
-0.0021362
-0.0003969
0.0007946
0.0005126
-0.0005274
-0.0016052
-0.0030910
-0.0054486
-0.0083190
-0.0109651
-0.0129651
-0.0142607
-0.0151813
-0.0159690
-0.0161391
-0.0154460
-0.0146392
-0.0147745
-0.0155340
-0.0159375
-0.0160881
-0.0166713
-0.0174881
-0.0178996
-0.0182236
-0.0191009
-0.0201385
-0.0204982
-0.0206275
-0.0215983
-0.0234106
-0.0252199
-0.0270140
-0.0292014
-0.0312842
-0.0326918
-0.0334450
-0.0339662
-0.0341952
-0.0337249
-0.0322731
-0.0300573
-0.0276345
-0.0253657
-0.0230661
-0.0202593
-0.0170419
-0.0136854
-0.0102321
-0.0065076
-0.0024950
0.0015084
0.0053266
0.0091491
0.0131619
0.0170818
0.0206717
0.0239174
0.0263176
0.0271573
0.0267361
0.0260997
0.0254995
0.0243787
0.0227690
0.0213877
0.0202732
0.0189174
0.0174325
0.0163327
0.0153015
0.0138904
0.0124554
0.0110813
0.0092056
0.0068978
0.0047951
0.0033795
0.0023395
0.0006861
-0.0017124
-0.0038531
-0.0051844
-0.0064129
-0.0077839
-0.0083132
-0.0075688
-0.0064372
-0.0059974
-0.0059191
-0.0052336
-0.0038824
-0.0026279
-0.0017634
-0.0005603
0.0014700
0.0038854
0.0060092
0.0076474
0.0090446
0.0106055
0.0119952
0.0126157
0.0121919
0.0107217
0.0083461
0.0053436
0.0021171
-0.0014500
-0.0058333
-0.0110764
-0.0167370
-0.0219701
-0.0262627
-0.0295961
-0.0318062
-0.0327869
-0.0331292
-0.0333457
-0.0332924
-0.0327629
-0.0319803
-0.0314503
-0.0312067
-0.0306354
-0.0290576
-0.0265285
-0.0238622
-0.0214062
-0.0183453
-0.0139279
-0.0092952
-0.0061267
-0.0042350
-0.0029784
-0.0027794
-0.0037170
-0.0046168
-0.0047511
-0.0046942
-0.0052123
-0.0061146
-0.0065944
-0.0069471
-0.0079518
-0.0097534
-0.0120877
-0.0146997
-0.0175057
-0.0202603
-0.0227109
-0.0246542
-0.0261532
-0.0273791
-0.0283947
-0.0290353
-0.0289397
-0.0280303
-0.0265497
-0.0248547
-0.0228563
-0.0200630
-0.0171059
-0.0152995
-0.0144059
-0.0130398
-0.0112347
-0.0100677
-0.0097474
-0.0095572
-0.0093833
-0.0095946
-0.0100016
-0.0103047
-0.0106693
-0.0113321
-0.0122072
-0.0132060
-0.0145683
-0.0164545
-0.0185440
-0.0203456
-0.0219730
-0.0235223
-0.0244611
-0.0244919
-0.0242276
-0.0240757
-0.0234256
-0.0216803
-0.0191100
-0.0163726
-0.0133871
-0.0098071
-0.0058492
-0.0020906
0.0013789
0.0045582
0.0070056
0.0085224
0.0095275
0.0103646
0.0107282
0.0102428
0.0091429
0.0076567
0.0057707
0.0036251
0.0014090
-0.0007237
-0.0028150
-0.0046820
-0.0057131
-0.0059816
-0.0062378
-0.0069588
-0.0077954
-0.0080945
-0.0078747
-0.0075293
-0.0071485
-0.0062249
-0.0046796
-0.0029316
-0.0012683
0.0003595
0.0019803
0.0033645
0.0044428
0.0054122
0.0064372
0.0076551
0.0090092
0.0102933
0.0115235
0.0127416
0.0140216
0.0152199
0.0158677
0.0158002
0.0152300
0.0142928
0.0127967
0.0107161
0.0083367
0.0059651
0.0035025
0.0008526
-0.0015698
-0.0034770
-0.0051488
-0.0068076
-0.0078322
-0.0077351
-0.0072245
-0.0068912
-0.0063997
-0.0054683
-0.0044749
-0.0039059
-0.0036523
-0.0032219
-0.0024832
-0.0016914
-0.0008188
0.0002367
0.0014745
0.0026687
0.0036325
0.0045370
0.0053780
0.0061201
0.0069497
0.0078747
0.0085962
0.0089565
0.0090903
0.0092315
0.0094618
0.0095507
0.0093515
0.0091759
0.0094278
0.0100404
0.0106877
0.0114729
0.0125472
0.0134494
0.0139917
0.0142995
0.0141496
0.0132483
0.0120352
0.0112040
0.0106511
0.0100004
0.0094544
0.0091084
0.0088024
0.0083799
0.0078567
0.0074083
0.0071569
0.0071334
0.0071161
0.0067923
0.0064360
0.0063900
0.0061456
0.0054858
0.0048225
0.0041763
0.0030628
0.0016124
0.0006042
0.0001667
-0.0001101
-0.0002563
-0.0001063
0.0000378
0.0001308
0.0008130
0.0020542
0.0030429
0.0038465
0.0054916
0.0079869
0.0103670
0.0122333
0.0142542
0.0167276
0.0191828
0.0211886
0.0225478
0.0236837
0.0251666
0.0266526
0.0273736
0.0274342
0.0275450
0.0279048
0.0279399
0.0272397
0.0257646
0.0236726
0.0210424
0.0180631
0.0151361
0.0123813
0.0097133
0.0071083
0.0048045
0.0027553
0.0008138
-0.0005851
-0.0009550
-0.0006983
-0.0006067
-0.0006986
-0.0003383
0.0005343
0.0012163
0.0013538
0.0012505
0.0013649
0.0013295
0.0005282
-0.0004772
-0.0007790
-0.0007024
-0.0011408
-0.0019393
-0.0021918
-0.0019564
-0.0020867
-0.0026815
-0.0032047
-0.0034706
-0.0035838
-0.0035132
-0.0031290
-0.0025301
-0.0020521
-0.0019906
-0.0024571
-0.0031619
-0.0038177
-0.0041800
-0.0042151
-0.0042001
-0.0044002
-0.0047132
-0.0046894
-0.0042634
-0.0037319
-0.0033577
-0.0034696
-0.0041909
-0.0051230
-0.0058043
-0.0063835
-0.0070867
-0.0075619
-0.0076646
-0.0077164
-0.0078197
-0.0076586
-0.0073180
-0.0071943
-0.0073648
-0.0075441
-0.0076183
-0.0078353
-0.0083761
-0.0092669
-0.0104243
-0.0115382
-0.0124555
-0.0129081
-0.0127395
-0.0120108
-0.0108183
-0.0092298
-0.0073831
-0.0055791
-0.0038140
-0.0016389
0.0007299
0.0024255
0.0032116
0.0037959
0.0046540
0.0055547
0.0060493
0.0061628
0.0062422
0.0061731
0.0057632
0.0052331
0.0050266
0.0050057
0.0044697
0.0034617
0.0025323
0.0016406
0.0003410
-0.0012533
-0.0024876
-0.0033248
-0.0040711
-0.0045896
-0.0048252
-0.0048227
-0.0044032
-0.0034496
-0.0021473
-0.0008409
0.0004436
0.0018299
0.0032247
0.0046981
0.0065697
0.0088807
0.0113737
0.0139363
0.0165283
0.0191028
0.0215996
0.0242722
0.0272826
0.0301125
0.0321221
0.0334236
0.0344959
0.0353697
0.0357382
0.0354960
0.0348060
0.0337681
0.0320475
0.0295917
0.0267441
0.0238981
0.0212127
0.0185233
0.0159038
0.0136221
0.0115858
0.0094001
0.0071155
0.0051906
0.0037621
0.0025388
0.0014643
0.0007127
0.0002704
-0.0002005
-0.0008100
-0.0011920
-0.0011471
-0.0006739
0.0002430
0.0014364
0.0025730
0.0034550
0.0042969
0.0051840
0.0058417
0.0060093
0.0056927
0.0050296
0.0041993
0.0034165
0.0027966
0.0020777
0.0010904
0.0000655
-0.0008640
-0.0016933
-0.0023911
-0.0028084
-0.0025943
-0.0019080
-0.0010232
0.0001432
0.0015883
0.0030273
0.0044001
0.0056476
0.0068077
0.0076154
0.0080784
0.0086555
0.0094657
0.0102810
0.0107444
0.0109350
0.0112534
0.0116541
0.0117590
0.0116435
0.0117929
0.0124380
0.0132317
0.0139460
0.0146868
0.0154391
0.0161000
0.0167020
0.0173084
0.0179310
0.0182655
0.0184359
0.0186633
0.0186402
0.0181726
0.0174485
0.0165993
0.0156483
0.0144942
0.0133242
0.0124790
0.0117123
0.0108885
0.0102178
0.0096960
0.0090220
0.0080419
0.0067987
0.0055023
0.0041992
0.0028863
0.0018584
0.0014275
0.0015026
0.0017586
0.0022734
0.0031298
0.0041506
0.0049369
0.0053957
0.0058283
0.0062430
0.0063391
0.0060994
0.0056149
0.0049946
0.0043733
0.0038444
0.0035480
0.0033373
0.0028680
0.0020768
0.0012402
0.0004028
-0.0005249
-0.0016173
-0.0028272
-0.0040538
-0.0053034
-0.0064549
-0.0074198
-0.0083402
-0.0093023
-0.0099884
-0.0102056
-0.0102574
-0.0104793
-0.0108213
-0.0110295
-0.0111498
-0.0115713
-0.0123496
-0.0131515
-0.0138264
-0.0145946
-0.0153971
-0.0159028
-0.0161886
-0.0168062
-0.0178595
-0.0187877
-0.0191812
-0.0193548
-0.0196617
-0.0199663
-0.0199190
-0.0195276
-0.0190304
-0.0182376
-0.0170910
-0.0159995
-0.0150542
-0.0139281
-0.0125208
-0.0110549
-0.0097559
-0.0084966
-0.0069410
-0.0052088
-0.0037791
-0.0026039
-0.0015816
-0.0008312
-0.0004091
-0.0004481
-0.0010320
-0.0020024
-0.0030567
-0.0042533
-0.0058325
-0.0077787
-0.0097255
-0.0113415
-0.0127806
-0.0143168
-0.0158761
-0.0172124
-0.0182712
-0.0191562
-0.0199414
-0.0205444
-0.0207446
-0.0205225
-0.0200469
-0.0193223
-0.0183808
-0.0172432
-0.0158696
-0.0143960
-0.0128377
-0.0109190
-0.0086228
-0.0059481
-0.0028325
0.0002960
0.0030970
0.0058801
0.0088209
0.0113445
0.0129537
0.0141469
0.0153882
0.0161649
0.0160750
0.0156436
0.0152700
0.0147024
0.0138498
0.0131801
0.0130259
0.0131098
0.0129425
0.0124188
0.0116150
0.0104972
0.0091394
0.0076798
0.0062251
0.0047425
0.0031756
0.0013165
-0.0008350
-0.0028908
-0.0046645
-0.0064360
-0.0082156
-0.0097680
-0.0111089
-0.0121573
-0.0127425
-0.0128848
-0.0128329
-0.0126310
-0.0122093
-0.0116183
-0.0110020
-0.0100165
-0.0082815
-0.0061437
-0.0038334
-0.0011153
0.0021457
0.0054248
0.0083903
0.0112746
0.0139460
0.0159060
0.0172162
0.0184730
0.0197758
0.0208029
0.0217074
0.0228892
0.0241558
0.0251047
0.0257460
0.0261039
0.0258464
0.0245672
0.0225332
0.0203106
0.0181082
0.0158990
0.0137276
0.0118019
0.0100954
0.0084488
0.0067939
0.0052468
0.0039697
0.0026655
0.0008888
-0.0008270
-0.0021085
-0.0033015
-0.0045322
-0.0057775
-0.0070577
-0.0083342
-0.0094419
-0.0101049
-0.0102489
-0.0100097
-0.0091631
-0.0073042
-0.0044831
-0.0013796
0.0016425
0.0048268
0.0082622
0.0115160
0.0141890
0.0164233
0.0185784
0.0208185
0.0228515
0.0245547
0.0263520
0.0284967
0.0307190
0.0325923
0.0338298
0.0343917
0.0342846
0.0331986
0.0309983
0.0280369
0.0247906
0.0212099
0.0173182
0.0137802
0.0109581
0.0084150
0.0056970
0.0030390
0.0008766
-0.0008908
-0.0026882
-0.0044377
-0.0053178
-0.0053960
-0.0057777
-0.0070568
-0.0083325
-0.0086817
-0.0086417
-0.0090141
-0.0094687
-0.0093918
-0.0089459
-0.0085714
-0.0082027
-0.0073999
-0.0063856
-0.0056087
-0.0051799
-0.0051527
-0.0051636
-0.0051509
-0.0057146
-0.0068857
-0.0078653
-0.0081670
-0.0085192
-0.0098176
-0.0115908
-0.0129965
-0.0143816
-0.0167312
-0.0196454
-0.0218642
-0.0230255
-0.0239292
-0.0250611
-0.0259457
-0.0260532
-0.0253940
-0.0242965
-0.0230803
-0.0216886
-0.0200135
-0.0182128
-0.0163249
-0.0141725
-0.0115135
-0.0083066
-0.0050909
-0.0025603
-0.0006904
0.0012823
0.0037701
0.0063607
0.0087765
0.0113328
0.0144480
0.0182700
0.0225505
0.0270072
0.0312611
0.0349113
0.0379037
0.0402885
0.0418919
0.0424381
0.0419012
0.0406039
0.0385764
0.0355895
0.0319127
0.0281711
0.0245046
0.0203446
0.0150374
0.0089031
0.0031775
-0.0013430
-0.0050410
-0.0087725
-0.0125106
-0.0153893
-0.0172875
-0.0192182
-0.0215447
-0.0235886
-0.0249583
-0.0255580
-0.0251236
-0.0237976
-0.0226195
-0.0221813
-0.0215395
-0.0193030
-0.0158152
-0.0128520
-0.0109687
-0.0092351
-0.0070160
-0.0048720
-0.0036047
-0.0031232
-0.0029731
-0.0033986
-0.0048364
-0.0068643
-0.0086678
-0.0097913
-0.0100292
-0.0094525
-0.0083386
-0.0072210
-0.0069063
-0.0074048
-0.0073216
-0.0058747
-0.0042051
-0.0036380
-0.0036786
-0.0026975
-0.0003144
0.0024235
0.0050949
0.0078433
0.0104175
0.0123745
0.0134973
0.0140105
0.0143102
0.0144012
0.0142572
0.0142071
0.0142549
0.0136468
0.0119421
0.0098000
0.0080845
0.0062956
0.0033591
-0.0005070
-0.0043923
-0.0082491
-0.0125779
-0.0171206
-0.0208960
-0.0237522
-0.0268257
-0.0304288
-0.0334555
-0.0353230
-0.0366701
-0.0375584
-0.0369219
-0.0345731
-0.0321965
-0.0307844
-0.0289179
-0.0250892
-0.0201138
-0.0156226
-0.0120333
-0.0085172
-0.0042873
0.0004313
0.0052578
0.0101217
0.0143857
0.0171360
0.0187983
0.0212297
0.0253002
0.0296585
0.0320176
0.0314299
0.0288906
0.0265493
0.0262013
0.0271713
0.0262360
0.0221075
0.0177617
0.0153985
0.0129196
0.0079530
0.0021746
-0.0017312
-0.0045697
-0.0088323
-0.0149689
-0.0211820
-0.0255584
-0.0272867
-0.0270323
-0.0260815
-0.0246494
-0.0222342
-0.0196448
-0.0179729
-0.0162625
-0.0126790
-0.0081808
-0.0056724
-0.0053450
-0.0044261
-0.0017734
0.0009776
0.0029960
0.0049873
0.0065921
0.0068239
0.0059658
0.0051891
0.0049693
0.0049039
0.0044865
0.0032913
0.0013041
-0.0008127
-0.0026463
-0.0045082
-0.0065125
-0.0075359
-0.0058644
-0.0015623
0.0021834
0.0027543
0.0018960
0.0034722
0.0094108
0.0187659
0.0281552
0.0329100
0.0316045
0.0282151
0.0270693
0.0282438
0.0295823
0.0296216
0.0275089
0.0238530
0.0208424
0.0197546
0.0197533
0.0198935
0.0202381
0.0202575
0.0189898
0.0168659
0.0146591
0.0118367
0.0087175
0.0070547
0.0070582
0.0066072
0.0049964
0.0041804
0.0053681
0.0077084
0.0111127
0.0160885
0.0200677
0.0193162
0.0155901
0.0146972
0.0173399
0.0185732
0.0169233
0.0164940
0.0182904
0.0181264
0.0154536
0.0150579
0.0181517
0.0203616
0.0193374
0.0172686
0.0158714
0.0144158
0.0123688
0.0102274
0.0082463
0.0062525
0.0044456
0.0030906
0.0019440
0.0006329
-0.0004396
-0.0008706
-0.0014874
-0.0029052
-0.0040546
-0.0036334
-0.0023738
-0.0018841
-0.0019973
-0.0014932
-0.0003888
0.0003252
0.0006246
0.0014355
0.0030518
0.0046350
0.0053178
0.0053651
0.0059589
0.0075986
0.0092778
0.0096986
0.0089061
0.0080992
0.0079169
0.0082591
0.0091066
0.0102758
0.0112721
0.0121321
0.0131863
0.0142274
0.0146639
0.0147027
0.0147929
0.0147490
0.0146958
0.0149131
0.0151323
0.0145412
0.0127678
0.0103299
0.0074553
0.0039163
0.0002570
-0.0029426
-0.0061520
-0.0097521
-0.0128876
-0.0146431
-0.0155544
-0.0164711
-0.0172370
-0.0175994
-0.0177141
-0.0173965
-0.0163396
-0.0147826
-0.0131203
-0.0111597
-0.0089656
-0.0069944
-0.0050826
-0.0027364
-0.0003600
0.0014585
0.0029050
0.0043741
0.0060593
0.0078071
0.0094503
0.0109185
0.0121215
0.0132170
0.0142668
0.0152231
0.0158943
0.0156369
0.0143142
0.0126159
0.0110169
0.0090455
0.0063889
0.0039210
0.0024032
0.0012691
-0.0001928
-0.0015257
-0.0018017
-0.0012556
-0.0011072
-0.0018192
-0.0024501
-0.0022946
-0.0021600
-0.0030456
-0.0044030
-0.0051707
-0.0053568
-0.0056242
-0.0057731
-0.0053457
-0.0048425
-0.0048672
-0.0048934
-0.0041789
-0.0030836
-0.0023640
-0.0018991
-0.0008524
0.0004969
0.0009159
0.0004640
0.0003229
0.0005018
-0.0000123
-0.0011919
-0.0018683
-0.0017937
-0.0019262
-0.0026129
-0.0032816
-0.0033173
-0.0028809
-0.0026612
-0.0030644
-0.0040572
-0.0049499
-0.0047614
-0.0030052
-0.0003007
0.0020536
0.0031269
0.0030255
0.0032033
0.0048926
0.0071210
0.0080087
0.0078218
0.0083171
0.0098155
0.0112246
0.0123753
0.0137368
0.0149427
0.0155043
0.0156618
0.0155199
0.0147579
0.0137788
0.0133265
0.0134303
0.0134731
0.0129215
0.0119416
0.0114030
0.0116726
0.0120625
0.0119507
0.0116184
0.0116144
0.0115692
0.0109258
0.0099639
0.0091966
0.0086409
0.0081225
0.0072785
0.0061340
0.0051445
0.0044669
0.0040833
0.0040361
0.0043423
0.0044934
0.0042128
0.0040709
0.0044954
0.0052325
0.0057298
0.0056015
0.0053186
0.0059026
0.0073145
0.0083339
0.0086820
0.0094136
0.0108093
0.0119126
0.0123642
0.0130829
0.0143794
0.0154164
0.0156229
0.0153008
0.0149527
0.0146416
0.0141222
0.0132627
0.0120598
0.0105752
0.0089488
0.0073170
0.0057400
0.0039434
0.0018217
-0.0004205
-0.0023797
-0.0038918
-0.0054684
-0.0075239
-0.0096267
-0.0111076
-0.0118873
-0.0125922
-0.0133952
-0.0137053
-0.0133078
-0.0129198
-0.0129822
-0.0128363
-0.0119197
-0.0107007
-0.0096681
-0.0081641
-0.0057707
-0.0035253
-0.0023359
-0.0013318
0.0001498
0.0012181
0.0013461
0.0013281
0.0017578
0.0018192
0.0009179
-0.0000862
-0.0004936
-0.0008149
-0.0018507
-0.0034490
-0.0048114
-0.0058997
-0.0073906
-0.0091140
-0.0101869
-0.0106633
-0.0115741
-0.0129777
-0.0136705
-0.0134572
-0.0133314
-0.0136001
-0.0136508
-0.0131518
-0.0124830
-0.0118078
-0.0109286
-0.0099474
-0.0092318
-0.0086788
-0.0079469
-0.0072861
-0.0072557
-0.0076471
-0.0078522
-0.0077930
-0.0078559
-0.0079249
-0.0076520
-0.0072721
-0.0070329
-0.0067610
-0.0061038
-0.0054294
-0.0053020
-0.0053495
-0.0051590
-0.0049609
-0.0049358
-0.0049622
-0.0050269
-0.0050594
-0.0048340
-0.0045747
-0.0046566
-0.0048836
-0.0049895
-0.0049793
-0.0050659
-0.0052018
-0.0052132
-0.0051988
-0.0053140
-0.0053292
-0.0047640
-0.0036498
-0.0024029
-0.0013508
-0.0002718
0.0010805
0.0026811
0.0042611
0.0055180
0.0064972
0.0073463
0.0079855
0.0084656
0.0089764
0.0094008
0.0096024
0.0096946
0.0097214
0.0096636
0.0095145
0.0092263
0.0087687
0.0081690
0.0074841
0.0068053
0.0060704
0.0052196
0.0042137
0.0031055
0.0022339
0.0017410
0.0015088
0.0014057
0.0015815
0.0021849
0.0029353
0.0035344
0.0039747
0.0043575
0.0045808
0.0047572
0.0052284
0.0058033
0.0061369
0.0062894
0.0065480
0.0071240
0.0077939
0.0081746
0.0082074
0.0082160
0.0083733
0.0084332
0.0082324
0.0080397
0.0079961
0.0077937
0.0073357
0.0068383
0.0062442
0.0054452
0.0045653
0.0037037
0.0027975
0.0018523
0.0009161
-0.0001258
-0.0012641
-0.0020561
-0.0024625
-0.0029421
-0.0036596
-0.0042790
-0.0046345
-0.0048773
-0.0049939
-0.0048763
-0.0046904
-0.0044827
-0.0041775
-0.0037003
-0.0028752
-0.0018047
-0.0007526
0.0002188
0.0013691
0.0027757
0.0040039
0.0047150
0.0051496
0.0054318
0.0053224
0.0048030
0.0042208
0.0036201
0.0029913
0.0024126
0.0018654
0.0012477
0.0004476
-0.0005201
-0.0013697
-0.0020051
-0.0027661
-0.0037378
-0.0047022
-0.0056776
-0.0067082
-0.0078054
-0.0088554
-0.0096125
-0.0102067
-0.0107902
-0.0112323
-0.0112262
-0.0106020
-0.0095907
-0.0083769
-0.0070546
-0.0056937
-0.0043369
-0.0029191
-0.0015658
-0.0003725
0.0008431
0.0021868
0.0034769
0.0045475
0.0054666
0.0063160
0.0069607
0.0074077
0.0077164
0.0077860
0.0076928
0.0074829
0.0069728
0.0061030
0.0051438
0.0041666
0.0031078
0.0021025
0.0013184
0.0006555
-0.0000027
-0.0007975
-0.0017419
-0.0026274
-0.0033653
-0.0040530
-0.0046682
-0.0052007
-0.0057427
-0.0062867
-0.0067417
-0.0071036
-0.0074430
-0.0076945
-0.0078903
-0.0082526
-0.0087756
-0.0091282
-0.0090797
-0.0089902
-0.0091034
-0.0092710
-0.0095429
-0.0100145
-0.0105641
-0.0111226
-0.0118438
-0.0127778
-0.0137070
-0.0144952
-0.0154235
-0.0163844
-0.0170355
-0.0174469
-0.0177942
-0.0181061
-0.0182320
-0.0180546
-0.0175687
-0.0170433
-0.0168077
-0.0167367
-0.0165415
-0.0163039
-0.0161853
-0.0161476
-0.0161879
-0.0163687
-0.0168133
-0.0174173
-0.0177778
-0.0178284
-0.0180060
-0.0183759
-0.0187178
-0.0191160
-0.0196186
-0.0199260
-0.0199263
-0.0200056
-0.0203005
-0.0206506
-0.0208613
-0.0208826
-0.0209498
-0.0211447
-0.0211409
-0.0207895
-0.0204113
-0.0202838
-0.0203418
-0.0204673
-0.0206671
-0.0209065
-0.0212179
-0.0217798
-0.0224890
-0.0230202
-0.0233740
-0.0236305
-0.0235372
-0.0229900
-0.0222345
-0.0214593
-0.0206869
-0.0196696
-0.0183631
-0.0170695
-0.0159486
-0.0147967
-0.0135216
-0.0123338
-0.0113387
-0.0103735
-0.0094138
-0.0086330
-0.0080357
-0.0072547
-0.0062139
-0.0052892
-0.0045739
-0.0038342
-0.0031191
-0.0025325
-0.0018991
-0.0013225
-0.0010725
-0.0010946
-0.0010083
-0.0007606
-0.0006363
-0.0005887
-0.0004461
-0.0002213
-0.0000080
0.0000865
0.0001197
0.0001754
0.0002409
0.0003521
0.0005503
0.0008556
0.0011973
0.0014245
0.0015257
0.0015850
0.0015483
0.0014334
0.0011841
0.0006961
0.0001617
-0.0001933
-0.0004924
-0.0008731
-0.0011463
-0.0014738
-0.0020829
-0.0026274
-0.0030283
-0.0035750
-0.0043699
-0.0051902
-0.0059559
-0.0068019
-0.0076646
-0.0082912
-0.0087053
-0.0091509
-0.0096500
-0.0100971
-0.0104080
-0.0106645
-0.0109486
-0.0112516
-0.0116208
-0.0120187
-0.0124849
-0.0131126
-0.0137743
-0.0143694
-0.0150289
-0.0157933
-0.0164955
-0.0171110
-0.0176117
-0.0180047
-0.0185314
-0.0191902
-0.0197701
-0.0203033
-0.0209063
-0.0215377
-0.0221073
-0.0225673
-0.0228801
-0.0231612
-0.0234025
-0.0235304
-0.0236714
-0.0239837
-0.0243056
-0.0243837
-0.0242438
-0.0240289
-0.0237716
-0.0234341
-0.0230790
-0.0227771
-0.0223937
-0.0218932
-0.0213554
-0.0208365
-0.0203478
-0.0197649
-0.0189672
-0.0180456
-0.0171623
-0.0163220
-0.0153294
-0.0142218
-0.0132594
-0.0123153
-0.0110838
-0.0096623
-0.0083772
-0.0072317
-0.0059149
-0.0045071
-0.0033252
-0.0023174
-0.0013805
-0.0005582
0.0001077
0.0007010
0.0012518
0.0015437
0.0014155
0.0010051
0.0006565
0.0004747
0.0001075
-0.0006643
-0.0015729
-0.0023982
-0.0032257
-0.0040723
-0.0049511
-0.0059138
-0.0067501
-0.0073404
-0.0077414
-0.0079564
-0.0081601
-0.0084873
-0.0086588
-0.0083526
-0.0078023
-0.0072295
-0.0066628
-0.0060362
-0.0051814
-0.0041754
-0.0033281
-0.0026466
-0.0019242
-0.0013578
-0.0010814
-0.0009979
-0.0009071
-0.0007829
-0.0007092
-0.0006947
-0.0007315
-0.0006866
-0.0005449
-0.0004300
-0.0003642
-0.0002227
-0.0000361
0.0001704
0.0004837
0.0007337
0.0007358
0.0007081
0.0007551
0.0007195
0.0005005
0.0002147
-0.0000326
-0.0002966
-0.0004095
-0.0002626
-0.0001285
-0.0000740
0.0001091
0.0004500
0.0007333
0.0009359
0.0011989
0.0014146
0.0015905
0.0017967
0.0018980
0.0018397
0.0017445
0.0016433
0.0015009
0.0011986
0.0006534
0.0000400
-0.0003558
-0.0005495
-0.0006974
-0.0008824
-0.0010640
-0.0011261
-0.0011225
-0.0010970
-0.0012215
-0.0015925
-0.0019934
-0.0022444
-0.0024598
-0.0027530
-0.0031135
-0.0034520
-0.0037902
-0.0041085
-0.0042694
-0.0043130
-0.0043771
-0.0044386
-0.0044720
-0.0045428
-0.0047012
-0.0048328
-0.0048083
-0.0046538
-0.0044929
-0.0041962
-0.0035877
-0.0028491
-0.0021127
-0.0011616
0.0000600
0.0013815
0.0027041
0.0041312
0.0055919
0.0068599
0.0078602
0.0087532
0.0096361
0.0103248
0.0106868
0.0107606
0.0106210
0.0104513
0.0101020
0.0093231
0.0082608
0.0072465
0.0064207
0.0055466
0.0045019
0.0035683
0.0028124
0.0020137
0.0011617
0.0004643
-0.0001438
-0.0008929
-0.0017106
-0.0021293
-0.0022159
-0.0024078
-0.0026056
-0.0024669
-0.0021820
-0.0022103
-0.0023522
-0.0021580
-0.0018135
-0.0017021
-0.0016277
-0.0014614
-0.0013546
-0.0012680
-0.0010246
-0.0006639
-0.0003378
-0.0001059
0.0003025
0.0010889
0.0021106
0.0032090
0.0042918
0.0055037
0.0067163
0.0078267
0.0089856
0.0101021
0.0109427
0.0113173
0.0114039
0.0115077
0.0117274
0.0117472
0.0114781
0.0112790
0.0113325
0.0114848
0.0114974
0.0113322
0.0112510
0.0114919
0.0118596
0.0122298
0.0127609
0.0134314
0.0142120
0.0150211
0.0157729
0.0164695
0.0170549
0.0174839
0.0177806
0.0179190
0.0179852
0.0181460
0.0183769
0.0184558
0.0183300
0.0181141
0.0178605
0.0174451
0.0169386
0.0164376
0.0157215
0.0146896
0.0136385
0.0128225
0.0121071
0.0113012
0.0105248
0.0099759
0.0096422
0.0093054
0.0090177
0.0089485
0.0091400
0.0094187
0.0096302
0.0096629
0.0096031
0.0094619
0.0090559
0.0084460
0.0077914
0.0070161
0.0061068
0.0052034
0.0042606
0.0032177
0.0022110
0.0012403
0.0003041
-0.0006165
-0.0014212
-0.0020239
-0.0024929
-0.0030016
-0.0034989
-0.0037485
-0.0037877
-0.0037357
-0.0036893
-0.0036096
-0.0033572
-0.0030423
-0.0027393
-0.0024515
-0.0019237
-0.0011075
-0.0003708
0.0001600
0.0007950
0.0016683
0.0024279
0.0029699
0.0035142
0.0042607
0.0049426
0.0054704
0.0059266
0.0063635
0.0068236
0.0072648
0.0076099
0.0078691
0.0081653
0.0086022
0.0090004
0.0091259
0.0091788
0.0092254
0.0090933
0.0087955
0.0085376
0.0084609
0.0084315
0.0083231
0.0083620
0.0085114
0.0084979
0.0083868
0.0085998
0.0093314
0.0100056
0.0102104
0.0104964
0.0111809
0.0120344
0.0127948
0.0132603
0.0134528
0.0137840
0.0142216
0.0145134
0.0146657
0.0148441
0.0150258
0.0150835
0.0149922
0.0146925
0.0142552
0.0139381
0.0135817
0.0130216
0.0122828
0.0116228
0.0110060
0.0103126
0.0095954
0.0088685
0.0082725
0.0078010
0.0072953
0.0067105
0.0062388
0.0057942
0.0053371
0.0050635
0.0049354
0.0047672
0.0044917
0.0041973
0.0039227
0.0035265
0.0029938
0.0024137
0.0019206
0.0016574
0.0017124
0.0019371
0.0021376
0.0022957
0.0025197
0.0028294
0.0031933
0.0036942
0.0042467
0.0047082
0.0050543
0.0053974
0.0056777
0.0058157
0.0059091
0.0061087
0.0063504
0.0064414
0.0062719
0.0061241
0.0061840
0.0062616
0.0060501
0.0054671
0.0047896
0.0042381
0.0035674
0.0026652
0.0017833
0.0011160
0.0006260
0.0002345
-0.0000675
-0.0001471
0.0000801
0.0005177
0.0009649
0.0012922
0.0015661
0.0018186
0.0019757
0.0021155
0.0023044
0.0022422
0.0018629
0.0014977
0.0011552
0.0007384
0.0002535
-0.0001259
-0.0002949
-0.0005526
-0.0011340
-0.0017818
-0.0020072
-0.0019826
-0.0021782
-0.0024547
-0.0025964
-0.0026612
-0.0026278
-0.0025429
-0.0022141
-0.0015409
-0.0007276
0.0001190
0.0010784
0.0022101
0.0033542
0.0044090
0.0055076
0.0067513
0.0078341
0.0085685
0.0092377
0.0099799
0.0107264
0.0111850
0.0113445
0.0113806
0.0113023
0.0111177
0.0107731
0.0102520
0.0094554
0.0083538
0.0071193
0.0059789
0.0049281
0.0039641
0.0031660
0.0026310
0.0022175
0.0016999
0.0013965
0.0015431
0.0019590
0.0024501
0.0029963
0.0036516
0.0042761
0.0048283
0.0055332
0.0063583
0.0069878
0.0074731
0.0080777
0.0088311
0.0095157
0.0099302
0.0101834
0.0103734
0.0103114
0.0100590
0.0098153
0.0095696
0.0091015
0.0084655
0.0081307
0.0081062
0.0079804
0.0078939
0.0081470
0.0084688
0.0086038
0.0085576
0.0085380
0.0087056
0.0089488
0.0090825
0.0092095
0.0096078
0.0100975
0.0102506
0.0101885
0.0102180
0.0102525
0.0099046
0.0092281
0.0084596
0.0077151
0.0068705
0.0058644
0.0048669
0.0039070
0.0029010
0.0017353
0.0005410
-0.0005620
-0.0016981
-0.0028197
-0.0037634
-0.0047207
-0.0057916
-0.0068308
-0.0076516
-0.0083902
-0.0091652
-0.0098993
-0.0103413
-0.0104962
-0.0105241
-0.0104327
-0.0101946
-0.0098869
-0.0095058
-0.0091214
-0.0089107
-0.0088984
-0.0089682
-0.0090246
-0.0090368
-0.0091750
-0.0095469
-0.0099537
-0.0104303
-0.0108791
-0.0113915
-0.0120382
-0.0126210
-0.0131847
-0.0136664
-0.0140257
-0.0142488
-0.0142409
-0.0141645
-0.0140851
-0.0138981
-0.0135873
-0.0132467
-0.0129087
-0.0125024
-0.0120368
-0.0114883
-0.0107538
-0.0097113
-0.0084306
-0.0071661
-0.0059608
-0.0048016
-0.0037035
-0.0027315
-0.0018854
-0.0011770
-0.0006364
-0.0001369
0.0002948
0.0004488
0.0004097
0.0004598
0.0005800
0.0005756
0.0004318
0.0002866
0.0002226
0.0000448
-0.0003645
-0.0009113
-0.0014124
-0.0019303
-0.0026158
-0.0034354
-0.0041625
-0.0047370
-0.0051931
-0.0054828
-0.0055978
-0.0055388
-0.0055360
-0.0056044
-0.0055396
-0.0053298
-0.0052181
-0.0051625
-0.0049282
-0.0045790
-0.0043301
-0.0040876
-0.0035738
-0.0029563
-0.0024170
-0.0019009
-0.0012880
-0.0007538
-0.0004291
-0.0002492
-0.0000943
0.0000445
0.0000391
-0.0001393
-0.0003298
-0.0004760
-0.0008422
-0.0014420
-0.0020068
-0.0024218
-0.0028182
-0.0032167
-0.0034782
-0.0035919
-0.0037837
-0.0039921
-0.0039984
-0.0037524
-0.0033696
-0.0030010
-0.0026691
-0.0022629
-0.0018247
-0.0014779
-0.0012477
-0.0010728
-0.0009592
-0.0008871
-0.0008572
-0.0008333
-0.0009698
-0.0013514
-0.0018277
-0.0023441
-0.0029724
-0.0038813
-0.0048536
-0.0056686
-0.0066182
-0.0077069
-0.0087175
-0.0096739
-0.0107000
-0.0118538
-0.0130098
-0.0138862
-0.0145051
-0.0151748
-0.0157878
-0.0160963
-0.0162103
-0.0162580
-0.0160589
-0.0155220
-0.0148432
-0.0141818
-0.0134780
-0.0126116
-0.0116908
-0.0107789
-0.0098408
-0.0086909
-0.0073431
-0.0062211
-0.0054137
-0.0045237
-0.0034910
-0.0025202
-0.0017645
-0.0012070
-0.0007463
-0.0003614
0.0000454
0.0003879
0.0004232
0.0002856
0.0001141
-0.0002966
-0.0009414
-0.0015599
-0.0020642
-0.0025305
-0.0029207
-0.0032487
-0.0036232
-0.0038885
-0.0040689
-0.0042310
-0.0042812
-0.0041516
-0.0038490
-0.0035224
-0.0032827
-0.0030747
-0.0028364
-0.0025461
-0.0023206
-0.0023614
-0.0026821
-0.0030347
-0.0033221
-0.0035165
-0.0037188
-0.0040999
-0.0046408
-0.0051453
-0.0057614
-0.0067387
-0.0077998
-0.0087069
-0.0096980
-0.0109434
-0.0121120
-0.0129506
-0.0136247
-0.0142675
-0.0148020
-0.0149838
-0.0148581
-0.0145077
-0.0139647
-0.0133041
-0.0125222
-0.0115563
-0.0103907
-0.0091627
-0.0080036
-0.0069567
-0.0058258
-0.0047195
-0.0037988
-0.0029544
-0.0020952
-0.0012898
-0.0005295
0.0002176
0.0008253
0.0011833
0.0013113
0.0013041
0.0010033
0.0002822
-0.0004452
-0.0009785
-0.0015880
-0.0023366
-0.0030780
-0.0037161
-0.0042571
-0.0048634
-0.0055332
-0.0061016
-0.0064504
-0.0066637
-0.0067789
-0.0067630
-0.0066488
-0.0065002
-0.0063237
-0.0061162
-0.0059038
-0.0056894
-0.0053969
-0.0049452
-0.0045209
-0.0043611
-0.0042990
-0.0039870
-0.0035112
-0.0032573
-0.0033022
-0.0032785
-0.0029779
-0.0026133
-0.0022825
-0.0019540
-0.0014861
-0.0010682
-0.0007388
-0.0003205
0.0001620
0.0005476
0.0009369
0.0013170
0.0015996
0.0018086
0.0019541
0.0020798
0.0021636
0.0021352
0.0019704
0.0016847
0.0015044
0.0015409
0.0016623
0.0015951
0.0012986
0.0010849
0.0010974
0.0010273
0.0006538
0.0002783
0.0000892
-0.0000533
-0.0002343
-0.0004835
-0.0007126
-0.0007911
-0.0006908
-0.0006109
-0.0006867
-0.0007044
-0.0004881
-0.0001796
-0.0000327
-0.0000466
0.0000570
0.0003881
0.0008581
0.0012576
0.0014102
0.0014158
0.0014354
0.0014246
0.0015207
0.0016712
0.0015944
0.0012627
0.0008947
0.0006144
0.0004140
0.0001130
-0.0003408
-0.0007811
-0.0010481
-0.0012017
-0.0012251
-0.0011186
-0.0011979
-0.0015151
-0.0018255
-0.0019717
-0.0019462
-0.0019698
-0.0021396
-0.0021816
-0.0021656
-0.0022455
-0.0022228
-0.0020411
-0.0019051
-0.0018199
-0.0015590
-0.0011703
-0.0010004
-0.0009827
-0.0007513
-0.0003141
0.0000521
0.0003274
0.0005269
0.0006535
0.0006993
0.0007121
0.0008534
0.0012033
0.0015293
0.0015615
0.0014404
0.0014402
0.0014163
0.0012128
0.0010190
0.0009673
0.0008858
0.0006480
0.0003646
0.0002458
0.0003548
0.0005482
0.0007519
0.0009412
0.0010719
0.0012768
0.0017637
0.0023563
0.0027965
0.0030940
0.0033867
0.0036450
0.0039523
0.0043413
0.0046494
0.0048977
0.0051285
0.0052995
0.0054218
0.0054772
0.0055674
0.0056905
0.0056934
0.0056407
0.0058764
0.0062601
0.0064989
0.0065951
0.0067664
0.0071763
0.0077886
0.0084108
0.0090303
0.0097570
0.0105873
0.0113600
0.0119048
0.0122158
0.0124117
0.0125089
0.0124590
0.0124785
0.0125972
0.0125278
0.0121815
0.0117026
0.0112716
0.0109471
0.0106545
0.0102496
0.0096086
0.0088107
0.0079722
0.0070858
0.0060808
0.0049158
0.0037852
0.0028383
0.0019031
0.0009932
0.0002393
-0.0004476
-0.0012220
-0.0020214
-0.0027605
-0.0033721
-0.0037485
-0.0039073
-0.0040612
-0.0041221
-0.0039389
-0.0037654
-0.0037341
-0.0036775
-0.0033896
-0.0030065
-0.0027855
-0.0026727
-0.0023352
-0.0019212
-0.0017553
-0.0017383
-0.0017486
-0.0017061
-0.0014911
-0.0012006
-0.0009267
-0.0006403
-0.0003925
-0.0002127
-0.0000649
0.0000442
0.0000496
-0.0000569
-0.0001531
-0.0001908
-0.0002355
-0.0003946
-0.0005896
-0.0005750
-0.0004344
-0.0005208
-0.0005801
-0.0004347
-0.0002179
-0.0000882
0.0000764
0.0003498
0.0005368
0.0006527
0.0009287
0.0012789
0.0013738
0.0014292
0.0017526
0.0023169
0.0027746
0.0029933
0.0031519
0.0033841
0.0034979
0.0033812
0.0032004
0.0029690
0.0026246
0.0021157
0.0016053
0.0012084
0.0007167
0.0001308
-0.0002854
-0.0004567
-0.0006683
-0.0010257
-0.0012230
-0.0012064
-0.0012728
-0.0015841
-0.0019599
-0.0022594
-0.0026182
-0.0029735
-0.0032193
-0.0033157
-0.0034149
-0.0036607
-0.0039213
-0.0040734
-0.0041408
-0.0041854
-0.0041754
-0.0040340
-0.0038598
-0.0038353
-0.0038226
-0.0037800
-0.0038103
-0.0038586
-0.0038935
-0.0039273
-0.0040729
-0.0042420
-0.0042563
-0.0041538
-0.0040493
-0.0039567
-0.0037354
-0.0031543
-0.0026275
-0.0022236
-0.0016784
-0.0012992
-0.0013048
-0.0013741
-0.0013298
-0.0014105
-0.0017156
-0.0021096
-0.0023492
-0.0024265
-0.0026433
-0.0030456
-0.0034306
-0.0038227
-0.0044239
-0.0051051
-0.0058299
-0.0067018
-0.0077457
-0.0088443
-0.0099134
-0.0109792
-0.0121350
-0.0132850
-0.0142312
-0.0149218
-0.0155021
-0.0159975
-0.0161906
-0.0160859
-0.0158464
-0.0154069
-0.0146458
-0.0137344
-0.0128599
-0.0118957
-0.0107608
-0.0095972
-0.0086228
-0.0077368
-0.0066991
-0.0055798
-0.0045020
-0.0034425
-0.0023928
-0.0014148
-0.0005375
0.0001471
0.0006987
0.0012169
0.0016980
0.0020859
0.0022905
0.0024113
0.0026207
0.0028822
0.0031004
0.0034494
0.0039737
0.0044996
0.0049283
0.0052253
0.0055150
0.0058082
0.0060237
0.0062391
0.0065624
0.0067559
0.0065807
0.0063979
0.0063492
0.0062047
0.0058991
0.0054363
0.0048746
0.0043228
0.0038552
0.0035035
0.0032630
0.0030763
0.0029734
0.0028954
0.0027117
0.0024844
0.0023460
0.0022793
0.0021925
0.0020452
0.0018905
0.0016024
0.0009630
0.0001776
-0.0003771
-0.0005399
-0.0007092
-0.0011027
-0.0014159
-0.0014351
-0.0012721
-0.0009838
-0.0005017
0.0000836
0.0006770
0.0011691
0.0016343
0.0021913
0.0027884
0.0033637
0.0039181
0.0044087
0.0046305
0.0046753
0.0046853
0.0045623
0.0042504
0.0036882
0.0030299
0.0025278
0.0020855
0.0015531
0.0010825
0.0007849
0.0004881
0.0000600
-0.0003425
-0.0006647
-0.0010256
-0.0013766
-0.0016251
-0.0019920
-0.0024487
-0.0027019
-0.0027538
-0.0027870
-0.0029042
-0.0029471
-0.0027734
-0.0023783
-0.0020492
-0.0019685
-0.0019533
-0.0017893
-0.0015857
-0.0016348
-0.0017378
-0.0015828
-0.0012661
-0.0011296
-0.0011273
-0.0010256
-0.0008703
-0.0008127
-0.0007994
-0.0006211
-0.0002787
-0.0000255
-0.0000733
-0.0003195
-0.0003961
-0.0003807
-0.0005327
-0.0006808
-0.0007880
-0.0010193
-0.0013667
-0.0016569
-0.0015798
-0.0012540
-0.0008655
-0.0002013
0.0007999
0.0018855
0.0028666
0.0038902
0.0051079
0.0065025
0.0079419
0.0092379
0.0103169
0.0112588
0.0122698
0.0133261
0.0143827
0.0154356
0.0164166
0.0172647
0.0179277
0.0184779
0.0189672
0.0192734
0.0191226
0.0185076
0.0177023
0.0168504
0.0157947
0.0144945
0.0132184
0.0122293
0.0111994
0.0098145
0.0085058
0.0075533
0.0067748
0.0061752
0.0056956
0.0052115
0.0047069
0.0040485
0.0032340
0.0024689
0.0018972
0.0014639
0.0010665
0.0007606
0.0005858
0.0003811
0.0001624
0.0000602
-0.0000406
-0.0003341
-0.0007268
-0.0009155
-0.0008853
-0.0007528
-0.0006837
-0.0008279
-0.0008756
-0.0004944
0.0001765
0.0009409
0.0018423
0.0029994
0.0042613
0.0054831
0.0067537
0.0081247
0.0093839
0.0103598
0.0110406
0.0116238
0.0122006
0.0124289
0.0119877
0.0111569
0.0101116
0.0085570
0.0067318
0.0051204
0.0038145
0.0026463
0.0014560
0.0003771
-0.0001421
-0.0000753
0.0001565
0.0002844
0.0003706
0.0005735
0.0007758
0.0009512
0.0010158
0.0010249
0.0009814
0.0007722
0.0004034
-0.0000183
-0.0003002
-0.0003115
-0.0001191
0.0002434
0.0008069
0.0015741
0.0023853
0.0031128
0.0036978
0.0041908
0.0046416
0.0048444
0.0045674
0.0040127
0.0034902
0.0029859
0.0023230
0.0014336
0.0004358
-0.0004115
-0.0010842
-0.0016812
-0.0021040
-0.0023935
-0.0026487
-0.0027951
-0.0028217
-0.0027038
-0.0025951
-0.0025948
-0.0025743
-0.0024684
-0.0021687
-0.0017881
-0.0013218
-0.0007522
-0.0002905
0.0001137
0.0005928
0.0011983
0.0017730
0.0022760
0.0026141
0.0028477
0.0031244
0.0033121
0.0034184
0.0035590
0.0036119
0.0035729
0.0035339
0.0034418
0.0033484
0.0033455
0.0037056
0.0043852
0.0050156
0.0055928
0.0062806
0.0069474
0.0074858
0.0081047
0.0087869
0.0093201
0.0097031
0.0102091
0.0108760
0.0114712
0.0118964
0.0121417
0.0121986
0.0120007
0.0113423
0.0103709
0.0095243
0.0087946
0.0080105
0.0071388
0.0062469
0.0053223
0.0044472
0.0037955
0.0032476
0.0027841
0.0026315
0.0027708
0.0029192
0.0031249
0.0036369
0.0043299
0.0048556
0.0050572
0.0051670
0.0054409
0.0059087
0.0063431
0.0067232
0.0070416
0.0072962
0.0076926
0.0080593
0.0082634
0.0084108
0.0087224
0.0091190
0.0094524
0.0098388
0.0102603
0.0106602
0.0111042
0.0116980
0.0124329
0.0128832
0.0130065
0.0134354
0.0141663
0.0146602
0.0147938
0.0150173
0.0154606
0.0157793
0.0158764
0.0158151
0.0156590
0.0155095
0.0152838
0.0149981
0.0146344
0.0142107
0.0138433
0.0134274
0.0129580
0.0122522
0.0112012
0.0101296
0.0091616
0.0081518
0.0070820
0.0060139
0.0049901
0.0040594
0.0034137
0.0031489
0.0031239
0.0032247
0.0034040
0.0036080
0.0037550
0.0038319
0.0038331
0.0039200
0.0042295
0.0045957
0.0048952
0.0050882
0.0050782
0.0047887
0.0042277
0.0038324
0.0037628
0.0037339
0.0037474
0.0037917
0.0037848
0.0038961
0.0041496
0.0042520
0.0041497
0.0040505
0.0040725
0.0040994
0.0042185
0.0044409
0.0047577
0.0052912
0.0059138
0.0065555
0.0071705
0.0077349
0.0083344
0.0088423
0.0090891
0.0090201
0.0086722
0.0083024
0.0079874
0.0075648
0.0071067
0.0068129
0.0065967
0.0061814
0.0055726
0.0049558
0.0043295
0.0035935
0.0027831
0.0019294
0.0010300
0.0001964
-0.0003797
-0.0008595
-0.0014294
-0.0019722
-0.0024245
-0.0028198
-0.0030032
-0.0029455
-0.0027943
-0.0027207
-0.0027706
-0.0029676
-0.0031892
-0.0031894
-0.0030052
-0.0028595
-0.0029031
-0.0030030
-0.0030230
-0.0030724
-0.0032262
-0.0032807
-0.0030881
-0.0028073
-0.0027289
-0.0027574
-0.0027704
-0.0027629
-0.0026705
-0.0024084
-0.0021019
-0.0019030
-0.0016877
-0.0014084
-0.0011519
-0.0008779
-0.0005321
-0.0002006
-0.0000150
0.0000667
0.0000975
0.0001004
0.0001436
0.0001811
0.0000863
-0.0000343
-0.0001962
-0.0004096
-0.0004896
-0.0004158
-0.0002803
-0.0001672
-0.0001146
-0.0001730
-0.0003300
-0.0005016
-0.0007073
-0.0010128
-0.0014510
-0.0019139
-0.0024114
-0.0030217
-0.0036715
-0.0043747
-0.0051214
-0.0057699
-0.0064135
-0.0072212
-0.0080551
-0.0087902
-0.0094557
-0.0100145
-0.0104214
-0.0108201
-0.0111230
-0.0113443
-0.0116568
-0.0121573
-0.0126664
-0.0129523
-0.0131544
-0.0134849
-0.0138148
-0.0139001
-0.0137668
-0.0136087
-0.0135347
-0.0133233
-0.0129629
-0.0125889
-0.0122633
-0.0119535
-0.0116165
-0.0113169
-0.0110474
-0.0107815
-0.0105528
-0.0102629
-0.0099053
-0.0096421
-0.0094051
-0.0090236
-0.0085596
-0.0080767
-0.0075288
-0.0069752
-0.0064478
-0.0059014
-0.0052789
-0.0045754
-0.0038389
-0.0031779
-0.0027506
-0.0024463
-0.0019478
-0.0011223
-0.0002427
0.0005127
0.0011966
0.0018852
0.0025610
0.0031147
0.0034650
0.0036473
0.0037161
0.0035641
0.0031561
0.0025366
0.0017955
0.0011202
0.0004208
-0.0004717
-0.0012258
-0.0017579
-0.0023786
-0.0029910
-0.0033916
-0.0036264
-0.0037347
-0.0038421
-0.0039980
-0.0040337
-0.0040624
-0.0042650
-0.0045665
-0.0048596
-0.0051884
-0.0054989
-0.0058371
-0.0063882
-0.0069315
-0.0073423
-0.0077736
-0.0083313
-0.0089188
-0.0094656
-0.0098103
-0.0101208
-0.0105410
-0.0108498
-0.0109641
-0.0110485
-0.0111280
-0.0109919
-0.0106650
-0.0104749
-0.0105374
-0.0105203
-0.0103248
-0.0099984
-0.0096409
-0.0093536
-0.0090129
-0.0086390
-0.0082595
-0.0079400
-0.0077378
-0.0075596
-0.0073498
-0.0070961
-0.0069399
-0.0069380
-0.0069976
-0.0070180
-0.0070738
-0.0072592
-0.0074139
-0.0074634
-0.0074061
-0.0072800
-0.0071504
-0.0070262
-0.0068586
-0.0066365
-0.0063547
-0.0059801
-0.0054738
-0.0049047
-0.0042726
-0.0034341
-0.0025397
-0.0017817
-0.0011641
-0.0004406
0.0005550
0.0014719
0.0020356
0.0026045
0.0033118
0.0038356
0.0041398
0.0044322
0.0047225
0.0049645
0.0051423
0.0053332
0.0055048
0.0056071
0.0056475
0.0057379
0.0059328
0.0060240
0.0058328
0.0056153
0.0056163
0.0057772
0.0058492
0.0059075
0.0061258
0.0064209
0.0067189
0.0069815
0.0072940
0.0077184
0.0081857
0.0085833
0.0089363
0.0093381
0.0097515
0.0099592
0.0099994
0.0101378
0.0102334
0.0100160
0.0098065
0.0098511
0.0098351
0.0096515
0.0095610
0.0095798
0.0095166
0.0091641
0.0085822
0.0078378
0.0070443
0.0061983
0.0052110
0.0040706
0.0029092
0.0019273
0.0011363
0.0004923
0.0000322
-0.0003869
-0.0007536
-0.0009615
-0.0010308
-0.0010156
-0.0008480
-0.0004232
0.0001407
0.0006688
0.0012789
0.0020444
0.0027992
0.0036359
0.0045459
0.0051928
0.0056870
0.0063328
0.0067809
0.0069218
0.0069851
0.0070919
0.0071972
0.0072007
0.0070203
0.0066854
0.0062005
0.0056576
0.0050463
0.0043487
0.0035937
0.0028996
0.0023406
0.0019105
0.0015411
0.0011063
0.0007370
0.0004968
0.0002634
0.0000452
0.0000286
0.0001339
0.0002786
0.0005846
0.0008962
0.0010234
0.0010040
0.0008041
0.0004552
0.0002552
0.0002204
-0.0000450
-0.0005841
-0.0009740
-0.0011605
-0.0012793
-0.0014135
-0.0016639
-0.0019338
-0.0019567
-0.0017481
-0.0016554
-0.0017719
-0.0019392
-0.0021360
-0.0024037
-0.0027308
-0.0030496
-0.0035145
-0.0042909
-0.0048654
-0.0051121
-0.0055845
-0.0061159
-0.0063635
-0.0065688
-0.0068769
-0.0071782
-0.0073024
-0.0074259
-0.0076971
-0.0080295
-0.0082831
-0.0083604
-0.0082983
-0.0082335
-0.0081278
-0.0079250
-0.0076961
-0.0074535
-0.0071447
-0.0069382
-0.0068444
-0.0066825
-0.0064853
-0.0063827
-0.0063798
-0.0063076
-0.0061660
-0.0060642
-0.0059827
-0.0059421
-0.0058940
-0.0058177
-0.0057749
-0.0057157
-0.0056955
-0.0057240
-0.0056892
-0.0057054
-0.0058815
-0.0062209
-0.0066082
-0.0067695
-0.0068794
-0.0072213
-0.0076711
-0.0081001
-0.0084141
-0.0087277
-0.0091839
-0.0096936
-0.0101061
-0.0105323
-0.0110717
-0.0115081
-0.0118390
-0.0122144
-0.0125729
-0.0128830
-0.0131377
-0.0133718
-0.0136789
-0.0140139
-0.0142315
-0.0142535
-0.0142178
-0.0142011
-0.0141274
-0.0140749
-0.0140081
-0.0138316
-0.0136280
-0.0134658
-0.0132854
-0.0130615
-0.0129124
-0.0129199
-0.0129229
-0.0128045
-0.0125932
-0.0124812
-0.0124553
-0.0123341
-0.0121022
-0.0117882
-0.0115432
-0.0115081
-0.0114435
-0.0112021
-0.0109487
-0.0106432
-0.0103296
-0.0101588
-0.0099215
-0.0096000
-0.0094339
-0.0093058
-0.0091195
-0.0089698
-0.0087371
-0.0084975
-0.0083484
-0.0080981
-0.0077780
-0.0074891
-0.0070881
-0.0065587
-0.0059585
-0.0052671
-0.0046169
-0.0041251
-0.0037135
-0.0034097
-0.0033762
-0.0033239
-0.0030466
-0.0028111
-0.0026824
-0.0025027
-0.0023514
-0.0024043
-0.0025594
-0.0026712
-0.0027787
-0.0029509
-0.0031746
-0.0034005
-0.0036147
-0.0036377
-0.0034268
-0.0032589
-0.0032448
-0.0032042
-0.0030923
-0.0031106
-0.0031926
-0.0033127
-0.0035329
-0.0037741
-0.0040161
-0.0042144
-0.0044771
-0.0047105
-0.0049062
-0.0052559
-0.0056452
-0.0060440
-0.0065105
-0.0069875
-0.0074447
-0.0078600
-0.0082057
-0.0084721
-0.0086138
-0.0086679
-0.0085664
-0.0082322
-0.0078173
-0.0073050
-0.0066673
-0.0060291
-0.0053949
-0.0046605
-0.0038894
-0.0032169
-0.0027242
-0.0024735
-0.0022870
-0.0019469
-0.0014687
-0.0011897
-0.0012300
-0.0011550
-0.0009199
-0.0008257
-0.0009224
-0.0010362
-0.0010521
-0.0010064
-0.0009289
-0.0008678
-0.0009292
-0.0010632
-0.0011723
-0.0013173
-0.0015874
-0.0019017
-0.0021405
-0.0022670
-0.0023666
-0.0024413
-0.0024635
-0.0025951
-0.0027423
-0.0026768
-0.0024983
-0.0024235
-0.0024302
-0.0023698
-0.0021743
-0.0019589
-0.0019354
-0.0020505
-0.0021478
-0.0021815
-0.0023249
-0.0025670
-0.0027597
-0.0029112
-0.0031000
-0.0033385
-0.0036635
-0.0040398
-0.0043365
-0.0044458
-0.0044732
-0.0045287
-0.0046905
-0.0049480
-0.0051474
-0.0051468
-0.0051635
-0.0052674
-0.0053723
-0.0055455
-0.0056131
-0.0054247
-0.0050885
-0.0046808
-0.0041569
-0.0035953
-0.0030987
-0.0027091
-0.0022714
-0.0017952
-0.0014979
-0.0012429
-0.0009877
-0.0007458
-0.0005364
-0.0004759
-0.0005512
-0.0006371
-0.0006555
-0.0007911
-0.0009872
-0.0012128
-0.0016079
-0.0020783
-0.0024264
-0.0026938
-0.0030206
-0.0033838
-0.0036122
-0.0037290
-0.0037804
-0.0038409
-0.0039910
-0.0041745
-0.0043943
-0.0046039
-0.0047629
-0.0048262
-0.0046552
-0.0044187
-0.0043131
-0.0041979
-0.0038485
-0.0032733
-0.0026671
-0.0020875
-0.0015850
-0.0011215
-0.0006403
-0.0001325
0.0003177
0.0005746
0.0006731
0.0008012
0.0010180
0.0011052
0.0009612
0.0008831
0.0010225
0.0011273
0.0010407
0.0010093
0.0012115
0.0014978
0.0016976
0.0017646
0.0019174
0.0021085
0.0020657
0.0019019
0.0018218
0.0018372
0.0019168
0.0019368
0.0017284
0.0014084
0.0010925
0.0009711
0.0010217
0.0010016
0.0008735
0.0008270
0.0008875
0.0008842
0.0007839
0.0008463
0.0010096
0.0010053
0.0007928
0.0006598
0.0006916
0.0008296
0.0010137
0.0012492
0.0016262
0.0020113
0.0023086
0.0026757
0.0032082
0.0036425
0.0038058
0.0039669
0.0041608
0.0041951
0.0040051
0.0036959
0.0034689
0.0032422
0.0028764
0.0025167
0.0021063
0.0016369
0.0012923
0.0011154
0.0009942
0.0008922
0.0008848
0.0010199
0.0012416
0.0014890
0.0018137
0.0023373
0.0029101
0.0033502
0.0037363
0.0042157
0.0045282
0.0045549
0.0045661
0.0047044
0.0049015
0.0049872
0.0049422
0.0048167
0.0046003
0.0042723
0.0038882
0.0037151
0.0036840
0.0034641
0.0030666
0.0027386
0.0026293
0.0025300
0.0021547
0.0018344
0.0016789
0.0016030
0.0014913
0.0013720
0.0012933
0.0014324
0.0019690
0.0026955
0.0033933
0.0041931
0.0051046
0.0060949
0.0072943
0.0085472
0.0097000
0.0108107
0.0118154
0.0125456
0.0131630
0.0136486
0.0140175
0.0140850
0.0137875
0.0135079
0.0132695
0.0127366
0.0120508
0.0116028
0.0114934
0.0112319
0.0106373
0.0102041
0.0101669
0.0101181
0.0097707
0.0094982
0.0096464
0.0099588
0.0101176
0.0101834
0.0103357
0.0104898
0.0105925
0.0106602
0.0107446
0.0107684
0.0107267
0.0106300
0.0103864
0.0099074
0.0094389
0.0090963
0.0087156
0.0082361
0.0076918
0.0073622
0.0071516
0.0068679
0.0064907
0.0061966
0.0060432
0.0059181
0.0058690
0.0058115
0.0057196
0.0057596
0.0059209
0.0059823
0.0059163
0.0058723
0.0057107
0.0053890
0.0050197
0.0046051
0.0042283
0.0039596
0.0037439
0.0034609
0.0031721
0.0030819
0.0032168
0.0033617
0.0033910
0.0034008
0.0035122
0.0037373
0.0039051
0.0040649
0.0043186
0.0045518
0.0047817
0.0050200
0.0051922
0.0053222
0.0054320
0.0056071
0.0057976
0.0059919
0.0061867
0.0062776
0.0062575
0.0061240
0.0059465
0.0059072
0.0059435
0.0057605
0.0054636
0.0054804
0.0057733
0.0059730
0.0060108
0.0061118
0.0063754
0.0066421
0.0068580
0.0071300
0.0074686
0.0078236
0.0081847
0.0085729
0.0090083
0.0093377
0.0095761
0.0098578
0.0102018
0.0105622
0.0108549
0.0111348
0.0114307
0.0115569
0.0114541
0.0113111
0.0113915
0.0115653
0.0115750
0.0115519
0.0117564
0.0120041
0.0121281
0.0121129
0.0121633
0.0122571
0.0122582
0.0120882
0.0119068
0.0118955
0.0117223
0.0113410
0.0110210
0.0108902
0.0107596
0.0105081
0.0101914
0.0097025
0.0091409
0.0085913
0.0080165
0.0074306
0.0068531
0.0064163
0.0060599
0.0058520
0.0058659
0.0058989
0.0060062
0.0063461
0.0068396
0.0073589
0.0077408
0.0079358
0.0080900
0.0083174
0.0084947
0.0084131
0.0081761
0.0079486
0.0078376
0.0076128
0.0071608
0.0066104
0.0060871
0.0055859
0.0050698
0.0045171
0.0040658
0.0038293
0.0037406
0.0036431
0.0035217
0.0034692
0.0033638
0.0032293
0.0030495
0.0027877
0.0025314
0.0022584
0.0019338
0.0016879
0.0014395
0.0011850
0.0010456
0.0010593
0.0011366
0.0010505
0.0008851
0.0008455
0.0009010
0.0009937
0.0009852
0.0008666
0.0006687
0.0004388
0.0001673
-0.0001962
-0.0005223
-0.0007093
-0.0009219
-0.0012097
-0.0014269
-0.0014215
-0.0012071
-0.0010769
-0.0010220
-0.0007450
-0.0002417
0.0003073
0.0008100
0.0013052
0.0019527
0.0026330
0.0030469
0.0033623
0.0037224
0.0039315
0.0040615
0.0043375
0.0047685
0.0051833
0.0054384
0.0057028
0.0061223
0.0064142
0.0064409
0.0063679
0.0063173
0.0062221
0.0059599
0.0055050
0.0049340
0.0042792
0.0035986
0.0031306
0.0026855
0.0019421
0.0011296
0.0003735
-0.0004852
-0.0014304
-0.0023383
-0.0032103
-0.0041080
-0.0049504
-0.0056794
-0.0063827
-0.0070855
-0.0076627
-0.0079226
-0.0079452
-0.0080848
-0.0083477
-0.0084715
-0.0083884
-0.0081167
-0.0079243
-0.0078893
-0.0077290
-0.0075885
-0.0076130
-0.0075429
-0.0073836
-0.0071773
-0.0069380
-0.0067960
-0.0066784
-0.0062748
-0.0056145
-0.0050531
-0.0045234
-0.0038193
-0.0030416
-0.0023807
-0.0016841
-0.0010371
-0.0006119
-0.0002529
0.0000055
0.0000718
-0.0000203
-0.0002052
-0.0004665
-0.0007758
-0.0010950
-0.0016236
-0.0023668
-0.0029735
-0.0033399
-0.0037334
-0.0042524
-0.0047534
-0.0051664
-0.0055587
-0.0058498
-0.0059071
-0.0059507
-0.0061080
-0.0063317
-0.0063940
-0.0062818
-0.0060184
-0.0056332
-0.0052725
-0.0049977
-0.0045423
-0.0039321
-0.0034496
-0.0031857
-0.0031450
-0.0031752
-0.0030784
-0.0029772
-0.0031182
-0.0033718
-0.0036047
-0.0038791
-0.0041475
-0.0043195
-0.0044434
-0.0045511
-0.0046389
-0.0045908
-0.0044685
-0.0043397
-0.0042189
-0.0039396
-0.0036147
-0.0034570
-0.0033629
-0.0030509
-0.0026127
-0.0023403
-0.0020540
-0.0015672
-0.0009367
-0.0002292
0.0005095
0.0012598
0.0021974
0.0032784
0.0042596
0.0051463
0.0060508
0.0069296
0.0076182
0.0080142
0.0081701
0.0081420
0.0080161
0.0077673
0.0073318
0.0067153
0.0059314
0.0051581
0.0044200
0.0035831
0.0027134
0.0019149
0.0012245
0.0005477
-0.0000179
-0.0004823
-0.0009547
-0.0013613
-0.0015579
-0.0015182
-0.0013600
-0.0011520
-0.0009207
-0.0006567
-0.0005109
-0.0005266
-0.0003861
-0.0000998
0.0000439
0.0000166
0.0001087
0.0003851
0.0006377
0.0008048
0.0009909
0.0012103
0.0014597
0.0017345
0.0019230
0.0020550
0.0022200
0.0023164
0.0022945
0.0022493
0.0021901
0.0019323
0.0014399
0.0009960
0.0007840
0.0005531
0.0000701
-0.0006223
-0.0014111
-0.0021302
-0.0026734
-0.0030050
-0.0034151
-0.0040856
-0.0046286
-0.0048454
-0.0049930
-0.0053770
-0.0059349
-0.0064023
-0.0067004
-0.0070172
-0.0073722
-0.0074443
-0.0072100
-0.0070370
-0.0069204
-0.0065617
-0.0059582
-0.0054373
-0.0050325
-0.0044450
-0.0037072
-0.0030336
-0.0024374
-0.0018470
-0.0012742
-0.0007800
-0.0004270
-0.0001437
0.0000880
0.0001206
0.0000396
0.0001285
0.0003770
0.0005305
0.0004147
0.0001540
-0.0001573
-0.0004572
-0.0008319
-0.0013923
-0.0020135
-0.0024818
-0.0028134
-0.0030416
-0.0032302
-0.0034483
-0.0036021
-0.0036119
-0.0034181
-0.0031842
-0.0027718
-0.0020271
-0.0011582
-0.0004017
0.0002893
0.0010397
0.0017091
0.0021850
0.0024916
0.0027877
0.0031440
0.0034450
0.0036466
0.0036946
0.0036589
0.0035821
0.0034105
0.0031441
0.0027620
0.0020926
0.0012894
0.0006020
-0.0001056
-0.0009281
-0.0017741
-0.0026064
-0.0034251
-0.0042458
-0.0049505
-0.0054118
-0.0057121
-0.0060057
-0.0063941
-0.0065395
-0.0063890
-0.0062946
-0.0063190
-0.0062932
-0.0062279
-0.0062483
-0.0062910
-0.0061632
-0.0059645
-0.0058758
-0.0058567
-0.0058782
-0.0059277
-0.0059941
-0.0061994
-0.0065511
-0.0069040
-0.0071696
-0.0073605
-0.0074963
-0.0076401
-0.0077727
-0.0079047
-0.0080993
-0.0083819
-0.0088021
-0.0093065
-0.0097514
-0.0100806
-0.0103697
-0.0106402
-0.0108095
-0.0109030
-0.0108881
-0.0108086
-0.0106636
-0.0102577
-0.0097259
-0.0092602
-0.0087472
-0.0081698
-0.0076956
-0.0073139
-0.0068595
-0.0063145
-0.0057576
-0.0053394
-0.0050079
-0.0046292
-0.0042616
-0.0040028
-0.0038386
-0.0036766
-0.0035169
-0.0033062
-0.0030975
-0.0029315
-0.0027702
-0.0026862
-0.0027535
-0.0026993
-0.0024335
-0.0021978
-0.0020385
-0.0017557
-0.0013822
-0.0011866
-0.0010529
-0.0008035
-0.0004216
-0.0000148
0.0003175
0.0005359
0.0007115
0.0010036
0.0013840
0.0016648
0.0019011
0.0020881
0.0021646
0.0021710
0.0021712
0.0020951
0.0019586
0.0018292
0.0016880
0.0014682
0.0011139
0.0006303
-0.0000545
-0.0007814
-0.0014041
-0.0021058
-0.0029213
-0.0036862
-0.0043665
-0.0051226
-0.0060576
-0.0070080
-0.0077821
-0.0084130
-0.0090183
-0.0095568
-0.0100543
-0.0103460
-0.0104382
-0.0105410
-0.0105562
-0.0103572
-0.0101540
-0.0098630
-0.0095246
-0.0093382
-0.0091489
-0.0089291
-0.0087129
-0.0085753
-0.0086400
-0.0088760
-0.0091151
-0.0092315
-0.0093439
-0.0096338
-0.0099974
-0.0101989
-0.0102943
-0.0105337
-0.0107950
-0.0109456
-0.0110301
-0.0111446
-0.0111748
-0.0110211
-0.0107477
-0.0103701
-0.0100354
-0.0097111
-0.0091857
-0.0084575
-0.0078679
-0.0074596
-0.0069519
-0.0063735
-0.0058386
-0.0054345
-0.0051426
-0.0049141
-0.0046117
-0.0043580
-0.0043323
-0.0043313
-0.0041852
-0.0040222
-0.0039991
-0.0040608
-0.0042632
-0.0044886
-0.0046885
-0.0049047
-0.0051679
-0.0054714
-0.0057935
-0.0060845
-0.0064192
-0.0067366
-0.0069547
-0.0072528
-0.0076679
-0.0079169
-0.0079313
-0.0079476
-0.0080829
-0.0082356
-0.0083977
-0.0084166
-0.0083012
-0.0082218
-0.0081538
-0.0079219
-0.0076204
-0.0074301
-0.0072498
-0.0068869
-0.0064369
-0.0060953
-0.0059271
-0.0058548
-0.0056203
-0.0053170
-0.0051568
-0.0050322
-0.0048279
-0.0045852
-0.0044840
-0.0044133
-0.0043035
-0.0042046
-0.0041507
-0.0040524
-0.0038740
-0.0037049
-0.0034857
-0.0033763
-0.0033054
-0.0031552
-0.0029656
-0.0028250
-0.0026945
-0.0024707
-0.0023068
-0.0022576
-0.0021328
-0.0019473
-0.0018287
-0.0018193
-0.0018707
-0.0018855
-0.0018249
-0.0018566
-0.0020634
-0.0022681
-0.0024133
-0.0025125
-0.0026760
-0.0028016
-0.0028349
-0.0028028
-0.0026998
-0.0024914
-0.0022821
-0.0020350
-0.0016711
-0.0013002
-0.0009604
-0.0004759
-0.0000185
0.0002802
0.0005419
0.0008311
0.0010705
0.0012621
0.0013427
0.0013354
0.0013125
0.0012981
0.0011992
0.0010844
0.0010157
0.0009777
0.0009729
0.0009219
0.0008701
0.0009219
0.0010395
0.0011592
0.0012862
0.0014463
0.0016556
0.0017788
0.0019323
0.0022509
0.0025354
0.0026970
0.0027334
0.0026762
0.0025754
0.0023655
0.0020975
0.0018456
0.0015700
0.0012256
0.0009292
0.0007181
0.0005195
0.0002415
0.0000057
0.0000904
0.0004036
0.0006379
0.0008144
0.0010339
0.0012491
0.0014953
0.0018149
0.0021662
0.0024179
0.0026670
0.0030400
0.0033530
0.0033569
0.0030663
0.0027437
0.0026156
0.0024736
0.0022065
0.0019823
0.0018077
0.0016219
0.0014681
0.0014366
0.0013543
0.0011390
0.0010267
0.0009812
0.0008770
0.0006262
0.0002429
-0.0001389
-0.0003756
-0.0005936
-0.0009255
-0.0012899
-0.0015905
-0.0018548
-0.0020160
-0.0018560
-0.0014859
-0.0013190
-0.0012270
-0.0008629
-0.0003126
0.0000881
0.0002563
0.0004685
0.0010026
0.0015768
0.0018906
0.0021158
0.0024609
0.0027344
0.0029639
0.0032993
0.0036033
0.0037376
0.0037128
0.0037190
0.0038250
0.0039140
0.0040357
0.0041123
0.0041507
0.0042371
0.0043353
0.0043823
0.0043324
0.0044144
0.0046818
0.0050038
0.0052609
0.0053928
0.0055140
0.0056891
0.0058488
0.0060517
0.0062141
0.0063159
0.0064381
0.0065125
0.0064564
0.0064102
0.0063386
0.0061583
0.0059173
0.0056829
0.0054650
0.0050911
0.0046404
0.0043834
0.0041360
0.0037176
0.0032522
0.0028702
0.0025712
0.0022402
0.0019247
0.0015934
0.0012558
0.0008539
0.0003604
-0.0001917
-0.0006688
-0.0010110
-0.0013670
-0.0017280
-0.0020292
-0.0022063
-0.0022496
-0.0022036
-0.0020165
-0.0017635
-0.0014735
-0.0010656
-0.0005322
-0.0001559
0.0001103
0.0004994
0.0009655
0.0014794
0.0019154
0.0023146
0.0027964
0.0032214
0.0035194
0.0037602
0.0039170
0.0040000
0.0042680
0.0045284
0.0045295
0.0045727
0.0047071
0.0047254
0.0047196
0.0047529
0.0049778
0.0053216
0.0054934
0.0055597
0.0057195
0.0058757
0.0059420
0.0061082
0.0063897
0.0066405
0.0068573
0.0070163
0.0071492
0.0073583
0.0076627
0.0079304
0.0080699
0.0082257
0.0084964
0.0087727
0.0090930
0.0094336
0.0096716
0.0099946
0.0103530
0.0106129
0.0108347
0.0112034
0.0115917
0.0119373
0.0123602
0.0126675
0.0128251
0.0130712
0.0134581
0.0136891
0.0137424
0.0139060
0.0140548
0.0138794
0.0135410
0.0134465
0.0134863
0.0132992
0.0128263
0.0122530
0.0118426
0.0115416
0.0112007
0.0108853
0.0105876
0.0101981
0.0097609
0.0094631
0.0093487
0.0091271
0.0087319
0.0083611
0.0081258
0.0079186
0.0077193
0.0074988
0.0073493
0.0073478
0.0074372
0.0074026
0.0072209
0.0071824
0.0072446
0.0072852
0.0072699
0.0071237
0.0068745
0.0065801
0.0064171
0.0063540
0.0062524
0.0060146
0.0058084
0.0057862
0.0057975
0.0057855
0.0058895
0.0060189
0.0059995
0.0059124
0.0059661
0.0061756
0.0062812
0.0062000
0.0059650
0.0057208
0.0054901
0.0052427
0.0050254
0.0047505
0.0044233
0.0042244
0.0040518
0.0037687
0.0035323
0.0034261
0.0032819
0.0029934
0.0027021
0.0025407
0.0024530
0.0022674
0.0020043
0.0017166
0.0015366
0.0014291
0.0013052
0.0012929
0.0013993
0.0014152
0.0013437
0.0012631
0.0012155
0.0011218
0.0010538
0.0009909
0.0008497
0.0007377
0.0006301
0.0005624
0.0005500
0.0004064
0.0002102
0.0001621
0.0002280
0.0001655
0.0000435
0.0001538
0.0002762
0.0002099
0.0000391
-0.0000365
0.0001847
0.0005307
0.0006906
0.0007602
0.0007864
0.0008406
0.0009215
0.0009346
0.0008775
0.0007205
0.0006026
0.0005261
0.0004301
0.0002995
0.0001273
0.0000126
-0.0000137
0.0000121
0.0000118
0.0000679
0.0002926
0.0005127
0.0005915
0.0005761
0.0005842
0.0006682
0.0006995
0.0006795
0.0007684
0.0009542
0.0011197
0.0012692
0.0013593
0.0014439
0.0016606
0.0019355
0.0021418
0.0022156
0.0022152
0.0021998
0.0022554
0.0022914
0.0022339
0.0022538
0.0023406
0.0024763
0.0025732
0.0025162
0.0024760
0.0025841
0.0026445
0.0024767
0.0022723
0.0021836
0.0020807
0.0019375
0.0017597
0.0015838
0.0013444
0.0010048
0.0007113
0.0004577
0.0003309
0.0003571
0.0003238
0.0002115
0.0002041
0.0003174
0.0004460
0.0005601
0.0005988
0.0005668
0.0006013
0.0006886
0.0007122
0.0006190
0.0006572
0.0008653
0.0010582
0.0012020
0.0012956
0.0014124
0.0016397
0.0018726
0.0019538
0.0020334
0.0022483
0.0025219
0.0026680
0.0027290
0.0028330
0.0030428
0.0032664
0.0033140
0.0033476
0.0036195
0.0038300
0.0037119
0.0035082
0.0034923
0.0035394
0.0034387
0.0032258
0.0029390
0.0026529
0.0024601
0.0022681
0.0020200
0.0018491
0.0018217
0.0018602
0.0019025
0.0019428
0.0020121
0.0020121
0.0019302
0.0019081
0.0019345
0.0018513
0.0015683
0.0012349
0.0009873
0.0006962
0.0002427
-0.0002046
-0.0005376
-0.0009249
-0.0013719
-0.0016550
-0.0017220
-0.0017087
-0.0017682
-0.0018897
-0.0019435
-0.0019447
-0.0018368
-0.0016977
-0.0016761
-0.0017011
-0.0017142
-0.0016337
-0.0013741
-0.0010252
-0.0007091
-0.0004364
-0.0000911
0.0002575
0.0006008
0.0009737
0.0013929
0.0018160
0.0022336
0.0026189
0.0027375
0.0027654
0.0028508
0.0029010
0.0027909
0.0025792
0.0024140
0.0022386
0.0019192
0.0016397
0.0015776
0.0014640
0.0010854
0.0006227
0.0002629
0.0000103
-0.0002015
-0.0005407
-0.0010145
-0.0011704
-0.0011729
-0.0015388
-0.0019206
-0.0019305
-0.0018011
-0.0018554
-0.0018640
-0.0016076
-0.0013343
-0.0011714
-0.0009726
-0.0005975
-0.0001404
0.0000148
-0.0000150
0.0001451
0.0003863
0.0004881
0.0004766
0.0005099
0.0005707
0.0005575
0.0005906
0.0006495
0.0006565
0.0005694
0.0004895
0.0004567
0.0003946
0.0003503
0.0003314
0.0002519
-0.0000376
-0.0004623
-0.0008471
-0.0012146
-0.0016916
-0.0021371
-0.0023956
-0.0026523
-0.0030941
-0.0035853
-0.0038748
-0.0039661
-0.0041599
-0.0043825
-0.0043094
-0.0041088
-0.0041001
-0.0041784
-0.0041425
-0.0039042
-0.0037476
-0.0037221
-0.0036081
-0.0034685
-0.0032886
-0.0031454
-0.0029740
-0.0026775
-0.0024062
-0.0022586
-0.0020848
-0.0018326
-0.0016574
-0.0016552
-0.0016621
-0.0014554
-0.0013736
-0.0015707
-0.0018091
-0.0020425
-0.0023253
-0.0026481
-0.0029298
-0.0031305
-0.0033230
-0.0035056
-0.0036297
-0.0037792
-0.0041161
-0.0045204
-0.0046973
-0.0046447
-0.0045660
-0.0046276
-0.0045415
-0.0041442
-0.0036712
-0.0033371
-0.0029159
-0.0021971
-0.0015548
-0.0012152
-0.0008312
-0.0003153
0.0001727
0.0004709
0.0005493
0.0006060
0.0007057
0.0007711
0.0007386
0.0005203
0.0003190
0.0002280
0.0000896
-0.0000987
-0.0003818
-0.0008967
-0.0014882
-0.0019803
-0.0023752
-0.0027952
-0.0031926
-0.0035433
-0.0039865
-0.0043791
-0.0046349
-0.0048107
-0.0049513
-0.0050486
-0.0051107
-0.0051698
-0.0052515
-0.0053583
-0.0053820
-0.0052564
-0.0051649
-0.0051920
-0.0050889
-0.0049458
-0.0049362
-0.0048587
-0.0047522
-0.0047096
-0.0046443
-0.0046151
-0.0046442
-0.0046013
-0.0045614
-0.0046079
-0.0046512
-0.0046409
-0.0046532
-0.0046208
-0.0044393
-0.0042322
-0.0039579
-0.0036773
-0.0034682
-0.0032581
-0.0028633
-0.0023909
-0.0019536
-0.0016151
-0.0013297
-0.0009762
-0.0005321
-0.0000592
0.0002788
0.0005906
0.0009297
0.0011806
0.0012809
0.0014391
0.0017598
0.0019793
0.0020554
0.0021154
0.0022451
0.0024489
0.0025467
0.0025307
0.0025435
0.0026002
0.0025581
0.0024634
0.0022695
0.0020926
0.0019993
0.0019272
0.0019314
0.0019492
0.0019218
0.0019079
0.0019348
0.0019515
0.0019625
0.0018876
0.0018237
0.0018125
0.0017400
0.0016543
0.0016130
0.0015002
0.0012383
0.0008740
0.0005391
0.0002931
-0.0001054
-0.0006302
-0.0009306
-0.0010297
-0.0012257
-0.0016123
-0.0019536
-0.0021109
-0.0022188
-0.0023225
-0.0024385
-0.0026120
-0.0028229
-0.0029855
-0.0030598
-0.0030130
-0.0029648
-0.0029691
-0.0028857
-0.0026563
-0.0025197
-0.0024532
-0.0021864
-0.0018009
-0.0015144
-0.0013872
-0.0012046
-0.0008393
-0.0006082
-0.0005339
-0.0005209
-0.0003862
-0.0000630
0.0003027
0.0006708
0.0010400
0.0013976
0.0017035
0.0019172
0.0022058
0.0026353
0.0030132
0.0032044
0.0034053
0.0037297
0.0040757
0.0043895
0.0045585
0.0045977
0.0047749
0.0050650
0.0051413
0.0051226
0.0051904
0.0052093
0.0052056
0.0052261
0.0051776
0.0049367
0.0046518
0.0044728
0.0043012
0.0040637
0.0038160
0.0035901
0.0032467
0.0028771
0.0026958
0.0026061
0.0024098
0.0021919
0.0019677
0.0017241
0.0015021
0.0014319
0.0015280
0.0015776
0.0014919
0.0013103
0.0012018
0.0011702
0.0010679
0.0009698
0.0008616
0.0006615
0.0004926
0.0004468
0.0004336
0.0003917
0.0003078
0.0001539
-0.0000096
-0.0001503
-0.0004226
-0.0006771
-0.0007339
-0.0007211
-0.0007364
-0.0007794
-0.0008679
-0.0009251
-0.0008290
-0.0005714
-0.0003446
-0.0002068
-0.0000491
0.0001811
0.0004049
0.0005986
0.0008727
0.0012234
0.0015263
0.0016739
0.0017121
0.0018759
0.0020491
0.0020494
0.0019285
0.0018453
0.0018990
0.0019105
0.0018128
0.0018281
0.0018685
0.0017520
0.0015630
0.0014073
0.0012752
0.0011044
0.0009963
0.0009707
0.0009042
0.0007975
0.0007123
0.0007223
0.0006949
0.0005709
0.0004801
0.0005705
0.0007450
0.0007904
0.0007771
0.0008288
0.0008703
0.0008079
0.0006990
0.0006541
0.0006442
0.0005364
0.0003463
0.0001895
0.0000677
-0.0000769
-0.0003248
-0.0005561
-0.0006824
-0.0008870
-0.0010883
-0.0011248
-0.0012382
-0.0015604
-0.0017986
-0.0018875
-0.0020077
-0.0021725
-0.0022485
-0.0021813
-0.0020215
-0.0019279
-0.0018878
-0.0018731
-0.0018455
-0.0018127
-0.0017660
-0.0016145
-0.0014642
-0.0014298
-0.0013320
-0.0011138
-0.0009038
-0.0008183
-0.0008200
-0.0007350
-0.0005717
-0.0003771
-0.0003151
-0.0003857
-0.0003619
-0.0003136
-0.0003904
-0.0004253
-0.0004635
-0.0005353
-0.0005387
-0.0004160
-0.0002621
-0.0000717
0.0001722
0.0002683
0.0004082
0.0006938
0.0008963
0.0009914
0.0011734
0.0013740
0.0014839
0.0015871
0.0017567
0.0018966
0.0018787
0.0018848
0.0020484
0.0022403
0.0022701
0.0021432
0.0020823
0.0021184
0.0021536
0.0021520
0.0020978
0.0020965
0.0021187
0.0021746
0.0023222
0.0024627
0.0026007
0.0027137
0.0027507
0.0027733
0.0028682
0.0030497
0.0032164
0.0032959
0.0032307
0.0031414
0.0031733
0.0032452
0.0031459
0.0028837
0.0026471
0.0023753
0.0020085
0.0017164
0.0014638
0.0011363
0.0008310
0.0006385
0.0004311
0.0001615
-0.0000985
-0.0001494
-0.0000164
-0.0000252
-0.0002217
-0.0004685
-0.0007986
-0.0009903
-0.0010212
-0.0010708
-0.0011436
-0.0012321
-0.0012398
-0.0011995
-0.0011762
-0.0011783
-0.0010965
-0.0009289
-0.0008293
-0.0007759
-0.0006735
-0.0005783
-0.0005555
-0.0006346
-0.0007358
-0.0008563
-0.0010019
-0.0010754
-0.0010479
-0.0009770
-0.0009387
-0.0009485
-0.0008874
-0.0005801
-0.0002417
-0.0001057
-0.0000585
0.0001492
0.0004948
0.0006345
0.0006241
0.0008766
0.0012338
0.0012881
0.0011552
0.0010308
0.0009330
0.0008421
0.0007325
0.0005936
0.0004263
0.0001843
-0.0000833
-0.0002918
-0.0003962
-0.0004438
-0.0004185
-0.0003952
-0.0004216
-0.0004158
-0.0003439
-0.0003424
-0.0003735
-0.0003627
-0.0003322
-0.0002631
-0.0001391
-0.0000897
-0.0001695
-0.0001770
-0.0001034
-0.0000831
-0.0001675
-0.0002179
-0.0000909
0.0000070
0.0000335
0.0000565
0.0000783
0.0001448
0.0002436
0.0002347
0.0002062
0.0002497
0.0002756
0.0002331
0.0000596
-0.0000855
-0.0000946
-0.0000410
-0.0000398
-0.0001944
-0.0002822
-0.0001370
0.0001003
0.0002751
0.0003678
0.0004238
0.0004826
0.0006169
0.0007253
0.0008419
0.0010985
0.0012259
0.0011313
0.0010005
0.0008869
0.0007300
0.0005909
0.0005071
0.0004788
0.0004111
0.0002688
0.0001368
0.0000605
-0.0001539
-0.0005305
-0.0008843
-0.0010156
-0.0011204
-0.0014010
-0.0016792
-0.0018201
-0.0019505
-0.0020973
-0.0021734
-0.0021333
-0.0020747
-0.0020292
-0.0018781
-0.0016645
-0.0016266
-0.0017938
-0.0017708
-0.0015718
-0.0015074
-0.0015149
-0.0013934
-0.0011839
-0.0010541
-0.0010100
-0.0008814
-0.0007468
-0.0007775
-0.0008403
-0.0008060
-0.0007735
-0.0009338
-0.0011788
-0.0013824
-0.0014891
-0.0015879
-0.0018843
-0.0020574
-0.0018947
-0.0017655
-0.0019198
-0.0021078
-0.0020719
-0.0019979
-0.0019052
-0.0018561
-0.0019018
-0.0019253
-0.0019169
-0.0018903
-0.0019648
-0.0022257
-0.0024654
-0.0026494
-0.0028024
-0.0029719
-0.0032248
-0.0034947
-0.0037783
-0.0041113
-0.0044399
-0.0046755
-0.0048598
-0.0050360
-0.0052125
-0.0054122
-0.0056150
-0.0058301
-0.0060705
-0.0063093
-0.0064681
-0.0065269
-0.0066391
-0.0068189
-0.0069474
-0.0070841
-0.0073521
-0.0075558
-0.0076030
-0.0077038
-0.0078152
-0.0078041
-0.0077486
-0.0077389
-0.0077504
-0.0078040
-0.0077559
-0.0075400
-0.0073022
-0.0071193
-0.0068533
-0.0064694
-0.0061065
-0.0056996
-0.0050448
-0.0044097
-0.0040533
-0.0036430
-0.0030198
-0.0025499
-0.0022477
-0.0018349
-0.0014431
-0.0011901
-0.0009861
-0.0007170
-0.0002730
0.0001854
0.0003741
0.0002632
0.0002073
0.0003201
0.0002974
0.0000453
-0.0000747
-0.0001079
-0.0002951
-0.0005545
-0.0005736
-0.0004589
-0.0003876
-0.0003452
-0.0002903
-0.0002154
-0.0002394
-0.0003152
-0.0003586
-0.0004519
-0.0006458
-0.0009012
-0.0011942
-0.0015246
-0.0017275
-0.0017460
-0.0017494
-0.0018001
-0.0017051
-0.0014531
-0.0013229
-0.0011699
-0.0007889
-0.0003092
0.0001288
0.0004071
0.0005698
0.0007503
0.0008869
0.0008462
0.0006468
0.0003683
0.0000403
-0.0003529
-0.0008756
-0.0014293
-0.0018757
-0.0022580
-0.0025361
-0.0026949
-0.0028521
-0.0031223
-0.0034071
-0.0035743
-0.0037510
-0.0041135
-0.0045106
-0.0046740
-0.0048522
-0.0052142
-0.0054600
-0.0054558
-0.0054104
-0.0054189
-0.0054244
-0.0053577
-0.0052083
-0.0051891
-0.0053430
-0.0053714
-0.0050962
-0.0048239
-0.0046767
-0.0044762
-0.0041709
-0.0038824
-0.0037118
-0.0035558
-0.0032325
-0.0027475
-0.0023781
-0.0022615
-0.0021536
-0.0019361
-0.0017317
-0.0016837
-0.0017287
-0.0017187
-0.0017639
-0.0018399
-0.0018082
-0.0017841
-0.0019834
-0.0023342
-0.0026434
-0.0028265
-0.0030573
-0.0034365
-0.0037329
-0.0036801
-0.0034590
-0.0034205
-0.0034416
-0.0032487
-0.0029333
-0.0027375
-0.0027091
-0.0027797
-0.0027830
-0.0026704
-0.0025284
-0.0023803
-0.0022698
-0.0021665
-0.0019422
-0.0016666
-0.0013026
-0.0009273
-0.0005820
-0.0002359
0.0001964
0.0006713
0.0010801
0.0014253
0.0018778
0.0022946
0.0027772
0.0032912
0.0035014
0.0035372
0.0036904
0.0037601
0.0036977
0.0036023
0.0033782
0.0031343
0.0028427
0.0025336
0.0022735
0.0019981
0.0016251
0.0012241
0.0009437
0.0007600
0.0004463
0.0000610
-0.0002404
-0.0005494
-0.0009842
-0.0014050
-0.0016114
-0.0016730
-0.0018826
-0.0021402
-0.0021993
-0.0021659
-0.0021019
-0.0020452
-0.0019772
-0.0017799
-0.0015386
-0.0013336
-0.0011848
-0.0010136
-0.0007292
-0.0003987
-0.0002008
-0.0003242
-0.0005278
-0.0004550
-0.0001785
-0.0000697
-0.0002688
-0.0005294
-0.0006727
-0.0008176
-0.0009965
-0.0010383
-0.0008422
-0.0005910
-0.0004299
-0.0002817
-0.0000905
0.0001273
0.0002592
0.0004186
0.0006526
0.0008243
0.0008581
0.0009773
0.0012616
0.0014449
0.0014871
0.0015715
0.0016951
0.0017394
0.0017120
0.0016798
0.0016119
0.0014840
0.0013912
0.0013040
0.0010642
0.0007726
0.0006104
0.0004488
0.0001709
-0.0002069
-0.0004833
-0.0006504
-0.0008374
-0.0011246
-0.0013932
-0.0015259
-0.0016806
-0.0019447
-0.0022539
-0.0024217
-0.0025053
-0.0026951
-0.0029276
-0.0029858
-0.0029765
-0.0031023
-0.0031840
-0.0030324
-0.0028597
-0.0028256
-0.0027754
-0.0025774
-0.0023727
-0.0022573
-0.0021069
-0.0018200
-0.0015618
-0.0014548
-0.0013520
-0.0012377
-0.0011527
-0.0010742
-0.0009311
-0.0006321
-0.0003417
-0.0001862
-0.0000695
-0.0000200
-0.0000584
-0.0001018
-0.0000353
0.0000413
0.0000009
-0.0001300
-0.0002128
-0.0001032
-0.0000244
-0.0001102
-0.0003184
-0.0004805
-0.0004755
-0.0004894
-0.0005315
-0.0004856
-0.0003036
-0.0001479
-0.0001564
-0.0002370
-0.0002751
-0.0002742
-0.0003609
-0.0005090
-0.0007254
-0.0008824
-0.0007575
-0.0005685
-0.0005105
-0.0004910
-0.0004894
-0.0004585
-0.0004264
-0.0003871
-0.0002769
-0.0000916
0.0000446
0.0001514
0.0003236
0.0005544
0.0007040
0.0007245
0.0006445
0.0005165
0.0006194
0.0008886
0.0011515
0.0014290
0.0017058
0.0019361
0.0021909
0.0024522
0.0026048
0.0026237
0.0025303
0.0024362
0.0023700
0.0023157
0.0022844
0.0021695
0.0019967
0.0017833
0.0014124
0.0010225
0.0008510
0.0007386
0.0005273
0.0003185
0.0001410
-0.0000736
-0.0003949
-0.0007361
-0.0010809
-0.0015459
-0.0020021
-0.0022042
-0.0022157
-0.0022318
-0.0022608
-0.0022553
-0.0022107
-0.0021919
-0.0023019
-0.0023323
-0.0022191
-0.0021663
-0.0021912
-0.0021020
-0.0017968
-0.0015644
-0.0015836
-0.0015547
-0.0014334
-0.0014629
-0.0015300
-0.0014095
-0.0010613
-0.0006952
-0.0003951
-0.0000301
0.0003259
0.0005617
0.0008310
0.0012500
0.0016237
0.0018456
0.0021434
0.0025842
0.0029245
0.0030889
0.0032442
0.0036150
0.0040859
0.0044896
0.0048863
0.0053493
0.0057218
0.0059155
0.0059881
0.0060421
0.0061323
0.0061849
0.0062202
0.0062621
0.0061754
0.0060245
0.0059410
0.0059328
0.0058388
0.0056979
0.0057496
0.0058755
0.0060011
0.0061090
0.0061730
0.0063923
0.0067354
0.0070289
0.0071853
0.0072393
0.0072250
0.0070745
0.0068635
0.0066742
0.0064593
0.0060714
0.0055510
0.0052207
0.0050531
0.0047195
0.0042925
0.0040421
0.0038843
0.0036425
0.0033652
0.0031870
0.0030493
0.0028810
0.0029031
0.0031895
0.0033567
0.0031432
0.0028004
0.0027203
0.0027473
0.0025351
0.0022245
0.0020813
0.0019537
0.0018302
0.0017068
0.0015022
0.0011913
0.0008160
0.0005290
0.0002719
-0.0000288
-0.0003246
-0.0005775
-0.0008161
-0.0009681
-0.0011539
-0.0013923
-0.0015522
-0.0016022
-0.0016081
-0.0014719
-0.0013111
-0.0013127
-0.0013262
-0.0012246
-0.0009878
-0.0007639
-0.0006972
-0.0007539
-0.0008112
-0.0006896
-0.0005483
-0.0005559
-0.0005886
-0.0005456
-0.0004976
-0.0005027
-0.0004088
-0.0002406
-0.0000858
0.0000098
0.0000831
0.0001904
0.0004181
0.0006538
0.0008467
0.0010620
0.0013008
0.0014594
0.0014956
0.0016298
0.0018857
0.0020659
0.0021832
0.0024164
0.0027195
0.0029701
0.0033107
0.0036449
0.0038583
0.0040242
0.0041870
0.0042994
0.0042908
0.0042979
0.0044854
0.0046882
0.0046979
0.0046232
0.0045426
0.0044341
0.0043721
0.0043184
0.0041643
0.0039037
0.0036327
0.0034129
0.0032304
0.0030802
0.0028192
0.0024738
0.0022865
0.0023111
0.0023128
0.0021802
0.0020718
0.0020260
0.0018521
0.0016651
0.0017071
0.0017376
0.0015791
0.0013587
0.0012288
0.0011164
0.0009601
0.0007852
0.0006855
0.0006427
0.0005769
0.0004534
0.0002259
0.0000405
0.0000177
0.0000083
0.0000691
0.0000471
-0.0001469
-0.0002967
-0.0003023
-0.0002088
-0.0001526
-0.0002111
-0.0002952
-0.0002679
-0.0001223
-0.0000164
-0.0000052
0.0000157
-0.0000655
-0.0002333
-0.0003332
-0.0003582
-0.0004257
-0.0005445
-0.0005918
-0.0005335
-0.0006423
-0.0008624
-0.0008689
-0.0007254
-0.0006815
-0.0006940
-0.0006038
-0.0003648
-0.0001305
0.0000831
0.0004617
0.0008466
0.0010672
0.0012981
0.0016000
0.0018585
0.0021076
0.0023868
0.0026815
0.0029158
0.0031276
0.0033193
0.0034048
0.0034470
0.0035132
0.0035593
0.0035198
0.0034314
0.0032796
0.0030161
0.0027079
0.0024142
0.0021450
0.0018477
0.0014821
0.0010675
0.0006672
0.0003776
0.0001082
-0.0002010
-0.0004636
-0.0006567
-0.0009422
-0.0013258
-0.0015990
-0.0017926
-0.0019455
-0.0020782
-0.0022352
-0.0023290
-0.0022406
-0.0020518
-0.0019182
-0.0018461
-0.0016999
-0.0014149
-0.0011203
-0.0008341
-0.0005231
-0.0002243
0.0000023
0.0000892
0.0000818
0.0001249
0.0001486
0.0001463
0.0001976
0.0002461
0.0001309
-0.0001170
-0.0003025
-0.0003648
-0.0004750
-0.0007036
-0.0009622
-0.0012350
-0.0015150
-0.0016438
-0.0016197
-0.0016286
-0.0017251
-0.0017370
-0.0015920
-0.0013990
-0.0012446
-0.0010975
-0.0009235
-0.0007669
-0.0006209
-0.0005117
-0.0004773
-0.0004358
-0.0003390
-0.0002309
-0.0000669
0.0001405
0.0003312
0.0005083
0.0007109
0.0009551
0.0012678
0.0015326
0.0016943
0.0016987
0.0016877
0.0017299
0.0018361
0.0019271
0.0019023
0.0018458
0.0018381
0.0018043
0.0017635
0.0016974
0.0015745
0.0015424
0.0015823
0.0015700
0.0015470
0.0015518
0.0015607
0.0016181
0.0017963
0.0019861
0.0020887
0.0022308
0.0025626
0.0029749
0.0032636
0.0034303
0.0035369
0.0036766
0.0038862
0.0040608
0.0041799
0.0043383
0.0044847
0.0045219
0.0045577
0.0046721
0.0047361
0.0046799
0.0045767
0.0044917
0.0043949
0.0042908
0.0041789
0.0041077
0.0041127
0.0041028
0.0039793
0.0037912
0.0036792
0.0037295
0.0038489
0.0038678
0.0037849
0.0037196
0.0036507
0.0035854
0.0035962
0.0036848
0.0037333
0.0036371
0.0034996
0.0034503
0.0033805
0.0032268
0.0030474
0.0028684
0.0027462
0.0026049
0.0024158
0.0022204
0.0021129
0.0020071
0.0018543
0.0017545
0.0016946
0.0015716
0.0013583
0.0011393
0.0009921
0.0008501
0.0006849
0.0004892
0.0002356
0.0000902
0.0000131
-0.0001549
-0.0003395
-0.0004367
-0.0004380
-0.0004467
-0.0005293
-0.0006605
-0.0008143
-0.0009456
-0.0009925
-0.0011239
-0.0013664
-0.0015550
-0.0017083
-0.0019842
-0.0022537
-0.0023784
-0.0024134
-0.0024898
-0.0027165
-0.0029897
-0.0031402
-0.0032423
-0.0033962
-0.0035546
-0.0036572
-0.0037207
-0.0037820
-0.0038225
-0.0038060
-0.0037192
-0.0036576
-0.0036241
-0.0036905
-0.0038107
-0.0038751
-0.0039078
-0.0039655
-0.0040081
-0.0040191
-0.0039837
-0.0038599
-0.0037818
-0.0038590
-0.0039545
-0.0039512
-0.0038755
-0.0038457
-0.0038075
-0.0037096
-0.0035970
-0.0034826
-0.0034006
-0.0033695
-0.0032738
-0.0031020
-0.0029210
-0.0027328
-0.0025924
-0.0025216
-0.0024656
-0.0024010
-0.0023614
-0.0023642
-0.0023924
-0.0024461
-0.0026180
-0.0028406
-0.0030125
-0.0031975
-0.0034300
-0.0037173
-0.0040418
-0.0043819
-0.0046693
-0.0049203
-0.0052097
-0.0054858
-0.0056371
-0.0056684
-0.0056019
-0.0054542
-0.0052905
-0.0051397
-0.0048896
-0.0045038
-0.0040816
-0.0037030
-0.0033563
-0.0029902
-0.0026633
-0.0024275
-0.0022671
-0.0020998
-0.0018998
-0.0018095
-0.0018764
-0.0019762
-0.0021028
-0.0022118
-0.0021940
-0.0021485
-0.0021734
-0.0021991
-0.0021306
-0.0019846
-0.0018710
-0.0017699
-0.0016918
-0.0017291
-0.0018583
-0.0019681
-0.0019944
-0.0020149
-0.0021238
-0.0022587
-0.0023373
-0.0023675
-0.0023232
-0.0022669
-0.0022485
-0.0021662
-0.0019828
-0.0017408
-0.0015415
-0.0013872
-0.0012447
-0.0011644
-0.0011295
-0.0010870
-0.0010529
-0.0010529
-0.0010845
-0.0010878
-0.0010033
-0.0008873
-0.0008778
-0.0009718
-0.0010300
-0.0010253
-0.0010725
-0.0011724
-0.0012521
-0.0013520
-0.0014872
-0.0016641
-0.0018474
-0.0020241
-0.0021462
-0.0021698
-0.0020587
-0.0019292
-0.0018134
-0.0016141
-0.0013716
-0.0011607
-0.0010199
-0.0008837
-0.0006818
-0.0005768
-0.0006471
-0.0007475
-0.0007468
-0.0007870
-0.0009526
-0.0010306
-0.0008887
-0.0007297
-0.0007304
-0.0007790
-0.0007778
-0.0007972
-0.0007852
-0.0006607
-0.0004814
-0.0003473
-0.0001958
-0.0000747
-0.0000603
-0.0001716
-0.0003480
-0.0005213
-0.0007101
-0.0009415
-0.0011666
-0.0013241
-0.0014475
-0.0016724
-0.0020181
-0.0023455
-0.0025908
-0.0028543
-0.0030532
-0.0030779
-0.0030678
-0.0031012
-0.0031563
-0.0031768
-0.0030932
-0.0029710
-0.0029486
-0.0029887
-0.0030180
-0.0030512
-0.0030185
-0.0028164
-0.0025664
-0.0023816
-0.0022728
-0.0021779
-0.0020649
-0.0019612
-0.0018749
-0.0018188
-0.0017709
-0.0017126
-0.0016601
-0.0015592
-0.0013550
-0.0011376
-0.0010171
-0.0009729
-0.0009076
-0.0008535
-0.0008309
-0.0008219
-0.0008433
-0.0008514
-0.0007786
-0.0007490
-0.0007610
-0.0007312
-0.0006848
-0.0006836
-0.0007344
-0.0007834
-0.0007945
-0.0006907
-0.0004997
-0.0003509
-0.0002979
-0.0001809
0.0000243
0.0001825
0.0003530
0.0006410
0.0009688
0.0012288
0.0014339
0.0016139
0.0017774
0.0019396
0.0020535
0.0021294
0.0021766
0.0021730
0.0021155
0.0020751
0.0021359
0.0021722
0.0020991
0.0020432
0.0020293
0.0019704
0.0018851
0.0017477
0.0015872
0.0014307
0.0012250
0.0009601
0.0007366
0.0005927
0.0004081
0.0001612
-0.0000570
-0.0002074
-0.0002798
-0.0003098
-0.0003219
-0.0002808
-0.0001986
-0.0001148
-0.0000577
-0.0000502
-0.0000648
-0.0000384
0.0000375
0.0001645
0.0002757
0.0003728
0.0004674
0.0005491
0.0005852
0.0006403
0.0007226
0.0007470
0.0007480
0.0008006
0.0008710
0.0009217
0.0009611
0.0009637
0.0009263
0.0008772
0.0008971
0.0009780
0.0010193
0.0010017
0.0009800
0.0009653
0.0009031
0.0007748
0.0006392
0.0005519
0.0004588
0.0003095
0.0001573
0.0000585
-0.0000150
-0.0001019
-0.0001375
-0.0000789
0.0000160
0.0000972
0.0001262
0.0001539
0.0002072
0.0002720
0.0003598
0.0004712
0.0005885
0.0006555
0.0006960
0.0007558
0.0007649
0.0007042
0.0007412
0.0008306
0.0008925
0.0009780
0.0011184
0.0012542
0.0013378
0.0013881
0.0014259
0.0014539
0.0014856
0.0015271
0.0015566
0.0015806
0.0016035
0.0016206
0.0015937
0.0015232
0.0014301
0.0013856
0.0013277
0.0011904
0.0010518
0.0009606
0.0008611
0.0007218
0.0006001
0.0005325
0.0005112
0.0004695
0.0003374
0.0001856
0.0001235
0.0001528
0.0001788
0.0001710
0.0002131
0.0003105
0.0003947
0.0004359
0.0004550
0.0004708
0.0005315
0.0006536
0.0007372
0.0007762
0.0008545
0.0009725
0.0010304
0.0010374
0.0010418
0.0009862
0.0008886
0.0008081
0.0007132
0.0005583
0.0004678
0.0004799
0.0004734
0.0003908
0.0003010
0.0002694
0.0003297
0.0003779
0.0003179
0.0002378
0.0002314
0.0002461
0.0002331
0.0001921
0.0001502
0.0001550
0.0001745
0.0001888
0.0002154
0.0002504
0.0003033
0.0004034
0.0004992
0.0005596
0.0005859
0.0006200
0.0006624
0.0006509
0.0006097
0.0005939
0.0005929
0.0005699
0.0005289
0.0005164
0.0005455
0.0005565
0.0005307
0.0005064
0.0005283
0.0005756
0.0006026
0.0006056
0.0006041
0.0006071
0.0006209
0.0006014
0.0006105
0.0006295
0.0005709
0.0005046
0.0005003
0.0004895
0.0004501
0.0004319
0.0004378
0.0004472
0.0004266
0.0004390
0.0004935
0.0005203
0.0005484
0.0006021
0.0006577
0.0007224
0.0007771
0.0008170
0.0008549
0.0008888
0.0009205
0.0009545
0.0009973
0.0010167
0.0009968
0.0009559
0.0009081
0.0008539
0.0007913
0.0007111
0.0006585
0.0006481
0.0006324
0.0005970
0.0005607
0.0005041
0.0004369
0.0004056
0.0003928
0.0003257
0.0002314
0.0002060
0.0002377
0.0002400
0.0001953
0.0001388
0.0001034
0.0000956
0.0000946
0.0000716
0.0000314
0.0000232
0.0000489
0.0000752
0.0001060
0.0001154
0.0001124
0.0001510
0.0002332
0.0002902
0.0002543
0.0001939
0.0001822
0.0001837
0.0001409
0.0000828
0.0000473
0.0000121
-0.0000347
-0.0000846
-0.0001487
-0.0002234
-0.0002852
-0.0003063
-0.0003441
-0.0003995
-0.0004300
-0.0004503
-0.0005124
-0.0005945
-0.0006203
-0.0005984
-0.0005741
-0.0005947
-0.0006263
-0.0006102
-0.0005692
-0.0005314
-0.0005004
-0.0004711
-0.0004268
-0.0003656
-0.0002969
-0.0002230
-0.0001703
-0.0001252
-0.0000762
-0.0000070
0.0000878
0.0001640
0.0002106
0.0002917
0.0004000
0.0004836
0.0005453
0.0006272
0.0007226
0.0008059
0.0008666
0.0009234
0.0009804
0.0010137
0.0010360
0.0010595
0.0010770
0.0010985
0.0011050
0.0010838
0.0010811
0.0010840
0.0010531
0.0009903
0.0009537
0.0009299
0.0008820
0.0008105
0.0007289
0.0006699
0.0006136
0.0005410
0.0004687
0.0004123
0.0003518
0.0002753
0.0002267
0.0002113
0.0001951
0.0001669
0.0001382
0.0001117
0.0000796
0.0000480
0.0000243
0.0000034
-0.0000139
-0.0000141
-0.0000006
0.0000011
-0.0000105
-0.0000128
-0.0000223
-0.0000543
-0.0000903
-0.0000846
-0.0000568
-0.0000609
-0.0001015
-0.0001373
-0.0001356
-0.0001294
-0.0001471
-0.0001739
-0.0001958
-0.0002258
-0.0002810
-0.0003461
-0.0003892
-0.0004059
-0.0004356
-0.0004984
-0.0005311
-0.0005305
-0.0005363
-0.0005518
-0.0005562
-0.0005580
-0.0005808
-0.0005939
-0.0005765
-0.0005668
-0.0005899
-0.0006061
-0.0006157
-0.0006433
-0.0006864
-0.0007278
-0.0007655
-0.0007871
-0.0008027
-0.0008225
-0.0008349
-0.0008422
-0.0008564
-0.0008673
-0.0008781
-0.0009143
-0.0009646
-0.0009758
-0.0009615
-0.0009599
-0.0009600
-0.0009345
-0.0008959
-0.0008538
-0.0008172
-0.0007847
-0.0007453
-0.0007069
-0.0006807
-0.0006655
-0.0006482
-0.0006170
-0.0005890
-0.0005632
-0.0005498
-0.0005538
-0.0005531
-0.0005332
-0.0005171
-0.0005214
-0.0005247
-0.0005169
-0.0004976
-0.0004737
-0.0004497
-0.0004341
-0.0004376
-0.0004407
-0.0004252
-0.0004040
-0.0003871
-0.0003726
-0.0003531
-0.0003421
-0.0003424
-0.0003407
-0.0003272
-0.0003093
-0.0003063
-0.0003094
-0.0003081
-0.0003003
-0.0002911
-0.0002832
-0.0002835
-0.0002880
-0.0002886
-0.0002896
-0.0002776
-0.0002642
-0.0002606
-0.0002575
-0.0002554
-0.0002557
-0.0002609
-0.0002670
-0.0002529
-0.0002175
-0.0001778
-0.0001481
-0.0001313
-0.0001085
-0.0000668
-0.0000277
-0.0000066
0.0000059
0.0000048
-0.0000131
-0.0000306
-0.0000426
-0.0000462
-0.0000493
-0.0000621
-0.0000797
-0.0000903
-0.0000896
-0.0000816
-0.0000700
-0.0000524
-0.0000330
-0.0000180
-0.0000095
-0.0000036
0.0000006
-0.0000042
-0.0000248
-0.0000542
-0.0000856
-0.0001250
-0.0001607
-0.0001821
-0.0001943
-0.0002125
-0.0002330
-0.0002493
-0.0002622
-0.0002701
-0.0002743
-0.0002759
-0.0002866
-0.0003128
-0.0003385
-0.0003561
-0.0003745
-0.0003987
-0.0004146
-0.0004195
-0.0004272
-0.0004350
-0.0004316
-0.0004191
-0.0004036
-0.0003859
-0.0003683
-0.0003501
-0.0003314
-0.0003140
-0.0002929
-0.0002674
-0.0002523
-0.0002477
-0.0002343
-0.0002144
-0.0002032
-0.0002023
-0.0002011
-0.0002060
-0.0002114
-0.0002042
-0.0001963
-0.0001997
-0.0002043
-0.0002046
-0.0002030
-0.0001995
-0.0001966
-0.0001934
-0.0001843
-0.0001731
-0.0001619
-0.0001485
-0.0001392
-0.0001329
-0.0001263
-0.0001217
-0.0001127
-0.0000984
-0.0000811
-0.0000602
-0.0000401
-0.0000302
-0.0000281
-0.0000251
-0.0000212
-0.0000168
-0.0000135
-0.0000180
-0.0000314
-0.0000343
-0.0000218
-0.0000199
-0.0000273
-0.0000189
0.0000013
0.0000181
0.0000304
0.0000434
0.0000581
0.0000742
0.0000898
0.0001020
0.0001139
0.0001250
0.0001320
0.0001413
0.0001513
0.0001550
0.0001557
0.0001601
0.0001677
0.0001731
0.0001733
0.0001739
0.0001780
0.0001821
0.0001816
0.0001784
0.0001775
0.0001812
0.0001862
0.0001895
0.0001944
0.0001962
0.0001963
0.0001992
0.0002016
0.0002006
0.0002008
0.0002007
0.0001991
0.0001985
0.0001980
0.0002020
0.0002073
0.0002048
0.0001977
0.0001936
0.0001921
0.0001883
0.0001837
0.0001804
0.0001777
0.0001737
0.0001699
0.0001668
0.0001640
0.0001633
0.0001642
0.0001641
0.0001624
0.0001604
0.0001576
0.0001544
0.0001519
0.0001507
0.0001522
0.0001539
0.0001550
0.0001584
0.0001616
0.0001636
0.0001688
0.0001748
0.0001762
0.0001771
0.0001815
0.0001834
0.0001798
0.0001749
0.0001706
0.0001664
0.0001628
0.0001594
0.0001537
0.0001470
0.0001414
0.0001368
0.0001328
0.0001270
0.0001213
0.0001185
0.0001163
0.0001116
0.0001067
0.0001051
0.0001035
0.0001012
0.0001008
0.0001000
0.0000963
0.0000935
0.0000944
0.0000971
0.0000991
0.0001002
0.0001008
0.0001022
0.0001051
0.0001086
0.0001113
0.0001126
0.0001134
0.0001146
0.0001149
0.0001136
0.0001128
0.0001124
0.0001129
0.0001145
0.0001156
0.0001149
0.0001130
0.0001136
0.0001147
0.0001130
0.0001090
0.0001055
0.0001036
0.0001011
0.0000979
0.0000942
0.0000907
0.0000899
0.0000901
0.0000888
0.0000873
0.0000867
0.0000864
0.0000868
0.0000872
0.0000865
0.0000863
0.0000866
0.0000862
0.0000856
0.0000850
0.0000845
0.0000841
0.0000838
0.0000839
0.0000838
0.0000833
0.0000822
0.0000817
0.0000816
0.0000811
0.0000800
0.0000788
0.0000785
0.0000785
0.0000779
0.0000772
0.0000762
0.0000750
0.0000734
0.0000724
0.0000729
0.0000737
0.0000735
0.0000730
0.0000729
0.0000732
0.0000733
0.0000723
0.0000714
0.0000706
0.0000696
0.0000687
0.0000682
0.0000680
0.0000674
0.0000667
0.0000667
0.0000669
0.0000666
0.0000662
0.0000660
0.0000659
0.0000656
0.0000657
0.0000655
0.0000650
0.0000653
0.0000665
0.0000674
0.0000681
0.0000690
0.0000700
0.0000715
0.0000732
0.0000742
0.0000750
0.0000759
0.0000767
0.0000771
0.0000774
0.0000776
0.0000773
0.0000767
0.0000760
0.0000755
0.0000752
0.0000748
0.0000743
0.0000740
0.0000739
0.0000741
0.0000742
0.0000743
0.0000741
0.0000741
0.0000741
0.0000741
0.0000738
0.0000733
0.0000731
0.0000733
0.0000735
0.0000733
0.0000731
0.0000734
0.0000737
0.0000737
0.0000736
0.0000735
0.0000735
0.0000734
0.0000734
0.0000733
0.0000730
0.0000726
0.0000725
0.0000725
0.0000725
0.0000723
0.0000723
0.0000724
0.0000723
0.0000721
0.0000721
0.0000719
0.0000715
0.0000711
0.0000709
0.0000708
0.0000707
0.0000705
0.0000703
0.0000702
0.0000700
0.0000698
0.0000698
0.0000699
0.0000699
0.0000699
0.0000699
0.0000698
0.0000697
0.0000696
0.0000694
0.0000693
0.0000691
0.0000690
0.0000689
0.0000688
0.0000686
0.0000684
0.0000682
0.0000681
0.0000679
0.0000678
0.0000677
0.0000676
0.0000676
0.0000675
0.0000675
0.0000674
0.0000673
0.0000672
0.0000671
0.0000670
0.0000668
0.0000666
0.0000664
0.0000662
0.0000661
0.0000659
0.0000656
0.0000654
0.0000652
0.0000650
0.0000647
0.0000645
0.0000643
0.0000640
0.0000638
0.0000636
0.0000633
0.0000631
0.0000628
0.0000626
0.0000623
0.0000621
0.0000619
0.0000616
0.0000614
0.0000611
0.0000608
0.0000606
0.0000603
0.0000600
0.0000597
0.0000594
0.0000591
0.0000588
0.0000585
0.0000582
0.0000579
0.0000576
0.0000572
0.0000569
0.0000566
0.0000563
0.0000559
0.0000556
0.0000553
0.0000549
0.0000546
0.0000543
0.0000539
0.0000536
0.0000532
0.0000529
0.0000525
0.0000522
0.0000518
0.0000515
0.0000511
0.0000508
0.0000504
0.0000500
0.0000497
0.0000493
0.0000489
0.0000486
0.0000482
0.0000478
0.0000475
0.0000471
0.0000467
0.0000463
0.0000459
0.0000455
0.0000451
0.0000448
0.0000444
0.0000440
0.0000436
0.0000432
0.0000428
0.0000424
0.0000420
0.0000416
0.0000411
0.0000407
0.0000403
0.0000399
0.0000395
0.0000391
0.0000386
0.0000382
0.0000378
0.0000374
0.0000369
0.0000365
0.0000361
0.0000356
0.0000352
0.0000348
0.0000343
0.0000339
0.0000334
0.0000330
0.0000325
0.0000321
