-0.0000269
-0.0000268
-0.0000268
-0.0000267
-0.0000267
-0.0000267
-0.0000267
-0.0000266
-0.0000266
-0.0000266
-0.0000266
-0.0000265
-0.0000265
-0.0000264
-0.0000264
-0.0000264
-0.0000264
-0.0000263
-0.0000263
-0.0000262
-0.0000262
-0.0000262
-0.0000262
-0.0000260
-0.0000260
-0.0000260
-0.0000261
-0.0000260
-0.0000259
-0.0000258
-0.0000258
-0.0000257
-0.0000258
-0.0000262
-0.0000260
-0.0000258
-0.0000259
-0.0000259
-0.0000260
-0.0000260
-0.0000255
-0.0000255
-0.0000255
-0.0000253
-0.0000253
-0.0000252
-0.0000251
-0.0000249
-0.0000251
-0.0000256
-0.0000258
-0.0000253
-0.0000247
-0.0000250
-0.0000253
-0.0000252
-0.0000253
-0.0000253
-0.0000254
-0.0000251
-0.0000248
-0.0000248
-0.0000254
-0.0000257
-0.0000251
-0.0000245
-0.0000246
-0.0000253
-0.0000257
-0.0000248
-0.0000234
-0.0000233
-0.0000254
-0.0000266
-0.0000260
-0.0000250
-0.0000235
-0.0000227
-0.0000231
-0.0000237
-0.0000245
-0.0000254
-0.0000269
-0.0000268
-0.0000273
-0.0000279
-0.0000262
-0.0000234
-0.0000234
-0.0000244
-0.0000241
-0.0000235
-0.0000231
-0.0000224
-0.0000226
-0.0000241
-0.0000263
-0.0000255
-0.0000240
-0.0000257
-0.0000268
-0.0000250
-0.0000243
-0.0000257
-0.0000255
-0.0000230
-0.0000229
-0.0000243
-0.0000246
-0.0000224
-0.0000213
-0.0000229
-0.0000254
-0.0000265
-0.0000268
-0.0000273
-0.0000257
-0.0000241
-0.0000238
-0.0000240
-0.0000214
-0.0000192
-0.0000229
-0.0000259
-0.0000237
-0.0000242
-0.0000255
-0.0000245
-0.0000210
-0.0000205
-0.0000241
-0.0000244
-0.0000240
-0.0000284
-0.0000283
-0.0000246
-0.0000227
-0.0000247
-0.0000263
-0.0000253
-0.0000269
-0.0000307
-0.0000357
-0.0000322
-0.0000236
-0.0000218
-0.0000215
-0.0000145
-0.0000106
-0.0000196
-0.0000297
-0.0000326
-0.0000265
-0.0000165
-0.0000177
-0.0000231
-0.0000245
-0.0000288
-0.0000340
-0.0000344
-0.0000284
-0.0000245
-0.0000299
-0.0000308
-0.0000292
-0.0000285
-0.0000277
-0.0000271
-0.0000283
-0.0000304
-0.0000257
-0.0000192
-0.0000182
-0.0000200
-0.0000204
-0.0000209
-0.0000248
-0.0000295
-0.0000341
-0.0000355
-0.0000310
-0.0000270
-0.0000244
-0.0000201
-0.0000255
-0.0000303
-0.0000254
-0.0000232
-0.0000284
-0.0000343
-0.0000325
-0.0000277
-0.0000256
-0.0000219
-0.0000183
-0.0000176
-0.0000200
-0.0000242
-0.0000215
-0.0000128
-0.0000156
-0.0000292
-0.0000303
-0.0000270
-0.0000321
-0.0000341
-0.0000283
-0.0000202
-0.0000149
-0.0000113
-0.0000137
-0.0000164
-0.0000146
-0.0000190
-0.0000222
-0.0000192
-0.0000165
-0.0000171
-0.0000163
-0.0000130
-0.0000203
-0.0000308
-0.0000312
-0.0000213
-0.0000187
-0.0000294
-0.0000310
-0.0000228
-0.0000141
-0.0000178
-0.0000240
-0.0000278
-0.0000286
-0.0000202
-0.0000081
-0.0000130
-0.0000319
-0.0000292
-0.0000093
-0.0000041
-0.0000081
-0.0000160
-0.0000206
-0.0000098
-0.0000135
-0.0000288
-0.0000244
-0.0000097
-0.0000124
-0.0000145
-0.0000130
-0.0000122
-0.0000106
-0.0000184
-0.0000229
-0.0000178
-0.0000166
-0.0000238
-0.0000260
-0.0000252
-0.0000208
-0.0000155
-0.0000144
-0.0000178
-0.0000302
-0.0000393
-0.0000213
-0.0000058
-0.0000130
-0.0000301
-0.0000345
-0.0000249
-0.0000241
-0.0000357
-0.0000436
-0.0000300
-0.0000094
-0.0000030
-0.0000171
-0.0000250
-0.0000117
0.0000061
-0.0000071
-0.0000239
-0.0000228
-0.0000256
-0.0000342
-0.0000375
-0.0000322
-0.0000230
-0.0000229
-0.0000214
-0.0000147
-0.0000176
-0.0000390
-0.0000412
-0.0000123
0.0000013
-0.0000161
-0.0000443
-0.0000458
-0.0000219
-0.0000042
0.0000013
-0.0000058
-0.0000145
-0.0000156
-0.0000131
-0.0000097
0.0000053
0.0000182
-0.0000119
-0.0000511
-0.0000400
-0.0000070
0.0000116
0.0000093
-0.0000023
-0.0000067
-0.0000178
-0.0000227
-0.0000186
-0.0000273
-0.0000357
-0.0000283
-0.0000203
-0.0000063
-0.0000059
-0.0000276
-0.0000474
-0.0000491
-0.0000132
0.0000130
-0.0000059
-0.0000101
0.0000040
-0.0000143
-0.0000354
-0.0000147
-0.0000011
-0.0000209
-0.0000281
-0.0000149
-0.0000035
0.0000044
-0.0000020
-0.0000048
0.0000151
0.0000092
-0.0000375
-0.0000815
-0.0000625
0.0000049
0.0000441
0.0000127
-0.0000391
-0.0000494
-0.0000264
-0.0000243
-0.0000403
-0.0000551
-0.0000787
-0.0000785
-0.0000295
0.0000113
-0.0000054
-0.0000355
-0.0000465
-0.0000163
0.0000021
-0.0000287
-0.0000667
-0.0000577
-0.0000227
-0.0000259
-0.0000597
-0.0000584
-0.0000213
0.0000007
-0.0000097
-0.0000340
-0.0000565
-0.0000848
-0.0000881
-0.0000557
-0.0000439
-0.0000691
-0.0000517
-0.0000066
0.0000007
-0.0000300
-0.0000461
-0.0000232
-0.0000064
-0.0000207
-0.0000290
-0.0000334
-0.0000365
-0.0000262
-0.0000238
-0.0000173
-0.0000226
-0.0000619
-0.0000538
-0.0000078
0.0000023
-0.0000242
-0.0000320
-0.0000374
-0.0000608
-0.0000626
-0.0000454
-0.0000328
-0.0000223
-0.0000243
-0.0000182
-0.0000114
-0.0000167
-0.0000010
0.0000106
-0.0000009
-0.0000031
0.0000026
-0.0000235
-0.0000173
0.0000062
0.0000098
0.0000145
0.0000033
-0.0000263
-0.0000210
0.0000161
0.0000190
-0.0000033
-0.0000292
-0.0000782
-0.0000728
0.0000048
0.0000568
0.0000372
-0.0000190
-0.0000261
0.0000212
0.0000448
0.0000160
-0.0000188
-0.0000350
-0.0000152
0.0000210
0.0000243
0.0000304
0.0000478
0.0000037
-0.0000561
-0.0000596
-0.0000182
-0.0000009
-0.0000177
-0.0000035
0.0000074
-0.0000342
-0.0000707
-0.0000282
-0.0000149
-0.0000528
-0.0000212
0.0000533
0.0000802
0.0000321
-0.0000159
-0.0000149
-0.0000140
-0.0000499
-0.0000460
-0.0000059
0.0000021
-0.0000336
-0.0000608
-0.0000514
-0.0000168
0.0000035
0.0000011
-0.0000062
0.0000024
0.0000162
-0.0000003
-0.0000053
-0.0000148
-0.0000190
-0.0000063
-0.0000062
-0.0000279
-0.0000327
-0.0000314
-0.0000040
0.0000455
0.0000045
-0.0000791
-0.0000546
0.0000224
0.0000046
-0.0000593
-0.0000597
0.0000154
0.0000527
-0.0000012
-0.0000356
-0.0000119
0.0000001
-0.0000256
-0.0000286
-0.0000038
-0.0000017
-0.0000286
-0.0000285
0.0000048
0.0000272
-0.0000061
-0.0000278
-0.0000097
0.0000058
-0.0000057
-0.0000265
0.0000105
0.0000368
-0.0000283
-0.0000632
-0.0000496
-0.0000399
-0.0000196
-0.0000147
-0.0000557
-0.0000423
0.0000341
0.0000686
0.0000180
-0.0000426
-0.0000431
-0.0000201
0.0000159
0.0000233
0.0000033
-0.0000232
-0.0000645
-0.0000480
-0.0000014
0.0000373
0.0001014
0.0001023
0.0000160
-0.0000446
-0.0000048
0.0000312
0.0000103
-0.0000091
-0.0000226
-0.0000616
-0.0000503
-0.0000174
-0.0000672
-0.0001137
-0.0000830
-0.0000827
-0.0000597
-0.0000037
0.0000168
0.0000038
-0.0000125
-0.0000422
-0.0000634
-0.0000840
-0.0001159
-0.0000966
-0.0000916
-0.0000658
-0.0000318
-0.0000082
0.0000038
0.0000058
-0.0000067
-0.0000306
-0.0000420
-0.0000718
-0.0001035
-0.0001260
-0.0000652
-0.0000132
-0.0000864
-0.0001142
-0.0000323
0.0000299
0.0000090
-0.0000360
-0.0000470
-0.0000611
-0.0000501
-0.0000287
-0.0000282
-0.0000628
-0.0000477
0.0000062
0.0000040
-0.0000797
-0.0001449
-0.0001319
-0.0000683
-0.0000017
0.0000004
-0.0000517
-0.0000189
0.0000350
0.0000265
0.0000016
-0.0000085
-0.0000444
-0.0001090
-0.0001244
-0.0000344
0.0000705
0.0001102
0.0000967
0.0000163
-0.0000295
-0.0000052
0.0000184
0.0000135
0.0000047
0.0000052
0.0000182
0.0000466
0.0000193
-0.0000676
-0.0000423
0.0000806
0.0000910
-0.0000085
-0.0000925
-0.0000570
0.0000174
0.0000091
-0.0000690
-0.0000603
0.0000065
0.0000493
0.0000862
0.0000634
-0.0000025
-0.0000543
-0.0000820
-0.0001028
-0.0001025
-0.0000911
-0.0000482
-0.0000129
0.0000503
0.0001165
0.0000776
-0.0000171
-0.0001187
-0.0001895
-0.0001661
-0.0000843
-0.0000342
-0.0000062
0.0000015
-0.0000236
-0.0000210
0.0000097
0.0000196
0.0000145
-0.0000230
-0.0000984
-0.0000446
0.0000426
0.0000508
0.0000438
0.0000434
0.0000526
0.0000489
0.0000501
0.0000361
0.0000103
0.0000049
-0.0000012
-0.0000066
0.0000594
0.0000748
0.0000315
0.0000320
0.0000490
0.0000473
-0.0000145
-0.0000774
-0.0000714
-0.0000231
-0.0000275
-0.0000566
-0.0000265
-0.0000029
-0.0000698
-0.0000980
-0.0000378
-0.0000298
-0.0001033
-0.0000807
0.0000434
0.0000299
0.0000079
0.0000605
0.0000494
-0.0000277
-0.0000370
0.0000099
0.0000272
0.0000250
0.0000492
0.0000440
0.0000263
0.0000229
-0.0000396
-0.0000634
-0.0000518
-0.0000354
0.0000148
-0.0000030
-0.0000451
0.0000198
0.0001059
0.0001060
0.0000247
-0.0000359
0.0000113
0.0000632
0.0000682
0.0000468
0.0000387
-0.0000151
-0.0000432
0.0000656
0.0001232
0.0000069
-0.0000890
-0.0000533
-0.0000254
-0.0000601
-0.0000611
0.0000333
0.0001041
0.0000365
-0.0000999
-0.0001192
-0.0000096
0.0000831
0.0000486
-0.0000402
-0.0000391
0.0000133
0.0000294
0.0000017
-0.0000375
-0.0000351
-0.0000513
-0.0001228
-0.0001479
-0.0000521
0.0000123
-0.0000644
-0.0001198
-0.0000754
0.0000008
0.0000299
0.0000189
-0.0000022
-0.0000423
-0.0000866
-0.0001217
-0.0000925
-0.0000107
0.0000349
0.0000019
-0.0000914
-0.0001053
-0.0000199
0.0000400
0.0000059
-0.0000816
-0.0000395
0.0000984
0.0000336
-0.0001521
-0.0001367
-0.0000103
0.0000699
0.0000553
0.0000118
0.0000054
0.0000173
0.0000329
0.0000518
-0.0000168
-0.0001100
-0.0000797
-0.0000187
-0.0000042
-0.0000411
-0.0000640
-0.0000190
0.0000174
-0.0000283
-0.0000450
0.0000791
0.0001380
0.0000127
-0.0000905
-0.0000269
0.0000816
0.0000743
0.0000245
0.0000449
0.0000646
0.0000954
0.0001117
-0.0000026
-0.0000769
-0.0000620
-0.0000676
-0.0001023
-0.0000551
0.0000363
0.0000858
0.0000434
-0.0000479
-0.0000781
-0.0000180
0.0000210
-0.0000165
-0.0000244
0.0000125
0.0000309
0.0000092
-0.0000329
-0.0000209
0.0000182
0.0000421
0.0000641
0.0000635
0.0000633
0.0000469
-0.0000065
-0.0000837
-0.0000473
0.0000772
0.0001260
0.0000331
-0.0000946
-0.0000723
0.0000227
0.0000451
0.0000187
-0.0000048
-0.0000301
-0.0000165
0.0000068
-0.0000312
-0.0000658
-0.0000249
0.0000403
0.0000782
0.0000532
0.0000241
0.0000550
0.0000321
-0.0000706
-0.0000716
0.0000388
0.0001254
0.0000508
-0.0000292
-0.0000188
-0.0000294
-0.0000561
-0.0000373
-0.0000101
0.0000288
-0.0000052
-0.0000476
-0.0000070
-0.0000423
-0.0000873
-0.0000577
-0.0000483
0.0000183
0.0001106
0.0001207
0.0000256
-0.0001048
-0.0001145
-0.0000156
0.0000572
0.0000770
0.0000489
0.0000015
-0.0000254
0.0000398
0.0001066
0.0000561
-0.0000396
-0.0000474
-0.0000395
-0.0000362
0.0000151
0.0000145
-0.0000078
-0.0000044
-0.0000462
-0.0001191
-0.0001187
-0.0000568
0.0000044
0.0000305
0.0000214
0.0000411
0.0000994
0.0000501
-0.0000066
0.0000547
0.0001124
0.0000561
-0.0000547
-0.0000802
-0.0000531
-0.0001030
-0.0000965
-0.0000326
-0.0000023
-0.0000099
0.0000289
0.0000571
0.0000183
-0.0000248
0.0000346
0.0001085
0.0000583
-0.0000250
-0.0000136
-0.0000234
0.0000323
0.0001390
0.0001123
-0.0000107
-0.0000914
-0.0000114
0.0000665
0.0000437
-0.0000169
-0.0000977
-0.0000873
0.0000077
-0.0000270
-0.0000910
-0.0000487
-0.0000228
-0.0000451
-0.0000334
-0.0000470
-0.0000982
-0.0000554
0.0000144
-0.0000023
-0.0000176
0.0000132
0.0000080
-0.0000795
-0.0001175
-0.0000656
-0.0000159
-0.0000706
-0.0000844
0.0000242
0.0000832
0.0000017
-0.0001346
-0.0001112
-0.0000305
-0.0000369
-0.0000605
-0.0000172
0.0000226
-0.0000216
-0.0000752
-0.0000676
-0.0000010
0.0000132
-0.0000591
-0.0000921
-0.0001315
-0.0001130
-0.0000096
0.0000382
-0.0000082
-0.0000317
-0.0000503
-0.0000927
-0.0000464
0.0000192
0.0000027
-0.0000246
-0.0000382
-0.0000956
-0.0002060
-0.0001662
0.0000112
0.0001164
0.0000912
0.0000470
0.0000152
0.0000168
-0.0000449
-0.0000861
-0.0000201
0.0000461
0.0000328
-0.0000355
-0.0000753
-0.0000563
0.0000042
0.0000281
-0.0000109
-0.0000134
0.0000143
-0.0000297
-0.0001009
-0.0000519
0.0000264
0.0000074
-0.0000099
0.0000186
0.0000523
0.0000693
0.0000044
-0.0000564
-0.0000546
-0.0001134
-0.0001034
0.0000337
0.0001076
0.0000917
0.0000484
0.0000216
0.0000262
0.0000178
-0.0000016
0.0000004
-0.0000621
-0.0000263
0.0000452
-0.0000002
-0.0000602
-0.0000201
0.0000520
0.0001064
0.0000874
-0.0000315
-0.0000585
0.0000312
0.0000895
0.0000271
-0.0000178
0.0000154
0.0000192
-0.0000698
-0.0000977
-0.0000130
0.0000654
0.0000909
0.0000611
0.0000119
-0.0000267
0.0000038
0.0000912
0.0001252
0.0000674
0.0000248
0.0000756
0.0001056
0.0000257
-0.0000230
0.0000258
0.0000884
0.0000963
0.0001290
0.0001361
0.0000779
0.0000687
0.0000982
0.0000701
0.0000204
0.0000127
0.0000150
-0.0000158
-0.0000222
-0.0000588
-0.0001414
-0.0000750
0.0000807
0.0000868
-0.0000179
-0.0000475
-0.0000111
0.0000667
0.0001261
0.0001162
0.0000530
0.0000129
0.0000173
0.0000311
0.0000061
-0.0000920
-0.0001576
-0.0000961
-0.0000124
-0.0000541
-0.0000903
-0.0000316
-0.0000000
0.0000072
0.0000089
-0.0000124
-0.0000433
-0.0001254
-0.0001350
-0.0000451
0.0000804
0.0001035
-0.0000249
-0.0000520
0.0000735
0.0001300
0.0000042
-0.0001240
-0.0000632
0.0000216
-0.0000347
-0.0000501
0.0000047
0.0000058
-0.0000029
0.0000330
0.0000845
0.0000598
-0.0000211
0.0000018
0.0001218
0.0001211
0.0000316
-0.0000117
-0.0000328
-0.0000697
-0.0001132
-0.0000979
-0.0000687
-0.0000935
-0.0000844
-0.0000149
-0.0000211
-0.0000893
-0.0000631
-0.0000338
-0.0000755
-0.0000444
0.0000202
0.0000083
-0.0000061
0.0000362
0.0000646
-0.0000310
-0.0001064
-0.0000782
-0.0000540
-0.0001155
-0.0002050
-0.0001466
0.0000707
0.0001439
0.0000519
0.0000121
0.0000704
0.0000717
-0.0000320
-0.0001261
-0.0000933
-0.0000004
0.0000001
-0.0000545
-0.0000835
-0.0001015
-0.0000964
-0.0001117
-0.0001280
-0.0000918
-0.0000309
-0.0000174
-0.0001079
-0.0001333
-0.0000386
0.0000653
0.0000440
-0.0000110
-0.0000384
-0.0000494
-0.0000531
-0.0000386
-0.0000032
-0.0000110
-0.0000507
-0.0000484
-0.0000055
0.0000173
0.0000441
0.0000377
0.0000550
0.0000558
-0.0000126
-0.0000538
-0.0000042
0.0000523
0.0000293
-0.0000714
-0.0000886
-0.0000239
-0.0000185
0.0000232
0.0000572
-0.0000019
-0.0000639
-0.0000649
-0.0000332
0.0000167
0.0000351
-0.0000004
-0.0000009
0.0000371
0.0000508
0.0000539
0.0000817
0.0000771
0.0000289
-0.0000181
-0.0000015
0.0000546
0.0000868
0.0000178
-0.0000494
-0.0000235
0.0000043
0.0000059
-0.0000220
-0.0000528
-0.0000443
0.0000111
0.0000287
-0.0000696
-0.0001212
0.0000061
0.0000903
0.0000181
0.0000104
0.0000969
0.0000525
0.0000047
0.0000027
0.0000079
-0.0000069
0.0000078
0.0000157
-0.0000438
-0.0000356
0.0000366
0.0000503
-0.0000031
-0.0000055
0.0000480
0.0001265
0.0001383
-0.0000295
-0.0000744
0.0000630
0.0001144
0.0000621
0.0000761
0.0001038
0.0000533
0.0000031
-0.0000780
-0.0000643
0.0000582
0.0001491
0.0000733
-0.0000088
0.0000025
-0.0000195
-0.0000825
-0.0000308
0.0001050
0.0001251
-0.0000170
-0.0000450
0.0000595
0.0000590
0.0000088
0.0000058
-0.0000139
-0.0000371
-0.0000024
0.0000595
0.0000748
-0.0000191
-0.0000291
0.0000502
0.0000057
-0.0000176
0.0000417
0.0000014
-0.0000162
0.0000677
0.0000944
0.0000478
0.0000098
-0.0000134
0.0000073
0.0000164
-0.0000349
0.0000224
0.0001058
0.0000881
0.0001341
0.0001081
-0.0000426
-0.0000633
0.0000178
0.0000222
0.0000053
0.0000266
0.0000351
-0.0000274
-0.0001081
-0.0000882
0.0000232
0.0001097
0.0000745
-0.0000279
-0.0000625
0.0000129
0.0001027
0.0000657
-0.0000723
-0.0001003
-0.0000128
0.0000323
0.0000500
0.0000082
-0.0000398
-0.0000191
-0.0000104
-0.0000554
-0.0000945
-0.0000324
0.0000631
0.0001085
0.0000634
-0.0000158
-0.0000093
0.0000176
-0.0000621
-0.0001418
-0.0000900
0.0000228
0.0000665
0.0000465
0.0000194
-0.0000215
-0.0000421
0.0000038
0.0000267
-0.0000535
-0.0000851
-0.0000139
-0.0000066
-0.0000871
-0.0001007
-0.0000513
-0.0000178
0.0000152
0.0000449
0.0000379
-0.0000173
-0.0000451
-0.0000088
0.0000073
0.0000162
0.0000394
0.0000251
-0.0000609
-0.0001057
-0.0001042
-0.0000550
-0.0000297
-0.0001402
-0.0001486
-0.0000104
0.0000137
-0.0000563
-0.0000128
0.0000636
0.0001279
0.0001118
0.0000323
-0.0000204
-0.0000086
0.0000048
0.0000058
-0.0000030
-0.0000005
0.0000113
0.0000494
0.0000475
0.0000727
0.0001298
0.0001264
-0.0000072
-0.0001489
-0.0000823
0.0000704
0.0001298
0.0000806
0.0000180
-0.0000156
0.0000111
0.0000237
-0.0000393
-0.0000450
-0.0000191
-0.0000190
0.0000210
0.0001049
0.0001517
0.0001176
-0.0000027
-0.0001137
-0.0000744
0.0000542
0.0000726
0.0000731
0.0001075
0.0000892
0.0000279
-0.0000060
0.0000620
0.0001562
0.0001868
0.0001065
0.0000266
0.0000202
0.0000597
0.0000701
0.0000099
0.0000434
0.0000705
0.0000739
0.0000500
0.0000075
0.0000554
0.0001364
0.0001385
0.0000698
0.0000110
-0.0000161
0.0000064
0.0000442
0.0000368
-0.0000065
-0.0000149
0.0000050
0.0000491
0.0000317
0.0000094
0.0000159
0.0000015
-0.0000167
-0.0000692
-0.0000620
0.0000496
0.0000973
0.0000529
0.0000232
0.0000219
-0.0000017
0.0000054
0.0000247
0.0000152
0.0000499
0.0000744
0.0000390
-0.0000282
-0.0000498
-0.0000076
0.0000049
0.0000256
0.0000815
0.0000971
0.0000880
0.0000764
0.0000724
0.0000231
0.0000134
0.0000753
0.0000998
0.0000776
0.0000265
0.0000449
0.0000573
0.0000039
-0.0000095
0.0000452
0.0000858
0.0000331
-0.0000062
0.0000374
0.0000725
-0.0000236
-0.0000894
-0.0000149
0.0000595
0.0000573
0.0000189
-0.0000162
0.0000008
0.0000410
0.0000366
-0.0000203
-0.0000529
0.0000125
0.0000723
-0.0000037
-0.0000543
-0.0000250
0.0000204
0.0000598
0.0000632
0.0000038
0.0000649
0.0001510
0.0000637
-0.0001430
-0.0001920
-0.0000358
0.0000794
0.0000522
-0.0000342
-0.0000562
-0.0000196
-0.0000631
-0.0001325
-0.0000890
0.0000060
0.0000188
0.0000079
0.0000315
0.0000232
-0.0000496
-0.0000509
-0.0000217
-0.0000220
0.0000045
0.0000313
-0.0000086
-0.0000441
-0.0000148
0.0000049
-0.0000075
-0.0000682
-0.0000874
-0.0000674
-0.0000705
-0.0000229
0.0000457
0.0000596
0.0000421
0.0000227
-0.0000173
-0.0000537
-0.0000427
0.0000007
0.0000186
0.0000589
0.0000758
0.0000497
0.0000324
0.0000264
-0.0000152
-0.0000407
-0.0000224
-0.0000417
-0.0000224
0.0000390
0.0000473
-0.0000019
-0.0000140
-0.0000191
-0.0000294
0.0000046
0.0000602
0.0000892
-0.0000025
-0.0001646
-0.0001774
-0.0000238
0.0000819
0.0000527
-0.0000155
-0.0000166
-0.0000004
0.0000193
0.0000541
0.0000960
0.0000691
-0.0000051
-0.0000196
-0.0000049
0.0000192
0.0000556
0.0000951
0.0000800
0.0000524
0.0000773
0.0000794
0.0000463
0.0000302
0.0000394
0.0000328
-0.0000040
0.0000013
0.0000409
0.0000408
-0.0000038
-0.0000019
0.0000521
0.0001002
0.0000925
0.0000838
0.0000549
-0.0000278
-0.0001226
-0.0001295
-0.0000357
0.0000308
0.0000575
0.0000261
0.0000057
0.0000563
0.0001550
0.0001803
0.0001118
-0.0000045
-0.0000570
-0.0000025
0.0000556
0.0000529
0.0000486
0.0000683
0.0000446
0.0000503
0.0000668
0.0000254
-0.0000715
-0.0001110
-0.0001034
-0.0000587
0.0000129
0.0000680
0.0000823
0.0000288
-0.0000260
-0.0000513
0.0000213
0.0000942
0.0001172
0.0001150
0.0000568
0.0000094
0.0000851
0.0001174
0.0000538
0.0000181
0.0000071
-0.0000584
-0.0001046
-0.0000967
-0.0000043
0.0000991
0.0001060
0.0000825
0.0000712
0.0000865
0.0000593
-0.0000072
-0.0000337
-0.0000561
-0.0000238
0.0000518
0.0000915
0.0000189
-0.0000518
-0.0000131
0.0000520
0.0000312
-0.0000571
-0.0000564
-0.0000187
-0.0000452
-0.0000899
-0.0000472
0.0000031
0.0000133
-0.0000214
-0.0000415
-0.0000102
0.0000044
0.0000007
0.0000141
0.0001024
0.0001063
-0.0000090
-0.0000678
-0.0000040
0.0000577
0.0000672
0.0000806
0.0000724
0.0000293
-0.0000163
-0.0000003
0.0000309
-0.0000079
-0.0000338
0.0000543
0.0001469
0.0001384
0.0000637
0.0000208
0.0000309
0.0000432
0.0000538
0.0000826
0.0000752
0.0000379
0.0000286
0.0000117
-0.0000511
-0.0000508
-0.0000093
-0.0000140
-0.0001003
-0.0000614
0.0000844
0.0000858
-0.0000520
-0.0000594
0.0000097
-0.0000233
-0.0000351
0.0000409
0.0000693
-0.0000569
-0.0000826
0.0000241
0.0000623
-0.0000104
-0.0000698
-0.0000621
-0.0000314
0.0000168
0.0000218
-0.0000466
-0.0000397
0.0000495
0.0000860
-0.0000239
-0.0001027
-0.0000710
-0.0000212
0.0000207
0.0000430
0.0000688
0.0001338
0.0000912
-0.0000648
-0.0001052
-0.0000126
0.0000108
-0.0000287
-0.0000316
-0.0000604
-0.0000674
0.0000020
0.0000457
-0.0000151
-0.0001203
-0.0001330
-0.0000474
-0.0000261
-0.0000258
-0.0000132
0.0000300
0.0000940
0.0000631
-0.0000526
-0.0000470
0.0000272
0.0000358
0.0000412
0.0000243
-0.0000100
-0.0000703
-0.0000741
0.0000071
0.0000504
0.0000077
-0.0000015
0.0000255
-0.0000028
-0.0000397
0.0000002
0.0000501
0.0000818
0.0001100
0.0000194
-0.0000215
0.0000682
0.0000884
0.0000057
-0.0000261
-0.0000107
0.0000109
-0.0000262
-0.0000722
0.0000109
0.0000901
0.0000431
-0.0000755
-0.0000909
-0.0000035
-0.0000022
-0.0000651
0.0000163
0.0001328
0.0001083
0.0000206
-0.0000381
-0.0000413
0.0000134
0.0000401
0.0000292
0.0000941
0.0001262
0.0001136
0.0001073
0.0000616
-0.0000098
-0.0000063
0.0000411
0.0000565
0.0000306
-0.0000226
-0.0000454
0.0000054
0.0000506
0.0000781
0.0001183
0.0000679
-0.0000322
-0.0001204
-0.0000764
-0.0000103
-0.0000229
-0.0000791
-0.0001495
-0.0001084
0.0000265
0.0001219
0.0000435
-0.0001782
-0.0002200
-0.0000316
0.0000810
0.0000357
0.0000353
0.0000816
0.0001079
0.0000520
-0.0000572
-0.0000431
0.0000428
0.0000816
0.0000913
0.0000719
0.0000405
0.0000362
0.0000172
-0.0000362
0.0000124
0.0000794
0.0000527
-0.0000128
-0.0000171
-0.0000031
0.0000198
0.0000191
-0.0000577
-0.0000690
0.0000493
0.0000895
0.0000233
0.0000201
0.0000387
0.0000569
0.0000254
0.0000099
0.0000088
-0.0000412
-0.0000544
-0.0000546
-0.0000244
-0.0000136
-0.0000271
0.0000159
0.0001075
0.0001386
0.0000929
0.0000615
0.0000215
-0.0000031
-0.0000121
0.0000136
0.0000212
-0.0000442
-0.0000111
0.0001325
0.0001285
-0.0000003
-0.0000281
0.0000496
0.0000984
0.0000260
-0.0000864
-0.0001630
-0.0001065
0.0000083
0.0000258
0.0000125
0.0000202
-0.0000088
-0.0000379
0.0000018
0.0000295
-0.0000741
-0.0001753
-0.0000895
0.0000187
0.0000320
-0.0000199
-0.0000555
-0.0000522
-0.0000279
0.0000053
-0.0000053
-0.0000687
-0.0001365
-0.0000612
0.0000447
0.0000309
-0.0000057
-0.0000366
-0.0000993
-0.0001194
-0.0000231
0.0000549
0.0000099
-0.0000561
-0.0000588
-0.0000385
-0.0000226
0.0000048
-0.0000058
-0.0000292
0.0000073
0.0000541
0.0000604
0.0000330
-0.0000042
-0.0000028
-0.0000206
-0.0001093
-0.0001697
-0.0000599
0.0000466
-0.0000238
-0.0000907
-0.0000741
-0.0000602
0.0000017
0.0001008
0.0000791
-0.0000435
-0.0000566
-0.0000223
-0.0000903
-0.0001527
-0.0000173
0.0000959
0.0000511
0.0000432
0.0000613
0.0000076
-0.0000514
-0.0000427
0.0000354
0.0001108
0.0001072
0.0001047
0.0001074
0.0000413
0.0000047
0.0000477
0.0001190
0.0001507
0.0001194
-0.0000101
-0.0001414
-0.0000747
0.0000619
0.0000746
-0.0000119
-0.0000515
0.0000211
0.0001111
0.0001102
0.0001144
0.0001516
0.0000652
-0.0000413
-0.0000276
0.0000227
0.0000764
0.0000829
0.0000504
0.0000374
0.0000214
-0.0000561
-0.0000633
0.0000530
0.0001179
0.0001203
0.0001014
0.0000313
-0.0000083
-0.0000119
0.0000331
0.0000838
0.0000464
-0.0000181
-0.0000600
-0.0000568
-0.0000880
-0.0000612
-0.0000017
0.0000458
0.0001201
0.0001797
0.0001225
0.0000341
0.0000338
0.0000949
0.0000691
-0.0000607
-0.0000806
0.0000515
0.0001110
0.0000602
0.0000250
0.0000375
0.0000627
0.0001074
0.0001151
0.0000347
0.0000063
0.0001027
0.0001889
0.0001378
0.0000856
0.0001251
0.0001784
0.0001056
-0.0000282
-0.0000792
-0.0000409
0.0000226
0.0000553
0.0000227
-0.0000551
-0.0000372
0.0000438
0.0000419
-0.0000612
-0.0000899
0.0000024
0.0000669
0.0000581
0.0000213
-0.0000089
-0.0000070
0.0000005
-0.0000232
-0.0000732
0.0000271
0.0001432
0.0001669
0.0001114
0.0000748
0.0000649
0.0000092
-0.0001156
-0.0001228
0.0000159
0.0001332
0.0001654
0.0001500
0.0000537
-0.0000056
0.0000236
0.0000413
0.0000009
-0.0000015
0.0000365
0.0000538
0.0000412
0.0000604
0.0001315
0.0001194
0.0000167
-0.0000765
-0.0000405
0.0000599
0.0000877
-0.0000401
-0.0001392
-0.0000487
0.0000630
0.0000821
0.0000684
0.0000199
-0.0000072
-0.0000389
-0.0000698
0.0000022
0.0000263
-0.0000323
-0.0000825
-0.0000652
0.0000616
0.0000705
-0.0000488
-0.0001291
-0.0000796
0.0000106
0.0000186
-0.0000033
-0.0000240
-0.0000710
-0.0001335
-0.0000643
0.0000399
0.0000266
0.0000049
-0.0000051
-0.0000998
-0.0001020
0.0000583
0.0001595
0.0000844
-0.0000134
0.0000211
0.0000151
-0.0000806
-0.0001178
-0.0000854
-0.0000310
-0.0000375
-0.0000317
-0.0000066
0.0000104
0.0000000
-0.0000014
-0.0000041
0.0000040
-0.0000262
-0.0000908
-0.0001028
-0.0000914
-0.0000564
0.0000283
0.0001171
0.0001518
0.0001125
0.0000330
0.0000419
0.0000635
-0.0000005
-0.0000482
-0.0000023
0.0000696
0.0000929
0.0000324
-0.0000233
-0.0000735
-0.0000658
-0.0000146
-0.0000198
0.0000261
0.0000752
0.0000636
0.0000235
0.0000026
0.0000418
0.0000385
0.0000041
-0.0000138
-0.0000119
-0.0000569
-0.0000814
-0.0000434
0.0000372
0.0001031
0.0001012
0.0000632
-0.0000365
-0.0000907
-0.0000481
0.0000272
0.0000597
0.0000379
-0.0000204
-0.0000419
-0.0000165
-0.0000378
-0.0000085
0.0000877
0.0000886
0.0000010
-0.0000115
0.0000407
0.0000621
0.0000457
0.0000507
0.0000652
-0.0000099
-0.0000305
0.0000072
-0.0000404
-0.0000733
-0.0000011
0.0000505
0.0000255
0.0000471
0.0000646
-0.0000026
-0.0000360
0.0000451
0.0001195
0.0001411
0.0000458
-0.0000360
0.0000339
0.0000924
0.0000634
0.0000159
0.0000111
0.0001143
0.0001691
0.0000798
-0.0000391
-0.0000716
-0.0000379
0.0000351
0.0000749
-0.0000179
-0.0001084
-0.0000917
0.0000350
0.0000986
0.0000592
0.0000259
0.0000353
0.0000363
-0.0000132
-0.0000448
0.0000029
0.0000418
0.0000086
0.0000013
0.0000257
-0.0000046
-0.0000390
-0.0000120
-0.0000062
-0.0000406
-0.0000448
0.0000100
0.0000557
0.0000417
-0.0000192
-0.0000472
0.0000285
0.0001610
0.0001776
0.0000784
0.0000028
-0.0000173
0.0000118
0.0000586
0.0000971
0.0000672
-0.0000201
-0.0000549
0.0000032
0.0000448
-0.0000039
-0.0000709
-0.0001083
-0.0000678
-0.0000068
-0.0000316
-0.0000275
0.0000600
0.0001324
0.0000163
-0.0000737
0.0000122
0.0000578
-0.0000092
-0.0001153
-0.0000830
0.0000013
0.0000389
0.0000322
-0.0000283
-0.0001014
-0.0000794
0.0000036
0.0000200
0.0000037
-0.0000348
-0.0000924
-0.0000880
-0.0000328
0.0000170
-0.0000164
-0.0001049
-0.0001653
-0.0001621
-0.0000575
0.0000198
0.0000234
-0.0000292
-0.0000970
-0.0000742
0.0000065
0.0000120
-0.0000531
-0.0000920
-0.0000235
0.0000634
0.0000324
-0.0000956
-0.0000872
-0.0000108
-0.0000236
-0.0000927
-0.0000776
0.0000197
0.0000610
0.0000109
0.0000043
0.0000074
-0.0000773
-0.0000749
-0.0000043
0.0000436
0.0000418
0.0000020
0.0000093
0.0000371
0.0000020
-0.0000345
-0.0000054
0.0000006
-0.0000329
-0.0000619
-0.0000888
-0.0000610
0.0000212
0.0000687
0.0000592
0.0000446
0.0000339
-0.0000058
-0.0000686
-0.0001425
-0.0000886
0.0000694
0.0001322
0.0000952
0.0000310
0.0000659
0.0001186
0.0000546
-0.0000082
-0.0000380
-0.0000924
-0.0001257
-0.0000547
0.0000785
0.0001104
0.0000561
0.0000432
0.0000930
0.0000940
0.0000529
0.0000228
0.0000130
0.0000504
0.0000523
0.0000805
0.0000991
-0.0000006
-0.0000104
0.0001274
0.0001361
0.0000101
-0.0000215
0.0000429
0.0000565
0.0000298
0.0000833
0.0000742
0.0000245
0.0000256
0.0000637
0.0001011
0.0000857
0.0000308
0.0000124
0.0001129
0.0001748
0.0000720
-0.0000691
-0.0000726
-0.0000419
-0.0000004
0.0000447
0.0000812
0.0001415
0.0001056
-0.0000004
-0.0000371
-0.0000741
-0.0001063
-0.0000170
0.0001076
0.0001073
0.0000432
0.0000135
-0.0000020
0.0000036
-0.0000136
-0.0000297
-0.0000056
0.0000194
0.0000649
0.0000946
0.0000865
0.0000281
-0.0000095
0.0000032
0.0000413
-0.0000176
-0.0000831
-0.0000405
0.0000720
0.0001012
0.0000402
-0.0000198
0.0000157
0.0000851
0.0000500
0.0000051
0.0000403
0.0001008
0.0000910
0.0000174
-0.0000633
-0.0000332
0.0000607
0.0001137
0.0001048
0.0001543
0.0001776
0.0000171
-0.0000981
-0.0000203
0.0000455
-0.0000390
-0.0000882
-0.0000039
0.0000444
-0.0000452
-0.0000644
0.0001044
0.0001779
0.0000648
0.0000204
0.0000738
0.0000969
0.0000454
0.0000300
0.0000351
0.0000404
-0.0000307
-0.0000869
-0.0000523
0.0000348
0.0001062
0.0000737
-0.0000086
-0.0000226
0.0000074
0.0000782
0.0001400
0.0001318
0.0000697
0.0000145
-0.0000026
0.0000648
0.0001415
0.0001236
0.0000213
-0.0000366
-0.0000860
-0.0001249
-0.0000794
0.0000202
0.0000390
-0.0000445
-0.0000543
-0.0000214
-0.0000186
-0.0000039
-0.0000276
-0.0000792
-0.0000464
-0.0000096
-0.0000200
0.0000039
0.0000435
0.0000455
-0.0000540
-0.0001517
0.0000407
0.0002154
0.0001279
0.0000092
-0.0000022
0.0000047
0.0000161
0.0000282
-0.0000229
-0.0000881
-0.0000374
0.0000527
0.0000432
-0.0000542
-0.0000298
0.0000523
-0.0000453
-0.0001279
-0.0000647
0.0000357
0.0000523
-0.0000015
-0.0000149
-0.0000172
-0.0000398
-0.0000408
0.0000112
0.0000423
-0.0000046
-0.0000678
-0.0001165
-0.0001151
-0.0000184
0.0000501
0.0000288
0.0000474
0.0000743
0.0000567
0.0000366
0.0000378
0.0000462
0.0000440
0.0000780
0.0001837
0.0001333
-0.0000493
-0.0000686
0.0000391
0.0000532
-0.0000470
-0.0000455
0.0000152
-0.0000246
-0.0000288
0.0000189
0.0000300
0.0000213
-0.0000672
-0.0000618
0.0000212
0.0000277
-0.0000135
-0.0000608
-0.0000258
0.0000595
0.0001098
0.0000713
-0.0000356
-0.0000885
0.0000139
0.0000975
0.0000430
-0.0000656
-0.0000428
0.0000240
-0.0000473
-0.0001263
-0.0000315
0.0001111
0.0001102
0.0000390
0.0000208
0.0000436
0.0000392
-0.0000026
-0.0000099
-0.0000054
0.0000186
0.0000198
-0.0000430
-0.0000450
-0.0000177
-0.0000428
-0.0000971
-0.0000771
0.0000276
0.0001127
0.0000923
0.0000252
-0.0000192
0.0000185
0.0000959
0.0000817
-0.0000165
-0.0000568
-0.0000082
0.0000019
-0.0000404
-0.0000466
0.0000107
0.0000575
0.0000536
0.0000406
0.0000160
-0.0000721
-0.0001262
-0.0000201
0.0000871
0.0000148
-0.0000507
-0.0000118
0.0000737
0.0001163
0.0001191
-0.0000239
-0.0001756
-0.0000886
0.0000523
0.0000397
0.0000019
0.0000170
-0.0000157
-0.0000799
-0.0000484
0.0000162
0.0000899
0.0001277
0.0000965
0.0000916
0.0001166
0.0000606
-0.0000567
-0.0000350
0.0001016
0.0001668
0.0001419
0.0001181
0.0001135
0.0000745
0.0000473
0.0000770
0.0000811
0.0000329
-0.0000176
-0.0000000
0.0000327
0.0000054
0.0000146
0.0000813
0.0000912
0.0000190
-0.0000676
-0.0000509
-0.0000127
-0.0000336
-0.0000318
0.0000502
0.0001027
0.0000978
0.0000883
0.0001279
0.0000994
-0.0000411
-0.0001596
-0.0000669
0.0001159
0.0001501
0.0000158
-0.0000693
-0.0000241
0.0000127
0.0000063
-0.0000115
-0.0000297
-0.0001102
-0.0001115
0.0000011
0.0000589
-0.0000042
-0.0000537
-0.0000158
-0.0000039
-0.0000300
-0.0000002
0.0000105
-0.0000982
-0.0001206
-0.0000146
0.0000160
-0.0000271
-0.0000073
0.0000338
-0.0000005
-0.0000662
-0.0001196
-0.0001293
-0.0000674
0.0000247
0.0000384
-0.0000569
-0.0000862
-0.0000101
0.0000091
-0.0000383
-0.0000618
-0.0000363
0.0000085
-0.0000045
-0.0000343
0.0000021
0.0000517
0.0000581
0.0000186
-0.0000667
-0.0001010
-0.0001230
-0.0001491
-0.0000702
0.0000134
0.0000261
-0.0000155
-0.0000413
0.0000323
0.0001493
0.0001351
0.0000182
-0.0000645
0.0000253
0.0001392
0.0000849
-0.0000971
-0.0002044
-0.0001385
-0.0000572
0.0000052
0.0000475
0.0000684
0.0000803
0.0000338
0.0000067
0.0000468
0.0000917
0.0000167
-0.0000777
-0.0000094
0.0000344
-0.0000097
-0.0000190
-0.0000007
-0.0000018
-0.0000342
0.0000200
0.0001066
0.0001599
0.0001119
0.0000374
0.0000234
0.0000582
0.0000858
0.0000366
-0.0000096
-0.0000024
0.0000516
0.0000399
0.0000141
0.0000189
0.0000037
0.0000224
0.0000881
0.0000900
0.0000466
0.0000155
-0.0000037
-0.0000265
-0.0000960
-0.0000628
0.0000441
0.0000604
0.0000239
0.0000872
0.0001179
0.0000469
-0.0000352
-0.0000630
-0.0000230
0.0000534
0.0000448
-0.0000001
-0.0000186
0.0000119
0.0000488
0.0000404
-0.0000062
0.0000027
0.0000175
-0.0000257
0.0000025
0.0000172
-0.0000206
-0.0000023
0.0000323
0.0000115
-0.0000078
0.0000029
0.0000503
0.0000252
-0.0000350
0.0000047
0.0000958
0.0001091
0.0000883
0.0000739
0.0000898
0.0000387
-0.0000984
-0.0000718
0.0000887
0.0000803
-0.0000816
-0.0000516
0.0000765
0.0000713
0.0000033
-0.0000025
-0.0000597
-0.0000666
-0.0000275
-0.0000280
-0.0000485
-0.0000522
-0.0000346
0.0000285
0.0000854
0.0000541
0.0000491
0.0000549
-0.0000170
-0.0000951
-0.0000266
0.0000892
0.0000594
-0.0000081
-0.0000499
-0.0000789
-0.0000260
0.0000510
0.0000506
-0.0000050
-0.0000034
0.0000421
0.0000562
0.0000441
0.0000368
0.0000310
-0.0000278
-0.0000766
0.0000108
0.0000919
0.0000534
0.0000059
0.0000993
0.0001574
0.0000367
-0.0000650
-0.0000288
0.0000123
0.0000231
0.0000368
0.0000444
0.0000446
0.0000278
-0.0000055
-0.0000092
-0.0000047
0.0000018
0.0000065
0.0000691
0.0001150
0.0000292
-0.0000644
-0.0000960
-0.0001245
-0.0000438
0.0000959
0.0000952
-0.0000040
-0.0000418
-0.0000664
-0.0000736
-0.0000545
-0.0000149
0.0000389
-0.0000191
-0.0000724
-0.0000217
0.0000136
0.0000225
0.0000253
-0.0000010
0.0000187
0.0000868
0.0000917
0.0000201
-0.0000674
-0.0000244
0.0000817
0.0000452
-0.0000533
-0.0000871
-0.0000923
-0.0000732
-0.0000449
-0.0000380
-0.0000438
-0.0000594
-0.0000807
-0.0000223
0.0000392
0.0000294
0.0000393
0.0000051
-0.0001124
-0.0001811
-0.0000533
0.0001165
0.0001048
-0.0000192
-0.0000778
-0.0000396
-0.0000091
-0.0000953
-0.0001110
-0.0000108
0.0000299
0.0000228
0.0000462
0.0001082
0.0001343
0.0000817
0.0000324
0.0000199
0.0000010
0.0000104
0.0000429
0.0000530
0.0000459
0.0000285
-0.0000144
-0.0000641
-0.0000875
-0.0000331
-0.0000138
-0.0000913
-0.0001282
-0.0000282
0.0000679
0.0000696
0.0000263
-0.0000104
-0.0000035
-0.0000097
-0.0000414
-0.0000395
-0.0000094
-0.0000487
-0.0000563
0.0000507
0.0000898
0.0000141
-0.0000103
0.0000501
0.0001087
0.0000768
-0.0000205
-0.0000513
-0.0000295
-0.0000779
-0.0000811
-0.0000535
-0.0000135
0.0000024
0.0000326
0.0000804
0.0000324
-0.0000385
0.0000055
0.0001015
0.0001015
0.0000433
0.0000395
0.0000904
0.0001012
0.0000937
0.0000563
0.0000082
0.0000462
0.0000816
0.0000582
0.0000116
-0.0000810
-0.0001100
0.0000032
0.0000686
0.0000762
0.0000766
0.0001030
0.0001360
0.0001265
0.0000956
0.0001138
0.0000384
-0.0000848
-0.0000551
0.0000624
0.0001063
0.0000459
0.0000280
0.0000087
-0.0000290
-0.0000021
0.0000460
0.0000562
0.0000285
-0.0000101
0.0000021
0.0000550
0.0000994
0.0000799
0.0000478
0.0000892
0.0000910
-0.0000807
-0.0001784
-0.0000618
0.0000061
-0.0000703
-0.0001050
-0.0000448
0.0000180
-0.0000022
-0.0000411
0.0000114
0.0000753
-0.0000226
-0.0001305
-0.0000393
0.0000984
0.0000639
0.0000120
0.0000531
0.0000556
0.0000729
0.0001110
0.0000876
0.0000122
-0.0000665
-0.0000349
0.0000456
0.0000747
0.0001017
0.0000823
-0.0000743
-0.0001165
0.0000363
0.0001144
0.0000603
0.0000185
0.0000197
0.0000008
0.0000073
0.0000249
0.0000045
-0.0000200
-0.0000566
-0.0000260
0.0000430
0.0000363
-0.0000532
-0.0000181
0.0001206
0.0000842
-0.0000641
-0.0001354
-0.0000754
0.0000141
0.0000043
-0.0000396
0.0000068
0.0000970
0.0000828
-0.0000186
-0.0000730
-0.0000561
-0.0000616
-0.0001372
-0.0001012
0.0000441
0.0000662
0.0000043
-0.0000271
-0.0000021
-0.0000203
-0.0000792
-0.0000368
0.0000490
0.0000665
0.0000425
0.0000327
0.0000535
0.0000919
0.0000807
0.0000404
0.0000307
0.0000174
-0.0000601
-0.0000810
0.0000008
0.0000636
0.0000556
0.0000243
-0.0000352
-0.0000989
-0.0000821
0.0000401
0.0001204
0.0000119
0.0000136
0.0001015
0.0001347
0.0001171
0.0000542
-0.0000160
0.0000185
0.0001478
0.0001777
0.0000784
0.0000136
0.0000006
-0.0000339
0.0000271
0.0001213
0.0000852
-0.0000040
0.0000284
0.0000654
0.0000108
-0.0000101
0.0000306
0.0000406
-0.0000150
-0.0000753
-0.0001069
-0.0000847
-0.0000214
0.0000658
0.0000969
0.0000808
-0.0000081
-0.0001055
-0.0001285
-0.0001158
-0.0000152
0.0000399
0.0000153
-0.0000308
-0.0000568
-0.0000295
0.0000715
0.0001348
0.0000870
0.0000026
-0.0000936
-0.0001380
-0.0000905
-0.0000235
0.0000120
-0.0000010
-0.0000055
-0.0000096
0.0000253
0.0000747
0.0000640
0.0000734
-0.0000162
-0.0001079
0.0000047
0.0001422
0.0000964
-0.0000096
0.0000247
0.0000686
0.0000025
-0.0000800
-0.0001019
-0.0000112
0.0001130
0.0001446
0.0000502
-0.0000728
-0.0000375
0.0001027
0.0001513
0.0000779
0.0000177
0.0000247
0.0000453
0.0000321
-0.0000220
-0.0000610
-0.0000466
0.0000120
0.0000503
0.0000466
0.0000345
0.0000355
0.0000385
0.0000518
0.0000836
0.0000985
0.0001550
0.0001971
0.0000890
-0.0000753
-0.0000635
0.0000277
0.0000216
-0.0000009
0.0000252
0.0000337
-0.0000044
-0.0000173
-0.0000129
0.0000095
0.0000502
0.0000894
0.0000860
0.0000809
0.0000508
-0.0000230
-0.0000462
0.0000566
0.0000978
-0.0000539
-0.0000825
0.0000641
0.0000989
0.0000104
0.0000316
0.0001020
0.0000346
-0.0000681
-0.0000827
-0.0000373
-0.0000078
-0.0000502
-0.0000357
0.0000202
-0.0000018
-0.0000589
-0.0000453
0.0000535
0.0000879
0.0000568
0.0000775
0.0001270
0.0001257
0.0000529
-0.0000497
-0.0001194
-0.0000734
0.0000581
0.0000826
-0.0000036
-0.0000230
0.0000305
0.0000287
-0.0000674
-0.0000954
-0.0000053
0.0000467
0.0000036
-0.0000347
-0.0000766
-0.0000861
-0.0000480
0.0000274
0.0000704
-0.0000264
-0.0000900
-0.0000410
-0.0000363
-0.0000208
0.0000043
-0.0000421
-0.0000477
-0.0000287
-0.0000278
-0.0000096
-0.0000189
-0.0000379
-0.0000140
-0.0000148
-0.0000475
-0.0000623
-0.0000417
-0.0000001
-0.0000237
-0.0000875
-0.0000412
0.0000209
-0.0000422
-0.0001101
-0.0001038
-0.0000163
0.0000430
0.0000067
0.0000088
0.0000547
-0.0000049
-0.0000332
-0.0000016
-0.0000473
-0.0000772
-0.0000067
0.0000567
0.0000663
0.0000797
0.0000702
0.0000507
0.0000997
0.0001679
0.0001169
0.0000275
0.0000109
0.0000505
0.0000802
0.0000391
0.0000540
0.0001080
0.0000980
0.0000763
0.0000580
0.0000237
-0.0000167
-0.0000050
0.0000487
0.0000818
0.0000150
-0.0000546
-0.0000040
0.0001041
0.0001487
0.0001056
0.0000070
-0.0000026
0.0000501
-0.0000063
-0.0000395
0.0000284
0.0000890
0.0000205
-0.0000563
-0.0000441
-0.0000480
-0.0000250
0.0000306
0.0000378
-0.0000218
-0.0000684
-0.0000641
-0.0000614
-0.0000864
0.0000007
0.0001931
0.0002163
0.0000726
-0.0000074
0.0000070
-0.0000231
-0.0001037
-0.0000948
0.0000032
0.0000581
0.0000565
0.0000723
0.0000672
0.0000253
-0.0000353
-0.0000531
-0.0000033
0.0000475
0.0000080
-0.0001089
-0.0000988
0.0000107
0.0001250
0.0001017
-0.0000152
-0.0000152
0.0000539
-0.0000019
-0.0000408
0.0000256
0.0001006
0.0000678
-0.0000192
-0.0000329
-0.0000126
-0.0000114
-0.0000723
-0.0000837
-0.0000297
-0.0000394
-0.0000300
0.0000277
0.0000269
-0.0000558
-0.0000484
0.0000306
0.0000589
0.0000360
0.0000268
-0.0000045
-0.0001035
-0.0000800
0.0000316
0.0000673
0.0000376
0.0000222
0.0000198
-0.0000204
-0.0000619
-0.0000425
0.0000662
0.0001069
-0.0000116
-0.0000699
-0.0000290
0.0000098
0.0000067
0.0000456
0.0000449
-0.0000496
-0.0000510
0.0000047
-0.0000354
-0.0000250
0.0000467
-0.0000007
-0.0000484
-0.0000323
0.0000155
0.0000297
-0.0000063
-0.0000308
-0.0000620
-0.0000298
0.0000348
0.0000754
0.0001526
0.0001977
0.0000978
-0.0000440
-0.0001001
-0.0000946
-0.0000116
0.0001027
0.0001233
0.0000100
-0.0000680
-0.0000301
0.0000031
0.0000110
0.0000306
0.0000008
-0.0000926
-0.0000364
0.0000700
0.0000562
-0.0000323
-0.0000772
-0.0000611
-0.0000596
-0.0000861
-0.0000365
0.0000297
-0.0000043
-0.0000498
-0.0000368
-0.0000366
0.0000091
0.0000099
-0.0000315
-0.0000485
-0.0001019
-0.0000534
0.0000926
0.0001480
0.0000877
0.0000725
0.0000937
0.0000090
-0.0001149
-0.0001144
-0.0000752
-0.0001162
-0.0000575
0.0000591
-0.0000020
-0.0000731
0.0000212
0.0000810
-0.0000012
-0.0000777
-0.0000716
-0.0000337
0.0000137
0.0000307
-0.0000282
-0.0001105
-0.0000884
-0.0000265
-0.0000918
-0.0001153
-0.0000109
0.0000669
0.0000425
-0.0000193
-0.0000081
0.0000275
0.0000039
-0.0000002
0.0000186
0.0000017
-0.0000112
-0.0000123
-0.0000275
-0.0000907
-0.0000096
0.0000967
0.0000134
-0.0000475
0.0000134
0.0000482
0.0000015
-0.0000092
0.0000323
0.0000388
-0.0000180
-0.0000651
-0.0000498
0.0000108
0.0000617
0.0000922
0.0000592
-0.0000128
-0.0000116
0.0000365
0.0000511
0.0000499
0.0000666
0.0000252
0.0000140
0.0000468
-0.0000083
-0.0000594
-0.0000829
-0.0000922
-0.0000875
-0.0000370
0.0000126
0.0000510
0.0000268
-0.0000081
-0.0000207
0.0000190
0.0000883
0.0000718
-0.0000114
-0.0000037
0.0000698
0.0000444
-0.0000104
-0.0000517
-0.0000984
-0.0000691
0.0000664
0.0001182
-0.0000193
-0.0001054
-0.0000060
0.0000976
0.0000605
0.0000474
0.0001153
0.0001085
0.0000023
0.0000364
0.0000994
0.0000629
0.0000204
0.0000107
-0.0000064
-0.0000110
-0.0000019
0.0000538
0.0000506
-0.0000618
-0.0001109
-0.0000556
0.0000353
0.0000854
0.0000183
-0.0000663
-0.0000637
0.0000208
0.0000985
0.0000932
0.0000888
0.0001046
0.0000742
0.0000170
-0.0000254
0.0000082
0.0000962
0.0001421
0.0001076
-0.0000145
-0.0001106
-0.0000507
0.0000481
0.0000591
0.0000321
-0.0000126
-0.0001072
-0.0000659
0.0000802
0.0000806
-0.0000573
-0.0000645
0.0000049
-0.0000285
-0.0000400
0.0000354
0.0000651
-0.0000744
-0.0001337
-0.0000206
0.0000811
0.0000889
0.0000141
-0.0000121
0.0000247
0.0000591
0.0000847
0.0000555
-0.0000271
-0.0000725
-0.0000654
-0.0000138
0.0001131
0.0001632
0.0000794
0.0000088
0.0000160
0.0000508
0.0000983
0.0001027
0.0000213
-0.0000175
0.0000321
0.0000811
0.0000162
-0.0000576
-0.0000216
0.0000439
0.0000252
-0.0000756
-0.0001218
-0.0001120
-0.0000775
-0.0000520
-0.0000373
-0.0000102
-0.0000067
-0.0000081
-0.0000153
-0.0000089
-0.0000244
-0.0000547
-0.0000637
-0.0000546
-0.0000742
-0.0001709
-0.0002250
-0.0001304
-0.0000314
-0.0000152
-0.0000120
-0.0000120
-0.0000029
-0.0000339
-0.0000881
-0.0000516
-0.0000154
-0.0000134
0.0000443
0.0000647
0.0000131
0.0000352
0.0000439
-0.0000415
-0.0000604
-0.0000284
-0.0000481
-0.0000907
-0.0000378
0.0000352
-0.0000113
-0.0001068
-0.0001188
-0.0000954
-0.0000602
0.0000217
0.0000856
0.0000287
-0.0000870
-0.0001554
-0.0000664
0.0000676
0.0001048
0.0000258
0.0000004
0.0000845
0.0001502
0.0001161
0.0000241
0.0000434
0.0001033
0.0000326
-0.0000552
-0.0000202
0.0000487
0.0000553
0.0000455
0.0000872
0.0001334
0.0001242
0.0000626
0.0000231
0.0000033
-0.0000665
-0.0000844
-0.0000053
0.0000569
0.0000373
-0.0000177
-0.0000086
0.0000370
0.0000486
0.0000364
0.0000182
-0.0000125
-0.0000010
0.0000233
-0.0000016
-0.0000013
0.0000180
0.0000110
0.0000455
0.0000804
0.0001037
0.0001107
0.0000676
0.0000375
0.0000813
0.0001216
0.0000517
-0.0000716
-0.0000685
-0.0000241
-0.0000226
-0.0000275
-0.0000596
-0.0000313
0.0000218
0.0000053
0.0000085
0.0000746
0.0000577
-0.0000557
-0.0000694
-0.0000175
0.0000351
0.0000837
0.0000730
0.0000327
0.0000208
0.0000440
0.0000842
0.0000712
0.0000322
0.0000087
-0.0000257
-0.0000614
-0.0000396
0.0000493
0.0000955
0.0000757
0.0000212
0.0000358
0.0000748
0.0001138
0.0001686
0.0001251
-0.0000327
-0.0000671
0.0000194
0.0000600
0.0000365
0.0000319
0.0000631
0.0000007
-0.0000988
-0.0000719
0.0000043
0.0000561
-0.0000027
-0.0001119
-0.0001039
-0.0000088
-0.0000131
-0.0000895
-0.0000671
-0.0000090
0.0000190
0.0000438
0.0000676
0.0000225
-0.0000060
-0.0000155
-0.0001120
-0.0001120
0.0000231
0.0000550
0.0000085
0.0000227
0.0000803
0.0000916
0.0000530
-0.0000372
-0.0000710
-0.0000574
0.0000239
0.0000729
0.0000468
0.0000081
-0.0000338
-0.0000513
0.0000081
0.0000644
-0.0000250
-0.0001044
-0.0001061
-0.0001144
-0.0000040
0.0000972
-0.0000073
-0.0001014
-0.0000286
0.0000441
-0.0000036
-0.0000831
-0.0001312
-0.0001591
-0.0002145
-0.0002855
-0.0002627
-0.0001938
-0.0001981
-0.0001604
-0.0000750
0.0000674
0.0002013
0.0002763
0.0003682
0.0003736
0.0003182
0.0003113
0.0002386
-0.0000147
-0.0003329
-0.0004824
-0.0004870
-0.0005042
-0.0005974
-0.0005948
-0.0003904
-0.0001172
0.0000756
0.0001830
0.0004734
0.0008351
0.0010378
0.0010523
0.0009022
0.0006902
0.0004410
0.0001797
-0.0001076
-0.0003902
-0.0006026
-0.0007143
-0.0006650
-0.0005658
-0.0004432
-0.0001629
0.0002116
0.0005109
0.0006238
0.0006287
0.0006633
0.0007379
0.0007697
0.0008369
0.0008256
0.0007061
0.0005783
0.0004509
0.0001280
-0.0004153
-0.0010091
-0.0013594
-0.0013952
-0.0012500
-0.0011074
-0.0009728
-0.0007123
-0.0004347
-0.0001381
0.0002781
0.0006448
0.0007806
0.0007425
0.0006067
0.0002922
-0.0000721
-0.0002799
-0.0004491
-0.0005467
-0.0004985
-0.0003890
-0.0004063
-0.0005160
-0.0006690
-0.0008669
-0.0010763
-0.0013311
-0.0015008
-0.0015125
-0.0013735
-0.0010925
-0.0007002
-0.0002602
0.0002484
0.0007231
0.0009944
0.0011228
0.0012535
0.0013579
0.0013082
0.0010332
0.0005885
0.0001762
-0.0002055
-0.0006611
-0.0010630
-0.0012407
-0.0012045
-0.0009081
-0.0004110
0.0002397
0.0010030
0.0015531
0.0017886
0.0018428
0.0018393
0.0017727
0.0016501
0.0014045
0.0009865
0.0003894
-0.0002191
-0.0006762
-0.0009031
-0.0008560
-0.0006609
-0.0004772
-0.0004026
-0.0003516
-0.0004583
-0.0008340
-0.0012709
-0.0015271
-0.0014795
-0.0011288
-0.0005267
0.0002223
0.0008923
0.0012433
0.0010492
0.0002915
-0.0007325
-0.0017540
-0.0024801
-0.0026672
-0.0022211
-0.0012675
-0.0001066
0.0010342
0.0020971
0.0027611
0.0027846
0.0024423
0.0018498
0.0009803
0.0000934
-0.0004910
-0.0006882
-0.0005509
-0.0000570
0.0006266
0.0011231
0.0012686
0.0011476
0.0009874
0.0008241
0.0004291
-0.0001201
-0.0005964
-0.0008884
-0.0008988
-0.0005687
0.0001574
0.0010810
0.0018428
0.0021935
0.0020148
0.0014169
0.0006169
-0.0003281
-0.0013452
-0.0022737
-0.0028980
-0.0031372
-0.0029532
-0.0022832
-0.0012835
-0.0002838
0.0004956
0.0010224
0.0012318
0.0010952
0.0007012
0.0003433
0.0001288
-0.0000466
-0.0002705
-0.0004461
-0.0003656
-0.0000346
0.0002922
0.0003891
0.0001744
-0.0002916
-0.0009592
-0.0016736
-0.0021816
-0.0025768
-0.0028701
-0.0027893
-0.0022422
-0.0013384
0.0000258
0.0015739
0.0026806
0.0031601
0.0031008
0.0025184
0.0016578
0.0007055
-0.0002432
-0.0010025
-0.0015501
-0.0017109
-0.0015214
-0.0013154
-0.0012328
-0.0012137
-0.0013085
-0.0015370
-0.0017645
-0.0017840
-0.0013489
-0.0005100
0.0004586
0.0012754
0.0017934
0.0020566
0.0020635
0.0018670
0.0015854
0.0013105
0.0010206
0.0007110
0.0005963
0.0007525
0.0010117
0.0011264
0.0011026
0.0008901
0.0004374
-0.0001246
-0.0005211
-0.0006704
-0.0006508
-0.0005380
-0.0004602
-0.0004766
-0.0005214
-0.0004195
-0.0000661
0.0005183
0.0012639
0.0021150
0.0027988
0.0029542
0.0024032
0.0013226
0.0001344
-0.0008578
-0.0015145
-0.0018093
-0.0015592
-0.0006967
0.0004976
0.0016269
0.0025403
0.0030877
0.0031246
0.0027256
0.0020939
0.0013379
0.0005856
-0.0001257
-0.0008018
-0.0014257
-0.0018800
-0.0020861
-0.0019545
-0.0013881
-0.0004965
0.0003433
0.0008392
0.0008220
0.0002835
-0.0005985
-0.0017192
-0.0028389
-0.0035437
-0.0036382
-0.0030478
-0.0018382
-0.0003159
0.0009011
0.0011575
0.0001794
-0.0017868
-0.0039962
-0.0056631
-0.0063599
-0.0060276
-0.0047427
-0.0026825
-0.0004213
0.0013547
0.0023692
0.0026612
0.0023834
0.0016086
0.0006695
0.0001461
0.0004408
0.0014947
0.0029332
0.0042486
0.0050210
0.0048363
0.0034897
0.0013098
-0.0011121
-0.0029671
-0.0038514
-0.0036778
-0.0024632
-0.0004891
0.0016367
0.0031610
0.0035633
0.0028674
0.0015184
-0.0001495
-0.0017493
-0.0025989
-0.0022168
-0.0006342
0.0015769
0.0037766
0.0054389
0.0060103
0.0051058
0.0028099
-0.0003104
-0.0034169
-0.0058286
-0.0069537
-0.0061916
-0.0035447
0.0003402
0.0043595
0.0074103
0.0086715
0.0079147
0.0056418
0.0024969
-0.0008879
-0.0036157
-0.0050426
-0.0051466
-0.0044248
-0.0034616
-0.0026124
-0.0020709
-0.0019422
-0.0022406
-0.0025786
-0.0024541
-0.0014393
0.0006756
0.0036901
0.0068255
0.0091113
0.0098874
0.0087114
0.0056494
0.0014883
-0.0028142
-0.0063965
-0.0084801
-0.0086136
-0.0069895
-0.0042742
-0.0012483
0.0013149
0.0027170
0.0027543
0.0016744
-0.0000207
-0.0015485
-0.0020697
-0.0013721
0.0001291
0.0019440
0.0035243
0.0042531
0.0036386
0.0017784
-0.0009096
-0.0040198
-0.0067806
-0.0084896
-0.0089004
-0.0080086
-0.0060199
-0.0032189
-0.0000263
0.0029824
0.0052450
0.0065191
0.0069043
0.0066109
0.0058239
0.0048711
0.0040277
0.0031084
0.0017413
-0.0001311
-0.0023183
-0.0045818
-0.0066249
-0.0081760
-0.0089316
-0.0083568
-0.0063126
-0.0032767
0.0002172
0.0038183
0.0068462
0.0084873
0.0084664
0.0071512
0.0052563
0.0033560
0.0018175
0.0007856
0.0003659
0.0005553
0.0008913
0.0007858
-0.0000133
-0.0017158
-0.0043169
-0.0071692
-0.0094237
-0.0104638
-0.0099297
-0.0077028
-0.0041011
0.0001116
0.0040914
0.0070839
0.0084239
0.0077506
0.0054111
0.0021305
-0.0012197
-0.0036537
-0.0043851
-0.0031764
-0.0003603
0.0030599
0.0058366
0.0072035
0.0066481
0.0041068
0.0001737
-0.0040661
-0.0074424
-0.0088863
-0.0077669
-0.0043727
0.0002258
0.0046227
0.0073810
0.0075944
0.0052726
0.0013354
-0.0027240
-0.0053060
-0.0052990
-0.0024683
0.0021714
0.0070225
0.0107062
0.0122547
0.0112695
0.0080290
0.0034925
-0.0011523
-0.0048130
-0.0066733
-0.0067902
-0.0058418
-0.0045300
-0.0035786
-0.0035412
-0.0043864
-0.0054040
-0.0059625
-0.0056506
-0.0041554
-0.0015917
0.0014701
0.0043065
0.0060676
0.0059885
0.0036423
-0.0007370
-0.0065215
-0.0126537
-0.0174255
-0.0193659
-0.0178394
-0.0129041
-0.0050767
0.0042928
0.0133603
0.0204012
0.0238585
0.0229476
0.0179387
0.0100561
0.0009314
-0.0077184
-0.0140265
-0.0165499
-0.0147842
-0.0093970
-0.0019543
0.0054421
0.0110717
0.0138745
0.0134340
0.0101937
0.0053706
0.0004104
-0.0033737
-0.0049701
-0.0040399
-0.0012949
0.0020133
0.0044991
0.0052256
0.0039190
0.0009427
-0.0028262
-0.0062352
-0.0082189
-0.0082396
-0.0063843
-0.0032473
0.0004751
0.0039947
0.0064540
0.0074618
0.0070540
0.0054314
0.0030197
0.0004224
-0.0017277
-0.0032160
-0.0042162
-0.0050873
-0.0061902
-0.0075261
-0.0086710
-0.0092231
-0.0089392
-0.0077780
-0.0062562
-0.0049857
-0.0042780
-0.0041853
-0.0046896
-0.0055495
-0.0060807
-0.0055117
-0.0033723
0.0004886
0.0056448
0.0107976
0.0145081
0.0158886
0.0141671
0.0091175
0.0016812
-0.0063203
-0.0127736
-0.0160128
-0.0152263
-0.0107249
-0.0039165
0.0031193
0.0083281
0.0103966
0.0087720
0.0038598
-0.0030712
-0.0103155
-0.0159340
-0.0181912
-0.0159456
-0.0090852
0.0011776
0.0124904
0.0221081
0.0277440
0.0279459
0.0225641
0.0129677
0.0014704
-0.0093432
-0.0172380
-0.0206073
-0.0187719
-0.0124573
-0.0037009
0.0049651
0.0112692
0.0136345
0.0112607
0.0045053
-0.0048607
-0.0141888
-0.0206486
-0.0219923
-0.0173325
-0.0073101
0.0058881
0.0190882
0.0291150
0.0336160
0.0314772
0.0229658
0.0098657
-0.0047613
-0.0173740
-0.0251231
-0.0264267
-0.0213055
-0.0112126
0.0012131
0.0127231
0.0206483
0.0233552
0.0203814
0.0127413
0.0027280
-0.0068762
-0.0135080
-0.0155674
-0.0126914
-0.0058831
0.0027968
0.0105777
0.0148108
0.0139966
0.0077342
-0.0031862
-0.0162203
-0.0279109
-0.0353609
-0.0366383
-0.0313136
-0.0203657
-0.0058154
0.0090206
0.0202814
0.0252259
0.0227004
0.0133809
0.0001019
-0.0128416
-0.0215030
-0.0234534
-0.0180593
-0.0067056
0.0073498
0.0200281
0.0275965
0.0275124
0.0191077
0.0040615
-0.0142590
-0.0316982
-0.0441674
-0.0491947
-0.0461079
-0.0353457
-0.0188557
0.0001529
0.0180992
0.0316815
0.0388055
0.0390491
0.0334659
0.0243637
0.0143144
0.0054064
-0.0007097
-0.0031008
-0.0019960
0.0012905
0.0049955
0.0072033
0.0063888
0.0020571
-0.0049640
-0.0127459
-0.0189320
-0.0214830
-0.0192604
-0.0121501
-0.0011469
0.0112537
0.0216960
0.0272440
0.0265777
0.0204378
0.0111379
0.0017924
-0.0050459
-0.0080651
-0.0073088
-0.0035938
0.0018453
0.0071930
0.0106272
0.0112169
0.0089052
0.0041843
-0.0018312
-0.0075686
-0.0117302
-0.0137423
-0.0135594
-0.0116419
-0.0088427
-0.0059060
-0.0035357
-0.0023690
-0.0023846
-0.0030195
-0.0038350
-0.0046762
-0.0054688
-0.0057805
-0.0051057
-0.0031983
0.0002010
0.0049214
0.0098610
0.0138076
0.0158134
0.0154349
0.0130666
0.0091664
0.0039161
-0.0025381
-0.0099396
-0.0174750
-0.0238496
-0.0277271
-0.0282824
-0.0251470
-0.0183032
-0.0085640
0.0026180
0.0134632
0.0217682
0.0252547
0.0222445
0.0127815
-0.0009342
-0.0151501
-0.0258402
-0.0300754
-0.0267246
-0.0169899
-0.0037739
0.0093261
0.0187233
0.0215741
0.0167318
0.0054355
-0.0089253
-0.0219014
-0.0295485
-0.0297744
-0.0227911
-0.0105009
0.0040688
0.0171984
0.0254330
0.0269529
0.0221549
0.0133077
0.0036136
-0.0040388
-0.0076363
-0.0064969
-0.0014130
0.0062083
0.0143164
0.0204976
0.0227972
0.0200859
0.0123481
0.0011294
-0.0105401
-0.0192581
-0.0227744
-0.0206307
-0.0138903
-0.0044569
0.0053228
0.0131209
0.0169431
0.0159571
0.0110436
0.0039788
-0.0031993
-0.0079940
-0.0080401
-0.0027933
0.0061130
0.0154499
0.0215581
0.0217084
0.0150364
0.0026135
-0.0125054
-0.0262012
-0.0345426
-0.0351119
-0.0277723
-0.0142917
0.0019519
0.0168546
0.0265789
0.0287442
0.0231829
0.0119228
-0.0014112
-0.0129945
-0.0198849
-0.0205264
-0.0152401
-0.0063013
0.0031241
0.0101313
0.0130534
0.0115792
0.0067053
0.0003303
-0.0056809
-0.0097468
-0.0110108
-0.0096765
-0.0069726
-0.0045794
-0.0040211
-0.0060310
-0.0099927
-0.0140993
-0.0161006
-0.0142657
-0.0081745
0.0011932
0.0115200
0.0198937
0.0242711
0.0238915
0.0187992
0.0101076
0.0000825
-0.0085137
-0.0133354
-0.0132558
-0.0084596
-0.0006749
0.0072184
0.0122039
0.0119372
0.0057262
-0.0052300
-0.0182719
-0.0302712
-0.0381234
-0.0393419
-0.0330310
-0.0204353
-0.0045139
0.0112490
0.0237427
0.0305999
0.0306950
0.0249721
0.0162675
0.0080010
0.0025718
0.0009602
0.0028507
0.0070615
0.0116049
0.0141994
0.0134219
0.0091436
0.0023079
-0.0051125
-0.0103265
-0.0108240
-0.0058889
0.0028731
0.0127719
0.0210159
0.0253230
0.0246565
0.0195303
0.0117468
0.0037019
-0.0024734
-0.0055703
-0.0055446
-0.0032898
-0.0002779
0.0020477
0.0024311
0.0003549
-0.0036534
-0.0083726
-0.0124500
-0.0146832
-0.0143734
-0.0115681
-0.0069230
-0.0015033
0.0034551
0.0066938
0.0074226
0.0057553
0.0024910
-0.0012719
-0.0045157
-0.0064971
-0.0069580
-0.0063220
-0.0054402
-0.0052934
-0.0066966
-0.0099240
-0.0143942
-0.0190379
-0.0226566
-0.0241552
-0.0228641
-0.0182599
-0.0103835
-0.0004604
0.0094778
0.0175705
0.0227470
0.0247673
0.0241087
0.0214204
0.0172539
0.0123968
0.0079933
0.0047213
0.0025490
0.0010319
-0.0004850
-0.0024420
-0.0050766
-0.0082500
-0.0109400
-0.0116908
-0.0095373
-0.0045643
0.0022944
0.0095692
0.0154949
0.0183909
0.0170379
0.0114912
0.0035823
-0.0038452
-0.0086442
-0.0100711
-0.0087244
-0.0060079
-0.0039013
-0.0046411
-0.0095351
-0.0178661
-0.0273073
-0.0353496
-0.0397259
-0.0388654
-0.0326314
-0.0224219
-0.0106912
0.0001516
0.0083163
0.0124065
0.0120164
0.0080329
0.0021800
-0.0035027
-0.0072177
-0.0078387
-0.0049346
0.0010705
0.0091124
0.0177463
0.0252073
0.0301181
0.0318323
0.0306581
0.0276067
0.0238739
0.0206901
0.0190450
0.0191438
0.0202053
0.0208613
0.0196429
0.0154254
0.0079483
-0.0022418
-0.0137141
-0.0243670
-0.0321549
-0.0356071
-0.0340295
-0.0274898
-0.0168630
-0.0039832
0.0086307
0.0181638
0.0225881
0.0215087
0.0159262
0.0077127
-0.0011143
-0.0086359
-0.0134717
-0.0152478
-0.0146428
-0.0129254
-0.0115380
-0.0114702
-0.0128003
-0.0147643
-0.0161508
-0.0157834
-0.0130063
-0.0077618
-0.0001570
0.0092763
0.0192944
0.0278061
0.0326623
0.0325421
0.0271761
0.0175251
0.0056069
-0.0058955
-0.0146091
-0.0193980
-0.0205163
-0.0190257
-0.0163940
-0.0139888
-0.0126788
-0.0126231
-0.0130581
-0.0123998
-0.0096700
-0.0050321
0.0005569
0.0057023
0.0090959
0.0099750
0.0082440
0.0044926
-0.0001522
-0.0045777
-0.0079966
-0.0097875
-0.0096606
-0.0079345
-0.0053752
-0.0025308
0.0003445
0.0031149
0.0054756
0.0069015
0.0071389
0.0064226
0.0053420
0.0042625
0.0031306
0.0020170
0.0010763
0.0003535
-0.0003805
-0.0014658
-0.0030325
-0.0047790
-0.0060726
-0.0062200
-0.0046557
-0.0012907
0.0033568
0.0084328
0.0130155
0.0162656
0.0173845
0.0158921
0.0116474
0.0049729
-0.0030327
-0.0109603
-0.0178484
-0.0233434
-0.0269608
-0.0283937
-0.0279074
-0.0260622
-0.0233307
-0.0198281
-0.0155551
-0.0105894
-0.0055243
-0.0010068
0.0026062
0.0048050
0.0049442
0.0025553
-0.0023385
-0.0093434
-0.0177099
-0.0262054
-0.0337864
-0.0396699
-0.0430827
-0.0435100
-0.0409827
-0.0364282
-0.0311477
-0.0258776
-0.0207431
-0.0153693
-0.0093862
-0.0023723
0.0061960
0.0166572
0.0286273
0.0412282
0.0533391
0.0637189
0.0712047
0.0748741
0.0738723
0.0676798
0.0568521
0.0429948
0.0279603
0.0134702
0.0012295
-0.0075188
-0.0119884
-0.0117735
-0.0073460
0.0001399
0.0093792
0.0191179
0.0284247
0.0367576
0.0436589
0.0488763
0.0524010
0.0543366
0.0547269
0.0540514
0.0530711
0.0521514
0.0512958
0.0501405
0.0482601
0.0453476
0.0410717
0.0351936
0.0278209
0.0192507
0.0101964
0.0016949
-0.0056124
-0.0117213
-0.0169111
-0.0218117
-0.0271089
-0.0328946
-0.0385630
-0.0428743
-0.0443492
-0.0418995
-0.0350936
-0.0242955
-0.0104073
0.0053209
0.0215226
0.0367439
0.0492388
0.0567623
0.0573424
0.0498967
0.0344216
0.0120341
-0.0152491
-0.0450837
-0.0747578
-0.1017248
-0.1239430
-0.1398425
-0.1487627
-0.1511268
-0.1481862
-0.1418031
-0.1337558
-0.1254053
-0.1178356
-0.1116677
-0.1067654
-0.1025790
-0.0984217
-0.0937072
-0.0883086
-0.0824692
-0.0767020
-0.0713785
-0.0662693
-0.0611557
-0.0558595
-0.0496148
-0.0414582
-0.0309403
-0.0181846
-0.0041347
0.0097920
0.0231764
0.0364969
0.0494251
0.0605484
0.0688613
0.0745335
0.0781274
0.0796347
0.0789812
0.0768954
0.0741450
0.0709372
0.0674100
0.0638022
0.0604433
0.0577994
0.0561927
0.0554870
0.0554718
0.0562962
0.0583102
0.0612577
0.0646703
0.0685496
0.0733322
0.0795444
0.0872911
0.0963581
0.1062527
0.1158413
0.1237440
0.1288079
0.1301608
0.1278539
0.1221892
0.1128669
0.0997132
0.0835584
0.0659489
0.0478484
0.0298550
0.0126800
-0.0029140
-0.0163114
-0.0270134
-0.0341399
-0.0368569
-0.0351821
-0.0296913
-0.0214775
-0.0123977
-0.0047305
-0.0004181
-0.0003471
-0.0043822
-0.0117769
-0.0211612
-0.0308136
-0.0391089
-0.0451125
-0.0487346
-0.0505662
-0.0517375
-0.0531386
-0.0549661
-0.0571133
-0.0591793
-0.0602415
-0.0592554
-0.0549565
-0.0460062
-0.0317393
-0.0128335
0.0087314
0.0305922
0.0506860
0.0674442
0.0792389
0.0844605
0.0825397
0.0744370
0.0624119
0.0493405
0.0374199
0.0272599
0.0183574
0.0095435
-0.0007329
-0.0137949
-0.0298622
-0.0483045
-0.0680248
-0.0873215
-0.1046494
-0.1195434
-0.1319268
-0.1413181
-0.1470446
-0.1488133
-0.1474767
-0.1451069
-0.1436987
-0.1437865
-0.1448020
-0.1458988
-0.1461646
-0.1443438
-0.1392464
-0.1299068
-0.1151380
-0.0942221
-0.0678165
-0.0375128
-0.0051213
0.0267153
0.0545982
0.0761752
0.0912330
0.1004099
0.1040780
0.1027599
0.0976602
0.0905657
0.0835485
0.0783644
0.0759875
0.0763723
0.0788577
0.0828273
0.0880528
0.0942263
0.1007531
0.1067378
0.1109257
0.1118063
0.1080844
0.0992247
0.0856837
0.0685504
0.0493129
0.0297608
0.0115202
-0.0037911
-0.0144449
-0.0193006
-0.0189596
-0.0155421
-0.0108470
-0.0059895
-0.0021702
-0.0004824
-0.0010973
-0.0032476
-0.0061178
-0.0093007
-0.0125028
-0.0155416
-0.0183391
-0.0213174
-0.0251939
-0.0301280
-0.0356704
-0.0408215
-0.0442322
-0.0449529
-0.0428421
-0.0387831
-0.0340519
-0.0297036
-0.0266848
-0.0256930
-0.0267942
-0.0298943
-0.0345738
-0.0399287
-0.0450459
-0.0495795
-0.0535117
-0.0571182
-0.0610079
-0.0657875
-0.0719846
-0.0796123
-0.0881749
-0.0969157
-0.1045944
-0.1095824
-0.1100028
-0.1036696
-0.0889480
-0.0661943
-0.0381161
-0.0086701
0.0192626
0.0448253
0.0672106
0.0844727
0.0953610
0.1002014
0.0998291
0.0949502
0.0864715
0.0759194
0.0650825
0.0550411
0.0461815
0.0382571
0.0302918
0.0214123
0.0112476
-0.0002216
-0.0124077
-0.0243149
-0.0349009
-0.0431974
-0.0486120
-0.0513580
-0.0518980
-0.0501622
-0.0461088
-0.0403645
-0.0343716
-0.0297263
-0.0274047
-0.0272494
-0.0281342
-0.0287827
-0.0278180
-0.0240357
-0.0168305
-0.0062697
0.0069687
0.0218358
0.0372514
0.0524112
0.0669482
0.0803994
0.0924393
0.1031856
0.1128646
0.1216180
0.1295773
0.1367561
0.1430429
0.1481125
0.1514129
0.1526498
0.1520602
0.1502843
0.1482469
0.1463034
0.1438826
0.1401037
0.1338936
0.1235453
0.1076999
0.0866097
0.0618596
0.0352564
0.0084767
-0.0162992
-0.0366172
-0.0509121
-0.0590767
-0.0618302
-0.0602103
-0.0559754
-0.0517988
-0.0504506
-0.0533500
-0.0601178
-0.0690846
-0.0782521
-0.0860366
-0.0915555
-0.0946235
-0.0956784
-0.0957178
-0.0960114
-0.0977699
-0.1019130
-0.1091829
-0.1194846
-0.1313973
-0.1430515
-0.1528319
-0.1594875
-0.1621868
-0.1607317
-0.1555514
-0.1475432
-0.1378591
-0.1279478
-0.1196227
-0.1147461
-0.1138732
-0.1151940
-0.1167008
-0.1181256
-0.1196885
-0.1198243
-0.1159433
-0.1067949
-0.0927178
-0.0744042
-0.0527402
-0.0290357
-0.0046079
0.0194633
0.0422347
0.0628951
0.0807388
0.0953025
0.1062350
0.1135855
0.1180733
0.1207533
0.1223440
0.1227808
0.1210966
0.1160056
0.1067364
0.0934940
0.0767747
0.0570706
0.0349963
0.0116422
-0.0112437
-0.0317438
-0.0480860
-0.0592407
-0.0650519
-0.0658894
-0.0627485
-0.0572029
-0.0509231
-0.0452989
-0.0411240
-0.0386399
-0.0377029
-0.0376592
-0.0379600
-0.0382078
-0.0372783
-0.0334052
-0.0248504
-0.0105417
0.0091966
0.0328331
0.0583112
0.0836602
0.1072298
0.1276960
0.1438785
0.1549170
0.1606840
0.1616478
0.1585310
0.1524374
0.1448757
0.1376043
0.1318408
0.1274578
0.1229837
0.1161443
0.1049479
0.0886645
0.0680716
0.0440765
0.0171186
-0.0117952
-0.0402171
-0.0653105
-0.0857210
-0.1014033
-0.1125596
-0.1193829
-0.1229215
-0.1249481
-0.1269406
-0.1298588
-0.1341414
-0.1394000
-0.1446604
-0.1489781
-0.1515415
-0.1517351
-0.1491717
-0.1439629
-0.1365404
-0.1267233
-0.1136274
-0.0966416
-0.0758382
-0.0518098
-0.0259347
-0.0000396
0.0246455
0.0469070
0.0641034
0.0729091
0.0721582
0.0635463
0.0495489
0.0323416
0.0145728
-0.0011978
-0.0136674
-0.0224015
-0.0274364
-0.0292683
-0.0286909
-0.0267523
-0.0246625
-0.0235382
-0.0241592
-0.0260860
-0.0279625
-0.0281990
-0.0253194
-0.0183258
-0.0071729
0.0070542
0.0224270
0.0367540
0.0483618
0.0564444
0.0608581
0.0617973
0.0598006
0.0558640
0.0515650
0.0483461
0.0471327
0.0484530
0.0526427
0.0597509
0.0694396
0.0812721
0.0947267
0.1088979
0.1228449
0.1360228
0.1482324
0.1593358
0.1692485
0.1778116
0.1843285
0.1877069
0.1872026
0.1826032
0.1739563
0.1621521
0.1489188
0.1357596
0.1234540
0.1125534
0.1035610
0.0959204
0.0880399
0.0786716
0.0675569
0.0549047
0.0408509
0.0262413
0.0125688
0.0014832
-0.0051124
-0.0054700
0.0007508
0.0124644
0.0279016
0.0447165
0.0598700
0.0704073
0.0750380
0.0742976
0.0692628
0.0608870
0.0507098
0.0408623
0.0334753
0.0296784
0.0289507
0.0299254
0.0312081
0.0316399
0.0305646
0.0281805
0.0246579
0.0197047
0.0133229
0.0060814
-0.0010573
-0.0071383
-0.0111870
-0.0121795
-0.0093117
-0.0024325
0.0081816
0.0219344
0.0375206
0.0533845
0.0681882
0.0808807
0.0907090
0.0971185
0.1000959
0.1003626
0.0988438
0.0963244
0.0938134
0.0920699
0.0903183
0.0866493
0.0794736
0.0682959
0.0532159
0.0345158
0.0131638
-0.0090976
-0.0304940
-0.0497011
-0.0656518
-0.0774907
-0.0846178
-0.0871433
-0.0857985
-0.0812723
-0.0743294
-0.0662037
-0.0585078
-0.0523724
-0.0483040
-0.0469076
-0.0487007
-0.0534429
-0.0603131
-0.0684887
-0.0770685
-0.0846949
-0.0899430
-0.0918588
-0.0897257
-0.0827137
-0.0698111
-0.0506675
-0.0269007
-0.0011370
0.0243845
0.0480802
0.0686668
0.0848198
0.0953668
0.0995034
0.0972856
0.0903074
0.0815331
0.0739587
0.0693828
0.0679891
0.0688058
0.0700451
0.0696363
0.0659369
0.0582725
0.0467722
0.0324382
0.0167054
0.0006762
-0.0155157
-0.0320906
-0.0489046
-0.0652493
-0.0802856
-0.0938873
-0.1066820
-0.1189965
-0.1302821
-0.1392220
-0.1448613
-0.1472975
-0.1472368
-0.1454768
-0.1428583
-0.1405076
-0.1397108
-0.1415892
-0.1469941
-0.1562320
-0.1684769
-0.1812088
-0.1905088
-0.1921026
-0.1827939
-0.1616825
-0.1305393
-0.0924002
-0.0502325
-0.0067176
0.0349751
0.0709632
0.0985445
0.1171375
0.1271623
0.1294089
0.1256488
0.1186969
0.1115582
0.1063296
0.1038449
0.1040715
0.1061409
0.1087139
0.1108334
0.1122898
0.1135458
0.1152223
0.1176922
0.1208698
0.1241446
0.1266375
0.1270119
0.1237570
0.1161380
0.1048839
0.0916341
0.0779939
0.0648461
0.0523378
0.0410033
0.0326177
0.0286298
0.0286587
0.0313419
0.0355411
0.0402409
0.0439323
0.0452539
0.0436308
0.0387770
0.0306367
0.0198141
0.0077836
-0.0041417
-0.0157414
-0.0274062
-0.0393174
-0.0511559
-0.0625712
-0.0731946
-0.0827731
-0.0909226
-0.0970200
-0.1005760
-0.1015019
-0.1002670
-0.0980914
-0.0963514
-0.0958639
-0.0965549
-0.0978563
-0.0996338
-0.1022767
-0.1060228
-0.1105228
-0.1152731
-0.1201246
-0.1252282
-0.1306240
-0.1361194
-0.1416187
-0.1471747
-0.1525790
-0.1570209
-0.1593546
-0.1589269
-0.1560687
-0.1520761
-0.1484636
-0.1460433
-0.1444825
-0.1433622
-0.1435342
-0.1461834
-0.1508378
-0.1552754
-0.1566857
-0.1523825
-0.1400715
-0.1184714
-0.0880066
-0.0508477
-0.0099285
0.0316016
0.0704690
0.1038159
0.1296532
0.1469030
0.1557479
0.1576929
0.1545890
0.1479189
0.1388881
0.1284741
0.1173573
0.1054895
0.0917321
0.0747799
0.0547516
0.0334723
0.0130733
-0.0050030
-0.0197049
-0.0296651
-0.0342469
-0.0341946
-0.0312750
-0.0277450
-0.0259745
-0.0279243
-0.0343651
-0.0444103
-0.0560476
-0.0669838
-0.0751334
-0.0786285
-0.0761542
-0.0672668
-0.0524015
-0.0328542
-0.0104420
0.0125978
0.0341659
0.0530931
0.0687556
0.0805089
0.0882869
0.0930953
0.0957966
0.0958688
0.0919998
0.0840259
0.0736423
0.0628222
0.0521181
0.0411753
0.0301598
0.0204057
0.0133187
0.0090797
0.0071024
0.0072638
0.0093623
0.0119235
0.0126544
0.0100599
0.0039044
-0.0054114
-0.0173448
-0.0310273
-0.0456776
-0.0614598
-0.0788240
-0.0970738
-0.1145069
-0.1296630
-0.1415356
-0.1489174
-0.1509505
-0.1480244
-0.1413919
-0.1318178
-0.1189827
-0.1021195
-0.0807236
-0.0550795
-0.0260051
0.0054205
0.0378826
0.0695788
0.0980664
0.1207451
0.1357348
0.1428787
0.1434371
0.1389619
0.1310323
0.1213523
0.1115904
0.1030750
0.0967789
0.0932152
0.0925206
0.0945793
0.0987535
0.1036894
0.1074607
0.1087075
0.1075412
0.1053552
0.1038508
0.1043148
0.1072913
0.1129231
0.1211474
0.1310722
0.1407167
0.1476212
0.1500777
0.1476761
0.1414729
0.1329420
0.1231717
0.1136017
0.1064169
0.1032594
0.1040386
0.1074943
0.1125781
0.1184618
0.1234875
0.1252684
0.1219922
0.1129711
0.0981265
0.0779894
0.0540658
0.0284392
0.0029348
-0.0203606
-0.0385139
-0.0490643
-0.0516874
-0.0479783
-0.0399214
-0.0295364
-0.0193481
-0.0115248
-0.0070042
-0.0055954
-0.0063117
-0.0080721
-0.0097949
-0.0106963
-0.0108022
-0.0106633
-0.0107052
-0.0113404
-0.0133090
-0.0170688
-0.0221498
-0.0279662
-0.0343202
-0.0410877
-0.0479106
-0.0538956
-0.0580089
-0.0595997
-0.0580952
-0.0530322
-0.0442595
-0.0325004
-0.0201536
-0.0106078
-0.0061286
-0.0068832
-0.0115769
-0.0185977
-0.0263760
-0.0336571
-0.0400420
-0.0460578
-0.0524575
-0.0590061
-0.0642313
-0.0670159
-0.0676426
-0.0668154
-0.0640912
-0.0586346
-0.0510453
-0.0427211
-0.0345130
-0.0264955
-0.0186301
-0.0118098
-0.0070093
-0.0044485
-0.0041610
-0.0067812
-0.0130634
-0.0230545
-0.0358747
-0.0505533
-0.0666561
-0.0838960
-0.1017099
-0.1196746
-0.1372306
-0.1534128
-0.1674553
-0.1793837
-0.1901461
-0.2002221
-0.2085901
-0.2129973
-0.2109541
-0.2008709
-0.1824125
-0.1559719
-0.1229643
-0.0861093
-0.0487513
-0.0140374
0.0158800
0.0401759
0.0586414
0.0712678
0.0780330
0.0792265
0.0765009
0.0728274
0.0708755
0.0718620
0.0759323
0.0826669
0.0915740
0.1022719
0.1141819
0.1264752
0.1382231
0.1486154
0.1568360
0.1625567
0.1663686
0.1692124
0.1713597
0.1721067
0.1710692
0.1693020
0.1684581
0.1689783
0.1705996
0.1734520
0.1776469
0.1817232
0.1827520
0.1785081
0.1687312
0.1549416
0.1390785
0.1227132
0.1066186
0.0909073
0.0760417
0.0628413
0.0517418
0.0424878
0.0344291
0.0274053
0.0218211
0.0182116
0.0170092
0.0189507
0.0249158
0.0342097
0.0445340
0.0535346
0.0600710
0.0639251
0.0648513
0.0631907
0.0600458
0.0563268
0.0520700
0.0467109
0.0398787
0.0312519
0.0203463
0.0067325
-0.0090164
-0.0249546
-0.0390862
-0.0500737
-0.0568977
-0.0587827
-0.0552409
-0.0460946
-0.0318468
-0.0138227
0.0058798
0.0247234
0.0403560
0.0509971
0.0554624
0.0531195
0.0443264
0.0307875
0.0148514
-0.0019585
-0.0194379
-0.0374375
-0.0552539
-0.0721608
-0.0878803
-0.1024979
-0.1163212
-0.1299686
-0.1443422
-0.1603545
-0.1783751
-0.1982049
-0.2193264
-0.2412182
-0.2630131
-0.2831203
-0.2994560
-0.3102603
-0.3147644
-0.3138829
-0.3097068
-0.3040078
-0.2977191
-0.2910403
-0.2838240
-0.2761727
-0.2691197
-0.2643758
-0.2621880
-0.2607401
-0.2587374
-0.2567996
-0.2561682
-0.2572360
-0.2601303
-0.2653381
-0.2727712
-0.2808878
-0.2870637
-0.2889465
-0.2854395
-0.2760774
-0.2602445
-0.2373875
-0.2080366
-0.1742742
-0.1385319
-0.1021244
-0.0661856
-0.0326856
-0.0037524
0.0195488
0.0375477
0.0515216
0.0627735
0.0718330
0.0787279
0.0842068
0.0899599
0.0967992
0.1037326
0.1093894
0.1137020
0.1173464
0.1205162
0.1230048
0.1254007
0.1289729
0.1341593
0.1399548
0.1447832
0.1477801
0.1491139
0.1488755
0.1471126
0.1442507
0.1402530
0.1340836
0.1250296
0.1137819
0.1018810
0.0902923
0.0791198
0.0683312
0.0580329
0.0474289
0.0352654
0.0216146
0.0078191
-0.0049994
-0.0167740
-0.0275642
-0.0370203
-0.0453270
-0.0537289
-0.0631031
-0.0729305
-0.0823874
-0.0909961
-0.0976400
-0.1003363
-0.0976703
-0.0898015
-0.0783745
-0.0654682
-0.0527228
-0.0415118
-0.0333067
-0.0293464
-0.0304378
-0.0366124
-0.0467816
-0.0591352
-0.0722623
-0.0853618
-0.0977363
-0.1078136
-0.1127963
-0.1100350
-0.0989542
-0.0824232
-0.0648421
-0.0483261
-0.0320602
-0.0154417
-0.0004748
0.0098694
0.0145091
0.0144048
0.0110509
0.0060784
0.0008772
-0.0039985
-0.0089270
-0.0138394
-0.0176374
-0.0199870
-0.0222663
-0.0260013
-0.0316657
-0.0386967
-0.0458032
-0.0515760
-0.0551590
-0.0563043
-0.0550116
-0.0518381
-0.0479142
-0.0447881
-0.0438136
-0.0454237
-0.0492888
-0.0553442
-0.0635478
-0.0727855
-0.0808128
-0.0858142
-0.0875719
-0.0869631
-0.0847302
-0.0811268
-0.0763599
-0.0712272
-0.0670179
-0.0643701
-0.0625921
-0.0602233
-0.0563381
-0.0513105
-0.0465339
-0.0428606
-0.0397329
-0.0360762
-0.0313666
-0.0257532
-0.0193162
-0.0118026
-0.0035035
0.0050820
0.0143345
0.0254336
0.0387462
0.0525898
0.0646337
0.0743603
0.0832665
0.0930154
0.1042531
0.1168911
0.1305068
0.1439521
0.1551395
0.1626102
0.1665839
0.1682341
0.1686084
0.1681388
0.1667992
0.1647155
0.1626868
0.1620958
0.1642893
0.1693945
0.1759490
0.1822044
0.1875263
0.1920000
0.1953871
0.1971457
0.1972815
0.1966688
0.1964795
0.1969376
0.1972107
0.1962238
0.1934580
0.1892184
0.1842650
0.1794806
0.1760602
0.1755487
0.1785731
0.1843401
0.1914423
0.1981731
0.2021280
0.2005328
0.1916735
0.1759418
0.1553245
0.1323464
0.1102626
0.0930262
0.0836227
0.0823225
0.0870126
0.0950528
0.1053558
0.1179892
0.1319130
0.1444704
0.1528492
0.1555340
0.1517756
0.1403773
0.1200142
0.0911538
0.0566665
0.0207531
-0.0120843
-0.0380431
-0.0545522
-0.0604783
-0.0563343
-0.0438339
-0.0251784
-0.0025429
0.0224368
0.0488170
0.0756566
0.1011244
0.1226252
0.1373750
0.1429491
0.1380419
0.1230699
0.1003891
0.0735651
0.0459920
0.0206269
0.0003306
-0.0130191
-0.0194871
-0.0206122
-0.0185093
-0.0159349
-0.0158164
-0.0197384
-0.0275612
-0.0386711
-0.0530998
-0.0705135
-0.0894024
-0.1078896
-0.1245609
-0.1387694
-0.1498451
-0.1568446
-0.1596133
-0.1595901
-0.1591581
-0.1607837
-0.1663311
-0.1764070
-0.1903470
-0.2067347
-0.2241224
-0.2413757
-0.2574051
-0.2709910
-0.2808083
-0.2854742
-0.2841087
-0.2775079
-0.2676704
-0.2554760
-0.2403613
-0.2226196
-0.2044502
-0.1883673
-0.1757091
-0.1668021
-0.1613646
-0.1582997
-0.1555788
-0.1508638
-0.1427955
-0.1317145
-0.1192177
-0.1073177
-0.0978264
-0.0914285
-0.0873914
-0.0845545
-0.0821001
-0.0797212
-0.0776419
-0.0763766
-0.0764571
-0.0779781
-0.0803258
-0.0823115
-0.0825966
-0.0802926
-0.0750945
-0.0672694
-0.0575587
-0.0472060
-0.0379016
-0.0306984
-0.0255076
-0.0214558
-0.0175997
-0.0133588
-0.0084468
-0.0028964
0.0031538
0.0095253
0.0158175
0.0217814
0.0278855
0.0344614
0.0411160
0.0475544
0.0539340
0.0603052
0.0661020
0.0704131
0.0727819
0.0735609
0.0736850
0.0740193
0.0744585
0.0737258
0.0700618
0.0627754
0.0530045
0.0424464
0.0316877
0.0198336
0.0057607
-0.0104813
-0.0274037
-0.0433198
-0.0572493
-0.0687281
-0.0772595
-0.0823881
-0.0838216
-0.0817074
-0.0771049
-0.0719055
-0.0680214
-0.0664738
-0.0670448
-0.0686848
-0.0701997
-0.0703205
-0.0679127
-0.0621158
-0.0528925
-0.0412760
-0.0286705
-0.0161802
-0.0044743
0.0060165
0.0146199
0.0203761
0.0223631
0.0204910
0.0162681
0.0122039
0.0107242
0.0132900
0.0208735
0.0348436
0.0566284
0.0857384
0.1183282
0.1487758
0.1733509
0.1922312
0.2074875
0.2202975
0.2309399
0.2403873
0.2504893
0.2621909
0.2740428
0.2828819
0.2860854
0.2823718
0.2711196
0.2514054
0.2213870
0.1798563
0.1285807
0.0719676
0.0151550
-0.0369575
-0.0805059
-0.1140644
-0.1373915
-0.1487526
-0.1452239
-0.1261705
-0.0953732
-0.0600322
-0.0279768
-0.0044267
0.0091952
0.0131797
0.0074510
-0.0079204
-0.0308909
-0.0573522
-0.0823381
-0.1016063
-0.1132205
-0.1173914
-0.1158910
-0.1117651
-0.1082139
-0.1072869
-0.1097479
-0.1152730
-0.1223380
-0.1287713
-0.1321895
-0.1300779
-0.1206777
-0.1037074
-0.0801718
-0.0515528
-0.0199586
0.0113153
0.0384172
0.0589236
0.0721746
0.0772426
0.0724527
0.0573804
0.0340585
0.0060969
-0.0228397
-0.0500627
-0.0734180
-0.0907849
-0.0998657
-0.0988046
-0.0874712
-0.0678078
-0.0433949
-0.0180350
0.0053701
0.0242483
0.0360889
0.0391937
0.0330944
0.0187961
-0.0012057
-0.0238408
-0.0461477
-0.0654685
-0.0797416
-0.0874510
-0.0876327
-0.0805904
-0.0678263
-0.0515338
-0.0343505
-0.0191098
-0.0079281
-0.0020086
-0.0017959
-0.0070310
-0.0167965
-0.0292100
-0.0422602
-0.0546586
-0.0654094
-0.0736199
-0.0784251
-0.0793064
-0.0765194
-0.0716063
-0.0667729
-0.0636520
-0.0630504
-0.0656014
-0.0719622
-0.0821042
-0.0954479
-0.1113037
-0.1283615
-0.1429807
-0.1499896
-0.1463323
-0.1334190
-0.1148245
-0.0923080
-0.0657304
-0.0355721
-0.0040461
0.0257804
0.0509732
0.0694403
0.0805632
0.0854086
0.0859570
0.0841317
0.0817367
0.0803916
0.0810999
0.0837785
0.0870003
0.0888341
0.0877168
0.0833488
0.0767892
0.0691295
0.0610687
0.0537167
0.0484915
0.0461335
0.0459155
0.0466684
0.0488826
0.0536674
0.0605602
0.0671733
0.0712544
0.0733314
0.0764672
0.0830590
0.0928631
0.1035633
0.1126903
0.1191462
0.1235491
0.1274373
0.1318048
0.1358911
0.1376530
0.1356632
0.1309310
0.1264520
0.1246328
0.1249775
0.1246042
0.1201669
0.1095441
0.0924892
0.0698688
0.0435293
0.0157767
-0.0112132
-0.0356549
-0.0558472
-0.0696230
-0.0748552
-0.0708161
-0.0593717
-0.0441335
-0.0283297
-0.0142542
-0.0035111
0.0028031
0.0042005
0.0014993
-0.0035471
-0.0096377
-0.0168973
-0.0261768
-0.0369073
-0.0467382
-0.0526627
-0.0528468
-0.0478671
-0.0402032
-0.0330044
-0.0287172
-0.0283052
-0.0313993
-0.0366927
-0.0429850
-0.0490787
-0.0529223
-0.0519027
-0.0448388
-0.0328392
-0.0183045
-0.0043584
0.0051777
0.0068116
-0.0002871
-0.0137298
-0.0299692
-0.0469197
-0.0640820
-0.0802044
-0.0915819
-0.0934684
-0.0842293
-0.0675825
-0.0494417
-0.0330434
-0.0181002
-0.0037481
0.0095863
0.0211399
0.0314381
0.0422774
0.0552308
0.0708053
0.0886963
0.1083592
0.1291436
0.1501456
0.1697470
0.1850583
0.1926272
0.1907414
0.1808432
0.1669813
0.1537061
0.1444184
0.1412635
0.1456546
0.1583359
0.1788216
0.2049212
0.2329224
0.2585466
0.2780483
0.2893309
0.2923235
0.2881662
0.2784949
0.2647197
0.2467569
0.2230386
0.1923223
0.1554849
0.1156886
0.0772462
0.0440875
0.0183912
0.0005223
-0.0100007
-0.0129978
-0.0074365
0.0071100
0.0287900
0.0538137
0.0780978
0.0979157
0.1096733
0.1099378
0.0964539
0.0701680
0.0364001
0.0029250
-0.0239003
-0.0408023
-0.0465930
-0.0411160
-0.0253157
-0.0011820
0.0284109
0.0599161
0.0902809
0.1184771
0.1450751
0.1698973
0.1905334
0.2028231
0.2029228
0.1893441
0.1636275
0.1297604
0.0929706
0.0579462
0.0280586
0.0061342
-0.0056005
-0.0071960
-0.0010352
0.0103403
0.0255911
0.0435615
0.0618443
0.0775393
0.0891158
0.0966854
0.1005792
0.1006729
0.0970500
0.0905203
0.0830294
0.0775828
0.0769984
0.0824608
0.0925810
0.1041646
0.1145767
0.1224318
0.1262366
0.1241745
0.1158428
0.1029129
0.0884165
0.0753585
0.0655513
0.0592415
0.0555533
0.0534029
0.0518808
0.0495862
0.0447280
0.0368987
0.0277300
0.0199476
0.0160016
0.0174253
0.0244753
0.0357804
0.0488726
0.0618464
0.0738092
0.0836195
0.0890422
0.0877801
0.0797639
0.0672916
0.0527681
0.0373800
0.0210541
0.0038507
-0.0133378
-0.0291747
-0.0425920
-0.0533364
-0.0618220
-0.0688454
-0.0749163
-0.0802011
-0.0848276
-0.0885476
-0.0904301
-0.0893475
-0.0850218
-0.0790041
-0.0745788
-0.0745009
-0.0791792
-0.0874313
-0.0982968
-0.1120018
-0.1293274
-0.1504202
-0.1746600
-0.2008622
-0.2280080
-0.2556855
-0.2835668
-0.3098297
-0.3294513
-0.3340016
-0.3152672
-0.2708002
-0.2068460
-0.1350704
-0.0658882
-0.0047547
0.0471800
0.0903600
0.1240085
0.1450679
0.1499708
0.1367947
0.1058452
0.0602405
0.0064213
-0.0472940
-0.0933077
-0.1269902
-0.1476125
-0.1578431
-0.1621015
-0.1649381
-0.1696589
-0.1784734
-0.1928714
-0.2128615
-0.2366101
-0.2605032
-0.2796205
-0.2888714
-0.2840899
-0.2624843
-0.2233190
-0.1691214
-0.1066513
-0.0454809
0.0063925
0.0463357
0.0759528
0.0969014
0.1097895
0.1162523
0.1191407
0.1201208
0.1195021
0.1180118
0.1167067
0.1158624
0.1148974
0.1130194
0.1095895
0.1045247
0.0987423
0.0934713
0.0891727
0.0861658
0.0861152
0.0916753
0.1046176
0.1248506
0.1513898
0.1828373
0.2169711
0.2504951
0.2786928
0.2945965
0.2901531
0.2604974
0.2077260
0.1401425
0.0673539
-0.0027673
-0.0639937
-0.1109454
-0.1390619
-0.1451156
-0.1281130
-0.0901391
-0.0366985
0.0240272
0.0832628
0.1334098
0.1690101
0.1871261
0.1876809
0.1735850
0.1490200
0.1173171
0.0816215
0.0466466
0.0175348
-0.0035691
-0.0190202
-0.0334558
-0.0498288
-0.0681692
-0.0876355
-0.1076638
-0.1273242
-0.1447717
-0.1581856
-0.1674148
-0.1745835
-0.1818764
-0.1895421
-0.1966053
-0.2023751
-0.2064370
-0.2069977
-0.2007712
-0.1855091
-0.1613819
-0.1305056
-0.0957204
-0.0601357
-0.0268922
0.0016595
0.0245469
0.0420703
0.0544084
0.0616327
0.0646265
0.0652046
0.0655884
0.0684632
0.0767496
0.0918136
0.1120966
0.1337202
0.1518666
0.1618891
0.1599456
0.1436118
0.1130983
0.0715443
0.0238926
-0.0239545
-0.0665908
-0.1006154
-0.1245443
-0.1384892
-0.1435647
-0.1417977
-0.1364678
-0.1305147
-0.1250996
-0.1205419
-0.1171570
-0.1147482
-0.1113848
-0.1035246
-0.0887285
-0.0672987
-0.0419329
-0.0159836
0.0082175
0.0294964
0.0469460
0.0598973
0.0689041
0.0756145
0.0814880
0.0873189
0.0938895
0.1023982
0.1136766
0.1268193
0.1392388
0.1485402
0.1543852
0.1582073
0.1622894
0.1691300
0.1801698
0.1953886
0.2139973
0.2346825
0.2560685
0.2775816
0.2995788
0.3215530
0.3371416
0.3319151
0.2919695
0.2175881
0.1248477
0.0313652
-0.0549645
-0.1315651
-0.1929292
-0.2314615
-0.2425852
-0.2265182
-0.1872619
-0.1327293
-0.0745402
-0.0249528
0.0070724
0.0179231
0.0086808
-0.0167093
-0.0519726
-0.0889678
-0.1197886
-0.1393448
-0.1457861
-0.1393555
-0.1223782
-0.0992841
-0.0752086
-0.0548239
-0.0417495
-0.0374823
-0.0410194
-0.0498716
-0.0617102
-0.0740417
-0.0827686
-0.0837344
-0.0764360
-0.0643359
-0.0510894
-0.0376035
-0.0234625
-0.0096515
0.0011506
0.0068811
0.0078920
0.0066221
0.0058782
0.0072095
0.0105162
0.0147465
0.0184862
0.0202408
0.0192366
0.0161362
0.0123454
0.0084444
0.0040240
-0.0011595
-0.0069356
-0.0128588
-0.0180436
-0.0211263
-0.0212190
-0.0191522
-0.0168392
-0.0156291
-0.0157428
-0.0171745
-0.0204862
-0.0260927
-0.0330263
-0.0392424
-0.0432725
-0.0447856
-0.0439323
-0.0408838
-0.0356162
-0.0285900
-0.0209094
-0.0135152
-0.0065365
0.0005266
0.0078353
0.0151187
0.0223239
0.0298130
0.0377128
0.0455254
0.0521525
0.0562721
0.0573779
0.0562459
0.0548321
0.0546415
0.0557387
0.0577019
0.0608570
0.0660765
0.0734267
0.0821660
0.0916595
0.1015968
0.1118323
0.1222168
0.1328498
0.1442136
0.1563490
0.1680333
0.1777408
0.1848935
0.1899178
0.1934927
0.1964232
0.1998869
0.2046900
0.2103270
0.2155189
0.2195836
0.2232034
0.2276511
0.2337071
0.2415260
0.2501931
0.2581507
0.2644538
0.2692599
0.2733102
0.2767276
0.2783879
0.2764906
0.2698277
0.2590480
0.2472409
0.2384525
0.2335814
0.2271713
0.2107157
0.1803577
0.1395897
0.0947864
0.0505250
0.0100697
-0.0227462
-0.0454581
-0.0596135
-0.0692047
-0.0772503
-0.0846883
-0.0916405
-0.0983980
-0.1053785
-0.1123603
-0.1179155
-0.1200848
-0.1176421
-0.1109523
-0.1014889
-0.0908580
-0.0810473
-0.0740990
-0.0717558
-0.0747769
-0.0823401
-0.0927017
-0.1039614
-0.1148854
-0.1251305
-0.1347145
-0.1431543
-0.1494462
-0.1531281
-0.1550673
-0.1567001
-0.1586552
-0.1606089
-0.1621507
-0.1631333
-0.1640855
-0.1665810
-0.1728451
-0.1839369
-0.1987973
-0.2158397
-0.2344079
-0.2539168
-0.2731729
-0.2911025
-0.3075249
-0.3225081
-0.3360058
-0.3496178
-0.3688059
-0.4005526
-0.4447450
-0.4878912
-0.5099217
-0.4985987
-0.4554784
-0.3903046
-0.3138569
-0.2353385
-0.1619310
-0.0971352
-0.0400970
0.0116988
0.0582331
0.0959188
0.1197902
0.1268496
0.1178215
0.0961250
0.0661179
0.0318442
-0.0028038
-0.0337608
-0.0571854
-0.0703776
-0.0722714
-0.0633378
-0.0461734
-0.0264087
-0.0111907
-0.0048417
-0.0057444
-0.0091254
-0.0120778
-0.0147969
-0.0177489
-0.0198786
-0.0203304
-0.0202322
-0.0220438
-0.0277700
-0.0379375
-0.0510662
-0.0636025
-0.0710022
-0.0695779
-0.0578520
-0.0369508
-0.0099601
0.0199933
0.0509328
0.0806897
0.1055830
0.1216638
0.1267990
0.1208576
0.1050564
0.0814392
0.0528824
0.0225839
-0.0067541
-0.0325288
-0.0514932
-0.0600448
-0.0558273
-0.0397900
-0.0160772
0.0106730
0.0377243
0.0636482
0.0870685
0.1069845
0.1235878
0.1381810
0.1520978
0.1664394
0.1824067
0.2013116
0.2233305
0.2465604
0.2681776
0.2864265
0.3016452
0.3148872
0.3265194
0.3362414
0.3433349
0.3489487
0.3589337
0.3804569
0.4127729
0.4418767
0.4480049
0.4209516
0.3655691
0.2924651
0.2089528
0.1207365
0.0364006
-0.0351998
-0.0900406
-0.1289603
-0.1528593
-0.1606392
-0.1517756
-0.1281962
-0.0946770
-0.0576760
-0.0217743
0.0121204
0.0429662
0.0664989
0.0785597
0.0798104
0.0741057
0.0631926
0.0461322
0.0232674
-0.0029151
-0.0303366
-0.0579458
-0.0843418
-0.1080756
-0.1284994
-0.1458048
-0.1604759
-0.1724160
-0.1823460
-0.1927471
-0.2060816
-0.2224664
-0.2402862
-0.2584238
-0.2767637
-0.2950473
-0.3113903
-0.3218868
-0.3216541
-0.3069614
-0.2771698
-0.2343169
-0.1816871
-0.1233358
-0.0640148
-0.0085306
0.0392593
0.0772234
0.1046089
0.1205279
0.1237641
0.1143326
0.0946948
0.0689180
0.0408103
0.0126337
-0.0147465
-0.0412501
-0.0681192
-0.0973985
-0.1293279
-0.1615467
-0.1909452
-0.2154307
-0.2346102
-0.2496107
-0.2617054
-0.2711716
-0.2777911
-0.2824050
-0.2871576
-0.2936948
-0.3023460
-0.3124422
-0.3228910
-0.3326954
-0.3412512
-0.3488620
-0.3570768
-0.3686050
-0.3852601
-0.4033270
-0.4121458
-0.4019556
-0.3723115
-0.3299383
-0.2805554
-0.2275673
-0.1761036
-0.1322434
-0.0980281
-0.0715239
-0.0512825
-0.0379815
-0.0328320
-0.0360041
-0.0464523
-0.0616548
-0.0773786
-0.0899472
-0.0982431
-0.1028466
-0.1041026
-0.1016001
-0.0952038
-0.0865627
-0.0791492
-0.0759093
-0.0773016
-0.0815402
-0.0870556
-0.0939678
-0.1025869
-0.1116645
-0.1194823
-0.1261323
-0.1326452
-0.1386558
-0.1421316
-0.1408885
-0.1339616
-0.1218941
-0.1062579
-0.0883899
-0.0682689
-0.0455308
-0.0207701
0.0047157
0.0300512
0.0544303
0.0766060
0.0952634
0.1096199
0.1194962
0.1251834
0.1269031
0.1239742
0.1153100
0.1004068
0.0800640
0.0565520
0.0324572
0.0095348
-0.0118415
-0.0319719
-0.0507504
-0.0669512
-0.0788477
-0.0857077
-0.0882334
-0.0877592
-0.0854157
-0.0818916
-0.0774232
-0.0721756
-0.0671811
-0.0645633
-0.0665567
-0.0743447
-0.0876913
-0.1046351
-0.1222778
-0.1376891
-0.1479781
-0.1509519
-0.1464190
-0.1361771
-0.1226412
-0.1080393
-0.0953300
-0.0889757
-0.0930436
-0.1082679
-0.1316810
-0.1589645
-0.1863385
-0.2101030
-0.2258376
-0.2303431
-0.2241918
-0.2110668
-0.1940794
-0.1743884
-0.1537133
-0.1352874
-0.1215755
-0.1129126
-0.1087348
-0.1081928
-0.1101142
-0.1131827
-0.1167496
-0.1211543
-0.1265032
-0.1316438
-0.1353985
-0.1372642
-0.1371035
-0.1350795
-0.1319976
-0.1288677
-0.1263362
-0.1247948
-0.1245924
-0.1263407
-0.1303747
-0.1364733
-0.1447211
-0.1551468
-0.1668021
-0.1776469
-0.1854889
-0.1891173
-0.1884612
-0.1839312
-0.1761643
-0.1656938
-0.1530660
-0.1392370
-0.1253056
-0.1122266
-0.1004382
-0.0899147
-0.0807803
-0.0730056
-0.0656410
-0.0573662
-0.0478356
-0.0382179
-0.0300203
-0.0239662
-0.0203356
-0.0195102
-0.0216266
-0.0261533
-0.0321512
-0.0392261
-0.0480834
-0.0596993
-0.0736701
-0.0884232
-0.1022556
-0.1140440
-0.1231328
-0.1291209
-0.1323075
-0.1336972
-0.1343019
-0.1346347
-0.1346783
-0.1344831
-0.1336780
-0.1309851
-0.1248611
-0.1144296
-0.1002774
-0.0844353
-0.0695695
-0.0575176
-0.0484601
-0.0418466
-0.0371455
-0.0337475
-0.0307973
-0.0272341
-0.0230483
-0.0194822
-0.0169753
-0.0146017
-0.0115695
-0.0083638
-0.0060533
-0.0048259
-0.0039051
-0.0027484
-0.0020711
-0.0032559
-0.0073166
-0.0145273
-0.0241737
-0.0350164
-0.0457077
-0.0553932
-0.0641674
-0.0721831
-0.0794491
-0.0862120
-0.0926848
-0.0987386
-0.1039641
-0.1083792
-0.1121314
-0.1147989
-0.1149630
-0.1102070
-0.0986961
-0.0806836
-0.0585015
-0.0353106
-0.0138171
0.0048535
0.0213356
0.0367864
0.0516739
0.0656728
0.0784732
0.0901327
0.1009601
0.1111429
0.1204288
0.1286015
0.1356450
0.1414687
0.1464117
0.1515357
0.1573692
0.1632272
0.1680304
0.1707340
0.1711501
0.1702499
0.1687644
0.1666042
0.1633399
0.1588041
0.1536006
0.1489838
0.1462730
0.1456618
0.1460577
0.1460664
0.1449711
0.1430228
0.1411239
0.1401185
0.1403157
0.1412870
0.1421568
0.1425309
0.1426176
0.1425575
0.1419351
0.1400741
0.1375355
0.1362108
0.1371861
0.1403877
0.1454060
0.1520328
0.1598242
0.1677154
0.1746658
0.1800369
0.1834919
0.1848386
0.1838054
0.1801525
0.1740112
0.1656403
0.1553259
0.1436810
0.1315275
0.1198395
0.1095157
0.1012209
0.0951297
0.0909989
0.0883795
0.0866386
0.0851945
0.0839700
0.0830965
0.0827822
0.0832521
0.0847488
0.0877082
0.0922809
0.0982847
0.1053294
0.1130069
0.1209162
0.1288759
0.1366169
0.1435506
0.1489477
0.1525371
0.1544358
0.1550543
0.1553650
0.1558620
0.1557970
0.1544546
0.1519779
0.1490214
0.1458453
0.1423608
0.1385480
0.1346149
0.1306562
0.1265150
0.1220274
0.1174141
0.1127636
0.1076651
0.1017436
0.0951463
0.0887032
0.0830193
0.0784079
0.0753339
0.0743119
0.0753279
0.0780939
0.0822062
0.0873894
0.0937834
0.1014358
0.1095306
0.1169362
0.1232024
0.1281150
0.1312310
0.1321425
0.1309099
0.1285920
0.1266132
0.1258361
0.1264261
0.1279829
0.1301246
0.1329822
0.1370301
0.1423068
0.1481530
0.1536960
0.1580729
0.1605944
0.1609672
0.1594399
0.1567233
0.1538145
0.1513507
0.1490705
0.1461805
0.1421467
0.1370861
0.1319061
0.1276630
0.1247331
0.1226512
0.1204221
0.1174901
0.1143147
0.1118937
0.1108175
0.1109871
0.1120690
0.1138661
0.1164192
0.1200695
0.1249711
0.1306365
0.1360473
0.1403529
0.1428942
0.1434200
0.1422941
0.1400179
0.1371491
0.1342237
0.1318024
0.1303709
0.1301051
0.1309534
0.1328068
0.1355475
0.1389131
0.1425630
0.1462051
0.1493653
0.1513392
0.1516556
0.1502135
0.1473235
0.1438177
0.1405073
0.1357525
0.1225856
0.0916377
0.0441998
0.0035697
0.0020819
0.0490722
0.1206576
0.1876549
0.2433134
0.2951427
0.3408379
0.3681224
0.3729603
0.3632831
0.3458116
0.3211050
0.2905317
0.2595957
0.2342605
0.2171503
0.2074760
0.2028607
0.2011180
0.2014489
0.2043100
0.2095814
0.2161749
0.2230936
0.2303460
0.2383860
0.2472308
0.2564066
0.2652919
0.2733232
0.2792058
0.2808184
0.2759675
0.2633310
0.2421921
0.2122691
0.1749895
0.1336775
0.0920203
0.0529137
0.0188898
-0.0075053
-0.0244058
-0.0312317
-0.0286486
-0.0183719
-0.0033031
0.0124745
0.0251257
0.0323312
0.0337828
0.0307752
0.0255060
0.0199043
0.0150023
0.0112528
0.0084453
0.0058970
0.0028113
-0.0014719
-0.0071503
-0.0139874
-0.0213386
-0.0280209
-0.0326710
-0.0343687
-0.0332308
-0.0303080
-0.0269667
-0.0239994
-0.0215685
-0.0198611
-0.0193465
-0.0204041
-0.0229635
-0.0265910
-0.0307515
-0.0351853
-0.0401709
-0.0460631
-0.0525827
-0.0592865
-0.0656368
-0.0706586
-0.0736469
-0.0747478
-0.0744724
-0.0730887
-0.0707385
-0.0677420
-0.0645369
-0.0615923
-0.0593570
-0.0583351
-0.0587472
-0.0603491
-0.0628062
-0.0656582
-0.0683910
-0.0708129
-0.0729141
-0.0748188
-0.0768483
-0.0792390
-0.0819884
-0.0848284
-0.0869394
-0.0876644
-0.0868574
-0.0844354
-0.0804322
-0.0749654
-0.0683932
-0.0611995
-0.0537729
-0.0467853
-0.0408791
-0.0361942
-0.0325827
-0.0300118
-0.0286577
-0.0288318
-0.0304813
-0.0327635
-0.0349489
-0.0367917
-0.0383304
-0.0397196
-0.0408273
-0.0409565
-0.0396413
-0.0371752
-0.0341810
-0.0310692
-0.0280116
-0.0254408
-0.0239295
-0.0238744
-0.0251749
-0.0274598
-0.0306974
-0.0349700
-0.0396700
-0.0434766
-0.0458195
-0.0467203
-0.0458043
-0.0428890
-0.0382478
-0.0322219
-0.0251898
-0.0176234
-0.0098477
-0.0020646
0.0052758
0.0117049
0.0169146
0.0208599
0.0237035
0.0254777
0.0262977
0.0260847
0.0247972
0.0225349
0.0199030
0.0183274
0.0186999
0.0202788
0.0219639
0.0237830
0.0262720
0.0292429
0.0315058
0.0316328
0.0292438
0.0252168
0.0206678
0.0158183
0.0101818
0.0036453
-0.0032288
-0.0097334
-0.0154047
-0.0196134
-0.0215783
-0.0215298
-0.0206699
-0.0196763
-0.0183213
-0.0164067
-0.0142782
-0.0125918
-0.0121864
-0.0137899
-0.0179193
-0.0245922
-0.0329652
-0.0418236
-0.0503991
-0.0582925
-0.0652452
-0.0713131
-0.0766242
-0.0809875
-0.0844152
-0.0872205
-0.0898724
-0.0925634
-0.0950732
-0.0974293
-0.0998329
-0.1022355
-0.1046404
-0.1071090
-0.1097797
-0.1126567
-0.1155354
-0.1182163
-0.1207614
-0.1231809
-0.1250554
-0.1260446
-0.1260190
-0.1252500
-0.1240849
-0.1227243
-0.1214884
-0.1208302
-0.1212241
-0.1228295
-0.1254943
-0.1288709
-0.1328868
-0.1379260
-0.1441928
-0.1510704
-0.1576408
-0.1633847
-0.1684335
-0.1729203
-0.1764417
-0.1785760
-0.1796337
-0.1804111
-0.1813518
-0.1823402
-0.1834370
-0.1851190
-0.1879251
-0.1920680
-0.1974954
-0.2040037
-0.2111882
-0.2185577
-0.2253839
-0.2307217
-0.2336204
-0.2334325
-0.2301408
-0.2243319
-0.2165622
-0.2075728
-0.1983291
-0.1894800
-0.1814588
-0.1746196
-0.1689350
-0.1639367
-0.1589124
-0.1532683
-0.1465028
-0.1385654
-0.1300740
-0.1214989
-0.1125720
-0.1032237
-0.0941361
-0.0857597
-0.0776930
-0.0692365
-0.0606760
-0.0530035
-0.0469697
-0.0428425
-0.0405731
-0.0397738
-0.0399758
-0.0410574
-0.0431825
-0.0464797
-0.0504980
-0.0544765
-0.0583891
-0.0634749
-0.0707067
-0.0792668
-0.0880008
-0.0967357
-0.1054435
-0.1135241
-0.1202793
-0.1257516
-0.1307062
-0.1355953
-0.1401998
-0.1443129
-0.1479319
-0.1510993
-0.1537942
-0.1559820
-0.1577911
-0.1593980
-0.1610279
-0.1628905
-0.1651707
-0.1680607
-0.1714493
-0.1746398
-0.1762813
-0.1746485
-0.1686474
-0.1576755
-0.1416012
-0.1214689
-0.0993036
-0.0770457
-0.0560716
-0.0373255
-0.0214562
-0.0090041
-0.0002889
0.0047966
0.0066950
0.0062587
0.0048450
0.0036001
0.0032901
0.0045810
0.0078049
0.0131191
0.0201268
0.0279827
0.0361757
0.0443070
0.0519954
0.0588882
0.0645052
0.0685970
0.0712274
0.0724098
0.0719448
0.0692208
0.0634465
0.0541992
0.0416500
0.0266864
0.0106795
-0.0052797
-0.0204441
-0.0342685
-0.0461240
-0.0554897
-0.0622804
-0.0666849
-0.0691956
-0.0703091
-0.0706699
-0.0709804
-0.0715464
-0.0722892
-0.0729276
-0.0732265
-0.0729234
-0.0720061
-0.0708694
-0.0698078
-0.0687504
-0.0670635
-0.0642512
-0.0609884
-0.0589885
-0.0590122
-0.0598403
-0.0599140
-0.0591950
-0.0586900
-0.0583926
-0.0571551
-0.0541967
-0.0494892
-0.0431065
-0.0349138
-0.0254547
-0.0159719
-0.0073857
0.0000516
0.0062655
0.0109381
0.0134208
0.0133324
0.0106376
0.0056968
-0.0006426
-0.0075760
-0.0145113
-0.0209459
-0.0263691
-0.0305245
-0.0335162
-0.0354191
-0.0362561
-0.0362010
-0.0354161
-0.0339276
-0.0318810
-0.0295196
-0.0270531
-0.0243636
-0.0211312
-0.0172228
-0.0129895
-0.0088405
-0.0048101
-0.0008341
0.0033302
0.0085068
0.0156511
0.0251718
0.0363552
0.0469005
0.0523038
0.0481681
0.0352184
0.0200927
0.0101573
0.0085506
0.0137347
0.0220042
0.0305922
0.0390786
0.0484331
0.0586992
0.0682924
0.0754608
0.0798429
0.0819017
0.0820660
0.0811444
0.0804829
0.0813622
0.0844714
0.0899037
0.0978379
0.1082299
0.1204457
0.1333222
0.1454306
0.1558274
0.1640928
0.1700201
0.1735748
0.1749794
0.1743349
0.1716516
0.1669871
0.1606580
0.1534518
0.1460722
0.1389454
0.1322304
0.1257566
0.1193882
0.1131041
0.1070004
0.1006109
0.0929395
0.0837837
0.0739668
0.0644792
0.0557279
0.0475869
0.0403747
0.0349655
0.0317624
0.0305443
0.0312028
0.0340300
0.0390998
0.0458381
0.0532871
0.0606260
0.0674413
0.0732950
0.0777888
0.0806875
0.0821634
0.0829066
0.0837470
0.0850728
0.0869243
0.0894436
0.0926940
0.0962475
0.0993042
0.1013829
0.1023531
0.1022517
0.1010202
0.0985211
0.0950361
0.0911161
0.0871429
0.0833035
0.0796998
0.0762870
0.0729579
0.0693964
0.0652175
0.0601042
0.0538924
0.0469745
0.0398303
0.0327493
0.0257356
0.0184596
0.0109106
0.0032437
-0.0046297
-0.0126878
-0.0206258
-0.0281022
-0.0350535
-0.0416940
-0.0481582
-0.0544688
-0.0606705
-0.0670476
-0.0739983
-0.0819179
-0.0907918
-0.0999446
-0.1084520
-0.1156931
-0.1213713
-0.1256138
-0.1289018
-0.1317996
-0.1345210
-0.1370124
-0.1390872
-0.1404030
-0.1408306
-0.1405585
-0.1394652
-0.1370074
-0.1329487
-0.1271208
-0.1193782
-0.1102880
-0.1007629
-0.0907618
-0.0788208
-0.0633094
-0.0442036
-0.0228913
-0.0006747
0.0220524
0.0448129
0.0663314
0.0854746
0.1019047
0.1155793
0.1263849
0.1341544
0.1388963
0.1407904
0.1403599
0.1385927
0.1366224
0.1350350
0.1336517
0.1323493
0.1313333
0.1303260
0.1287207
0.1266336
0.1249922
0.1244216
0.1243629
0.1239320
0.1231303
0.1226084
0.1228595
0.1237475
0.1247522
0.1256033
0.1266014
0.1279293
0.1290951
0.1290349
0.1269084
0.1226731
0.1165498
0.1086001
0.0989581
0.0880210
0.0766870
0.0656861
0.0552736
0.0455480
0.0366636
0.0289045
0.0225697
0.0176615
0.0138557
0.0105989
0.0072878
0.0036004
-0.0006139
-0.0052638
-0.0098226
-0.0137333
-0.0167740
-0.0187013
-0.0192169
-0.0180881
-0.0148870
-0.0091847
-0.0008904
0.0098268
0.0225251
0.0363798
0.0503646
0.0637456
0.0759710
0.0864963
0.0950705
0.1019244
0.1074420
0.1120238
0.1161641
0.1203058
0.1246418
0.1291907
0.1337725
0.1380830
0.1415870
0.1438898
0.1457109
0.1481645
0.1513565
0.1542407
0.1559560
0.1567001
0.1568909
0.1558967
0.1524070
0.1459392
0.1371373
0.1269989
0.1159834
0.1040432
0.0915400
0.0793769
0.0683343
0.0589446
0.0514557
0.0458897
0.0417258
0.0383987
0.0357065
0.0335306
0.0315939
0.0293705
0.0263822
0.0224776
0.0178868
0.0130577
0.0084730
0.0048333
0.0026812
0.0022367
0.0036253
0.0068259
0.0116381
0.0177814
0.0250567
0.0332666
0.0421275
0.0516427
0.0618396
0.0724572
0.0829070
0.0926829
0.1016214
0.1095793
0.1161729
0.1210351
0.1240264
0.1252633
0.1250171
0.1235030
0.1211586
0.1186001
0.1163452
0.1147148
0.1137981
0.1134965
0.1135599
0.1138754
0.1146421
0.1161972
0.1186003
0.1213895
0.1235744
0.1243847
0.1236276
0.1216687
0.1190806
0.1162026
0.1132168
0.1102571
0.1076837
0.1060155
0.1054369
0.1059350
0.1074521
0.1097660
0.1122359
0.1139375
0.1141864
0.1129208
0.1104471
0.1068472
0.1019505
0.0955414
0.0877244
0.0789843
0.0699387
0.0609930
0.0522662
0.0438361
0.0359156
0.0288514
0.0228937
0.0178709
0.0132255
0.0086204
0.0039648
-0.0007604
-0.0055657
-0.0103487
-0.0154128
-0.0212520
-0.0280204
-0.0356169
-0.0437393
-0.0518329
-0.0589946
-0.0644487
-0.0677485
-0.0686345
-0.0672438
-0.0641344
-0.0598211
-0.0548960
-0.0501256
-0.0461715
-0.0435238
-0.0423518
-0.0426876
-0.0441544
-0.0460185
-0.0477970
-0.0492379
-0.0499237
-0.0496356
-0.0485248
-0.0471258
-0.0460646
-0.0456993
-0.0460237
-0.0469050
-0.0482772
-0.0499367
-0.0515981
-0.0530907
-0.0539430
-0.0536066
-0.0521318
-0.0499314
-0.0477665
-0.0464039
-0.0459662
-0.0461000
-0.0466078
-0.0472831
-0.0479526
-0.0487742
-0.0499503
-0.0510488
-0.0512721
-0.0503231
-0.0484825
-0.0462656
-0.0441231
-0.0422186
-0.0405661
-0.0390637
-0.0375307
-0.0358861
-0.0342120
-0.0326194
-0.0311921
-0.0300791
-0.0294341
-0.0294510
-0.0301728
-0.0312986
-0.0323931
-0.0331349
-0.0334557
-0.0331739
-0.0318279
-0.0295352
-0.0272609
-0.0256814
-0.0247374
-0.0244501
-0.0250979
-0.0267329
-0.0291303
-0.0319091
-0.0348725
-0.0379086
-0.0407457
-0.0431116
-0.0447420
-0.0453590
-0.0448631
-0.0435243
-0.0416829
-0.0394638
-0.0370848
-0.0348311
-0.0330327
-0.0319248
-0.0314121
-0.0314225
-0.0321744
-0.0339981
-0.0370491
-0.0414231
-0.0472720
-0.0545333
-0.0628614
-0.0716671
-0.0805189
-0.0890507
-0.0970326
-0.1042930
-0.1106149
-0.1160653
-0.1207793
-0.1250837
-0.1294860
-0.1341122
-0.1382732
-0.1412763
-0.1431744
-0.1443172
-0.1449552
-0.1452427
-0.1454306
-0.1455794
-0.1454378
-0.1445578
-0.1422782
-0.1382585
-0.1324673
-0.1250366
-0.1162160
-0.1063102
-0.0955727
-0.0843928
-0.0737436
-0.0646055
-0.0572145
-0.0513056
-0.0462820
-0.0417898
-0.0384078
-0.0369332
-0.0376002
-0.0400623
-0.0435829
-0.0473558
-0.0510144
-0.0550401
-0.0597786
-0.0646474
-0.0687145
-0.0718513
-0.0744538
-0.0767918
-0.0789094
-0.0809339
-0.0831898
-0.0859193
-0.0892683
-0.0931226
-0.0973332
-0.1018547
-0.1064563
-0.1108595
-0.1148301
-0.1179201
-0.1197006
-0.1200181
-0.1186336
-0.1149756
-0.1090862
-0.1017146
-0.0934716
-0.0847290
-0.0759762
-0.0677432
-0.0600389
-0.0523057
-0.0440987
-0.0353198
-0.0264671
-0.0185805
-0.0120575
-0.0061742
-0.0007843
0.0029195
0.0040541
0.0033070
0.0019030
0.0002245
-0.0020445
-0.0048334
-0.0077549
-0.0107586
-0.0141436
-0.0182564
-0.0230836
-0.0282385
-0.0332275
-0.0374277
-0.0403779
-0.0423787
-0.0436173
-0.0432538
-0.0409614
-0.0383135
-0.0370297
-0.0371472
-0.0379487
-0.0393484
-0.0417802
-0.0451727
-0.0488888
-0.0527510
-0.0571597
-0.0621989
-0.0671752
-0.0712556
-0.0740542
-0.0753579
-0.0748016
-0.0720749
-0.0672016
-0.0605796
-0.0527952
-0.0445322
-0.0362095
-0.0280722
-0.0202222
-0.0126911
-0.0056326
0.0006780
0.0059680
0.0103039
0.0138282
0.0161550
0.0168246
0.0159227
0.0140132
0.0116944
0.0093202
0.0069832
0.0046920
0.0024410
0.0005375
-0.0006150
-0.0014245
-0.0030404
-0.0061326
-0.0101931
-0.0144527
-0.0191506
-0.0248894
-0.0316152
-0.0388942
-0.0469125
-0.0559472
-0.0651967
-0.0734310
-0.0808632
-0.0887078
-0.0967719
-0.1034448
-0.1079263
-0.1111760
-0.1139466
-0.1152983
-0.1138491
-0.1098876
-0.1052914
-0.1015803
-0.0992274
-0.0983931
-0.0993696
-0.1022878
-0.1066660
-0.1115446
-0.1161872
-0.1198651
-0.1213340
-0.1191254
-0.1125266
-0.1021080
-0.0893514
-0.0758443
-0.0628435
-0.0510326
-0.0405523
-0.0315812
-0.0246446
-0.0200297
-0.0173836
-0.0159990
-0.0152325
-0.0145126
-0.0133263
-0.0113173
-0.0085252
-0.0052226
-0.0017317
0.0014624
0.0039585
0.0058219
0.0070965
0.0074505
0.0068064
0.0055363
0.0041138
0.0030555
0.0026709
0.0028321
0.0032497
0.0036784
0.0039657
0.0037685
0.0027081
0.0008405
-0.0015928
-0.0040892
-0.0060536
-0.0072592
-0.0077182
-0.0073541
-0.0060848
-0.0038505
-0.0007246
0.0029758
0.0066412
0.0094809
0.0112848
0.0125756
0.0135469
0.0136271
0.0122482
0.0091463
0.0045051
-0.0010279
-0.0069176
-0.0127387
-0.0182777
-0.0233600
-0.0276887
-0.0311496
-0.0338001
-0.0357957
-0.0371872
-0.0380216
-0.0384533
-0.0386782
-0.0388624
-0.0394476
-0.0406785
-0.0417689
-0.0417921
-0.0411056
-0.0406637
-0.0406911
-0.0406038
-0.0402610
-0.0403912
-0.0413221
-0.0426908
-0.0441218
-0.0455192
-0.0465231
-0.0466267
-0.0458079
-0.0444291
-0.0424570
-0.0394800
-0.0356889
-0.0321391
-0.0293845
-0.0267365
-0.0235960
-0.0206077
-0.0187268
-0.0176040
-0.0162044
-0.0144655
-0.0130726
-0.0121731
-0.0112110
-0.0098511
-0.0084303
-0.0074322
-0.0070345
-0.0070540
-0.0070979
-0.0067485
-0.0057156
-0.0039900
-0.0018968
0.0001392
0.0018835
0.0033217
0.0045236
0.0055673
0.0063892
0.0069622
0.0077314
0.0091014
0.0111998
0.0141688
0.0179164
0.0221264
0.0266774
0.0314907
0.0363048
0.0409855
0.0456041
0.0501736
0.0545238
0.0582471
0.0609104
0.0624119
0.0630102
0.0630588
0.0627143
0.0620002
0.0608739
0.0594171
0.0577581
0.0558532
0.0537403
0.0513937
0.0488016
0.0462705
0.0442984
0.0432149
0.0429539
0.0431960
0.0437026
0.0443041
0.0448882
0.0452729
0.0453283
0.0448038
0.0435757
0.0421378
0.0411842
0.0410061
0.0416998
0.0434380
0.0461871
0.0495816
0.0533027
0.0574022
0.0617386
0.0658998
0.0694070
0.0719860
0.0739693
0.0760268
0.0783645
0.0804005
0.0819582
0.0839516
0.0870406
0.0906396
0.0939777
0.0970826
0.1003623
0.1037569
0.1067608
0.1092166
0.1115478
0.1144389
0.1182335
0.1225165
0.1265108
0.1298721
0.1331322
0.1369344
0.1411336
0.1449783
0.1479377
0.1502627
0.1524937
0.1544604
0.1550962
0.1539749
0.1519417
0.1500271
0.1482743
0.1458843
0.1427521
0.1395467
0.1370302
0.1353773
0.1342957
0.1334706
0.1326767
0.1319976
0.1315993
0.1316407
0.1322072
0.1330946
0.1340946
0.1351303
0.1363391
0.1377712
0.1391385
0.1398834
0.1396697
0.1384963
0.1364008
0.1333135
0.1291740
0.1240738
0.1186867
0.1135186
0.1083413
0.1029360
0.0975765
0.0928998
0.0896435
0.0884090
0.0894779
0.0925650
0.0969026
0.1017456
0.1064381
0.1102866
0.1126656
0.1131782
0.1118589
0.1089569
0.1049347
0.1003674
0.0959226
0.0925157
0.0906899
0.0900926
0.0900115
0.0902242
0.0906480
0.0909555
0.0905505
0.0887132
0.0848537
0.0788612
0.0710943
0.0619850
0.0522183
0.0427762
0.0343039
0.0269530
0.0209628
0.0166210
0.0138905
0.0125052
0.0119974
0.0121099
0.0128322
0.0141320
0.0161635
0.0186271
0.0207846
0.0220751
0.0222582
0.0213357
0.0193688
0.0165546
0.0133909
0.0102394
0.0073438
0.0050606
0.0037649
0.0034178
0.0036113
0.0040612
0.0049899
0.0067748
0.0090424
0.0111734
0.0129054
0.0139758
0.0138750
0.0122942
0.0092568
0.0051057
0.0004224
-0.0044572
-0.0094223
-0.0144299
-0.0194168
-0.0242906
-0.0290429
-0.0336887
-0.0382767
-0.0429599
-0.0478997
-0.0530074
-0.0581644
-0.0632679
-0.0682693
-0.0731349
-0.0778952
-0.0825607
-0.0868221
-0.0904278
-0.0933541
-0.0954550
-0.0966396
-0.0968014
-0.0954990
-0.0924118
-0.0876132
-0.0813609
-0.0738784
-0.0655185
-0.0564907
-0.0469170
-0.0369492
-0.0267620
-0.0167240
-0.0075184
0.0001816
0.0057239
0.0086190
0.0089221
0.0073791
0.0051826
0.0030441
0.0008304
-0.0016368
-0.0039133
-0.0055632
-0.0066787
-0.0077042
-0.0089365
-0.0103625
-0.0117471
-0.0128225
-0.0133815
-0.0137992
-0.0149227
-0.0171701
-0.0201164
-0.0227975
-0.0246864
-0.0259739
-0.0269085
-0.0272224
-0.0262637
-0.0238772
-0.0208875
-0.0184122
-0.0170803
-0.0167598
-0.0167814
-0.0167435
-0.0168471
-0.0173215
-0.0177687
-0.0175242
-0.0170076
-0.0171341
-0.0180125
-0.0190289
-0.0193413
-0.0182858
-0.0158017
-0.0124879
-0.0093169
-0.0069678
-0.0055938
-0.0052103
-0.0059222
-0.0078064
-0.0104333
-0.0133218
-0.0163963
-0.0198297
-0.0236159
-0.0275326
-0.0311587
-0.0340679
-0.0361595
-0.0377811
-0.0392153
-0.0405791
-0.0420684
-0.0438636
-0.0460053
-0.0484141
-0.0508796
-0.0530144
-0.0545165
-0.0556243
-0.0569823
-0.0591265
-0.0623572
-0.0666055
-0.0716643
-0.0775594
-0.0844676
-0.0918130
-0.0983659
-0.1034786
-0.1075460
-0.1109448
-0.1132988
-0.1145590
-0.1153937
-0.1162563
-0.1172606
-0.1184192
-0.1194106
-0.1198574
-0.1195990
-0.1183949
-0.1159386
-0.1121944
-0.1077519
-0.1033902
-0.0993609
-0.0955136
-0.0921309
-0.0899008
-0.0888961
-0.0884906
-0.0879897
-0.0868433
-0.0844996
-0.0804632
-0.0746686
-0.0675195
-0.0595836
-0.0516122
-0.0441598
-0.0375358
-0.0320598
-0.0278824
-0.0246579
-0.0220857
-0.0198448
-0.0176060
-0.0153089
-0.0128368
-0.0100334
-0.0071126
-0.0044370
-0.0022292
-0.0007960
-0.0002781
-0.0006166
-0.0018954
-0.0040528
-0.0067741
-0.0097363
-0.0126217
-0.0149842
-0.0168168
-0.0186523
-0.0206613
-0.0227041
-0.0248013
-0.0271501
-0.0297060
-0.0325138
-0.0355710
-0.0384886
-0.0411273
-0.0434948
-0.0455210
-0.0471121
-0.0481116
-0.0484923
-0.0485612
-0.0486605
-0.0488468
-0.0491199
-0.0496472
-0.0505045
-0.0513134
-0.0518923
-0.0523206
-0.0524005
-0.0517333
-0.0501691
-0.0479522
-0.0454230
-0.0427551
-0.0399017
-0.0369640
-0.0342397
-0.0319169
-0.0301956
-0.0292339
-0.0289954
-0.0293958
-0.0305331
-0.0324556
-0.0350674
-0.0381736
-0.0416557
-0.0453847
-0.0490088
-0.0517706
-0.0530446
-0.0527012
-0.0506711
-0.0470281
-0.0420044
-0.0359069
-0.0292758
-0.0227706
-0.0166041
-0.0104933
-0.0042910
0.0021553
0.0089437
0.0157902
0.0220553
0.0272396
0.0309979
0.0326427
0.0316745
0.0283704
0.0237192
0.0182580
0.0118228
0.0044524
-0.0031038
-0.0099333
-0.0157982
-0.0209703
-0.0255876
-0.0295783
-0.0329612
-0.0358389
-0.0383515
-0.0404083
-0.0419991
-0.0436743
-0.0457772
-0.0480565
-0.0501844
-0.0521521
-0.0541872
-0.0567476
-0.0602017
-0.0645902
-0.0693606
-0.0736515
-0.0771919
-0.0803078
-0.0830119
-0.0844656
-0.0839386
-0.0814252
-0.0775045
-0.0726221
-0.0670809
-0.0613267
-0.0558046
-0.0507095
-0.0457436
-0.0403944
-0.0344737
-0.0283575
-0.0225229
-0.0171389
-0.0120169
-0.0067644
-0.0015587
0.0028335
0.0056390
0.0065395
0.0060649
0.0051682
0.0043967
0.0039254
0.0036455
0.0034465
0.0034935
0.0040558
0.0052317
0.0067698
0.0081527
0.0090970
0.0097915
0.0105485
0.0114900
0.0127226
0.0139908
0.0149588
0.0157324
0.0167452
0.0182505
0.0201612
0.0222442
0.0243614
0.0265360
0.0288607
0.0315727
0.0347929
0.0383973
0.0424463
0.0472563
0.0529545
0.0594132
0.0663256
0.0733719
0.0802622
0.0865908
0.0920858
0.0967277
0.1005678
0.1037221
0.1061707
0.1076896
0.1078487
0.1063462
0.1032188
0.0987501
0.0935174
0.0880181
0.0825066
0.0775388
0.0735556
0.0706333
0.0685705
0.0672043
0.0663808
0.0658189
0.0652194
0.0645557
0.0640360
0.0638790
0.0638330
0.0631594
0.0613329
0.0584534
0.0551369
0.0519345
0.0487094
0.0451370
0.0420069
0.0406161
0.0414021
0.0436172
0.0461543
0.0483513
0.0499190
0.0504936
0.0497762
0.0475430
0.0437631
0.0388071
0.0332697
0.0279454
0.0232691
0.0193364
0.0162629
0.0144031
0.0138848
0.0143493
0.0154179
0.0167932
0.0181319
0.0191935
0.0196513
0.0191851
0.0176172
0.0150049
0.0114599
0.0071887
0.0024939
-0.0024993
-0.0077219
-0.0131141
-0.0186103
-0.0240887
-0.0294964
-0.0350605
-0.0408754
-0.0466164
-0.0518126
-0.0560867
-0.0590986
-0.0607018
-0.0610812
-0.0603074
-0.0584414
-0.0556114
-0.0520331
-0.0480155
-0.0439628
-0.0401187
-0.0363873
-0.0329740
-0.0301600
-0.0279152
-0.0259175
-0.0236672
-0.0209315
-0.0178465
-0.0145441
-0.0111479
-0.0076968
-0.0041182
-0.0003274
0.0035151
0.0070953
0.0102699
0.0133022
0.0165715
0.0201109
0.0237724
0.0274563
0.0310393
0.0343969
0.0374271
0.0400266
0.0419598
0.0431739
0.0440755
0.0448318
0.0451415
0.0449041
0.0443497
0.0435303
0.0426269
0.0420781
0.0422242
0.0433384
0.0452077
0.0471623
0.0487459
0.0498943
0.0506025
0.0508568
0.0507653
0.0507179
0.0512820
0.0527473
0.0550457
0.0579248
0.0608254
0.0632029
0.0650626
0.0669323
0.0693151
0.0723445
0.0759381
0.0799289
0.0842711
0.0887233
0.0931852
0.0978027
0.1024495
0.1068132
0.1108626
0.1146171
0.1178685
0.1202033
0.1212291
0.1208368
0.1193866
0.1171664
0.1138875
0.1092260
0.1038631
0.0990760
0.0956808
0.0932801
0.0913968
0.0902894
0.0899804
0.0898737
0.0896131
0.0892793
0.0890860
0.0891110
0.0892513
0.0893113
0.0896097
0.0907019
0.0925872
0.0947563
0.0967647
0.0984476
0.0998824
0.1010155
0.1012818
0.1000898
0.0971858
0.0926241
0.0864623
0.0786157
0.0693506
0.0592943
0.0490760
0.0395095
0.0314952
0.0254548
0.0215085
0.0196669
0.0197575
0.0213825
0.0238366
0.0262029
0.0277816
0.0282768
0.0273702
0.0249611
0.0215358
0.0178096
0.0141030
0.0102401
0.0060823
0.0018580
-0.0021611
-0.0057575
-0.0086398
-0.0105334
-0.0116557
-0.0122155
-0.0120957
-0.0110813
-0.0090865
-0.0063792
-0.0035353
-0.0010781
0.0010196
0.0031186
0.0051487
0.0067679
0.0080267
0.0088540
0.0085576
0.0061873
0.0013081
-0.0057679
-0.0142904
-0.0236655
-0.0332626
-0.0421501
-0.0497571
-0.0557618
-0.0597044
-0.0612731
-0.0606614
-0.0583534
-0.0548749
-0.0507501
-0.0463653
-0.0422352
-0.0388977
-0.0367211
-0.0357294
-0.0357110
-0.0365222
-0.0377105
-0.0386577
-0.0391491
-0.0393715
-0.0396481
-0.0401227
-0.0410347
-0.0425840
-0.0447096
-0.0471719
-0.0494732
-0.0511079
-0.0517202
-0.0512355
-0.0500073
-0.0484929
-0.0466643
-0.0445011
-0.0423577
-0.0407568
-0.0398387
-0.0392396
-0.0386842
-0.0382179
-0.0381347
-0.0389599
-0.0411234
-0.0446488
-0.0495859
-0.0562465
-0.0647607
-0.0746150
-0.0843903
-0.0926645
-0.0990656
-0.1038396
-0.1067768
-0.1075593
-0.1064650
-0.1040062
-0.1006250
-0.0964471
-0.0913386
-0.0849992
-0.0772418
-0.0684223
-0.0591424
-0.0499142
-0.0413225
-0.0341767
-0.0290539
-0.0260695
-0.0250911
-0.0257722
-0.0277970
-0.0310438
-0.0352775
-0.0400703
-0.0447358
-0.0486633
-0.0515216
-0.0530959
-0.0532358
-0.0518457
-0.0490040
-0.0451034
-0.0409465
-0.0371491
-0.0339514
-0.0314409
-0.0298971
-0.0295420
-0.0297280
-0.0290513
-0.0266589
-0.0227366
-0.0178686
-0.0124793
-0.0070289
-0.0020585
0.0020537
0.0050841
0.0067266
0.0066216
0.0048877
0.0023456
0.0001498
-0.0009167
-0.0008517
0.0000594
0.0018883
0.0049495
0.0097099
0.0161538
0.0234958
0.0306245
0.0369000
0.0424460
0.0473872
0.0513819
0.0537157
0.0543664
0.0549570
0.0571021
0.0606010
0.0644135
0.0682083
0.0722854
0.0767307
0.0811671
0.0854389
0.0897319
0.0937649
0.0967367
0.0985658
0.1001360
0.1016238
0.1020958
0.1011773
0.0995491
0.0974313
0.0943225
0.0902783
0.0861486
0.0825845
0.0794061
0.0762161
0.0727390
0.0688324
0.0646755
0.0607768
0.0573898
0.0537874
0.0490814
0.0437780
0.0395644
0.0376009
0.0379632
0.0403704
0.0448602
0.0511293
0.0582401
0.0651915
0.0714090
0.0767057
0.0809437
0.0841824
0.0866685
0.0885493
0.0899852
0.0911197
0.0919456
0.0922935
0.0921013
0.0914501
0.0902931
0.0880398
0.0839022
0.0779369
0.0707924
0.0630732
0.0547740
0.0452876
0.0345846
0.0235927
0.0134108
0.0046865
-0.0024119
-0.0079394
-0.0119510
-0.0144983
-0.0155115
-0.0150806
-0.0138629
-0.0128156
-0.0126503
-0.0133507
-0.0145748
-0.0162457
-0.0183912
-0.0209729
-0.0234367
-0.0248582
-0.0246039
-0.0225492
-0.0193014
-0.0156144
-0.0115612
-0.0070387
-0.0023699
0.0017613
0.0047039
0.0062555
0.0067739
0.0066368
0.0058264
0.0039718
0.0007952
-0.0033875
-0.0077777
-0.0119305
-0.0158524
-0.0192412
-0.0218397
-0.0234989
-0.0241234
-0.0236468
-0.0218474
-0.0184811
-0.0137008
-0.0081500
-0.0026804
0.0020689
0.0057481
0.0081143
0.0091633
0.0091590
0.0086125
0.0080435
0.0078161
0.0080153
0.0084540
0.0087141
0.0083080
0.0068436
0.0041615
0.0005057
-0.0037499
-0.0083747
-0.0132299
-0.0181293
-0.0226134
-0.0261960
-0.0286491
-0.0297972
-0.0291014
-0.0259359
-0.0202702
-0.0127071
-0.0041946
0.0043942
0.0124955
0.0197059
0.0257233
0.0305357
0.0342270
0.0369322
0.0390465
0.0411897
0.0439553
0.0477652
0.0524466
0.0574611
0.0623174
0.0663566
0.0689158
0.0694044
0.0674613
0.0630416
0.0561377
0.0468942
0.0357213
0.0233658
0.0107188
-0.0014193
-0.0123594
-0.0217337
-0.0295203
-0.0354641
-0.0389124
-0.0397528
-0.0386670
-0.0365724
-0.0340783
-0.0316823
-0.0300843
-0.0297823
-0.0306580
-0.0320708
-0.0332893
-0.0336016
-0.0324405
-0.0296362
-0.0255635
-0.0209107
-0.0163892
-0.0127597
-0.0107415
-0.0105881
-0.0120474
-0.0147946
-0.0185620
-0.0227848
-0.0266971
-0.0296267
-0.0313090
-0.0319669
-0.0316943
-0.0306297
-0.0286958
-0.0258594
-0.0228996
-0.0213554
-0.0224391
-0.0260937
-0.0315562
-0.0379976
-0.0447920
-0.0515278
-0.0579065
-0.0637044
-0.0687290
-0.0729794
-0.0766587
-0.0801518
-0.0835518
-0.0867792
-0.0895625
-0.0914844
-0.0921881
-0.0920060
-0.0915205
-0.0908620
-0.0899339
-0.0886359
-0.0870013
-0.0850251
-0.0827384
-0.0806450
-0.0793811
-0.0789276
-0.0786908
-0.0784819
-0.0789256
-0.0807070
-0.0837651
-0.0874732
-0.0916597
-0.0965393
-0.1019734
-0.1072665
-0.1117953
-0.1155165
-0.1184481
-0.1203749
-0.1210316
-0.1202338
-0.1182282
-0.1150802
-0.1107280
-0.1053178
-0.0989273
-0.0914805
-0.0829926
-0.0737342
-0.0638033
-0.0531312
-0.0421154
-0.0317034
-0.0225806
-0.0148787
-0.0087264
-0.0042925
-0.0012457
0.0011378
0.0032007
0.0044979
0.0047008
0.0042131
0.0032910
0.0014403
-0.0021135
-0.0074019
-0.0136660
-0.0203903
-0.0274046
-0.0344689
-0.0411922
-0.0472844
-0.0528020
-0.0578780
-0.0625886
-0.0670236
-0.0711456
-0.0747705
-0.0776465
-0.0796893
-0.0813739
-0.0831849
-0.0850777
-0.0865081
-0.0868977
-0.0860240
-0.0840643
-0.0814253
-0.0785317
-0.0756229
-0.0726032
-0.0693149
-0.0656203
-0.0615657
-0.0570461
-0.0514540
-0.0440750
-0.0346654
-0.0239582
-0.0129029
-0.0021474
0.0078505
0.0166981
0.0240464
0.0294023
0.0323466
0.0328603
0.0312399
0.0277469
0.0225303
0.0159113
0.0085235
0.0011479
-0.0055905
-0.0117171
-0.0173848
-0.0225268
-0.0269456
-0.0305301
-0.0334129
-0.0359676
-0.0383941
-0.0405015
-0.0422384
-0.0437032
-0.0449895
-0.0460526
-0.0465452
-0.0462342
-0.0452155
-0.0437971
-0.0420285
-0.0396955
-0.0367790
-0.0337260
-0.0309505
-0.0284561
-0.0261106
-0.0238850
-0.0219059
-0.0201865
-0.0186038
-0.0170233
-0.0151128
-0.0123085
-0.0085418
-0.0042374
0.0003772
0.0055221
0.0112940
0.0174718
0.0234636
0.0287844
0.0335951
0.0383549
0.0432705
0.0482854
0.0533638
0.0586434
0.0642925
0.0702555
0.0762795
0.0821899
0.0876768
0.0921572
0.0952808
0.0968322
0.0969037
0.0955943
0.0928678
0.0886846
0.0830535
0.0762196
0.0685577
0.0604237
0.0521074
0.0440440
0.0368554
0.0309574
0.0264795
0.0235311
0.0222669
0.0226705
0.0246622
0.0279141
0.0318440
0.0357785
0.0391939
0.0418073
0.0434009
0.0438701
0.0433438
0.0422934
0.0411478
0.0398040
0.0379555
0.0356840
0.0334244
0.0315114
0.0300300
0.0287838
0.0276703
0.0264169
0.0244705
0.0215819
0.0179478
0.0140502
0.0101849
0.0064534
0.0029919
0.0000324
-0.0021036
-0.0031010
-0.0030121
-0.0021262
-0.0006654
0.0012651
0.0035279
0.0057100
0.0072053
0.0073849
0.0058558
0.0025411
-0.0021895
-0.0077573
-0.0137651
-0.0199370
-0.0259178
-0.0314496
-0.0367056
-0.0417358
-0.0461024
-0.0496073
-0.0522185
-0.0537687
-0.0539494
-0.0528994
-0.0508633
-0.0476859
-0.0431198
-0.0373801
-0.0311390
-0.0250514
-0.0196638
-0.0153647
-0.0125830
-0.0116013
-0.0123706
-0.0144876
-0.0177160
-0.0219396
-0.0265949
-0.0306291
-0.0333611
-0.0345836
-0.0342505
-0.0325280
-0.0299456
-0.0271372
-0.0245692
-0.0228040
-0.0224317
-0.0236609
-0.0261964
-0.0294464
-0.0328696
-0.0360097
-0.0386799
-0.0409922
-0.0435103
-0.0468986
-0.0510637
-0.0552121
-0.0589882
-0.0629006
-0.0674331
-0.0722584
-0.0771308
-0.0822725
-0.0878376
-0.0934989
-0.0982460
-0.1013137
-0.1027031
-0.1028568
-0.1020538
-0.1001973
-0.0971381
-0.0932417
-0.0890825
-0.0850033
-0.0812216
-0.0775790
-0.0735176
-0.0685771
-0.0627040
-0.0562875
-0.0495907
-0.0425291
-0.0349454
-0.0269127
-0.0188808
-0.0113064
-0.0042796
0.0023174
0.0084567
0.0139864
0.0188726
0.0233841
0.0280349
0.0331363
0.0386376
0.0441799
0.0492642
0.0535381
0.0570159
0.0599639
0.0622635
0.0636111
0.0642817
0.0647390
0.0650455
0.0650220
0.0645659
0.0636664
0.0624522
0.0611673
0.0599415
0.0589102
0.0583820
0.0583105
0.0584183
0.0584631
0.0581364
0.0573044
0.0562170
0.0549840
0.0533990
0.0513258
0.0486344
0.0451915
0.0409038
0.0357607
0.0298833
0.0235256
0.0170983
0.0111627
0.0062740
0.0023441
-0.0012963
-0.0051346
-0.0092416
-0.0135725
-0.0182303
-0.0231840
-0.0282928
-0.0334678
-0.0383935
-0.0428477
-0.0468658
-0.0505879
-0.0540852
-0.0571915
-0.0595885
-0.0611307
-0.0619019
-0.0620431
-0.0617099
-0.0609552
-0.0598353
-0.0585135
-0.0569798
-0.0550470
-0.0528723
-0.0508136
-0.0489189
-0.0470545
-0.0452828
-0.0438529
-0.0430666
-0.0432211
-0.0444257
-0.0466043
-0.0496433
-0.0533143
-0.0571375
-0.0607592
-0.0641521
-0.0672585
-0.0696392
-0.0709716
-0.0712769
-0.0707145
-0.0695700
-0.0681609
-0.0670275
-0.0669035
-0.0676322
-0.0683742
-0.0690252
-0.0702123
-0.0722448
-0.0746347
-0.0767937
-0.0784970
-0.0797111
-0.0802945
-0.0800686
-0.0790099
-0.0769266
-0.0735702
-0.0688725
-0.0628181
-0.0557059
-0.0480038
-0.0400758
-0.0324395
-0.0258463
-0.0206832
-0.0166411
-0.0132658
-0.0100482
-0.0065349
-0.0025880
0.0020004
0.0077826
0.0151159
0.0235136
0.0322262
0.0408824
0.0493901
0.0577039
0.0657400
0.0731800
0.0797417
0.0855846
0.0910617
0.0965225
0.1022531
0.1079850
0.1132384
0.1180848
0.1228616
0.1274750
0.1315064
0.1343908
0.1354994
0.1344419
0.1312096
0.1260920
0.1197834
0.1129048
0.1059788
0.0997231
0.0945591
0.0903612
0.0869032
0.0840913
0.0816834
0.0792311
0.0764839
0.0733216
0.0697004
0.0658755
0.0621349
0.0580243
0.0525552
0.0457540
0.0393763
0.0352622
0.0337672
0.0344953
0.0375514
0.0432217
0.0507624
0.0586040
0.0653313
0.0699524
0.0718786
0.0712165
0.0684317
0.0639742
0.0586312
0.0535115
0.0494053
0.0466858
0.0456457
0.0463065
0.0482740
0.0512172
0.0549372
0.0591375
0.0634901
0.0675608
0.0708187
0.0728206
0.0733640
0.0724517
0.0701816
0.0668542
0.0627263
0.0580994
0.0532510
0.0486351
0.0445316
0.0405330
0.0360509
0.0312035
0.0266769
0.0228832
0.0197807
0.0172300
0.0152410
0.0136416
0.0120933
0.0105148
0.0091288
0.0080483
0.0071268
0.0061724
0.0053298
0.0051015
0.0059712
0.0077869
0.0098846
0.0118185
0.0137248
0.0159200
0.0184943
0.0214077
0.0247569
0.0286091
0.0327577
0.0366352
0.0395929
0.0410477
0.0403914
0.0371223
0.0313494
0.0238655
0.0155651
0.0072494
-0.0005461
-0.0074025
-0.0130433
-0.0172319
-0.0197387
-0.0205297
-0.0196605
-0.0170714
-0.0127951
-0.0073884
-0.0015196
0.0043710
0.0097410
0.0140535
0.0171507
0.0188863
0.0188474
0.0169075
0.0134735
0.0093087
0.0054248
0.0026459
0.0015527
0.0029437
0.0072941
0.0143224
0.0234067
0.0334937
0.0433400
0.0519931
0.0586083
0.0626749
0.0642539
0.0636381
0.0614561
0.0585695
0.0556852
0.0534589
0.0524304
0.0524058
0.0527844
0.0532809
0.0538641
0.0543904
0.0544561
0.0536884
0.0521613
0.0501298
0.0477023
0.0451789
0.0434155
0.0433934
0.0453421
0.0488910
0.0538010
0.0598090
0.0662658
0.0722026
0.0768325
0.0800378
0.0820126
0.0826128
0.0816867
0.0792091
0.0754278
0.0707537
0.0654318
0.0595184
0.0534572
0.0479999
0.0437362
0.0406772
0.0387734
0.0380817
0.0385444
0.0397369
0.0411977
0.0427464
0.0443631
0.0458779
0.0470840
0.0478814
0.0480647
0.0471969
0.0449214
0.0410864
0.0357363
0.0292004
0.0218984
0.0142204
0.0065984
-0.0005345
-0.0067073
-0.0115609
-0.0147889
-0.0162168
-0.0159329
-0.0141337
-0.0108609
-0.0062813
-0.0009077
0.0045146
0.0091788
0.0126674
0.0149533
0.0159397
0.0155514
0.0139986
0.0118078
0.0094853
0.0073753
0.0059745
0.0055171
0.0056008
0.0058081
0.0061512
0.0069084
0.0081657
0.0093010
0.0098039
0.0098968
0.0100919
0.0105426
0.0110533
0.0115689
0.0122244
0.0131437
0.0142691
0.0153466
0.0159730
0.0160411
0.0153891
0.0136204
0.0106617
0.0070008
0.0032013
-0.0005088
-0.0038772
-0.0066402
-0.0086370
-0.0100415
-0.0108828
-0.0108874
-0.0098008
-0.0077075
-0.0052300
-0.0029800
-0.0014273
-0.0008914
-0.0012581
-0.0021602
-0.0032729
-0.0042572
-0.0046509
-0.0039448
-0.0019600
0.0009924
0.0043766
0.0079212
0.0117039
0.0157745
0.0201050
0.0246072
0.0292526
0.0339782
0.0387146
0.0432832
0.0474820
0.0514234
0.0552344
0.0586317
0.0614111
0.0636179
0.0653626
0.0667531
0.0677641
0.0680975
0.0676858
0.0669560
0.0663895
0.0662033
0.0665729
0.0678591
0.0704056
0.0741422
0.0787516
0.0838271
0.0888604
0.0932376
0.0962038
0.0973236
0.0969111
0.0954278
0.0931667
0.0902941
0.0867698
0.0827420
0.0785951
0.0746923
0.0711472
0.0680533
0.0655867
0.0637056
0.0620510
0.0602303
0.0578942
0.0548627
0.0510805
0.0464543
0.0410363
0.0348674
0.0282200
0.0215104
0.0150725
0.0089973
0.0032434
-0.0021954
-0.0074255
-0.0124448
-0.0170532
-0.0211723
-0.0248124
-0.0279083
-0.0305694
-0.0330102
-0.0352911
-0.0374200
-0.0394426
-0.0413511
-0.0430071
-0.0443580
-0.0455330
-0.0466560
-0.0476288
-0.0481983
-0.0485001
-0.0489186
-0.0497323
-0.0508828
-0.0522019
-0.0537020
-0.0554490
-0.0573221
-0.0589361
-0.0596821
-0.0590408
-0.0569777
-0.0537187
-0.0495808
-0.0450113
-0.0403619
-0.0360051
-0.0323632
-0.0299449
-0.0290225
-0.0295739
-0.0314812
-0.0346254
-0.0387120
-0.0432278
-0.0475953
-0.0512368
-0.0538156
-0.0552130
-0.0554743
-0.0550302
-0.0542939
-0.0535481
-0.0532498
-0.0536987
-0.0547554
-0.0561696
-0.0577421
-0.0592284
-0.0603919
-0.0610328
-0.0611687
-0.0608991
-0.0601822
-0.0591612
-0.0581465
-0.0575964
-0.0572547
-0.0562932
-0.0543859
-0.0520459
-0.0500487
-0.0484524
-0.0469132
-0.0457087
-0.0453435
-0.0458026
-0.0466131
-0.0473334
-0.0478629
-0.0483105
-0.0485935
-0.0487044
-0.0485839
-0.0478905
-0.0467807
-0.0457275
-0.0451515
-0.0452443
-0.0460108
-0.0474346
-0.0493606
-0.0515257
-0.0534315
-0.0544607
-0.0543726
-0.0533887
-0.0518707
-0.0500932
-0.0484289
-0.0472115
-0.0465367
-0.0462019
-0.0460136
-0.0460020
-0.0461039
-0.0457566
-0.0444073
-0.0422962
-0.0401548
-0.0383795
-0.0367969
-0.0356362
-0.0354925
-0.0364182
-0.0380821
-0.0403873
-0.0435172
-0.0472369
-0.0509771
-0.0544284
-0.0577062
-0.0608076
-0.0633474
-0.0651445
-0.0662506
-0.0668117
-0.0669821
-0.0667139
-0.0659566
-0.0648520
-0.0634270
-0.0613632
-0.0585728
-0.0553273
-0.0517391
-0.0476710
-0.0430860
-0.0379794
-0.0323462
-0.0264192
-0.0205855
-0.0152280
-0.0106234
-0.0067912
-0.0037712
-0.0016736
-0.0005125
-0.0000291
0.0002361
0.0005484
0.0009089
0.0014372
0.0021852
0.0029496
0.0038269
0.0050149
0.0064398
0.0077620
0.0088979
0.0102109
0.0118079
0.0135312
0.0153945
0.0173904
0.0195435
0.0220638
0.0248987
0.0278190
0.0307704
0.0338662
0.0370018
0.0398452
0.0420189
0.0434439
0.0442510
0.0446361
0.0447389
0.0445598
0.0440781
0.0433701
0.0426305
0.0419748
0.0413465
0.0404934
0.0391761
0.0373378
0.0350453
0.0321725
0.0285249
0.0241260
0.0191280
0.0138550
0.0084639
0.0030522
-0.0020903
-0.0066525
-0.0104874
-0.0135339
-0.0161136
-0.0183496
-0.0202103
-0.0218961
-0.0236837
-0.0255680
-0.0273624
-0.0290834
-0.0307956
-0.0324572
-0.0342634
-0.0363874
-0.0387757
-0.0414618
-0.0445184
-0.0479402
-0.0515923
-0.0552337
-0.0586861
-0.0619493
-0.0650225
-0.0678282
-0.0701588
-0.0718039
-0.0725666
-0.0726078
-0.0722923
-0.0719827
-0.0718700
-0.0719340
-0.0720321
-0.0722773
-0.0729303
-0.0739831
-0.0749777
-0.0752582
-0.0745298
-0.0726280
-0.0692911
-0.0643626
-0.0578267
-0.0496749
-0.0403607
-0.0306346
-0.0211112
-0.0123198
-0.0046046
0.0018989
0.0070640
0.0106098
0.0129881
0.0152588
0.0180780
0.0213250
0.0246290
0.0280303
0.0317303
0.0355473
0.0390966
0.0420392
0.0441742
0.0451526
0.0447860
0.0433027
0.0408211
0.0371010
0.0324011
0.0275105
0.0231158
0.0196087
0.0170484
0.0154322
0.0146678
0.0145743
0.0149848
0.0158424
0.0170472
0.0183079
0.0194769
0.0208308
0.0227944
0.0254356
0.0282308
0.0309664
0.0340834
0.0376554
0.0411250
0.0440927
0.0466852
0.0490463
0.0509396
0.0521785
0.0529895
0.0535653
0.0540762
0.0546964
0.0553304
0.0556451
0.0552535
0.0539803
0.0521688
0.0500393
0.0470449
0.0424506
0.0363046
0.0292984
0.0218984
0.0142495
0.0067724
0.0000578
-0.0053508
-0.0089680
-0.0106583
-0.0105489
-0.0089928
-0.0064414
-0.0032754
0.0004259
0.0047315
0.0088757
0.0118500
0.0132592
0.0131416
0.0116398
0.0087582
0.0044889
-0.0006884
-0.0060355
-0.0109826
-0.0151804
-0.0185223
-0.0213898
-0.0246017
-0.0285380
-0.0326720
-0.0362338
-0.0389900
-0.0410077
-0.0421138
-0.0418128
-0.0398681
-0.0366159
-0.0327729
-0.0288146
-0.0249601
-0.0215266
-0.0187149
-0.0167931
-0.0162551
-0.0172553
-0.0193199
-0.0218412
-0.0243574
-0.0267221
-0.0288938
-0.0306924
-0.0320520
-0.0332353
-0.0347647
-0.0369277
-0.0395456
-0.0423680
-0.0450971
-0.0472139
-0.0481731
-0.0475126
-0.0450022
-0.0405906
-0.0344086
-0.0269329
-0.0188626
-0.0109017
-0.0035780
0.0028294
0.0081363
0.0121564
0.0149323
0.0167676
0.0176682
0.0174280
0.0164216
0.0149052
0.0126520
0.0092295
0.0047476
0.0002445
-0.0034365
-0.0064166
-0.0089266
-0.0105635
-0.0107427
-0.0096562
-0.0079705
-0.0061949
-0.0045659
-0.0035725
-0.0038243
-0.0054201
-0.0082130
-0.0123173
-0.0178631
-0.0241555
-0.0299800
-0.0348398
-0.0390190
-0.0427574
-0.0457626
-0.0478788
-0.0495774
-0.0514459
-0.0536699
-0.0561653
-0.0588908
-0.0619242
-0.0652886
-0.0687983
-0.0722321
-0.0756975
-0.0792005
-0.0824000
-0.0853537
-0.0882103
-0.0908746
-0.0932106
-0.0951199
-0.0962958
-0.0964857
-0.0958203
-0.0945680
-0.0929053
-0.0909080
-0.0884632
-0.0854475
-0.0820975
-0.0787128
-0.0752978
-0.0715373
-0.0670532
-0.0619477
-0.0565887
-0.0511500
-0.0456620
-0.0402844
-0.0352266
-0.0305664
-0.0263156
-0.0223952
-0.0187905
-0.0156303
-0.0128872
-0.0104462
-0.0084666
-0.0069041
-0.0055256
-0.0043169
-0.0034265
-0.0028637
-0.0025621
-0.0025749
-0.0029411
-0.0037960
-0.0051108
-0.0066789
-0.0082996
-0.0098236
-0.0113139
-0.0131609
-0.0158476
-0.0195251
-0.0240019
-0.0290808
-0.0348018
-0.0411072
-0.0477419
-0.0543252
-0.0603592
-0.0655482
-0.0700397
-0.0742035
-0.0780897
-0.0813250
-0.0836690
-0.0853836
-0.0869582
-0.0887739
-0.0908489
-0.0928405
-0.0942980
-0.0951472
-0.0955110
-0.0952145
-0.0940569
-0.0920728
-0.0894010
-0.0860110
-0.0816983
-0.0757824
-0.0674773
-0.0565189
-0.0434799
-0.0293965
-0.0150689
-0.0010804
0.0119114
0.0232407
0.0323585
0.0388855
0.0430439
0.0456080
0.0474216
0.0491754
0.0514955
0.0547779
0.0586310
0.0620422
0.0649155
0.0676847
0.0691125
0.0671111
0.0616805
0.0546775
0.0472155
0.0391462
0.0307487
0.0234633
0.0184473
0.0157196
0.0150209
0.0164801
0.0198855
0.0239682
0.0274339
0.0302459
0.0329392
0.0347215
0.0344531
0.0324587
0.0300322
0.0278019
0.0256126
0.0233051
0.0211487
0.0196007
0.0186038
0.0179395
0.0177682
0.0184099
0.0200140
0.0221972
0.0242832
0.0258169
0.0264860
0.0260642
0.0247608
0.0228645
0.0204307
0.0175588
0.0146322
0.0120847
0.0101556
0.0089028
0.0083962
0.0087569
0.0101522
0.0128365
0.0167030
0.0209849
0.0247312
0.0272030
0.0278586
0.0264374
0.0229785
0.0178182
0.0117403
0.0059230
0.0015533
-0.0006271
-0.0005146
0.0014083
0.0046444
0.0088423
0.0137179
0.0188925
0.0237096
0.0275229
0.0302109
0.0321585
0.0337030
0.0349285
0.0358022
0.0363876
0.0368549
0.0373275
0.0375492
0.0368605
0.0346033
0.0309528
0.0265384
0.0217503
0.0170725
0.0130198
0.0101655
0.0093202
0.0105180
0.0127393
0.0151940
0.0179307
0.0208047
0.0227700
0.0230769
0.0222247
0.0206427
0.0178495
0.0137886
0.0096931
0.0069513
0.0056868
0.0054166
0.0063766
0.0091922
0.0137451
0.0190234
0.0239306
0.0281723
0.0317448
0.0343796
0.0359340
0.0365371
0.0365702
0.0363030
0.0359187
0.0356140
0.0354479
0.0353122
0.0353565
0.0360192
0.0375529
0.0397748
0.0423661
0.0450789
0.0477632
0.0502320
0.0521742
0.0534475
0.0541533
0.0545745
0.0548734
0.0549785
0.0549593
0.0550415
0.0556770
0.0570035
0.0588131
0.0607676
0.0624109
0.0637063
0.0647593
0.0655446
0.0658289
0.0654332
0.0644194
0.0626017
0.0592768
0.0543366
0.0484870
0.0422415
0.0355545
0.0284497
0.0215007
0.0152319
0.0097461
0.0051864
0.0018063
-0.0003761
-0.0016661
-0.0021779
-0.0018061
-0.0008301
0.0000193
0.0003008
0.0000603
-0.0004184
-0.0005768
0.0002803
0.0024366
0.0058667
0.0103050
0.0152671
0.0202770
0.0251430
0.0296232
0.0331958
0.0357572
0.0379814
0.0404440
0.0430804
0.0456626
0.0483178
0.0511507
0.0540336
0.0564998
0.0582445
0.0595854
0.0610878
0.0630098
0.0652100
0.0676272
0.0704005
0.0734902
0.0766438
0.0797688
0.0829069
0.0860432
0.0887925
0.0907077
0.0917277
0.0920714
0.0919813
0.0913610
0.0901153
0.0884307
0.0868656
0.0860226
0.0858740
0.0859174
0.0860749
0.0865789
0.0875154
0.0888503
0.0903164
0.0914900
0.0918980
0.0912909
0.0896348
0.0868212
0.0826546
0.0772183
0.0706680
0.0632212
0.0552975
0.0472467
0.0392433
0.0315269
0.0244098
0.0183574
0.0136624
0.0100378
0.0070086
0.0042279
0.0013710
-0.0016486
-0.0048977
-0.0084679
-0.0122815
-0.0162542
-0.0202135
-0.0239335
-0.0270708
-0.0294701
-0.0311685
-0.0320611
-0.0317800
-0.0299414
-0.0264078
-0.0216447
-0.0165314
-0.0117358
-0.0075867
-0.0042413
-0.0019081
-0.0006211
0.0000001
0.0004992
0.0014777
0.0033395
0.0062391
0.0101583
0.0149623
0.0204934
0.0264205
0.0322130
0.0372874
0.0413396
0.0442891
0.0458701
0.0456899
0.0438386
0.0406335
0.0363071
0.0313759
0.0264863
0.0220016
0.0180387
0.0146022
0.0118945
0.0101921
0.0095318
0.0098331
0.0109790
0.0128115
0.0151213
0.0176722
0.0201302
0.0220189
0.0230083
0.0230957
0.0223319
0.0207499
0.0185931
0.0158910
0.0122593
0.0073396
0.0011740
-0.0059607
-0.0138293
-0.0221816
-0.0305389
-0.0382924
-0.0448550
-0.0497245
-0.0527856
-0.0542044
-0.0540194
-0.0523198
-0.0493391
-0.0456192
-0.0418176
-0.0382971
-0.0353515
-0.0332476
-0.0320212
-0.0316202
-0.0321947
-0.0335727
-0.0352905
-0.0370793
-0.0389058
-0.0406461
-0.0421774
-0.0436520
-0.0452994
-0.0469469
-0.0481737
-0.0487650
-0.0490027
-0.0491647
-0.0492436
-0.0489130
-0.0479587
-0.0467168
-0.0456223
-0.0451307
-0.0453036
-0.0459757
-0.0472886
-0.0494652
-0.0525171
-0.0562235
-0.0602670
-0.0641774
-0.0673497
-0.0695781
-0.0709463
-0.0715288
-0.0713139
-0.0706725
-0.0704653
-0.0711794
-0.0723909
-0.0735301
-0.0749667
-0.0771124
-0.0795439
-0.0815879
-0.0833048
-0.0849531
-0.0865523
-0.0880109
-0.0893919
-0.0910864
-0.0935571
-0.0967769
-0.1001229
-0.1028526
-0.1045575
-0.1053375
-0.1049686
-0.1028334
-0.0988361
-0.0937124
-0.0883193
-0.0830928
-0.0782054
-0.0735366
-0.0689558
-0.0644375
-0.0597507
-0.0546352
-0.0488508
-0.0424177
-0.0355441
-0.0284823
-0.0214951
-0.0148095
-0.0086502
-0.0033007
0.0008963
0.0037493
0.0054082
0.0062410
0.0066407
0.0071331
0.0079999
0.0091870
0.0105153
0.0118496
0.0129932
0.0137253
0.0138318
0.0132162
0.0123134
0.0115397
0.0109764
0.0104175
0.0097147
0.0089308
0.0081988
0.0077661
0.0075201
0.0067705
0.0052667
0.0036222
0.0023676
0.0009131
-0.0017355
-0.0054540
-0.0092754
-0.0127321
-0.0159745
-0.0188330
-0.0209902
-0.0223797
-0.0230930
-0.0234484
-0.0236658
-0.0233934
-0.0219779
-0.0195730
-0.0169744
-0.0145299
-0.0119562
-0.0094294
-0.0076189
-0.0065117
-0.0055909
-0.0046701
-0.0037690
-0.0027527
-0.0013210
0.0004441
0.0018847
0.0025201
0.0023162
0.0011883
-0.0008966
-0.0038610
-0.0075957
-0.0117905
-0.0158775
-0.0191778
-0.0213174
-0.0223963
-0.0227475
-0.0224341
-0.0214257
-0.0199963
-0.0186019
-0.0176608
-0.0173838
-0.0178611
-0.0192272
-0.0214178
-0.0242416
-0.0277111
-0.0318186
-0.0363589
-0.0410493
-0.0457582
-0.0505095
-0.0552672
-0.0599441
-0.0645493
-0.0689576
-0.0730505
-0.0767977
-0.0801937
-0.0831638
-0.0855280
-0.0871448
-0.0876156
-0.0866501
-0.0844543
-0.0812623
-0.0772140
-0.0727672
-0.0684293
-0.0644047
-0.0608820
-0.0578686
-0.0553143
-0.0531555
-0.0512566
-0.0495801
-0.0481955
-0.0470642
-0.0460858
-0.0453721
-0.0452057
-0.0456171
-0.0461303
-0.0463461
-0.0463258
-0.0460941
-0.0453908
-0.0439206
-0.0416277
-0.0386548
-0.0352053
-0.0316358
-0.0282574
-0.0252005
-0.0225486
-0.0206441
-0.0197810
-0.0198706
-0.0208511
-0.0226914
-0.0249958
-0.0272968
-0.0292867
-0.0306432
-0.0310153
-0.0302837
-0.0285859
-0.0261324
-0.0232540
-0.0202356
-0.0172133
-0.0143631
-0.0118436
-0.0096068
-0.0075565
-0.0055973
-0.0034032
-0.0009100
0.0016235
0.0041498
0.0067993
0.0094598
0.0118705
0.0140203
0.0161265
0.0182951
0.0201397
0.0214048
0.0225442
0.0241361
0.0262526
0.0286003
0.0311356
0.0340000
0.0370718
0.0400707
0.0428599
0.0454195
0.0475422
0.0491576
0.0505038
0.0519667
0.0535985
0.0551928
0.0569294
0.0591739
0.0617529
0.0642314
0.0665089
0.0687069
0.0707550
0.0723663
0.0733466
0.0736804
0.0730596
0.0711452
0.0680001
0.0639173
0.0590155
0.0531589
0.0464315
0.0394705
0.0327327
0.0262282
0.0200411
0.0144607
0.0098147
0.0063807
0.0042417
0.0034533
0.0040606
0.0057748
0.0080627
0.0106965
0.0137410
0.0169584
0.0199183
0.0224526
0.0246505
0.0265111
0.0277791
0.0282156
0.0277348
0.0263525
0.0241772
0.0213830
0.0181806
0.0147630
0.0115346
0.0090141
0.0075953
0.0074361
0.0085898
0.0108045
0.0137129
0.0172689
0.0215578
0.0262454
0.0309231
0.0354792
0.0399918
0.0443090
0.0481738
0.0513921
0.0536420
0.0544371
0.0535728
0.0512024
0.0476096
0.0431181
0.0380817
0.0328872
0.0279622
0.0236205
0.0201322
0.0178390
0.0168616
0.0169314
0.0175206
0.0183949
0.0194993
0.0205719
0.0211003
0.0210473
0.0206647
0.0200630
0.0194991
0.0193909
0.0199949
0.0212350
0.0229158
0.0247695
0.0265490
0.0282964
0.0302821
0.0321930
0.0337043
0.0350186
0.0364650
0.0377600
0.0381695
0.0372707
0.0352096
0.0319705
0.0272193
0.0211242
0.0142756
0.0072251
0.0004734
-0.0055083
-0.0102838
-0.0134792
-0.0150530
-0.0151922
-0.0141358
-0.0121981
-0.0099988
-0.0081805
-0.0069423
-0.0063431
-0.0064488
-0.0073770
-0.0088790
-0.0104530
-0.0121908
-0.0145085
-0.0175030
-0.0210346
-0.0250103
-0.0291604
-0.0331055
-0.0365519
-0.0393125
-0.0410074
-0.0414474
-0.0409061
-0.0397017
-0.0381356
-0.0365443
-0.0350167
-0.0336104
-0.0325967
-0.0321393
-0.0320945
-0.0323736
-0.0332145
-0.0348225
-0.0370582
-0.0397212
-0.0426964
-0.0456880
-0.0482311
-0.0502149
-0.0516540
-0.0521661
-0.0512786
-0.0487526
-0.0445811
-0.0391818
-0.0328394
-0.0253238
-0.0162789
-0.0059150
0.0051182
0.0161262
0.0265014
0.0357934
0.0436257
0.0498859
0.0547048
0.0579299
0.0592369
0.0590212
0.0583426
0.0575679
0.0562910
0.0545207
0.0528746
0.0519560
0.0518400
0.0522233
0.0529695
0.0541100
0.0557019
0.0577275
0.0600432
0.0624841
0.0647018
0.0667483
0.0690460
0.0717193
0.0744632
0.0769850
0.0793270
0.0816890
0.0841835
0.0865306
0.0883087
0.0892510
0.0893438
0.0885064
0.0865958
0.0835105
0.0796533
0.0760571
0.0733066
0.0711170
0.0688930
0.0666120
0.0649760
0.0643580
0.0640285
0.0632141
0.0618457
0.0600564
0.0574853
0.0534666
0.0479948
0.0417854
0.0353250
0.0290536
0.0236260
0.0195033
0.0169471
0.0159514
0.0163229
0.0176738
0.0194724
0.0212062
0.0223135
0.0225773
0.0219045
0.0201770
0.0174406
0.0138162
0.0093181
0.0042795
-0.0006420
-0.0048996
-0.0079731
-0.0095052
-0.0094237
-0.0077195
-0.0045791
-0.0004233
0.0043525
0.0091147
0.0133469
0.0168272
0.0194644
0.0212765
0.0223127
0.0228894
0.0233097
0.0236811
0.0238743
0.0238650
0.0238951
0.0240468
0.0242363
0.0244743
0.0249881
0.0259073
0.0271187
0.0286169
0.0305727
0.0330071
0.0358905
0.0390585
0.0421408
0.0448857
0.0470673
0.0480918
0.0472800
0.0445778
0.0406333
0.0362227
0.0315280
0.0265144
0.0214587
0.0169965
0.0136340
0.0114602
0.0104929
0.0108830
0.0125936
0.0152867
0.0186084
0.0221787
0.0254902
0.0281631
0.0301177
0.0314514
0.0320143
0.0317189
0.0305850
0.0287042
0.0262757
0.0231883
0.0193629
0.0148784
0.0098810
0.0045479
-0.0008165
-0.0058676
-0.0103769
-0.0143720
-0.0178362
-0.0205413
-0.0224242
-0.0237123
-0.0247711
-0.0254912
-0.0254824
-0.0248569
-0.0240620
-0.0232527
-0.0223962
-0.0216098
-0.0209694
-0.0204631
-0.0200468
-0.0196826
-0.0193913
-0.0190766
-0.0185159
-0.0177267
-0.0169773
-0.0161739
-0.0149550
-0.0134562
-0.0121174
-0.0110102
-0.0099445
-0.0088374
-0.0078852
-0.0074013
-0.0076207
-0.0084483
-0.0095980
-0.0109356
-0.0123542
-0.0137804
-0.0150559
-0.0162562
-0.0177641
-0.0197510
-0.0220412
-0.0246328
-0.0275697
-0.0304914
-0.0330613
-0.0351404
-0.0365427
-0.0370215
-0.0365251
-0.0354376
-0.0340056
-0.0321869
-0.0300365
-0.0280597
-0.0267602
-0.0261470
-0.0261753
-0.0270508
-0.0287779
-0.0309948
-0.0332175
-0.0350144
-0.0360364
-0.0360134
-0.0347979
-0.0324752
-0.0293352
-0.0257193
-0.0219600
-0.0186080
-0.0160316
-0.0140184
-0.0124316
-0.0113735
-0.0109980
-0.0111524
-0.0114788
-0.0118416
-0.0122402
-0.0127107
-0.0133095
-0.0138434
-0.0140720
-0.0139052
-0.0132892
-0.0121670
-0.0107938
-0.0093205
-0.0076947
-0.0059478
-0.0040976
-0.0020747
0.0003043
0.0031794
0.0063103
0.0093551
0.0119346
0.0138966
0.0153453
0.0163671
0.0172542
0.0182814
0.0193751
0.0202822
0.0208805
0.0211811
0.0213965
0.0217053
0.0220927
0.0226572
0.0235909
0.0249583
0.0266922
0.0287782
0.0310392
0.0330720
0.0345780
0.0354927
0.0358585
0.0355812
0.0345537
0.0328014
0.0304431
0.0275900
0.0242347
0.0203720
0.0160342
0.0113770
0.0067650
0.0025410
-0.0012449
-0.0046629
-0.0074137
-0.0093226
-0.0104794
-0.0110332
-0.0110219
-0.0102257
-0.0085905
-0.0064782
-0.0044123
-0.0026234
-0.0009592
0.0007466
0.0022905
0.0034482
0.0042049
0.0045786
0.0045474
0.0038775
0.0020817
-0.0010324
-0.0052737
-0.0104290
-0.0161385
-0.0218188
-0.0270910
-0.0316990
-0.0352661
-0.0375035
-0.0383974
-0.0380061
-0.0364068
-0.0340283
-0.0315270
-0.0293436
-0.0276745
-0.0266279
-0.0265683
-0.0277492
-0.0298368
-0.0323683
-0.0348939
-0.0370950
-0.0389309
-0.0402328
-0.0405899
-0.0397486
-0.0376620
-0.0347244
-0.0314839
-0.0280778
-0.0245065
-0.0209366
-0.0176080
-0.0149913
-0.0134263
-0.0126366
-0.0122333
-0.0118691
-0.0114476
-0.0109823
-0.0104827
-0.0097780
-0.0087244
-0.0074334
-0.0063005
-0.0057365
-0.0058309
-0.0062379
-0.0065222
-0.0067089
-0.0070135
-0.0075402
-0.0079596
-0.0078847
-0.0074762
-0.0071154
-0.0069471
-0.0066786
-0.0061164
-0.0052796
-0.0042217
-0.0029985
-0.0013781
0.0009563
0.0040454
0.0075171
0.0110922
0.0147747
0.0184756
0.0219140
0.0248815
0.0270037
0.0281198
0.0286107
0.0285265
0.0276664
0.0260438
0.0237597
0.0209604
0.0178466
0.0146441
0.0114545
0.0083662
0.0056039
0.0033137
0.0013787
-0.0003577
-0.0019594
-0.0034898
-0.0048866
-0.0061605
-0.0073757
-0.0089040
-0.0110633
-0.0137405
-0.0170116
-0.0209508
-0.0253199
-0.0297226
-0.0338075
-0.0374131
-0.0403575
-0.0425635
-0.0441614
-0.0453909
-0.0463579
-0.0472132
-0.0482998
-0.0496433
-0.0511771
-0.0528554
-0.0546000
-0.0563642
-0.0579581
-0.0592973
-0.0606182
-0.0619576
-0.0631677
-0.0644246
-0.0659361
-0.0676192
-0.0693263
-0.0712082
-0.0734904
-0.0758774
-0.0779047
-0.0793789
-0.0804231
-0.0812482
-0.0815964
-0.0808066
-0.0785704
-0.0755359
-0.0725056
-0.0696993
-0.0671788
-0.0650347
-0.0633713
-0.0622288
-0.0615277
-0.0611949
-0.0611852
-0.0614382
-0.0617252
-0.0617502
-0.0613442
-0.0605117
-0.0591392
-0.0569395
-0.0540361
-0.0507260
-0.0471057
-0.0433049
-0.0394054
-0.0356100
-0.0321131
-0.0288567
-0.0257657
-0.0228770
-0.0203758
-0.0181986
-0.0162476
-0.0147335
-0.0138321
-0.0135732
-0.0140194
-0.0149984
-0.0162852
-0.0177372
-0.0190083
-0.0198881
-0.0203086
-0.0201037
-0.0191715
-0.0176109
-0.0156603
-0.0132916
-0.0102599
-0.0064535
-0.0018982
0.0032098
0.0084393
0.0134362
0.0180891
0.0224698
0.0262231
0.0287429
0.0303775
0.0318771
0.0330587
0.0332411
0.0325624
0.0315990
0.0301992
0.0278803
0.0248664
0.0219298
0.0192023
0.0163177
0.0134683
0.0113255
0.0101547
0.0096085
0.0097130
0.0107903
0.0128036
0.0154991
0.0184105
0.0212447
0.0240059
0.0264864
0.0284994
0.0302105
0.0320789
0.0343508
0.0366742
0.0388542
0.0412656
0.0440284
0.0465611
0.0483513
0.0494957
0.0500466
0.0496752
0.0481786
0.0457948
0.0430913
0.0402318
0.0369547
0.0335263
0.0304790
0.0277493
0.0251654
0.0227333
0.0206759
0.0190587
0.0176330
0.0163430
0.0153521
0.0145694
0.0136927
0.0126336
0.0117058
0.0110422
0.0103770
0.0094685
0.0084410
0.0074951
0.0064758
0.0052796
0.0040728
0.0029543
0.0020749
0.0015751
0.0014129
0.0015478
0.0021205
0.0031691
0.0045469
0.0059362
0.0071857
0.0088009
0.0109666
0.0131352
0.0147329
0.0160011
0.0174975
0.0189528
0.0201088
0.0214156
0.0233604
0.0256977
0.0277441
0.0291841
0.0301501
0.0308104
0.0310442
0.0306431
0.0296277
0.0281649
0.0265431
0.0247933
0.0226702
0.0201345
0.0174348
0.0148227
0.0123189
0.0099786
0.0080740
0.0069375
0.0066242
0.0069814
0.0079407
0.0094674
0.0114008
0.0133723
0.0150942
0.0165402
0.0176106
0.0180644
0.0177845
0.0169847
0.0159600
0.0148874
0.0139672
0.0134546
0.0134237
0.0138044
0.0145748
0.0158502
0.0177189
0.0201450
0.0229369
0.0259768
0.0292627
0.0325277
0.0354123
0.0377443
0.0394154
0.0404911
0.0411212
0.0411893
0.0406366
0.0396771
0.0386787
0.0378388
0.0371624
0.0367271
0.0367135
0.0373452
0.0385877
0.0400873
0.0413776
0.0421582
0.0425201
0.0423241
0.0412649
0.0394971
0.0373479
0.0348200
0.0319453
0.0290045
0.0262127
0.0235739
0.0208998
0.0181814
0.0156531
0.0133370
0.0110433
0.0088237
0.0066852
0.0046618
0.0026867
0.0006783
-0.0013264
-0.0032878
-0.0051028
-0.0067192
-0.0081925
-0.0094035
-0.0102873
-0.0110383
-0.0116205
-0.0116993
-0.0109257
-0.0091393
-0.0064391
-0.0033134
-0.0001381
0.0029155
0.0058133
0.0085131
0.0106474
0.0119478
0.0126003
0.0127499
0.0125868
0.0123974
0.0121917
0.0117216
0.0112048
0.0111373
0.0116310
0.0123212
0.0129215
0.0134746
0.0142318
0.0154135
0.0169001
0.0185716
0.0205139
0.0227686
0.0250437
0.0270248
0.0284029
0.0288725
0.0282847
0.0266176
0.0239145
0.0202937
0.0160985
0.0116680
0.0072097
0.0028677
-0.0012523
-0.0051060
-0.0087137
-0.0121644
-0.0153810
-0.0183817
-0.0213084
-0.0242208
-0.0269602
-0.0292215
-0.0309552
-0.0324703
-0.0339628
-0.0352725
-0.0363822
-0.0375821
-0.0391700
-0.0410420
-0.0429314
-0.0447829
-0.0466670
-0.0484617
-0.0498191
-0.0506259
-0.0508386
-0.0507678
-0.0507883
-0.0507111
-0.0503124
-0.0496995
-0.0488555
-0.0477366
-0.0462783
-0.0444501
-0.0422654
-0.0398970
-0.0376907
-0.0357283
-0.0338970
-0.0323400
-0.0312279
-0.0305178
-0.0300362
-0.0295442
-0.0288711
-0.0279567
-0.0266842
-0.0249134
-0.0226884
-0.0202320
-0.0175927
-0.0148654
-0.0125829
-0.0111853
-0.0104827
-0.0099350
-0.0094365
-0.0094032
-0.0101399
-0.0114230
-0.0131365
-0.0155817
-0.0189171
-0.0228158
-0.0268967
-0.0309830
-0.0348739
-0.0382591
-0.0408723
-0.0425795
-0.0432179
-0.0428785
-0.0420296
-0.0409656
-0.0398243
-0.0387793
-0.0380906
-0.0378902
-0.0381281
-0.0385762
-0.0390154
-0.0393851
-0.0395908
-0.0393985
-0.0386949
-0.0376391
-0.0365491
-0.0354966
-0.0342284
-0.0326949
-0.0311390
-0.0296790
-0.0279597
-0.0255995
-0.0225908
-0.0190954
-0.0151690
-0.0108225
-0.0062495
-0.0019285
0.0014462
0.0036667
0.0049141
0.0053180
0.0045480
0.0023927
-0.0003834
-0.0027558
-0.0045160
-0.0058950
-0.0067265
-0.0066077
-0.0057141
-0.0047481
-0.0040591
-0.0032723
-0.0021622
-0.0013086
-0.0014669
-0.0025012
-0.0035683
-0.0044460
-0.0052547
-0.0057092
-0.0055421
-0.0048357
-0.0037966
-0.0025952
-0.0015481
-0.0009755
-0.0011000
-0.0018012
-0.0029069
-0.0044045
-0.0061469
-0.0077014
-0.0088686
-0.0099111
-0.0111130
-0.0124725
-0.0140163
-0.0159777
-0.0184947
-0.0214422
-0.0245952
-0.0276944
-0.0304545
-0.0326084
-0.0340250
-0.0348726
-0.0354099
-0.0357440
-0.0359948
-0.0362829
-0.0368245
-0.0378083
-0.0391844
-0.0409074
-0.0429620
-0.0452298
-0.0474476
-0.0494651
-0.0514086
-0.0532071
-0.0546256
-0.0559169
-0.0571495
-0.0581669
-0.0588025
-0.0589190
-0.0583518
-0.0568437
-0.0542778
-0.0507149
-0.0463406
-0.0413469
-0.0359897
-0.0304541
-0.0252468
-0.0205965
-0.0164101
-0.0127988
-0.0098696
-0.0075756
-0.0057535
-0.0044693
-0.0036863
-0.0030550
-0.0023421
-0.0015558
-0.0006816
0.0003510
0.0015243
0.0027455
0.0038211
0.0045542
0.0048943
0.0046507
0.0036816
0.0021975
0.0003330
-0.0018212
-0.0042006
-0.0065966
-0.0087103
-0.0104627
-0.0116873
-0.0124841
-0.0129524
-0.0127882
-0.0118544
-0.0102859
-0.0081886
-0.0055996
-0.0025613
0.0007357
0.0041038
0.0075289
0.0107767
0.0136981
0.0162483
0.0182408
0.0197809
0.0209300
0.0217527
0.0223128
0.0227070
0.0231930
0.0240347
0.0252569
0.0269020
0.0289513
0.0312772
0.0337578
0.0361269
0.0382663
0.0402641
0.0419115
0.0430594
0.0435055
0.0433202
0.0427363
0.0418257
0.0406487
0.0393056
0.0379106
0.0365832
0.0353317
0.0341851
0.0330197
0.0316360
0.0300849
0.0282505
0.0259928
0.0233876
0.0205423
0.0174716
0.0143224
0.0112894
0.0085872
0.0063807
0.0050030
0.0047307
0.0053794
0.0066325
0.0083686
0.0105181
0.0130425
0.0157363
0.0183555
0.0209902
0.0235804
0.0258311
0.0274406
0.0282951
0.0283872
0.0276533
0.0260914
0.0238944
0.0215363
0.0193689
0.0176725
0.0167665
0.0168798
0.0180239
0.0200261
0.0226400
0.0256519
0.0286912
0.0313087
0.0333174
0.0346911
0.0354612
0.0358176
0.0359634
0.0358192
0.0353079
0.0346463
0.0342945
0.0344130
0.0347534
0.0351054
0.0355038
0.0359363
0.0361897
0.0361246
0.0356357
0.0348706
0.0340971
0.0336626
0.0337473
0.0343052
0.0352279
0.0365504
0.0383224
0.0404510
0.0428154
0.0451536
0.0470920
0.0484500
0.0492534
0.0495717
0.0492862
0.0483948
0.0473217
0.0464622
0.0459471
0.0456658
0.0454152
0.0452606
0.0453919
0.0458756
0.0466242
0.0476247
0.0489235
0.0504996
0.0522045
0.0540689
0.0561030
0.0581725
0.0597664
0.0602394
0.0594538
0.0578020
0.0555296
0.0522470
0.0474360
0.0412708
0.0346340
0.0285867
0.0236185
0.0196154
0.0166214
0.0148962
0.0144290
0.0149378
0.0161642
0.0176887
0.0188990
0.0193692
0.0191257
0.0185261
0.0177751
0.0168013
0.0156046
0.0144624
0.0136649
0.0133665
0.0134153
0.0136055
0.0138565
0.0142078
0.0146880
0.0152196
0.0155375
0.0152323
0.0141595
0.0127563
0.0113062
0.0097646
0.0082582
0.0070048
0.0063261
0.0064974
0.0075073
0.0090598
0.0108830
0.0127692
0.0146539
0.0166046
0.0185935
0.0202520
0.0211349
0.0213707
0.0213785
0.0212700
0.0209031
0.0202732
0.0195784
0.0189500
0.0183476
0.0175703
0.0165494
0.0153592
0.0141030
0.0127876
0.0116682
0.0110097
0.0107799
0.0107323
0.0108221
0.0110924
0.0114936
0.0118247
0.0119288
0.0118122
0.0115885
0.0111248
0.0103700
0.0094921
0.0085152
0.0071845
0.0057077
0.0050235
0.0055515
0.0065944
0.0073292
0.0080701
0.0096861
0.0121925
0.0149397
0.0174461
0.0196517
0.0213752
0.0222417
0.0222023
0.0213766
0.0198033
0.0176076
0.0151403
0.0128622
0.0110655
0.0096491
0.0085107
0.0077455
0.0073926
0.0070967
0.0063741
0.0050872
0.0033793
0.0013180
-0.0009945
-0.0033990
-0.0055276
-0.0072217
-0.0085675
-0.0094316
-0.0097022
-0.0095677
-0.0093697
-0.0090905
-0.0085289
-0.0076935
-0.0066947
-0.0055483
-0.0041558
-0.0024499
-0.0004671
0.0017132
0.0039558
0.0062197
0.0082696
0.0098904
0.0110961
0.0118640
0.0121655
0.0120127
0.0115575
0.0111010
0.0108376
0.0107579
0.0108304
0.0110072
0.0112657
0.0115132
0.0117517
0.0121416
0.0125480
0.0129795
0.0135034
0.0140019
0.0144089
0.0146555
0.0146172
0.0142060
0.0134879
0.0124709
0.0110515
0.0093122
0.0075369
0.0060753
0.0050465
0.0044227
0.0043914
0.0050445
0.0062702
0.0078806
0.0096129
0.0114274
0.0131711
0.0144684
0.0150833
0.0150709
0.0146464
0.0139974
0.0132382
0.0125378
0.0121206
0.0118994
0.0115295
0.0106618
0.0092961
0.0073565
0.0047094
0.0015217
-0.0017821
-0.0048895
-0.0076806
-0.0097845
-0.0109048
-0.0110321
-0.0104089
-0.0092938
-0.0080514
-0.0070720
-0.0067420
-0.0073432
-0.0087789
-0.0108911
-0.0136345
-0.0166808
-0.0198040
-0.0229534
-0.0259372
-0.0286977
-0.0311078
-0.0330487
-0.0346586
-0.0360272
-0.0370161
-0.0375084
-0.0375063
-0.0371595
-0.0365604
-0.0357148
-0.0347219
-0.0337233
-0.0328931
-0.0324314
-0.0323131
-0.0324994
-0.0328087
-0.0329383
-0.0327197
-0.0321212
-0.0309724
-0.0290074
-0.0260210
-0.0220250
-0.0173380
-0.0123116
-0.0072543
-0.0023512
0.0025107
0.0072237
0.0113138
0.0146133
0.0172834
0.0194907
0.0212632
0.0223810
0.0228037
0.0226647
0.0221559
0.0216189
0.0212266
0.0207859
0.0200838
0.0192043
0.0183563
0.0175153
0.0164457
0.0149104
0.0127152
0.0097518
0.0060259
0.0016160
-0.0033224
-0.0086972
-0.0141931
-0.0193251
-0.0235995
-0.0266445
-0.0285581
-0.0294618
-0.0293299
-0.0283609
-0.0270046
-0.0254936
-0.0238863
-0.0223591
-0.0211151
-0.0201887
-0.0192961
-0.0181339
-0.0166055
-0.0144597
-0.0114803
-0.0077289
-0.0034827
0.0009172
0.0051731
0.0089959
0.0120255
0.0140806
0.0152799
0.0157574
0.0156592
0.0154666
0.0155304
0.0158863
0.0164911
0.0173805
0.0185048
0.0197021
0.0206794
0.0211674
0.0209357
0.0198852
0.0183917
0.0167530
0.0149442
0.0130875
0.0116456
0.0108773
0.0105757
0.0104871
0.0104195
0.0100868
0.0092434
0.0077595
0.0055285
0.0026329
-0.0007070
-0.0041500
-0.0073592
-0.0100329
-0.0120492
-0.0134867
-0.0144485
-0.0149453
-0.0151696
-0.0154667
-0.0161704
-0.0172323
-0.0185954
-0.0203962
-0.0224698
-0.0243824
-0.0258615
-0.0267417
-0.0268969
-0.0262364
-0.0246826
-0.0222763
-0.0191555
-0.0154738
-0.0114409
-0.0071838
-0.0027888
0.0015180
0.0056447
0.0095319
0.0130810
0.0162708
0.0190700
0.0214230
0.0233435
0.0250176
0.0265857
0.0278931
0.0288119
0.0292964
0.0292738
0.0285887
0.0272449
0.0254843
0.0234073
0.0209357
0.0180395
0.0147844
0.0113328
0.0077745
0.0040821
0.0003246
-0.0032513
-0.0066190
-0.0099733
-0.0132121
-0.0160659
-0.0184005
-0.0201729
-0.0213708
-0.0219968
-0.0221523
-0.0220546
-0.0217866
-0.0212639
-0.0205678
-0.0197295
-0.0186493
-0.0173534
-0.0158090
-0.0141198
-0.0126810
-0.0116335
-0.0110037
-0.0108465
-0.0111012
-0.0114772
-0.0116856
-0.0116182
-0.0112232
-0.0104313
-0.0090662
-0.0071231
-0.0047872
-0.0021920
0.0004989
0.0029111
0.0046465
0.0055963
0.0055207
0.0039807
0.0010439
-0.0028706
-0.0075019
-0.0125406
-0.0174936
-0.0219935
-0.0258541
-0.0290642
-0.0315500
-0.0331888
-0.0340169
-0.0343790
-0.0345862
-0.0346306
-0.0344041
-0.0339597
-0.0334575
-0.0329597
-0.0325339
-0.0323661
-0.0325918
-0.0331849
-0.0340968
-0.0353528
-0.0368303
-0.0383091
-0.0394976
-0.0403276
-0.0409182
-0.0414712
-0.0422671
-0.0433513
-0.0443794
-0.0449960
-0.0452876
-0.0452879
-0.0446782
-0.0431441
-0.0405231
-0.0365401
-0.0316855
-0.0267984
-0.0218543
-0.0160531
-0.0092561
-0.0023894
0.0039958
0.0099881
0.0156668
0.0209616
0.0256236
0.0293832
0.0321718
0.0339688
0.0348904
0.0351320
0.0346693
0.0334802
0.0316508
0.0294633
0.0271462
0.0247653
0.0223638
0.0198927
0.0174031
0.0148508
0.0121138
0.0091206
0.0057497
0.0020028
-0.0018339
-0.0054416
-0.0087280
-0.0116403
-0.0140405
-0.0158164
-0.0169009
-0.0171552
-0.0165760
-0.0154651
-0.0142115
-0.0128813
-0.0112140
-0.0093043
-0.0074774
-0.0056458
-0.0037134
-0.0016388
0.0006301
0.0028373
0.0046905
0.0059433
0.0064449
0.0060805
0.0047720
0.0024855
-0.0006009
-0.0040395
-0.0074175
-0.0103852
-0.0126932
-0.0142018
-0.0149084
-0.0151057
-0.0151716
-0.0152638
-0.0155054
-0.0161281
-0.0172380
-0.0188129
-0.0207558
-0.0229067
-0.0251092
-0.0271557
-0.0289129
-0.0305798
-0.0321456
-0.0332093
-0.0335736
-0.0333971
-0.0328846
-0.0320020
-0.0307308
-0.0292558
-0.0278041
-0.0265377
-0.0254355
-0.0245836
-0.0241975
-0.0244107
-0.0252176
-0.0265519
-0.0282797
-0.0303389
-0.0326547
-0.0349690
-0.0369193
-0.0382405
-0.0388591
-0.0387530
-0.0381104
-0.0371618
-0.0360038
-0.0345277
-0.0327248
-0.0306511
-0.0283195
-0.0259405
-0.0238376
-0.0221468
-0.0204863
-0.0184951
-0.0163567
-0.0144239
-0.0127655
-0.0112478
-0.0097954
-0.0086306
-0.0077801
-0.0069089
-0.0056599
-0.0041839
-0.0026312
-0.0009012
0.0010755
0.0030969
0.0048114
0.0061059
0.0070899
0.0079287
0.0086693
0.0092119
0.0096885
0.0102458
0.0105810
0.0104938
0.0100839
0.0095096
0.0087433
0.0077774
0.0066968
0.0057111
0.0049941
0.0045269
0.0040494
0.0035014
0.0030014
0.0024366
0.0017030
0.0008266
-0.0000890
-0.0007284
-0.0007181
0.0000681
0.0016421
0.0038802
0.0067959
0.0103032
0.0139923
0.0174539
0.0204053
0.0227115
0.0241733
0.0244663
0.0234697
0.0213467
0.0186050
0.0157113
0.0128946
0.0105121
0.0087290
0.0077296
0.0076483
0.0083509
0.0095935
0.0114298
0.0138053
0.0162051
0.0183472
0.0203403
0.0222177
0.0238470
0.0252139
0.0263085
0.0271469
0.0279475
0.0286766
0.0290049
0.0288539
0.0283872
0.0275286
0.0261600
0.0244789
0.0226566
0.0207423
0.0189574
0.0177315
0.0174641
0.0181340
0.0194311
0.0210090
0.0227132
0.0246439
0.0268849
0.0290826
0.0307531
0.0318357
0.0324478
0.0326047
0.0323220
0.0316836
0.0309107
0.0302092
0.0297611
0.0297540
0.0303040
0.0314792
0.0332253
0.0355288
0.0382282
0.0410045
0.0436536
0.0459860
0.0477151
0.0486774
0.0489069
0.0485310
0.0476758
0.0464511
0.0450404
0.0437024
0.0427454
0.0422638
0.0418749
0.0411230
0.0400969
0.0391166
0.0383556
0.0374746
0.0362017
0.0345552
0.0327902
0.0309516
0.0288337
0.0264152
0.0241236
0.0225634
0.0219443
0.0222497
0.0233100
0.0249052
0.0267916
0.0284416
0.0294068
0.0295209
0.0286215
0.0266409
0.0236967
0.0198868
0.0152312
0.0101501
0.0052658
0.0008461
-0.0031350
-0.0064279
-0.0087631
-0.0101481
-0.0108335
-0.0110500
-0.0108738
-0.0104754
-0.0101843
-0.0102431
-0.0104653
-0.0107290
-0.0111086
-0.0114005
-0.0114600
-0.0112286
-0.0107510
-0.0102431
-0.0097302
-0.0090924
-0.0084285
-0.0079762
-0.0077574
-0.0076034
-0.0076031
-0.0078804
-0.0082241
-0.0085103
-0.0088175
-0.0090904
-0.0090899
-0.0087819
-0.0082408
-0.0075085
-0.0065299
-0.0054341
-0.0043840
-0.0033653
-0.0022562
-0.0010838
0.0001809
0.0015879
0.0030025
0.0043470
0.0055145
0.0063378
0.0069783
0.0073992
0.0072776
0.0066745
0.0058059
0.0048767
0.0041895
0.0039449
0.0042578
0.0051205
0.0064493
0.0080752
0.0097101
0.0109563
0.0114625
0.0111068
0.0099923
0.0083281
0.0062923
0.0041939
0.0024303
0.0011476
0.0001644
-0.0005005
-0.0007761
-0.0008548
-0.0009004
-0.0009999
-0.0011683
-0.0012271
-0.0011170
-0.0009118
-0.0006085
-0.0001945
0.0002380
0.0005364
0.0006032
0.0003523
-0.0003041
-0.0013714
-0.0028275
-0.0045099
-0.0061307
-0.0076608
-0.0089017
-0.0095696
-0.0097351
-0.0095456
-0.0089764
-0.0080865
-0.0072643
-0.0068917
-0.0069489
-0.0072884
-0.0081880
-0.0098324
-0.0119251
-0.0140420
-0.0158420
-0.0173056
-0.0183574
-0.0186899
-0.0183402
-0.0174583
-0.0160804
-0.0142504
-0.0120764
-0.0100541
-0.0087953
-0.0083468
-0.0086416
-0.0099170
-0.0121243
-0.0149212
-0.0180362
-0.0212912
-0.0244919
-0.0275307
-0.0302371
-0.0324842
-0.0343583
-0.0358025
-0.0366987
-0.0371082
-0.0372345
-0.0370069
-0.0362250
-0.0351109
-0.0338782
-0.0324134
-0.0308640
-0.0296515
-0.0288510
-0.0282924
-0.0280499
-0.0282200
-0.0286211
-0.0289769
-0.0292113
-0.0291884
-0.0288460
-0.0280987
-0.0270176
-0.0257086
-0.0242741
-0.0228259
-0.0214981
-0.0204635
-0.0198735
-0.0197296
-0.0199448
-0.0206181
-0.0219779
-0.0238653
-0.0258382
-0.0274979
-0.0289620
-0.0304678
-0.0319020
-0.0331656
-0.0343867
-0.0356219
-0.0367715
-0.0377645
-0.0386415
-0.0393377
-0.0396264
-0.0393313
-0.0385104
-0.0373356
-0.0359327
-0.0344333
-0.0331054
-0.0323577
-0.0324374
-0.0333262
-0.0349550
-0.0371099
-0.0394267
-0.0415868
-0.0433962
-0.0447421
-0.0453502
-0.0451331
-0.0441544
-0.0423941
-0.0400346
-0.0372527
-0.0341838
-0.0309736
-0.0275758
-0.0240747
-0.0207998
-0.0180160
-0.0157989
-0.0140223
-0.0127542
-0.0122395
-0.0124617
-0.0130335
-0.0136501
-0.0142867
-0.0148069
-0.0149494
-0.0146188
-0.0137950
-0.0124698
-0.0108753
-0.0092992
-0.0079138
-0.0068975
-0.0063259
-0.0060841
-0.0059511
-0.0058199
-0.0057007
-0.0055939
-0.0054908
-0.0053542
-0.0051855
-0.0051842
-0.0054927
-0.0061641
-0.0071514
-0.0083768
-0.0096922
-0.0108946
-0.0117585
-0.0120723
-0.0117775
-0.0108744
-0.0093475
-0.0073142
-0.0050813
-0.0029634
-0.0011602
0.0001206
0.0007280
0.0006041
-0.0001776
-0.0016563
-0.0039209
-0.0067385
-0.0096539
-0.0125427
-0.0153322
-0.0177562
-0.0197058
-0.0212635
-0.0223765
-0.0230345
-0.0231384
-0.0227280
-0.0220646
-0.0212687
-0.0202251
-0.0188492
-0.0172506
-0.0156690
-0.0141689
-0.0127362
-0.0115110
-0.0106730
-0.0102302
-0.0101522
-0.0104608
-0.0112611
-0.0126117
-0.0144041
-0.0165052
-0.0186922
-0.0208266
-0.0227517
-0.0243017
-0.0253038
-0.0253975
-0.0243748
-0.0224476
-0.0199712
-0.0170857
-0.0137036
-0.0099493
-0.0062837
-0.0029355
0.0001477
0.0029663
0.0053067
0.0069089
0.0077123
0.0078628
0.0075798
0.0068827
0.0057340
0.0042101
0.0025594
0.0009297
-0.0006642
-0.0020166
-0.0030358
-0.0035858
-0.0035085
-0.0029479
-0.0019441
-0.0005490
0.0010201
0.0025378
0.0036753
0.0041451
0.0039365
0.0030906
0.0016150
-0.0003710
-0.0027395
-0.0052798
-0.0076601
-0.0095520
-0.0107960
-0.0113698
-0.0112433
-0.0103975
-0.0088259
-0.0067365
-0.0043147
-0.0014180
0.0019479
0.0055462
0.0092743
0.0130761
0.0167379
0.0200697
0.0229931
0.0253584
0.0270121
0.0280342
0.0285138
0.0284562
0.0279710
0.0271696
0.0262259
0.0253480
0.0245387
0.0236635
0.0226414
0.0215831
0.0205112
0.0193305
0.0180041
0.0167327
0.0158009
0.0152046
0.0149939
0.0152900
0.0159697
0.0167172
0.0171485
0.0169607
0.0161155
0.0147085
0.0128547
0.0107731
0.0089105
0.0077477
0.0075576
0.0083983
0.0103105
0.0131917
0.0165038
0.0196107
0.0220819
0.0234769
0.0235567
0.0225463
0.0206980
0.0184948
0.0166234
0.0155356
0.0155920
0.0170163
0.0194744
0.0225855
0.0262042
0.0299070
0.0331623
0.0357742
0.0375493
0.0382798
0.0380139
0.0369526
0.0352038
0.0328685
0.0301991
0.0272338
0.0240996
0.0208935
0.0174263
0.0137311
0.0099134
0.0062464
0.0030283
0.0004641
-0.0012288
-0.0019101
-0.0016378
-0.0006039
0.0011058
0.0032635
0.0054301
0.0073887
0.0090432
0.0102784
0.0110458
0.0113154
0.0113007
0.0111748
0.0110144
0.0108163
0.0105538
0.0101526
0.0093753
0.0081684
0.0064991
0.0043964
0.0019361
-0.0008403
-0.0035450
-0.0056857
-0.0070039
-0.0074638
-0.0069277
-0.0051966
-0.0023564
0.0012009
0.0050383
0.0087775
0.0120647
0.0145155
0.0159460
0.0163273
0.0158051
0.0145380
0.0127893
0.0109720
0.0093921
0.0082072
0.0074258
0.0069623
0.0067250
0.0067037
0.0065762
0.0060843
0.0052203
0.0040712
0.0027262
0.0011488
-0.0006526
-0.0024536
-0.0042534
-0.0062054
-0.0083872
-0.0107197
-0.0130676
-0.0152985
-0.0174451
-0.0193510
-0.0207856
-0.0217390
-0.0222537
-0.0224323
-0.0225336
-0.0227618
-0.0232720
-0.0241916
-0.0255051
-0.0271238
-0.0289048
-0.0304463
-0.0315420
-0.0320845
-0.0318137
-0.0307463
-0.0290157
-0.0266172
-0.0236721
-0.0205418
-0.0173151
-0.0140181
-0.0107016
-0.0073855
-0.0042026
-0.0012775
0.0012682
0.0032306
0.0044435
0.0047271
0.0040474
0.0026334
0.0005966
-0.0020101
-0.0049144
-0.0078559
-0.0106644
-0.0131974
-0.0152942
-0.0168406
-0.0178869
-0.0185350
-0.0189281
-0.0191116
-0.0191746
-0.0193433
-0.0196402
-0.0199650
-0.0203848
-0.0207233
-0.0208337
-0.0208337
-0.0206527
-0.0200861
-0.0189795
-0.0174383
-0.0154879
-0.0132298
-0.0110895
-0.0093148
-0.0078290
-0.0067222
-0.0061491
-0.0059915
-0.0060275
-0.0059701
-0.0055330
-0.0047154
-0.0034238
-0.0015365
0.0008589
0.0035569
0.0063280
0.0090307
0.0116206
0.0141644
0.0165796
0.0186305
0.0202868
0.0217149
0.0230664
0.0241890
0.0250018
0.0255462
0.0259343
0.0261125
0.0258818
0.0253345
0.0245815
0.0236467
0.0226434
0.0215582
0.0203959
0.0191996
0.0180587
0.0171652
0.0166132
0.0166571
0.0174903
0.0187177
0.0199787
0.0212687
0.0226588
0.0241681
0.0255532
0.0265236
0.0271042
0.0272921
0.0269542
0.0259263
0.0242090
0.0219646
0.0194811
0.0170691
0.0147490
0.0125359
0.0107234
0.0094961
0.0086565
0.0081164
0.0079088
0.0079207
0.0081819
0.0087977
0.0098134
0.0112749
0.0130719
0.0151903
0.0175933
0.0200419
0.0224010
0.0248439
0.0273572
0.0298433
0.0323137
0.0346734
0.0369072
0.0390628
0.0408864
0.0422629
0.0432475
0.0438810
0.0440755
0.0437709
0.0431681
0.0425106
0.0417521
0.0408422
0.0400791
0.0397587
0.0397677
0.0399115
0.0402513
0.0407746
0.0412852
0.0416786
0.0420015
0.0421310
0.0418817
0.0409957
0.0394601
0.0376316
0.0360260
0.0348517
0.0338903
0.0327924
0.0318159
0.0315316
0.0319656
0.0327761
0.0336509
0.0345241
0.0354099
0.0361730
0.0364413
0.0360834
0.0353053
0.0342264
0.0328414
0.0313014
0.0297908
0.0285200
0.0275346
0.0266905
0.0258870
0.0250365
0.0239595
0.0226832
0.0213347
0.0199375
0.0185909
0.0174201
0.0164094
0.0154469
0.0144224
0.0134257
0.0125366
0.0117313
0.0110757
0.0105810
0.0103677
0.0104679
0.0108664
0.0116141
0.0126360
0.0137450
0.0147672
0.0156374
0.0164090
0.0171020
0.0177384
0.0183774
0.0191012
0.0199206
0.0207258
0.0216535
0.0227064
0.0235106
0.0239159
0.0239280
0.0235522
0.0227674
0.0215545
0.0197909
0.0175426
0.0151018
0.0126071
0.0100834
0.0077948
0.0061221
0.0052610
0.0053061
0.0061012
0.0073738
0.0088982
0.0104718
0.0119071
0.0129671
0.0134313
0.0132683
0.0126675
0.0118147
0.0107605
0.0096057
0.0086006
0.0079496
0.0077654
0.0080397
0.0086184
0.0092816
0.0097831
0.0099316
0.0097213
0.0089793
0.0073978
0.0051993
0.0027374
0.0000527
-0.0027525
-0.0055348
-0.0082448
-0.0107301
-0.0129323
-0.0149335
-0.0166779
-0.0181558
-0.0194270
-0.0204111
-0.0211041
-0.0216620
-0.0222988
-0.0229168
-0.0233961
-0.0238012
-0.0240974
-0.0241425
-0.0239056
-0.0233045
-0.0222448
-0.0207847
-0.0190467
-0.0171267
-0.0151644
-0.0132132
-0.0112996
-0.0096223
-0.0083733
-0.0075012
-0.0068696
-0.0063945
-0.0060944
-0.0061005
-0.0063440
-0.0067088
-0.0072620
-0.0080885
-0.0091458
-0.0103717
-0.0118008
-0.0133833
-0.0148903
-0.0162236
-0.0174383
-0.0185674
-0.0194949
-0.0201458
-0.0205384
-0.0206694
-0.0204785
-0.0199433
-0.0191782
-0.0182597
-0.0170396
-0.0155025
-0.0137933
-0.0119386
-0.0100232
-0.0082119
-0.0065718
-0.0050092
-0.0034827
-0.0022577
-0.0015455
-0.0011619
-0.0011076
-0.0015021
-0.0023350
-0.0035664
-0.0051072
-0.0068882
-0.0088638
-0.0110325
-0.0132708
-0.0154705
-0.0176505
-0.0197572
-0.0216650
-0.0233477
-0.0249390
-0.0264132
-0.0276645
-0.0286578
-0.0292204
-0.0295419
-0.0298313
-0.0298817
-0.0297393
-0.0296752
-0.0298260
-0.0300936
-0.0306024
-0.0315391
-0.0327662
-0.0340289
-0.0350593
-0.0356903
-0.0358739
-0.0356424
-0.0350649
-0.0341621
-0.0330024
-0.0317942
-0.0307521
-0.0298531
-0.0291422
-0.0288233
-0.0290120
-0.0293374
-0.0294909
-0.0295153
-0.0296450
-0.0300061
-0.0304399
-0.0308263
-0.0312672
-0.0317563
-0.0320278
-0.0319156
-0.0316185
-0.0313948
-0.0311178
-0.0304743
-0.0294507
-0.0284534
-0.0277200
-0.0272430
-0.0268563
-0.0262877
-0.0255074
-0.0247570
-0.0241676
-0.0235742
-0.0227362
-0.0214431
-0.0198313
-0.0182281
-0.0168659
-0.0158027
-0.0148269
-0.0137720
-0.0126741
-0.0117687
-0.0109939
-0.0099341
-0.0084490
-0.0066893
-0.0049050
-0.0033204
-0.0020253
-0.0010335
-0.0002856
-0.0000152
-0.0004941
-0.0015517
-0.0029752
-0.0045441
-0.0061039
-0.0075215
-0.0085419
-0.0091147
-0.0092591
-0.0087538
-0.0075848
-0.0060548
-0.0044896
-0.0029278
-0.0011792
0.0005413
0.0017509
0.0024605
0.0028999
0.0030278
0.0026899
0.0017269
0.0002664
-0.0014416
-0.0033394
-0.0054854
-0.0077644
-0.0097596
-0.0112905
-0.0124887
-0.0132898
-0.0137335
-0.0140032
-0.0141811
-0.0143141
-0.0145383
-0.0149760
-0.0154882
-0.0159212
-0.0161876
-0.0163318
-0.0163966
-0.0161372
-0.0155294
-0.0147089
-0.0135018
-0.0119273
-0.0101651
-0.0081580
-0.0059848
-0.0037797
-0.0015498
0.0007765
0.0031738
0.0055866
0.0080484
0.0105549
0.0131078
0.0156592
0.0181749
0.0206066
0.0228086
0.0247355
0.0262908
0.0274187
0.0280574
0.0280907
0.0275618
0.0265954
0.0252645
0.0236492
0.0218155
0.0199351
0.0181699
0.0165727
0.0152397
0.0142498
0.0135494
0.0130818
0.0127301
0.0124685
0.0123051
0.0119483
0.0113903
0.0109453
0.0107516
0.0106894
0.0107938
0.0111066
0.0115653
0.0121611
0.0128481
0.0134767
0.0138419
0.0140382
0.0142959
0.0145933
0.0150016
0.0156667
0.0165908
0.0178554
0.0194835
0.0212935
0.0231644
0.0250145
0.0268337
0.0285876
0.0301397
0.0313798
0.0322949
0.0329502
0.0333031
0.0332208
0.0327144
0.0317250
0.0301069
0.0280930
0.0258766
0.0234259
0.0209078
0.0185628
0.0166778
0.0154234
0.0149175
0.0151354
0.0158534
0.0168548
0.0179615
0.0190763
0.0199693
0.0204943
0.0206366
0.0204449
0.0200913
0.0196969
0.0192601
0.0189100
0.0186067
0.0182884
0.0179098
0.0171942
0.0160174
0.0144671
0.0127528
0.0110048
0.0093914
0.0081390
0.0072346
0.0066118
0.0062840
0.0063911
0.0068468
0.0073678
0.0079147
0.0083747
0.0085604
0.0082803
0.0074754
0.0062389
0.0047288
0.0031012
0.0014264
-0.0002373
-0.0018278
-0.0034015
-0.0049515
-0.0064461
-0.0079136
-0.0094244
-0.0110461
-0.0126185
-0.0140408
-0.0153234
-0.0162437
-0.0166804
-0.0164929
-0.0155772
-0.0141929
-0.0129458
-0.0121997
-0.0117457
-0.0111300
-0.0102959
-0.0095577
-0.0088174
-0.0077797
-0.0063779
-0.0047734
-0.0031020
-0.0012952
0.0005837
0.0022934
0.0036669
0.0047713
0.0056654
0.0062281
0.0063815
0.0061214
0.0057737
0.0055843
0.0054614
0.0053981
0.0054718
0.0058118
0.0062704
0.0065267
0.0064569
0.0060364
0.0052357
0.0040268
0.0024236
0.0004138
-0.0019330
-0.0043146
-0.0066162
-0.0088671
-0.0110132
-0.0130059
-0.0148078
-0.0163278
-0.0175290
-0.0184636
-0.0191572
-0.0194971
-0.0195360
-0.0195048
-0.0195728
-0.0197893
-0.0200809
-0.0204112
-0.0208450
-0.0213981
-0.0219010
-0.0223765
-0.0225937
-0.0224631
-0.0222325
-0.0219131
-0.0213325
-0.0203768
-0.0192026
-0.0181079
-0.0170990
-0.0161115
-0.0152692
-0.0145655
-0.0137996
-0.0129284
-0.0119204
-0.0107030
-0.0091812
-0.0074034
-0.0056065
-0.0040128
-0.0026636
-0.0016462
-0.0011408
-0.0012710
-0.0019776
-0.0030392
-0.0043274
-0.0057090
-0.0070596
-0.0082229
-0.0090313
-0.0094158
-0.0094408
-0.0091207
-0.0085832
-0.0081111
-0.0076380
-0.0071685
-0.0068509
-0.0067662
-0.0069192
-0.0071587
-0.0073890
-0.0076077
-0.0077961
-0.0079346
-0.0080452
-0.0082070
-0.0084028
-0.0085326
-0.0084774
-0.0081717
-0.0075899
-0.0067465
-0.0056413
-0.0043013
-0.0028153
-0.0012616
0.0002774
0.0015400
0.0024306
0.0030258
0.0034480
0.0035496
0.0030827
0.0022781
0.0013555
0.0001512
-0.0014951
-0.0034614
-0.0054551
-0.0074781
-0.0096640
-0.0118568
-0.0137145
-0.0151543
-0.0161681
-0.0165289
-0.0161584
-0.0151638
-0.0137005
-0.0118346
-0.0098119
-0.0078987
-0.0063131
-0.0052162
-0.0046978
-0.0047509
-0.0053115
-0.0062307
-0.0073481
-0.0085765
-0.0097297
-0.0107508
-0.0115061
-0.0120115
-0.0124669
-0.0129009
-0.0133455
-0.0139390
-0.0148394
-0.0159428
-0.0169488
-0.0176456
-0.0178783
-0.0176635
-0.0171114
-0.0161956
-0.0149381
-0.0135808
-0.0124742
-0.0118159
-0.0116245
-0.0118044
-0.0123148
-0.0129854
-0.0134445
-0.0136343
-0.0135731
-0.0130280
-0.0118706
-0.0103063
-0.0085479
-0.0068251
-0.0052519
-0.0039602
-0.0032196
-0.0031089
-0.0035648
-0.0043247
-0.0051265
-0.0058486
-0.0063017
-0.0061677
-0.0052648
-0.0038079
-0.0020242
-0.0000661
0.0019766
0.0039827
0.0056652
0.0068954
0.0076861
0.0081407
0.0083638
0.0084469
0.0084512
0.0085884
0.0090625
0.0098844
0.0109466
0.0121881
0.0135781
0.0150770
0.0165555
0.0178551
0.0188580
0.0195006
0.0197818
0.0194975
0.0185343
0.0171519
0.0154301
0.0132827
0.0108180
0.0082457
0.0057133
0.0032877
0.0010770
-0.0008019
-0.0021883
-0.0031188
-0.0036938
-0.0039132
-0.0038738
-0.0036051
-0.0031799
-0.0028329
-0.0026786
-0.0026160
-0.0027296
-0.0032084
-0.0039809
-0.0049253
-0.0059950
-0.0071209
-0.0083383
-0.0096308
-0.0108579
-0.0117665
-0.0121792
-0.0124253
-0.0127897
-0.0132133
-0.0133676
-0.0130814
-0.0125274
-0.0117068
-0.0105361
-0.0092190
-0.0080634
-0.0071811
-0.0066402
-0.0065596
-0.0068682
-0.0073993
-0.0079740
-0.0085173
-0.0089343
-0.0091144
-0.0091845
-0.0092835
-0.0093575
-0.0094640
-0.0096798
-0.0099213
-0.0101865
-0.0102560
-0.0099915
-0.0095351
-0.0090223
-0.0085215
-0.0080911
-0.0077809
-0.0075791
-0.0076888
-0.0081021
-0.0086043
-0.0092014
-0.0096924
-0.0099138
-0.0099757
-0.0098313
-0.0094244
-0.0088105
-0.0081464
-0.0075264
-0.0069563
-0.0066628
-0.0068656
-0.0076214
-0.0085553
-0.0092399
-0.0097708
-0.0102711
-0.0103723
-0.0097643
-0.0087303
-0.0075375
-0.0061800
-0.0045898
-0.0029229
-0.0013502
0.0001339
0.0014796
0.0026630
0.0036404
0.0043105
0.0046707
0.0047731
0.0045339
0.0040190
0.0033962
0.0025591
0.0014568
0.0001159
-0.0012164
-0.0023590
-0.0034215
-0.0043810
-0.0050499
-0.0052806
-0.0052364
-0.0050239
-0.0045295
-0.0037052
-0.0025584
-0.0013143
-0.0000102
0.0014736
0.0028926
0.0040768
0.0051667
0.0062087
0.0071094
0.0077813
0.0084049
0.0090939
0.0097454
0.0103732
0.0111374
0.0119700
0.0128239
0.0136959
0.0146535
0.0157703
0.0168669
0.0177976
0.0185450
0.0191662
0.0195565
0.0195105
0.0189760
0.0181102
0.0168321
0.0150472
0.0128547
0.0103051
0.0074662
0.0046282
0.0021357
0.0001992
-0.0010922
-0.0016798
-0.0015615
-0.0006969
0.0005962
0.0019518
0.0032644
0.0043576
0.0050228
0.0053970
0.0057297
0.0060046
0.0062985
0.0069647
0.0080982
0.0095735
0.0113856
0.0133731
0.0152459
0.0166973
0.0175950
0.0180241
0.0180574
0.0178439
0.0176235
0.0175239
0.0176034
0.0179596
0.0187482
0.0197662
0.0207424
0.0216251
0.0223881
0.0229379
0.0230580
0.0229860
0.0229359
0.0227330
0.0221189
0.0210412
0.0197667
0.0186667
0.0178062
0.0171495
0.0168543
0.0170565
0.0177046
0.0187372
0.0200047
0.0213549
0.0226202
0.0237366
0.0246227
0.0251313
0.0253122
0.0251794
0.0247014
0.0240643
0.0234028
0.0227483
0.0221585
0.0216234
0.0211656
0.0208089
0.0205118
0.0202471
0.0200530
0.0200524
0.0201731
0.0202481
0.0203676
0.0205171
0.0205045
0.0201718
0.0195101
0.0186818
0.0176946
0.0165538
0.0153469
0.0141662
0.0131057
0.0121806
0.0113864
0.0108233
0.0104828
0.0102290
0.0101663
0.0104432
0.0110153
0.0116555
0.0120893
0.0122638
0.0122505
0.0120933
0.0117370
0.0111289
0.0103687
0.0095764
0.0086835
0.0074607
0.0057866
0.0038098
0.0016659
-0.0006092
-0.0030430
-0.0055189
-0.0079471
-0.0102709
-0.0124190
-0.0145181
-0.0165726
-0.0185313
-0.0204803
-0.0224362
-0.0243422
-0.0261317
-0.0277514
-0.0289488
-0.0296286
-0.0299005
-0.0298221
-0.0293670
-0.0285606
-0.0274491
-0.0260836
-0.0245549
-0.0228080
-0.0206778
-0.0181610
-0.0152838
-0.0120644
-0.0085836
-0.0050486
-0.0016154
0.0016365
0.0045740
0.0070855
0.0091295
0.0106693
0.0118367
0.0126285
0.0129481
0.0129919
0.0128405
0.0124324
0.0117707
0.0108285
0.0097162
0.0084490
0.0069123
0.0052972
0.0039005
0.0028367
0.0020970
0.0017890
0.0021039
0.0028583
0.0039484
0.0053777
0.0069575
0.0083658
0.0092952
0.0096830
0.0096241
0.0091248
0.0083971
0.0076112
0.0066412
0.0051820
0.0033937
0.0018829
0.0008999
0.0002004
-0.0002848
-0.0004897
-0.0005410
-0.0007530
-0.0012217
-0.0018834
-0.0027482
-0.0037787
-0.0049462
-0.0061732
-0.0073947
-0.0087654
-0.0103544
-0.0119162
-0.0132973
-0.0146919
-0.0161830
-0.0176628
-0.0189863
-0.0200618
-0.0211100
-0.0223073
-0.0234524
-0.0242842
-0.0248900
-0.0255667
-0.0264621
-0.0272838
-0.0276473
-0.0277196
-0.0277689
-0.0278116
-0.0276564
-0.0272695
-0.0269105
-0.0266851
-0.0264341
-0.0262752
-0.0265493
-0.0273177
-0.0282128
-0.0290746
-0.0300132
-0.0309694
-0.0317218
-0.0320429
-0.0320063
-0.0318361
-0.0315594
-0.0312149
-0.0309229
-0.0306652
-0.0304548
-0.0304324
-0.0306885
-0.0311137
-0.0315912
-0.0320192
-0.0322693
-0.0324394
-0.0326804
-0.0327975
-0.0325787
-0.0318673
-0.0307698
-0.0295831
-0.0285330
-0.0277483
-0.0271335
-0.0265779
-0.0262941
-0.0263676
-0.0265074
-0.0264707
-0.0264184
-0.0265043
-0.0266285
-0.0266696
-0.0266673
-0.0268464
-0.0273611
-0.0280479
-0.0289136
-0.0300342
-0.0314030
-0.0328249
-0.0342341
-0.0357272
-0.0371611
-0.0383048
-0.0389286
-0.0390042
-0.0386459
-0.0378284
-0.0364806
-0.0345900
-0.0322536
-0.0295497
-0.0266545
-0.0239515
-0.0214947
-0.0192363
-0.0174602
-0.0163328
-0.0157362
-0.0155527
-0.0159149
-0.0168824
-0.0181787
-0.0195280
-0.0206856
-0.0215384
-0.0220558
-0.0220308
-0.0214986
-0.0207418
-0.0199267
-0.0191470
-0.0184912
-0.0179101
-0.0172673
-0.0165145
-0.0157379
-0.0150179
-0.0142842
-0.0133767
-0.0122643
-0.0111078
-0.0099325
-0.0086922
-0.0072856
-0.0056275
-0.0037046
-0.0015722
0.0004034
0.0020623
0.0036590
0.0053479
0.0072141
0.0092105
0.0109248
0.0121671
0.0134405
0.0150349
0.0166468
0.0179859
0.0189934
0.0198955
0.0209174
0.0219415
0.0229086
0.0237489
0.0243065
0.0246024
0.0248362
0.0251173
0.0254121
0.0255795
0.0254928
0.0252735
0.0250653
0.0250095
0.0249947
0.0247492
0.0243092
0.0240389
0.0240241
0.0240812
0.0241022
0.0241422
0.0243608
0.0248156
0.0254505
0.0261217
0.0266312
0.0270104
0.0273403
0.0275037
0.0273738
0.0268980
0.0259584
0.0245312
0.0228739
0.0212174
0.0194040
0.0174741
0.0156290
0.0139598
0.0125306
0.0113853
0.0105331
0.0097842
0.0088839
0.0077266
0.0064811
0.0052928
0.0040939
0.0027813
0.0014288
0.0003260
-0.0003872
-0.0008121
-0.0010301
-0.0009439
-0.0005048
0.0001928
0.0010127
0.0018228
0.0023912
0.0026657
0.0027576
0.0026951
0.0024829
0.0020225
0.0013557
0.0006147
-0.0002162
-0.0011440
-0.0021209
-0.0031971
-0.0043620
-0.0056399
-0.0069494
-0.0080844
-0.0091366
-0.0103345
-0.0114541
-0.0122932
-0.0128819
-0.0134434
-0.0140533
-0.0145062
-0.0147686
-0.0149396
-0.0150599
-0.0151787
-0.0153228
-0.0155574
-0.0158110
-0.0160667
-0.0164461
-0.0169675
-0.0173747
-0.0176166
-0.0178264
-0.0179306
-0.0178046
-0.0173384
-0.0164753
-0.0155381
-0.0146890
-0.0138794
-0.0131806
-0.0127115
-0.0124385
-0.0123252
-0.0124714
-0.0128946
-0.0133613
-0.0137511
-0.0141921
-0.0145640
-0.0147107
-0.0147222
-0.0146848
-0.0145338
-0.0143097
-0.0139530
-0.0134400
-0.0128657
-0.0123413
-0.0118431
-0.0112778
-0.0107120
-0.0102608
-0.0099439
-0.0095944
-0.0092014
-0.0089711
-0.0089713
-0.0091818
-0.0095356
-0.0099676
-0.0105243
-0.0111046
-0.0116494
-0.0121225
-0.0124291
-0.0123757
-0.0118722
-0.0108666
-0.0094966
-0.0079165
-0.0062199
-0.0044627
-0.0025758
-0.0005437
0.0015380
0.0036338
0.0056851
0.0075288
0.0092346
0.0107669
0.0118687
0.0125613
0.0128761
0.0127126
0.0120608
0.0110669
0.0098374
0.0084846
0.0071208
0.0060455
0.0054254
0.0052748
0.0056511
0.0064759
0.0075667
0.0087701
0.0100689
0.0113929
0.0124936
0.0131163
0.0133880
0.0134772
0.0133881
0.0131006
0.0126546
0.0121571
0.0116829
0.0112011
0.0106228
0.0099496
0.0092576
0.0086243
0.0079763
0.0072910
0.0067603
0.0065157
0.0065031
0.0067708
0.0074090
0.0083654
0.0094642
0.0104835
0.0113411
0.0121037
0.0128106
0.0133163
0.0136271
0.0139888
0.0144078
0.0148556
0.0152319
0.0153726
0.0151323
0.0144707
0.0132840
0.0114813
0.0093700
0.0071561
0.0048951
0.0028080
0.0011454
0.0000240
-0.0005093
-0.0004791
0.0000455
0.0008869
0.0018612
0.0028947
0.0038049
0.0043060
0.0043674
0.0039973
0.0033702
0.0026362
0.0020128
0.0017141
0.0017900
0.0022433
0.0031166
0.0043396
0.0056066
0.0065375
0.0071823
0.0076793
0.0079400
0.0079234
0.0077023
0.0072512
0.0064914
0.0055855
0.0046609
0.0035840
0.0021924
0.0004914
-0.0013320
-0.0031577
-0.0049472
-0.0065453
-0.0077240
-0.0083287
-0.0082658
-0.0074881
-0.0060209
-0.0040050
-0.0017094
0.0005909
0.0028355
0.0050057
0.0069118
0.0083986
0.0095366
0.0103591
0.0108030
0.0108321
0.0105296
0.0099896
0.0092822
0.0084344
0.0074688
0.0065073
0.0055900
0.0048110
0.0041361
0.0033623
0.0023738
0.0012234
-0.0001163
-0.0017289
-0.0034048
-0.0047536
-0.0057612
-0.0063365
-0.0064547
-0.0062348
-0.0057457
-0.0050630
-0.0042149
-0.0033737
-0.0028318
-0.0024655
-0.0021052
-0.0018182
-0.0015398
-0.0010512
-0.0003343
0.0006149
0.0018311
0.0031612
0.0044269
0.0054578
0.0061858
0.0066407
0.0066916
0.0061988
0.0052839
0.0040550
0.0026124
0.0010542
-0.0003678
-0.0012738
-0.0016663
-0.0015521
-0.0009750
-0.0001668
0.0007512
0.0017168
0.0026473
0.0034599
0.0040340
0.0043812
0.0045662
0.0047295
0.0049351
0.0052005
0.0055531
0.0058850
0.0061528
0.0063815
0.0064490
0.0063474
0.0061214
0.0058799
0.0058150
0.0058796
0.0059859
0.0060965
0.0060612
0.0059085
0.0055441
0.0048960
0.0040027
0.0028756
0.0015088
0.0000266
-0.0013865
-0.0027090
-0.0039711
-0.0051013
-0.0058844
-0.0063228
-0.0065833
-0.0067681
-0.0067840
-0.0064671
-0.0058779
-0.0052286
-0.0043674
-0.0030507
-0.0013893
0.0004089
0.0023088
0.0042944
0.0061674
0.0076349
0.0085660
0.0090084
0.0089607
0.0085313
0.0078128
0.0068633
0.0058970
0.0049984
0.0041625
0.0033439
0.0024389
0.0014526
0.0004651
-0.0004927
-0.0014685
-0.0025325
-0.0036130
-0.0045819
-0.0053431
-0.0058501
-0.0061861
-0.0063901
-0.0064229
-0.0062377
-0.0059429
-0.0055937
-0.0051530
-0.0045785
-0.0038234
-0.0029332
-0.0020926
-0.0013613
-0.0006172
-0.0000621
0.0000649
-0.0002070
-0.0007855
-0.0015317
-0.0023382
-0.0031165
-0.0035000
-0.0034055
-0.0027753
-0.0015437
0.0001759
0.0022010
0.0044201
0.0065838
0.0084893
0.0101027
0.0113882
0.0121066
0.0122734
0.0122049
0.0119735
0.0115473
0.0111717
0.0109840
0.0109371
0.0110797
0.0113968
0.0118307
0.0124843
0.0132752
0.0141231
0.0150374
0.0159158
0.0166603
0.0172417
0.0178450
0.0184750
0.0190791
0.0196349
0.0200449
0.0202261
0.0201995
0.0199568
0.0195396
0.0190280
0.0185151
0.0181285
0.0177556
0.0173110
0.0170108
0.0170274
0.0171938
0.0173875
0.0176348
0.0178953
0.0181161
0.0183188
0.0185031
0.0186393
0.0187892
0.0188601
0.0188279
0.0188321
0.0188655
0.0188614
0.0187662
0.0186333
0.0185950
0.0186736
0.0188820
0.0193010
0.0199579
0.0208567
0.0219493
0.0230537
0.0240448
0.0247712
0.0251833
0.0253719
0.0253213
0.0250466
0.0246358
0.0242150
0.0239273
0.0238539
0.0240173
0.0243637
0.0247631
0.0251366
0.0254788
0.0258051
0.0261698
0.0265210
0.0269241
0.0276085
0.0285393
0.0296170
0.0307804
0.0319958
0.0331698
0.0340575
0.0345001
0.0345067
0.0341438
0.0334675
0.0325498
0.0314233
0.0301349
0.0297404
0.0286984
0.0279242
0.0273410
0.0267952
0.0262779
0.0258843
0.0254925
0.0250687
0.0247933
0.0247029
0.0245617
0.0241773
0.0236899
0.0232352
0.0228423
0.0224400
0.0219771
0.0215496
0.0211129
0.0204728
0.0196185
0.0186305
0.0175465
0.0163549
0.0151333
0.0139456
0.0129003
0.0120251
0.0113398
0.0108976
0.0106827
0.0106291
0.0107016
0.0109254
0.0111664
0.0112497
0.0112326
0.0111361
0.0110301
0.0109490
0.0108630
0.0109087
0.0111120
0.0113740
0.0115674
0.0116718
0.0116753
0.0114781
0.0110966
0.0105664
0.0098860
0.0090187
0.0080120
0.0069572
0.0058187
0.0045098
0.0030763
0.0015973
0.0001328
-0.0011772
-0.0024515
-0.0036888
-0.0048041
-0.0058042
-0.0066161
-0.0072941
-0.0077760
-0.0080244
-0.0081645
-0.0082622
-0.0081869
-0.0078959
-0.0075369
-0.0072291
-0.0068895
-0.0066199
-0.0064686
-0.0064492
-0.0066629
-0.0070448
-0.0075793
-0.0081191
-0.0085880
-0.0088949
-0.0089163
-0.0086155
-0.0079692
-0.0070867
-0.0060814
-0.0048817
-0.0036011
-0.0023993
-0.0013514
-0.0005143
0.0001751
0.0008097
0.0014188
0.0020583
0.0026766
0.0031703
0.0034205
0.0034768
0.0032495
0.0026093
0.0015314
0.0002315
-0.0010111
-0.0021620
-0.0030345
-0.0035012
-0.0033908
-0.0026610
-0.0014400
0.0001990
0.0020959
0.0041723
0.0062415
0.0080407
0.0093922
0.0102818
0.0106848
0.0105013
0.0098330
0.0088605
0.0076297
0.0062114
0.0046790
0.0031044
0.0014945
-0.0001313
-0.0017939
-0.0035322
-0.0051699
-0.0065493
-0.0077031
-0.0085247
-0.0089895
-0.0092581
-0.0093285
-0.0093235
-0.0093893
-0.0095474
-0.0099837
-0.0107488
-0.0117649
-0.0129370
-0.0142745
-0.0157265
-0.0171904
-0.0186253
-0.0199500
-0.0211460
-0.0222130
-0.0231116
-0.0238789
-0.0246969
-0.0255041
-0.0260727
-0.0264345
-0.0267520
-0.0269803
-0.0269940
-0.0269196
-0.0267199
-0.0262629
-0.0255579
-0.0247420
-0.0238045
-0.0226484
-0.0212330
-0.0197591
-0.0183384
-0.0168075
-0.0152484
-0.0139069
-0.0127042
-0.0115378
-0.0104885
-0.0095946
-0.0087932
-0.0080006
-0.0072443
-0.0066580
-0.0062279
-0.0059718
-0.0059177
-0.0060734
-0.0065573
-0.0073279
-0.0083694
-0.0097151
-0.0112936
-0.0130532
-0.0149232
-0.0167918
-0.0185058
-0.0199608
-0.0211441
-0.0220893
-0.0227258
-0.0230199
-0.0230175
-0.0228343
-0.0224867
-0.0219136
-0.0210395
-0.0199995
-0.0188890
-0.0176303
-0.0162431
-0.0148248
-0.0134613
-0.0121056
-0.0106671
-0.0092662
-0.0079943
-0.0069985
-0.0063424
-0.0059553
-0.0058072
-0.0057842
-0.0057976
-0.0058091
-0.0058287
-0.0058200
-0.0057304
-0.0054782
-0.0049765
-0.0044142
-0.0038967
-0.0034429
-0.0031707
-0.0032019
-0.0034679
-0.0039363
-0.0045274
-0.0051703
-0.0059087
-0.0066075
-0.0071470
-0.0075422
-0.0078401
-0.0080636
-0.0081795
-0.0081307
-0.0079465
-0.0076042
-0.0070493
-0.0063882
-0.0057242
-0.0050549
-0.0044788
-0.0039908
-0.0035165
-0.0030938
-0.0028025
-0.0027256
-0.0027534
-0.0028625
-0.0030949
-0.0033572
-0.0035739
-0.0036898
-0.0037828
-0.0038309
-0.0037490
-0.0035497
-0.0032751
-0.0029654
-0.0027062
-0.0024338
-0.0019702
-0.0013777
-0.0007483
-0.0000180
0.0008248
0.0018271
0.0029536
0.0040733
0.0052426
0.0064203
0.0075217
0.0086989
0.0098792
0.0107861
0.0113810
0.0118059
0.0120848
0.0121692
0.0122627
0.0125516
0.0129204
0.0133000
0.0137496
0.0140698
0.0140990
0.0139602
0.0136041
0.0129812
0.0122691
0.0115124
0.0106902
0.0098984
0.0093662
0.0091537
0.0091988
0.0093506
0.0093847
0.0091601
0.0087736
0.0081296
0.0071343
0.0059942
0.0049017
0.0040141
0.0034875
0.0033942
0.0036782
0.0042953
0.0051207
0.0060143
0.0069252
0.0078185
0.0086324
0.0092833
0.0098844
0.0105526
0.0112704
0.0119752
0.0125879
0.0131945
0.0138853
0.0145188
0.0149128
0.0150893
0.0152000
0.0152069
0.0150017
0.0147887
0.0146636
0.0146696
0.0148530
0.0150336
0.0151355
0.0152526
0.0154703
0.0156430
0.0155778
0.0152212
0.0146273
0.0138103
0.0127531
0.0114068
0.0098393
0.0082069
0.0065284
0.0047945
0.0032014
0.0019644
0.0010407
0.0003277
-0.0001362
-0.0003263
-0.0003126
-0.0001936
-0.0000765
0.0000021
0.0001984
0.0007665
0.0015011
0.0017927
0.0014346
0.0009916
0.0009048
0.0011219
0.0014129
0.0018415
0.0027377
0.0039813
0.0051248
0.0059526
0.0066116
0.0072207
0.0077433
0.0081186
0.0084147
0.0088251
0.0093876
0.0099458
0.0104320
0.0108855
0.0113512
0.0118603
0.0122405
0.0124576
0.0127567
0.0131476
0.0135384
0.0140432
0.0147730
0.0156551
0.0163720
0.0167887
0.0170170
0.0171864
0.0172670
0.0171523
0.0169191
0.0167614
0.0165844
0.0162026
0.0157511
0.0154712
0.0152767
0.0149594
0.0145014
0.0140413
0.0137146
0.0133030
0.0128189
0.0124893
0.0123020
0.0120836
0.0117589
0.0114775
0.0114458
0.0116556
0.0118122
0.0118157
0.0118687
0.0119722
0.0118836
0.0116414
0.0112955
0.0107510
0.0099798
0.0090347
0.0080345
0.0070267
0.0059217
0.0047378
0.0036650
0.0028031
0.0020213
0.0012408
0.0005478
-0.0001130
-0.0009205
-0.0017944
-0.0026872
-0.0036084
-0.0045029
-0.0052911
-0.0059139
-0.0063090
-0.0064898
-0.0063794
-0.0059858
-0.0054361
-0.0048585
-0.0043513
-0.0039652
-0.0037982
-0.0038764
-0.0040730
-0.0042672
-0.0045397
-0.0048475
-0.0050746
-0.0052080
-0.0053005
-0.0054786
-0.0057893
-0.0061617
-0.0065624
-0.0069711
-0.0074310
-0.0077961
-0.0079585
-0.0079656
-0.0078623
-0.0075329
-0.0069998
-0.0064492
-0.0059250
-0.0054465
-0.0050522
-0.0047933
-0.0047409
-0.0048359
-0.0050267
-0.0052506
-0.0055565
-0.0059888
-0.0064490
-0.0069304
-0.0074566
-0.0080517
-0.0086390
-0.0090593
-0.0094152
-0.0097805
-0.0100320
-0.0101809
-0.0102723
-0.0103623
-0.0105183
-0.0107735
-0.0111199
-0.0114670
-0.0117317
-0.0119632
-0.0121623
-0.0121053
-0.0117764
-0.0113868
-0.0110755
-0.0106810
-0.0101475
-0.0096850
-0.0094581
-0.0093469
-0.0091735
-0.0090027
-0.0087596
-0.0083851
-0.0080073
-0.0077051
-0.0074905
-0.0074079
-0.0074663
-0.0076264
-0.0078521
-0.0081427
-0.0083232
-0.0082575
-0.0080635
-0.0077299
-0.0072273
-0.0066702
-0.0061584
-0.0057276
-0.0054191
-0.0053155
-0.0054065
-0.0054840
-0.0055269
-0.0056330
-0.0058213
-0.0059870
-0.0060282
-0.0060763
-0.0062681
-0.0066866
-0.0072747
-0.0079815
-0.0087861
-0.0095722
-0.0102651
-0.0108333
-0.0112230
-0.0113812
-0.0113409
-0.0113152
-0.0113899
-0.0114955
-0.0116726
-0.0119274
-0.0121789
-0.0123484
-0.0125361
-0.0127843
-0.0129144
-0.0128028
-0.0126553
-0.0126210
-0.0125745
-0.0126060
-0.0128065
-0.0130533
-0.0133121
-0.0137250
-0.0141438
-0.0143296
-0.0144132
-0.0145496
-0.0146449
-0.0146679
-0.0146683
-0.0146095
-0.0145585
-0.0145944
-0.0146328
-0.0146883
-0.0148296
-0.0149959
-0.0151861
-0.0154310
-0.0155995
-0.0157148
-0.0158629
-0.0160167
-0.0159990
-0.0157902
-0.0154917
-0.0151608
-0.0148732
-0.0146939
-0.0144894
-0.0142240
-0.0141257
-0.0142082
-0.0143590
-0.0145454
-0.0147922
-0.0150766
-0.0153812
-0.0156612
-0.0159186
-0.0161278
-0.0162386
-0.0162745
-0.0161735
-0.0159386
-0.0156313
-0.0153407
-0.0150404
-0.0145789
-0.0139624
-0.0132943
-0.0126122
-0.0120060
-0.0114177
-0.0107618
-0.0101681
-0.0097310
-0.0093766
-0.0090958
-0.0088739
-0.0086925
-0.0086100
-0.0087013
-0.0089314
-0.0091827
-0.0094382
-0.0096912
-0.0098901
-0.0100001
-0.0099915
-0.0098074
-0.0094080
-0.0089083
-0.0084632
-0.0079723
-0.0074222
-0.0069802
-0.0066449
-0.0063580
-0.0060758
-0.0057863
-0.0055172
-0.0052384
-0.0049225
-0.0046138
-0.0042585
-0.0038320
-0.0034214
-0.0029379
-0.0023358
-0.0017612
-0.0012600
-0.0008450
-0.0005599
-0.0004163
-0.0003957
-0.0005077
-0.0007870
-0.0011680
-0.0015529
-0.0018426
-0.0019926
-0.0020651
-0.0020322
-0.0018566
-0.0015850
-0.0012237
-0.0008632
-0.0005984
-0.0003380
-0.0000096
0.0002711
0.0004722
0.0007223
0.0010907
0.0015061
0.0018596
0.0021268
0.0023483
0.0025491
0.0026387
0.0026445
0.0025775
0.0024049
0.0021145
0.0017366
0.0013151
0.0007855
0.0001981
-0.0002612
-0.0005633
-0.0008640
-0.0012255
-0.0015613
-0.0017155
-0.0017497
-0.0017606
-0.0016490
-0.0014307
-0.0011679
-0.0008561
-0.0005467
-0.0002542
0.0000115
0.0001970
0.0004035
0.0007001
0.0010488
0.0014444
0.0018537
0.0022631
0.0026645
0.0030926
0.0034967
0.0038854
0.0042642
0.0044696
0.0045349
0.0045268
0.0044432
0.0043012
0.0041728
0.0040877
0.0040261
0.0039168
0.0037669
0.0036476
0.0036165
0.0036527
0.0036920
0.0037365
0.0037783
0.0038367
0.0038919
0.0039266
0.0040058
0.0041458
0.0043143
0.0044580
0.0045816
0.0047375
0.0049537
0.0051990
0.0054628
0.0057380
0.0060283
0.0063916
0.0068553
0.0072840
0.0076844
0.0081734
0.0087102
0.0092149
0.0096496
0.0099536
0.0101561
0.0102713
0.0102459
0.0100848
0.0098496
0.0095964
0.0093453
0.0090869
0.0088401
0.0085686
0.0082816
0.0079724
0.0076185
0.0071584
0.0066092
0.0060878
0.0056303
0.0052686
0.0050586
0.0050390
0.0052251
0.0055924
0.0061273
0.0067807
0.0074448
0.0080575
0.0086909
0.0093113
0.0098486
0.0102445
0.0105591
0.0108000
0.0108392
0.0106565
0.0103917
0.0100539
0.0095146
0.0087600
0.0079953
0.0073424
0.0067591
0.0062268
0.0058474
0.0056963
0.0056462
0.0055668
0.0054704
0.0052813
0.0049253
0.0043702
0.0036357
0.0028241
0.0019873
0.0011699
0.0005093
0.0001046
-0.0000713
-0.0001046
0.0000300
0.0003746
0.0008609
0.0013010
0.0016521
0.0019615
0.0022500
0.0025197
0.0026517
0.0026839
0.0027535
0.0028294
0.0028239
0.0027088
0.0025156
0.0022636
0.0018925
0.0013806
0.0008080
0.0003039
-0.0001505
-0.0005426
-0.0008039
-0.0008930
-0.0008439
-0.0006814
-0.0004506
-0.0002729
-0.0002391
-0.0003356
-0.0005354
-0.0008965
-0.0014200
-0.0020103
-0.0026025
-0.0031704
-0.0036973
-0.0041588
-0.0045767
-0.0049158
-0.0051540
-0.0052781
-0.0053470
-0.0052611
-0.0049611
-0.0045017
-0.0039335
-0.0032937
-0.0025944
-0.0018485
-0.0011176
-0.0005093
-0.0000498
0.0003019
0.0005471
0.0006484
0.0005985
0.0004719
0.0003148
0.0001474
-0.0000065
-0.0001464
-0.0002671
-0.0003965
-0.0005226
-0.0006018
-0.0006802
-0.0007908
-0.0008816
-0.0008934
-0.0008751
-0.0008795
-0.0008407
-0.0007447
-0.0005864
-0.0003963
-0.0001923
0.0000374
0.0002811
0.0005044
0.0007130
0.0008739
0.0009306
0.0009095
0.0008771
0.0008019
0.0007157
0.0007150
0.0008547
0.0011380
0.0015793
0.0021570
0.0028513
0.0036098
0.0043514
0.0049453
0.0053394
0.0056168
0.0057414
0.0056691
0.0054294
0.0050543
0.0046532
0.0042763
0.0039358
0.0036973
0.0035823
0.0035150
0.0034188
0.0033407
0.0033104
0.0032855
0.0032810
0.0033783
0.0036678
0.0041576
0.0047933
0.0055039
0.0062239
0.0069142
0.0075339
0.0080370
0.0083913
0.0085408
0.0084670
0.0082395
0.0079437
0.0076774
0.0074213
0.0071389
0.0068793
0.0066754
0.0065224
0.0063973
0.0062790
0.0061369
0.0059897
0.0058720
0.0057607
0.0056358
0.0055287
0.0054632
0.0054237
0.0053880
0.0053170
0.0052053
0.0051170
0.0050438
0.0048904
0.0046845
0.0045188
0.0044113
0.0042973
0.0041707
0.0040968
0.0040808
0.0040766
0.0040901
0.0041059
0.0040991
0.0040950
0.0041486
0.0042172
0.0042360
0.0042908
0.0044480
0.0046655
0.0049305
0.0052816
0.0057109
0.0061956
0.0066784
0.0071067
0.0074206
0.0075864
0.0076609
0.0076558
0.0075407
0.0073439
0.0070985
0.0068753
0.0067176
0.0066189
0.0065764
0.0065877
0.0066591
0.0067383
0.0067591
0.0067170
0.0066299
0.0064621
0.0062033
0.0059001
0.0056008
0.0053242
0.0050661
0.0048047
0.0046544
0.0046490
0.0046422
0.0045148
0.0042866
0.0040378
0.0038696
0.0037653
0.0036305
0.0034647
0.0033615
0.0033070
0.0032228
0.0030939
0.0029893
0.0029085
0.0028121
0.0027468
0.0027327
0.0027691
0.0028528
0.0029632
0.0030310
0.0030474
0.0029964
0.0028176
0.0025015
0.0021062
0.0016702
0.0012096
0.0007692
0.0003551
-0.0000012
-0.0002289
-0.0003675
-0.0005117
-0.0006536
-0.0007937
-0.0009563
-0.0011449
-0.0013344
-0.0015108
-0.0016866
-0.0018613
-0.0020568
-0.0022325
-0.0023719
-0.0025258
-0.0027055
-0.0028618
-0.0030003
-0.0031661
-0.0033786
-0.0035938
-0.0037997
-0.0040251
-0.0042574
-0.0044817
-0.0046658
-0.0047867
-0.0048582
-0.0048896
-0.0048773
-0.0048441
-0.0048062
-0.0047693
-0.0047877
-0.0048673
-0.0049753
-0.0050822
-0.0052236
-0.0053947
-0.0055086
-0.0055520
-0.0055534
-0.0055386
-0.0054742
-0.0053932
-0.0053133
-0.0051681
-0.0049655
-0.0047627
-0.0045301
-0.0042430
-0.0039765
-0.0037058
-0.0033916
-0.0031108
-0.0029148
-0.0027425
-0.0026029
-0.0025604
-0.0026041
-0.0026596
-0.0027369
-0.0028318
-0.0028928
-0.0028915
-0.0028168
-0.0026814
-0.0025139
-0.0023311
-0.0021179
-0.0019419
-0.0018374
-0.0018249
-0.0018958
-0.0020303
-0.0022421
-0.0024904
-0.0027231
-0.0029338
-0.0031199
-0.0032567
-0.0033532
-0.0034149
-0.0034526
-0.0034681
-0.0034769
-0.0034704
-0.0034519
-0.0034226
-0.0033814
-0.0033176
-0.0032280
-0.0031423
-0.0030532
-0.0029551
-0.0028324
-0.0027245
-0.0026712
-0.0026657
-0.0026837
-0.0026873
-0.0026686
-0.0026710
-0.0026851
-0.0026367
-0.0025394
-0.0024443
-0.0023578
-0.0022853
-0.0022323
-0.0021815
-0.0021205
-0.0020621
-0.0020223
-0.0019808
-0.0019309
-0.0019006
-0.0018792
-0.0018527
-0.0018463
-0.0018712
-0.0019177
-0.0019785
-0.0020662
-0.0021921
-0.0023587
-0.0025391
-0.0027159
-0.0028751
-0.0029887
-0.0030855
-0.0031765
-0.0032410
-0.0032888
-0.0033343
-0.0033853
-0.0034572
-0.0035375
-0.0035926
-0.0035916
-0.0035396
-0.0034818
-0.0034424
-0.0033830
-0.0032834
-0.0031901
-0.0031439
-0.0031762
-0.0032719
-0.0033778
-0.0034609
-0.0035509
-0.0036371
-0.0036852
-0.0036903
-0.0036446
-0.0035426
-0.0034158
-0.0032852
-0.0031376
-0.0029517
-0.0027484
-0.0025587
-0.0023699
-0.0021883
-0.0020163
-0.0018410
-0.0016897
-0.0016016
-0.0015792
-0.0016067
-0.0016838
-0.0018126
-0.0019866
-0.0021919
-0.0024118
-0.0026237
-0.0027998
-0.0029203
-0.0029900
-0.0030199
-0.0030106
-0.0029637
-0.0029078
-0.0028590
-0.0028179
-0.0027586
-0.0026914
-0.0026335
-0.0025490
-0.0024256
-0.0022895
-0.0021603
-0.0020424
-0.0019149
-0.0017878
-0.0016828
-0.0016202
-0.0015852
-0.0015496
-0.0015101
-0.0014716
-0.0013938
-0.0012700
-0.0011439
-0.0010438
-0.0009695
-0.0008974
-0.0008297
-0.0007793
-0.0007442
-0.0007258
-0.0007333
-0.0007756
-0.0008321
-0.0008989
-0.0009696
-0.0010231
-0.0010610
-0.0010864
-0.0010928
-0.0010820
-0.0010440
-0.0009835
-0.0009159
-0.0008479
-0.0007791
-0.0007049
-0.0006448
-0.0006216
-0.0006277
-0.0006330
-0.0006336
-0.0006506
-0.0006871
-0.0007394
-0.0007994
-0.0008572
-0.0009192
-0.0009870
-0.0010721
-0.0011647
-0.0012346
-0.0012807
-0.0013230
-0.0013723
-0.0014137
-0.0014333
-0.0014358
-0.0014382
-0.0014342
-0.0014281
-0.0014203
-0.0013901
-0.0013400
-0.0012786
-0.0012142
-0.0011350
-0.0010372
-0.0009337
-0.0008443
-0.0007747
-0.0007185
-0.0006741
-0.0006587
-0.0006749
-0.0007126
-0.0007511
-0.0007799
-0.0007981
-0.0008013
-0.0007891
-0.0007713
-0.0007417
-0.0006983
-0.0006577
-0.0006304
-0.0006176
-0.0006177
-0.0006299
-0.0006459
-0.0006653
-0.0006963
-0.0007308
-0.0007675
-0.0008083
-0.0008439
-0.0008697
-0.0008857
-0.0008911
-0.0008813
-0.0008643
-0.0008482
-0.0008360
-0.0008265
-0.0008194
-0.0008109
-0.0008011
-0.0007922
-0.0007783
-0.0007474
-0.0006952
-0.0006276
-0.0005545
-0.0004807
-0.0004042
-0.0003341
-0.0002801
-0.0002523
-0.0002477
-0.0002502
-0.0002536
-0.0002663
-0.0002874
-0.0003023
-0.0003067
-0.0003095
-0.0003179
-0.0003266
-0.0003427
-0.0003707
-0.0004008
-0.0004252
-0.0004376
-0.0004385
-0.0004328
-0.0004094
-0.0003638
-0.0003093
-0.0002541
-0.0001940
-0.0001309
-0.0000780
-0.0000431
-0.0000243
-0.0000145
-0.0000044
0.0000040
0.0000102
0.0000177
0.0000271
0.0000375
0.0000464
0.0000517
0.0000484
0.0000341
0.0000156
0.0000004
-0.0000149
-0.0000348
-0.0000468
-0.0000420
-0.0000272
-0.0000088
0.0000098
0.0000276
0.0000408
0.0000480
0.0000527
0.0000527
0.0000479
0.0000382
0.0000271
0.0000213
0.0000202
0.0000186
0.0000189
0.0000201
0.0000189
0.0000165
0.0000107
0.0000018
-0.0000095
-0.0000242
-0.0000386
-0.0000516
-0.0000646
-0.0000784
-0.0000946
-0.0001148
-0.0001350
-0.0001582
-0.0001905
-0.0002292
-0.0002668
-0.0003029
-0.0003413
-0.0003768
-0.0004045
-0.0004256
-0.0004434
-0.0004572
-0.0004642
-0.0004677
-0.0004693
-0.0004706
-0.0004696
-0.0004685
-0.0004692
-0.0004655
-0.0004564
-0.0004509
-0.0004508
-0.0004490
-0.0004465
-0.0004485
-0.0004549
-0.0004648
-0.0004772
-0.0004901
-0.0005024
-0.0005134
-0.0005247
-0.0005339
-0.0005372
-0.0005355
-0.0005309
-0.0005239
-0.0005167
-0.0005105
-0.0005021
-0.0004916
-0.0004831
-0.0004781
-0.0004735
-0.0004679
-0.0004655
-0.0004672
-0.0004705
-0.0004747
-0.0004809
-0.0004903
-0.0005002
-0.0005088
-0.0005165
-0.0005232
-0.0005269
-0.0005257
-0.0005210
-0.0005155
-0.0005093
-0.0005014
-0.0004913
-0.0004807
-0.0004720
-0.0004653
-0.0004613
-0.0004602
-0.0004605
-0.0004615
-0.0004625
-0.0004634
-0.0004643
-0.0004644
-0.0004630
-0.0004612
-0.0004608
-0.0004608
-0.0004598
-0.0004571
-0.0004533
-0.0004494
-0.0004447
-0.0004393
-0.0004326
-0.0004244
-0.0004157
-0.0004070
-0.0003975
-0.0003871
-0.0003760
-0.0003643
-0.0003534
-0.0003435
-0.0003342
-0.0003257
-0.0003187
-0.0003122
-0.0003046
-0.0002961
-0.0002872
-0.0002778
-0.0002672
-0.0002544
-0.0002398
-0.0002258
-0.0002139
-0.0002036
-0.0001939
-0.0001860
-0.0001811
-0.0001780
-0.0001757
-0.0001749
-0.0001756
-0.0001766
-0.0001766
-0.0001763
-0.0001767
-0.0001757
-0.0001717
-0.0001661
-0.0001591
-0.0001510
-0.0001422
-0.0001328
-0.0001228
-0.0001129
-0.0001043
-0.0000967
-0.0000894
-0.0000824
-0.0000763
-0.0000715
-0.0000672
-0.0000629
-0.0000585
-0.0000541
-0.0000499
-0.0000455
-0.0000406
-0.0000359
-0.0000315
-0.0000270
-0.0000223
-0.0000175
-0.0000129
-0.0000082
-0.0000032
0.0000019
0.0000073
0.0000136
0.0000202
0.0000265
0.0000325
0.0000384
0.0000445
0.0000507
0.0000569
0.0000630
0.0000688
0.0000743
0.0000800
0.0000856
0.0000909
0.0000965
0.0001026
0.0001091
0.0001158
0.0001220
0.0001280
0.0001336
0.0001387
0.0001432
0.0001470
0.0001506
0.0001540
0.0001572
0.0001602
0.0001630
0.0001658
0.0001685
0.0001708
0.0001729
0.0001751
0.0001772
0.0001790
0.0001807
0.0001826
0.0001846
0.0001865
0.0001885
0.0001906
0.0001930
0.0001954
0.0001977
0.0002001
0.0002025
0.0002047
0.0002066
0.0002085
0.0002102
0.0002120
0.0002137
0.0002155
0.0002174
0.0002195
0.0002216
0.0002238
0.0002261
0.0002286
0.0002309
0.0002330
0.0002352
0.0002373
0.0002392
0.0002410
0.0002429
0.0002448
0.0002468
0.0002487
0.0002506
0.0002525
0.0002545
0.0002565
0.0002585
0.0002602
0.0002620
0.0002637
0.0002654
0.0002670
0.0002686
0.0002702
0.0002719
0.0002736
0.0002753
0.0002770
0.0002787
0.0002803
0.0002817
0.0002832
0.0002847
0.0002861
0.0002874
0.0002886
0.0002898
0.0002909
0.0002920
0.0002929
0.0002937
0.0002945
0.0002951
0.0002957
0.0002963
0.0002968
0.0002974
0.0002979
0.0002984
0.0002990
0.0002996
0.0003001
0.0003007
0.0003012
0.0003018
0.0003023
0.0003028
0.0003033
0.0003038
0.0003043
0.0003048
0.0003052
0.0003055
0.0003058
0.0003061
0.0003063
0.0003066
0.0003068
0.0003070
0.0003071
0.0003073
0.0003075
0.0003076
0.0003078
0.0003079
0.0003081
0.0003082
0.0003083
0.0003084
0.0003085
0.0003086
0.0003086
0.0003086
0.0003086
0.0003086
0.0003085
0.0003084
0.0003083
0.0003082
0.0003081
0.0003080
0.0003078
0.0003077
0.0003075
0.0003073
0.0003071
0.0003069
0.0003067
0.0003065
0.0003062
0.0003060
0.0003057
0.0003055
0.0003052
0.0003049
0.0003046
0.0003043
0.0003039
0.0003036
0.0003032
0.0003029
0.0003025
0.0003021
0.0003017
0.0003013
0.0003009
0.0003005
0.0003000
0.0002996
0.0002991
0.0002986
0.0002982
0.0002977
0.0002972
0.0002966
0.0002961
0.0002956
0.0002950
0.0002944
0.0002939
0.0002933
0.0002927
0.0002921
0.0002915
0.0002908
0.0002902
0.0002895
0.0002889
0.0002882
0.0002875
0.0002868
0.0002861
0.0002854
0.0002847
0.0002840
0.0002832
0.0002825
0.0002817
