-0.0000200
-0.0000200
-0.0000199
-0.0000199
-0.0000199
-0.0000199
-0.0000198
-0.0000198
-0.0000198
-0.0000197
-0.0000197
-0.0000197
-0.0000196
-0.0000196
-0.0000196
-0.0000196
-0.0000195
-0.0000195
-0.0000194
-0.0000195
-0.0000195
-0.0000195
-0.0000193
-0.0000191
-0.0000190
-0.0000193
-0.0000194
-0.0000194
-0.0000193
-0.0000193
-0.0000191
-0.0000187
-0.0000188
-0.0000193
-0.0000192
-0.0000190
-0.0000189
-0.0000192
-0.0000191
-0.0000185
-0.0000183
-0.0000185
-0.0000185
-0.0000182
-0.0000180
-0.0000184
-0.0000185
-0.0000177
-0.0000174
-0.0000179
-0.0000186
-0.0000191
-0.0000186
-0.0000179
-0.0000178
-0.0000186
-0.0000188
-0.0000177
-0.0000173
-0.0000176
-0.0000167
-0.0000166
-0.0000176
-0.0000173
-0.0000175
-0.0000187
-0.0000181
-0.0000162
-0.0000163
-0.0000170
-0.0000168
-0.0000162
-0.0000166
-0.0000175
-0.0000177
-0.0000201
-0.0000225
-0.0000202
-0.0000172
-0.0000169
-0.0000166
-0.0000166
-0.0000157
-0.0000150
-0.0000168
-0.0000190
-0.0000165
-0.0000132
-0.0000158
-0.0000218
-0.0000213
-0.0000168
-0.0000155
-0.0000161
-0.0000151
-0.0000157
-0.0000165
-0.0000175
-0.0000167
-0.0000136
-0.0000122
-0.0000146
-0.0000185
-0.0000170
-0.0000122
-0.0000138
-0.0000199
-0.0000223
-0.0000203
-0.0000157
-0.0000108
-0.0000074
-0.0000118
-0.0000201
-0.0000198
-0.0000146
-0.0000142
-0.0000168
-0.0000204
-0.0000181
-0.0000132
-0.0000087
-0.0000059
-0.0000083
-0.0000131
-0.0000162
-0.0000119
-0.0000074
-0.0000104
-0.0000139
-0.0000148
-0.0000149
-0.0000165
-0.0000188
-0.0000147
-0.0000129
-0.0000119
-0.0000088
-0.0000093
-0.0000083
-0.0000070
-0.0000138
-0.0000198
-0.0000148
-0.0000093
-0.0000140
-0.0000162
-0.0000091
-0.0000047
-0.0000099
-0.0000189
-0.0000174
-0.0000111
-0.0000099
-0.0000145
-0.0000141
-0.0000139
-0.0000188
-0.0000183
-0.0000185
-0.0000177
-0.0000135
-0.0000082
-0.0000069
-0.0000099
-0.0000110
-0.0000085
-0.0000007
-0.0000019
-0.0000123
-0.0000102
-0.0000042
-0.0000081
-0.0000168
-0.0000232
-0.0000207
-0.0000178
-0.0000189
-0.0000165
-0.0000139
-0.0000150
-0.0000121
-0.0000072
-0.0000036
-0.0000130
-0.0000250
-0.0000151
0.0000043
0.0000069
-0.0000120
-0.0000223
-0.0000062
0.0000082
-0.0000045
-0.0000240
-0.0000189
-0.0000072
-0.0000069
-0.0000065
-0.0000025
-0.0000003
-0.0000041
-0.0000117
-0.0000033
0.0000047
-0.0000108
-0.0000158
-0.0000049
-0.0000035
-0.0000129
-0.0000171
-0.0000030
0.0000008
-0.0000233
-0.0000259
-0.0000047
-0.0000065
-0.0000153
-0.0000157
-0.0000046
0.0000127
0.0000251
0.0000286
0.0000221
-0.0000040
-0.0000354
-0.0000258
0.0000107
0.0000125
-0.0000105
-0.0000145
0.0000047
0.0000125
0.0000054
-0.0000075
-0.0000252
-0.0000122
0.0000118
0.0000149
-0.0000144
-0.0000411
-0.0000287
-0.0000124
-0.0000040
-0.0000194
-0.0000379
-0.0000218
0.0000116
0.0000189
0.0000089
0.0000118
0.0000228
0.0000207
0.0000055
0.0000032
0.0000031
0.0000027
0.0000035
-0.0000032
-0.0000083
-0.0000045
-0.0000113
-0.0000064
0.0000227
0.0000107
-0.0000246
-0.0000262
-0.0000081
-0.0000057
-0.0000181
-0.0000190
-0.0000042
0.0000160
0.0000200
0.0000079
-0.0000026
-0.0000064
-0.0000162
-0.0000039
0.0000082
0.0000067
-0.0000069
-0.0000149
-0.0000004
0.0000046
0.0000044
-0.0000009
0.0000054
0.0000092
0.0000018
-0.0000108
-0.0000126
-0.0000224
-0.0000256
-0.0000215
-0.0000067
0.0000130
0.0000039
-0.0000057
0.0000016
0.0000211
0.0000257
0.0000192
0.0000206
0.0000030
-0.0000326
-0.0000254
0.0000165
0.0000203
-0.0000123
-0.0000407
-0.0000218
0.0000176
0.0000105
0.0000017
0.0000232
0.0000358
0.0000300
0.0000041
-0.0000238
-0.0000148
0.0000236
0.0000393
0.0000344
0.0000204
0.0000005
-0.0000073
0.0000085
0.0000188
0.0000096
-0.0000067
-0.0000477
-0.0000710
-0.0000452
-0.0000051
0.0000169
0.0000053
0.0000032
0.0000250
0.0000097
-0.0000140
-0.0000437
-0.0000153
0.0000344
0.0000220
-0.0000433
-0.0000429
0.0000222
0.0000250
-0.0000295
-0.0000232
0.0000243
0.0000348
0.0000093
0.0000071
0.0000110
-0.0000164
-0.0000252
-0.0000254
0.0000014
0.0000351
0.0000097
-0.0000121
0.0000179
0.0000261
0.0000035
0.0000038
-0.0000066
-0.0000468
-0.0000319
0.0000160
0.0000470
0.0000425
0.0000264
0.0000193
0.0000068
-0.0000016
0.0000146
0.0000233
-0.0000104
-0.0000407
-0.0000147
0.0000408
0.0000548
0.0000141
-0.0000553
-0.0000304
0.0000960
0.0001078
-0.0000266
-0.0000716
0.0000116
0.0000705
0.0000426
0.0000226
0.0000087
-0.0000089
0.0000095
0.0000067
-0.0000091
0.0000139
0.0000081
-0.0000814
-0.0000826
-0.0000042
-0.0000430
-0.0001043
-0.0000072
0.0000483
-0.0000186
-0.0000496
0.0000197
0.0000580
0.0000015
-0.0000157
0.0000436
0.0000468
0.0000320
0.0000393
0.0000473
0.0000593
0.0000406
0.0000006
0.0000139
0.0000233
-0.0000328
-0.0000805
-0.0000160
0.0000455
0.0000475
0.0000645
0.0000854
0.0000282
-0.0000279
-0.0000075
0.0000540
0.0000677
0.0000426
0.0000246
0.0000164
0.0000131
-0.0000042
0.0000075
0.0000301
-0.0000251
-0.0001044
-0.0000270
0.0000867
0.0000677
0.0000110
0.0000009
0.0000301
0.0000368
-0.0000006
-0.0000040
0.0000110
0.0000063
-0.0000108
-0.0000230
0.0000095
0.0000490
0.0000542
0.0000430
0.0000290
-0.0000237
-0.0000670
-0.0000226
0.0000316
0.0000312
-0.0000128
-0.0000217
0.0000209
0.0000129
-0.0000353
-0.0000080
0.0000204
0.0000056
-0.0000343
-0.0000244
-0.0000076
-0.0000228
-0.0000442
0.0000300
0.0001214
0.0000691
-0.0000319
-0.0000070
0.0000815
0.0000854
0.0000015
-0.0000594
0.0000036
0.0000413
0.0000024
0.0000239
0.0000703
0.0000528
-0.0000142
-0.0000414
-0.0000255
0.0000089
-0.0000180
-0.0000606
0.0000091
0.0000843
0.0000668
0.0000228
0.0000564
0.0000911
0.0000356
0.0000438
0.0001056
0.0000579
-0.0000019
0.0000118
0.0000706
0.0000778
0.0000134
-0.0000382
0.0000188
0.0001215
0.0001165
0.0000593
0.0000634
0.0000692
0.0000319
0.0000311
0.0000876
0.0001102
0.0000286
-0.0000699
-0.0000197
0.0000931
0.0001065
0.0000306
-0.0000589
-0.0000663
-0.0000164
0.0000513
0.0000496
-0.0000071
-0.0000553
-0.0000438
0.0000413
0.0000411
-0.0000559
-0.0000625
0.0000423
0.0001060
0.0000712
0.0000299
-0.0000212
-0.0000336
-0.0000389
-0.0000084
0.0000216
0.0000085
0.0000031
0.0000100
-0.0000364
-0.0000597
-0.0000409
-0.0000140
0.0000135
0.0000098
-0.0000644
-0.0000401
0.0000588
0.0000909
0.0000648
0.0000514
0.0000588
0.0000742
0.0000875
0.0000539
0.0000430
0.0000871
0.0000970
0.0000492
-0.0000244
-0.0000280
0.0000289
0.0000538
0.0000865
0.0000935
-0.0000173
-0.0000168
0.0002034
0.0002445
0.0000295
-0.0000766
0.0000158
0.0000866
0.0000466
0.0000243
0.0000553
0.0000661
0.0000324
0.0000228
0.0000250
0.0000393
-0.0000336
-0.0002050
-0.0001548
-0.0000273
-0.0000577
-0.0000793
0.0000196
0.0000384
-0.0000226
-0.0000784
-0.0000820
0.0000196
0.0000846
0.0000871
0.0000473
0.0000386
0.0000441
-0.0000051
-0.0000361
-0.0000008
0.0000430
0.0000624
0.0000964
0.0000331
-0.0000775
-0.0000795
-0.0000253
-0.0001110
-0.0001315
0.0000368
0.0001375
0.0000861
0.0000017
-0.0000081
0.0000351
0.0000562
0.0000662
0.0000018
-0.0000606
-0.0000072
0.0000363
0.0000442
0.0000935
0.0000198
-0.0001614
-0.0001858
-0.0000103
0.0000965
0.0000211
0.0000168
0.0001172
0.0000809
0.0000165
0.0000271
-0.0000214
-0.0001133
-0.0001448
-0.0001409
-0.0000924
-0.0000681
-0.0000628
-0.0000609
0.0000490
0.0000952
-0.0001173
-0.0001457
0.0000812
0.0001104
-0.0000248
-0.0000857
-0.0000112
0.0000980
0.0000767
0.0000168
0.0000669
0.0001160
0.0000834
0.0000150
-0.0000035
0.0000370
0.0000280
-0.0000180
0.0000492
0.0000826
-0.0000205
-0.0000641
-0.0000529
-0.0000214
-0.0000487
-0.0000555
-0.0000064
-0.0000053
-0.0000746
-0.0000824
-0.0000206
0.0000422
-0.0000940
-0.0002606
-0.0001444
0.0000802
0.0001265
0.0000531
0.0000472
-0.0000033
-0.0001044
-0.0000713
0.0000596
0.0000832
-0.0000364
-0.0000209
0.0000964
0.0000559
-0.0000346
-0.0000178
0.0000632
0.0000910
0.0000446
0.0000421
0.0000557
0.0000116
-0.0000185
-0.0000298
0.0000843
0.0000998
-0.0001167
-0.0001536
0.0000255
0.0000639
-0.0000496
-0.0000085
0.0000628
0.0000462
0.0000069
-0.0000594
-0.0000765
-0.0000320
-0.0000275
-0.0001625
-0.0001271
0.0000470
0.0001500
0.0001265
0.0000752
0.0000491
-0.0000015
0.0000213
0.0000375
-0.0000695
-0.0000786
-0.0000001
0.0000986
0.0001144
0.0000596
0.0000800
0.0001178
0.0000765
0.0000001
0.0000500
0.0001224
0.0000867
-0.0000248
-0.0000305
0.0000947
0.0001231
0.0000071
0.0000161
0.0001658
0.0001631
-0.0000122
-0.0000400
0.0001078
0.0000892
-0.0000284
-0.0000401
0.0000134
0.0000847
0.0001122
0.0000470
0.0000300
0.0000084
-0.0000254
0.0000212
0.0001386
0.0000939
-0.0001049
-0.0000959
0.0001845
0.0001836
-0.0001314
-0.0001988
0.0000610
0.0002314
0.0001373
0.0000214
0.0000321
-0.0000049
-0.0000069
0.0000720
0.0000934
0.0000713
0.0000934
0.0000302
0.0000103
-0.0000359
-0.0001701
-0.0001572
0.0000084
0.0000734
-0.0000001
-0.0000477
0.0000577
0.0001150
-0.0000058
-0.0001092
-0.0000349
0.0001289
0.0001991
0.0000667
-0.0001534
-0.0000830
0.0000793
0.0001314
0.0001802
0.0001820
0.0000659
-0.0000162
0.0000203
0.0000314
-0.0000535
-0.0000756
0.0000349
0.0000191
-0.0001204
-0.0000581
0.0002057
0.0002872
0.0000959
-0.0000774
0.0000296
0.0001287
0.0000634
-0.0000112
0.0001055
0.0001893
0.0000532
-0.0000032
0.0000926
0.0001024
0.0000664
0.0001202
0.0001473
0.0000239
-0.0000643
-0.0000423
-0.0000264
0.0000385
0.0001052
0.0000665
0.0000983
0.0001403
0.0001115
0.0001505
0.0002245
0.0000959
-0.0000745
-0.0000757
0.0000585
0.0000981
0.0000461
0.0000253
0.0000907
0.0001253
0.0000784
0.0000188
0.0000469
0.0001298
0.0001290
0.0001020
0.0001665
0.0002002
0.0001096
0.0000213
0.0000589
0.0000498
-0.0000256
0.0000354
0.0001048
0.0000585
0.0000155
0.0000189
0.0000386
0.0000470
0.0000787
0.0000659
0.0000346
0.0000178
0.0000453
0.0000552
-0.0000094
-0.0000024
0.0000714
0.0000742
-0.0000271
-0.0000785
-0.0000748
0.0000143
0.0001655
0.0001228
0.0000523
0.0000862
0.0001248
0.0000706
0.0000180
0.0000018
-0.0000124
-0.0000047
0.0000397
0.0001089
0.0001289
-0.0000525
-0.0001182
0.0000582
0.0001435
0.0000274
-0.0000976
-0.0000498
0.0000992
0.0001296
-0.0000046
-0.0001140
-0.0000250
0.0000350
0.0000218
-0.0000015
-0.0000062
0.0000411
0.0000568
-0.0000119
0.0000043
0.0001150
0.0001309
0.0001014
0.0001096
-0.0000185
-0.0001436
-0.0000596
0.0000484
-0.0001143
-0.0002446
-0.0001829
-0.0000372
0.0000680
0.0001020
0.0001173
0.0001162
0.0001059
0.0000539
0.0000207
0.0000033
-0.0000036
0.0000353
0.0000898
0.0001167
0.0000365
-0.0000775
-0.0000644
0.0000415
0.0001104
0.0001021
0.0000167
0.0000256
0.0000378
0.0000225
0.0000342
-0.0000189
0.0000145
0.0000964
0.0000844
0.0000077
-0.0000638
-0.0000983
0.0000384
0.0002135
0.0001390
-0.0000855
-0.0000354
0.0002694
0.0002777
-0.0000395
-0.0001592
0.0000462
0.0002481
0.0001612
-0.0000375
-0.0001643
-0.0000856
0.0000368
0.0000464
-0.0000530
-0.0001199
-0.0000678
0.0000140
0.0001376
0.0002131
0.0000443
-0.0000608
0.0000405
0.0001370
0.0000379
-0.0001133
-0.0000193
0.0000798
-0.0000424
-0.0001334
-0.0000820
-0.0000217
-0.0001238
-0.0001827
-0.0000524
0.0000801
-0.0000208
-0.0000702
0.0000745
0.0000487
-0.0001884
-0.0002909
-0.0000331
0.0001301
0.0000273
-0.0000412
0.0000515
0.0000557
-0.0000340
0.0000170
0.0001086
0.0000488
-0.0001423
-0.0001454
0.0000173
0.0000566
0.0000077
0.0000702
0.0001317
0.0000061
-0.0001276
-0.0000650
0.0000862
0.0000894
0.0000103
-0.0000531
0.0000112
0.0000720
-0.0000619
-0.0000896
0.0000466
0.0000844
-0.0000152
-0.0000395
0.0000141
0.0000294
-0.0000215
-0.0000467
-0.0000658
0.0000307
0.0001415
0.0000581
-0.0000747
-0.0000472
0.0000428
0.0000931
0.0000324
-0.0001042
-0.0001622
-0.0000529
0.0000342
-0.0000019
-0.0000012
0.0000713
-0.0000560
-0.0001681
-0.0000503
0.0000412
0.0000301
0.0000375
0.0000084
-0.0000225
-0.0000122
0.0000506
-0.0000542
-0.0001382
-0.0001402
-0.0001502
-0.0000080
0.0001628
0.0001037
-0.0000818
-0.0001708
-0.0003216
-0.0002306
0.0000617
0.0001439
0.0000919
0.0000580
-0.0000393
-0.0002035
-0.0001381
0.0000159
0.0000152
-0.0000652
-0.0000184
0.0000495
0.0000135
0.0000105
-0.0000095
-0.0000837
-0.0001641
-0.0000978
-0.0000136
0.0000192
0.0000181
0.0000234
0.0000312
0.0000862
0.0000561
-0.0001233
-0.0001579
-0.0000220
0.0000278
-0.0001139
-0.0001632
-0.0000723
0.0000119
-0.0000086
-0.0000034
0.0000723
0.0001323
0.0001099
0.0000469
0.0000180
0.0000640
0.0000497
-0.0000077
0.0000036
0.0000114
0.0000090
0.0000614
0.0000495
-0.0000184
-0.0000557
-0.0000843
-0.0001130
-0.0000950
0.0000063
0.0000622
-0.0000226
-0.0000619
-0.0000051
-0.0000146
-0.0000773
-0.0001321
-0.0000934
0.0000293
0.0002224
0.0002576
0.0000625
0.0000105
0.0001348
0.0001602
0.0000091
-0.0000105
0.0001181
0.0000770
-0.0000152
-0.0000293
-0.0000047
0.0000266
0.0000231
0.0000098
-0.0000681
-0.0001561
-0.0001093
-0.0000143
0.0000013
-0.0000241
-0.0000477
-0.0000252
0.0001644
0.0002576
0.0000535
-0.0000716
0.0000969
0.0001841
-0.0000487
-0.0002232
-0.0001013
-0.0000008
-0.0000021
0.0000603
0.0000915
0.0000352
-0.0000352
-0.0001104
0.0000544
0.0002476
0.0000307
-0.0002928
-0.0003183
-0.0001809
-0.0000917
-0.0000334
0.0000237
0.0000312
0.0000328
0.0000718
0.0001046
0.0000697
0.0000458
-0.0000178
-0.0000488
-0.0000045
-0.0000603
-0.0001884
-0.0000693
0.0001227
0.0000026
-0.0001146
-0.0000725
0.0000167
0.0000232
-0.0000246
-0.0000401
-0.0000265
-0.0000087
0.0000467
0.0001048
0.0000508
-0.0000237
0.0000095
0.0000725
0.0000693
-0.0000001
-0.0000054
0.0001061
0.0000815
-0.0000576
-0.0000185
0.0001706
0.0002061
0.0000433
-0.0000585
0.0000075
0.0000600
-0.0000376
-0.0001272
-0.0000939
-0.0000713
-0.0000816
-0.0000113
0.0000737
0.0000608
-0.0000484
-0.0000462
0.0001044
0.0000816
-0.0001174
-0.0001062
0.0000931
0.0001013
0.0000458
0.0000607
0.0000619
0.0000184
0.0000050
0.0000106
0.0000346
0.0000610
0.0000572
-0.0000467
-0.0002155
-0.0001420
-0.0000023
-0.0000109
-0.0000642
-0.0001467
-0.0001662
-0.0001600
-0.0000554
0.0000736
0.0000699
-0.0000450
-0.0000862
-0.0000363
-0.0000207
-0.0000799
-0.0001193
-0.0000443
0.0000915
0.0001108
0.0000074
-0.0000411
-0.0000172
-0.0000621
-0.0000490
-0.0000400
-0.0001364
-0.0000865
0.0000492
0.0000585
0.0000272
0.0000346
-0.0000011
-0.0000639
-0.0000182
0.0000685
0.0000970
0.0001079
0.0000776
0.0000037
-0.0000688
-0.0001190
-0.0000411
0.0000730
0.0000782
0.0000019
-0.0000718
-0.0001189
-0.0000395
0.0000832
0.0001493
0.0001315
0.0000410
0.0000105
0.0000399
0.0000039
-0.0000904
-0.0001405
-0.0000904
0.0000553
0.0001066
0.0000405
0.0000511
0.0000888
0.0000898
0.0000862
0.0000550
0.0000804
0.0001473
0.0001409
0.0000540
0.0000630
0.0001211
0.0000413
-0.0000912
-0.0000978
0.0000071
0.0001313
0.0000841
-0.0000472
-0.0001394
-0.0001367
-0.0000500
-0.0001183
-0.0001048
0.0000165
-0.0000151
-0.0001019
-0.0000234
0.0001217
0.0001138
0.0000189
0.0000561
0.0001065
-0.0000499
-0.0001475
-0.0000053
0.0000714
0.0000049
0.0000097
0.0000886
0.0000557
-0.0000260
0.0000233
0.0001589
0.0001279
-0.0000388
-0.0000167
0.0002298
0.0003093
0.0000104
-0.0001864
-0.0000048
0.0001974
0.0001932
0.0001163
0.0000396
-0.0000444
-0.0000124
0.0001019
0.0001020
0.0000100
-0.0000287
-0.0000327
0.0000555
0.0000931
-0.0000925
-0.0001441
0.0000187
0.0000101
-0.0001644
-0.0001937
-0.0000604
0.0000506
-0.0000087
-0.0001133
-0.0000600
-0.0000467
-0.0001175
-0.0001940
-0.0001639
-0.0001069
-0.0000220
0.0000876
0.0001453
0.0000137
-0.0001345
-0.0000804
0.0000854
0.0001254
0.0000616
0.0000192
0.0000035
0.0000125
-0.0000029
-0.0000121
0.0000863
0.0001819
0.0000840
-0.0000442
-0.0000133
0.0000541
0.0000290
0.0000126
0.0000208
-0.0000532
-0.0001128
-0.0000285
0.0000730
0.0000673
0.0000007
-0.0000057
-0.0000188
-0.0000617
-0.0000601
-0.0000809
-0.0000748
-0.0000997
-0.0001055
-0.0001018
-0.0000695
0.0000851
0.0001068
-0.0000535
-0.0000749
-0.0000954
-0.0001699
-0.0001356
-0.0000853
-0.0000797
-0.0000135
0.0000398
-0.0000301
-0.0000822
-0.0000397
0.0000497
0.0001286
0.0001340
-0.0000070
-0.0001967
-0.0001566
0.0000177
0.0000456
-0.0000208
0.0000102
0.0000842
0.0000027
-0.0000320
0.0001127
0.0000849
-0.0000729
-0.0001069
0.0000242
0.0000357
-0.0001148
-0.0001506
-0.0000905
-0.0000160
0.0000542
-0.0000287
-0.0001557
-0.0000748
0.0000708
0.0001072
0.0000977
0.0000663
-0.0000069
-0.0000118
0.0000731
-0.0000329
-0.0001897
-0.0000643
0.0001713
0.0001888
0.0000945
0.0000639
0.0000856
0.0000479
0.0000139
0.0000630
0.0001552
0.0001337
0.0000604
0.0000857
0.0001119
-0.0000189
-0.0001292
-0.0000310
0.0001226
0.0000959
-0.0000488
-0.0000487
0.0000378
0.0000346
0.0000263
0.0000871
0.0000615
-0.0000844
-0.0000903
-0.0000134
0.0000037
0.0000167
0.0000463
0.0000716
0.0000870
0.0000265
-0.0000485
-0.0000348
0.0000688
0.0000914
0.0000002
-0.0000421
0.0000663
0.0001250
0.0000219
-0.0000098
0.0000330
0.0000948
0.0001332
0.0000621
-0.0000314
0.0000626
0.0001855
0.0001590
0.0000679
-0.0000358
-0.0002162
-0.0002312
-0.0000372
-0.0000075
-0.0001855
-0.0001248
0.0000016
-0.0000677
-0.0000713
0.0000331
0.0000956
0.0000908
0.0000164
-0.0000433
0.0000273
0.0001173
-0.0000141
-0.0000932
0.0000635
0.0000605
-0.0001524
-0.0001165
0.0001530
0.0001679
-0.0001428
-0.0001521
0.0001804
0.0002669
0.0000534
-0.0000616
-0.0000459
-0.0000671
-0.0000656
-0.0000044
0.0000183
0.0000097
-0.0000183
-0.0000218
0.0000700
0.0001171
-0.0000214
-0.0001375
-0.0000587
0.0000000
-0.0000540
-0.0000378
0.0000344
-0.0000112
-0.0001623
-0.0002674
-0.0002338
-0.0000572
-0.0000463
-0.0001364
-0.0001218
-0.0000639
-0.0000219
-0.0000041
0.0001251
0.0001353
-0.0000352
-0.0001561
-0.0001868
-0.0000973
-0.0000170
0.0000530
0.0000713
0.0000097
0.0000252
0.0001357
0.0001393
0.0000384
-0.0000262
-0.0000078
0.0000104
0.0000099
-0.0000026
0.0000254
0.0000969
0.0000576
-0.0000922
-0.0000950
-0.0000141
-0.0000120
-0.0000333
-0.0000075
0.0000101
0.0000088
0.0000093
0.0000715
0.0001460
0.0001159
-0.0000079
0.0000005
0.0000737
0.0000742
0.0000162
-0.0000491
0.0000416
0.0001561
0.0000503
-0.0000297
0.0000585
0.0001061
0.0000476
-0.0000227
0.0000121
0.0000724
-0.0000075
-0.0001041
-0.0001161
-0.0000826
-0.0000685
-0.0000274
-0.0000099
-0.0000117
0.0000523
0.0000979
0.0001162
0.0001045
0.0000304
0.0000080
0.0001052
0.0001634
0.0000212
-0.0001315
-0.0001627
-0.0000461
0.0000424
-0.0000371
-0.0000734
0.0000395
0.0001067
0.0000359
-0.0000674
-0.0000774
-0.0001153
-0.0001407
-0.0000313
0.0000177
-0.0001170
-0.0001406
-0.0000603
0.0000009
0.0000168
0.0000575
0.0000914
0.0000884
0.0000126
-0.0000338
0.0000426
0.0000930
0.0000471
-0.0000302
-0.0000501
0.0000096
0.0000322
-0.0000290
-0.0000004
-0.0000312
-0.0002059
-0.0001443
0.0000675
0.0000101
-0.0001663
-0.0001302
-0.0000212
0.0000384
-0.0000382
-0.0001329
-0.0001029
-0.0000108
0.0000807
0.0000867
0.0000589
0.0000523
-0.0000137
-0.0000184
0.0001043
0.0001584
-0.0000157
-0.0000777
0.0000615
0.0001180
0.0000674
0.0000765
0.0001089
0.0000061
-0.0001456
-0.0000764
0.0000874
0.0000737
0.0000026
0.0000148
0.0000386
0.0000038
0.0000241
0.0001296
0.0001290
0.0000329
-0.0000456
-0.0000481
-0.0000005
-0.0000166
-0.0000845
-0.0000159
0.0001388
0.0001661
0.0001329
0.0000859
0.0000125
-0.0000860
-0.0001814
-0.0001847
0.0000371
0.0001179
-0.0000171
-0.0000844
-0.0000165
-0.0000181
-0.0001245
-0.0000372
0.0002443
0.0002396
-0.0000467
-0.0000882
0.0000594
0.0000686
-0.0000539
-0.0000698
-0.0000222
-0.0000288
-0.0000423
-0.0000221
-0.0000694
-0.0001178
-0.0000759
-0.0000754
0.0000351
0.0001646
-0.0000306
-0.0002388
-0.0001735
-0.0000426
-0.0001054
-0.0000919
0.0000833
0.0001520
0.0000537
0.0000117
0.0000013
-0.0000268
-0.0000020
0.0000304
0.0000052
0.0000004
0.0000343
0.0000488
0.0000441
-0.0000238
-0.0002203
-0.0002565
-0.0000751
0.0001054
0.0000792
-0.0000563
-0.0001207
-0.0001920
-0.0001696
-0.0001455
-0.0000912
-0.0000633
-0.0000532
-0.0000301
-0.0001356
-0.0002604
-0.0001642
0.0000430
0.0001258
0.0000157
-0.0001315
-0.0001440
-0.0000194
0.0000699
0.0000617
0.0000200
-0.0000121
-0.0000184
-0.0000385
0.0000238
0.0000426
-0.0000913
-0.0001418
-0.0000527
0.0000391
0.0000483
-0.0000303
-0.0000856
0.0000230
0.0001276
0.0000561
-0.0000091
-0.0000167
-0.0001075
-0.0001825
-0.0001338
-0.0000294
-0.0000381
-0.0000554
0.0000300
0.0000256
-0.0000850
-0.0000987
0.0000183
0.0001277
0.0001523
0.0001048
0.0000278
0.0000519
0.0001198
0.0000920
0.0000350
-0.0000135
-0.0000989
-0.0000580
0.0001105
0.0001908
0.0000737
-0.0000321
-0.0000451
-0.0000295
0.0000137
0.0000088
-0.0000932
-0.0000765
0.0000349
0.0000852
0.0000917
0.0000418
-0.0000681
-0.0001035
-0.0000349
0.0000515
-0.0000521
-0.0002182
-0.0001670
-0.0000813
-0.0000350
0.0000029
0.0000499
0.0000456
0.0000550
0.0000665
0.0000254
-0.0000963
-0.0001814
-0.0000629
0.0001214
0.0001384
-0.0000681
-0.0002498
-0.0001020
0.0001622
0.0001577
-0.0000363
-0.0001352
-0.0000384
0.0000533
0.0000188
-0.0000072
0.0000413
0.0000878
0.0000135
-0.0001216
-0.0001216
0.0000683
0.0001193
-0.0000209
-0.0000312
-0.0000291
-0.0001524
-0.0001299
-0.0000115
0.0000494
0.0000199
-0.0000587
-0.0000407
0.0000431
0.0000146
-0.0001454
-0.0001342
-0.0000102
0.0000389
-0.0000266
-0.0000866
0.0000081
0.0000778
0.0000301
0.0000236
-0.0000043
-0.0000761
-0.0000446
0.0000566
0.0000873
-0.0000151
-0.0000574
-0.0000328
-0.0000323
-0.0000405
0.0000056
0.0000219
-0.0000285
-0.0000298
-0.0000552
-0.0000174
0.0000112
-0.0000336
-0.0000508
-0.0000218
-0.0000624
-0.0001450
-0.0000877
0.0001789
0.0002539
0.0000159
-0.0002044
-0.0001343
0.0000639
0.0000625
-0.0000281
0.0000193
0.0000849
0.0000486
0.0000037
0.0000856
0.0000836
-0.0001216
-0.0002292
-0.0000128
0.0001533
-0.0001260
-0.0003490
-0.0001312
0.0000073
-0.0001214
-0.0001743
-0.0000971
-0.0000044
-0.0000018
-0.0000371
-0.0000033
0.0000251
-0.0000636
-0.0001195
0.0000044
0.0001001
0.0000783
0.0001048
0.0002088
0.0001347
-0.0000465
-0.0000400
0.0000189
-0.0000580
-0.0001939
-0.0001174
0.0000519
0.0000865
0.0000508
0.0000800
0.0001128
0.0000010
-0.0001491
-0.0001028
0.0000033
0.0000544
0.0000603
-0.0000094
0.0000227
0.0001004
0.0000636
0.0000640
0.0001635
0.0001478
-0.0000067
-0.0000313
0.0000043
-0.0000293
-0.0000492
-0.0000283
-0.0000073
0.0001021
0.0001008
0.0000291
0.0000642
0.0001243
0.0000740
0.0000023
0.0000762
0.0000901
-0.0000387
-0.0000631
0.0000272
0.0000528
-0.0000036
-0.0000263
-0.0000123
-0.0000250
-0.0000892
-0.0000396
0.0000496
0.0001227
0.0001151
0.0000828
0.0000410
-0.0000118
-0.0000102
0.0000714
0.0001639
0.0000455
-0.0000937
-0.0000156
0.0001372
0.0000658
-0.0001018
-0.0000877
-0.0000038
0.0000316
0.0000331
0.0000320
0.0000339
0.0000341
0.0000453
0.0000798
0.0000826
0.0000709
-0.0000027
-0.0000027
0.0001373
0.0000350
-0.0002086
-0.0002666
-0.0000750
0.0000190
-0.0000026
0.0000098
0.0000383
0.0000430
0.0000309
0.0000312
-0.0000033
-0.0001062
-0.0000821
0.0000312
0.0000661
0.0000481
0.0000677
0.0000676
0.0000386
-0.0000025
-0.0000629
-0.0000546
0.0000104
0.0000755
-0.0000896
-0.0003246
-0.0002177
0.0000585
0.0000789
-0.0000430
-0.0000665
-0.0000426
0.0000160
0.0000138
-0.0000638
-0.0001066
-0.0000870
-0.0001273
-0.0000506
0.0000554
-0.0000000
-0.0000939
0.0000025
0.0001165
0.0000672
0.0000274
0.0000611
0.0000802
0.0000259
-0.0000488
-0.0001050
-0.0000605
-0.0000632
-0.0000876
-0.0001302
-0.0001075
0.0000121
0.0001169
0.0001320
0.0000381
-0.0000748
-0.0000675
0.0000047
0.0000306
-0.0000563
-0.0000345
0.0000610
0.0000177
-0.0001699
-0.0001797
-0.0000169
0.0000107
-0.0000805
-0.0000859
-0.0000328
0.0000682
0.0000628
0.0000202
0.0000460
-0.0000036
-0.0001754
-0.0001753
0.0001589
0.0002493
0.0000257
-0.0001094
-0.0001154
-0.0000121
0.0000213
-0.0000297
-0.0000081
0.0001054
0.0001807
0.0001106
0.0000151
0.0000086
0.0000118
-0.0000526
-0.0000556
-0.0000768
-0.0002659
-0.0003314
-0.0000711
0.0001010
-0.0000102
-0.0000703
0.0000120
0.0000631
0.0000451
0.0000088
-0.0000049
0.0000079
-0.0000553
-0.0000364
0.0000112
0.0000247
0.0000262
0.0000577
0.0001044
-0.0000078
-0.0001391
-0.0000437
0.0001452
0.0001416
0.0000396
0.0000447
0.0000550
-0.0000004
-0.0000302
-0.0000080
0.0000294
-0.0000307
-0.0001108
-0.0000997
0.0000066
0.0000643
0.0001036
0.0001034
0.0000825
0.0000303
-0.0000786
-0.0000855
0.0000375
0.0001060
0.0000897
0.0000635
0.0000348
-0.0000881
-0.0001409
-0.0000662
0.0000362
0.0000719
-0.0000261
-0.0000157
0.0001567
0.0001589
-0.0000352
-0.0001077
0.0000851
0.0001823
0.0000927
-0.0000203
-0.0000233
0.0000310
0.0000453
0.0000292
0.0000223
0.0000278
0.0000199
-0.0000419
-0.0001149
-0.0001202
-0.0000698
0.0000823
0.0001366
-0.0000224
-0.0001202
-0.0000165
0.0000911
0.0000545
0.0000039
-0.0000471
-0.0000361
0.0000266
0.0000094
-0.0000985
-0.0000334
0.0000982
0.0000562
-0.0000172
0.0000024
0.0000386
0.0000395
0.0000004
-0.0000813
-0.0001074
-0.0000451
0.0000811
0.0001740
0.0000727
-0.0001384
-0.0001621
0.0000064
0.0000569
-0.0001527
-0.0002014
-0.0000867
0.0000142
-0.0000080
-0.0001573
-0.0001401
-0.0000224
0.0000405
-0.0000275
-0.0001987
-0.0001179
0.0000670
0.0000869
0.0000227
0.0000070
0.0000185
-0.0000344
-0.0000909
-0.0000042
0.0000759
0.0000661
0.0000620
0.0000568
0.0000206
-0.0000373
-0.0000600
-0.0000073
0.0000273
-0.0000171
-0.0000857
-0.0001064
-0.0000732
-0.0001084
-0.0001606
-0.0002356
-0.0002517
-0.0000944
0.0001210
0.0001154
-0.0000751
-0.0001260
-0.0000267
0.0000204
-0.0000306
-0.0001080
-0.0000704
-0.0000785
-0.0001236
-0.0001101
-0.0000627
-0.0000918
-0.0000919
-0.0000677
-0.0000409
-0.0000938
-0.0001743
-0.0000705
0.0000587
-0.0000344
-0.0000965
-0.0000651
-0.0000672
-0.0000439
-0.0000168
0.0000362
0.0001259
0.0001255
0.0000675
-0.0000131
-0.0000675
-0.0000577
0.0000166
0.0000795
0.0000084
-0.0001395
-0.0002023
-0.0000374
0.0002007
0.0001549
-0.0000689
-0.0000804
0.0000869
0.0001560
0.0000621
-0.0000529
-0.0000707
0.0000122
0.0000938
0.0000799
0.0000010
-0.0000892
-0.0001172
-0.0000738
0.0000832
0.0001185
-0.0001392
-0.0002749
-0.0000920
-0.0000680
-0.0002241
-0.0001491
0.0000336
0.0000173
-0.0000882
-0.0000072
0.0001253
0.0000907
-0.0000394
-0.0000650
0.0000187
-0.0000387
-0.0001965
-0.0001952
-0.0000294
0.0000619
0.0000050
-0.0000066
0.0000567
0.0000512
0.0000450
0.0000643
0.0001087
0.0001838
0.0001744
-0.0000070
-0.0001264
-0.0000765
0.0000093
-0.0000073
-0.0000505
-0.0000393
-0.0000545
-0.0000071
0.0001225
0.0000897
-0.0001422
-0.0002531
-0.0000888
0.0000628
-0.0000002
-0.0001019
-0.0000132
0.0000699
0.0000169
-0.0000466
-0.0000617
0.0000028
0.0000419
0.0000323
-0.0000343
-0.0000777
-0.0001164
-0.0000524
0.0000730
-0.0000225
-0.0002865
-0.0002073
0.0000736
0.0000880
-0.0000704
-0.0001644
-0.0001197
0.0000271
0.0000943
0.0000225
-0.0000667
-0.0000170
0.0000290
0.0000197
0.0000209
0.0000320
0.0000371
0.0000195
-0.0000157
-0.0000194
-0.0000141
-0.0000079
-0.0000131
-0.0000348
-0.0001311
-0.0002033
-0.0001753
0.0000091
0.0001037
-0.0000184
-0.0000414
-0.0000781
-0.0001485
-0.0001027
0.0000235
0.0001087
0.0000764
0.0000597
0.0001469
0.0000788
-0.0000935
-0.0000780
0.0000130
-0.0000369
-0.0001022
-0.0000661
0.0000023
0.0000040
-0.0000122
-0.0000215
0.0000143
0.0001046
0.0001748
0.0000711
-0.0001085
-0.0000850
-0.0000098
0.0000448
0.0000620
0.0000034
-0.0001298
-0.0001079
0.0000758
0.0000970
-0.0000042
-0.0000490
-0.0000159
-0.0000027
0.0000156
0.0000762
0.0000398
-0.0000944
-0.0000609
0.0000059
0.0000101
0.0000673
0.0000680
0.0000667
0.0000732
-0.0000440
-0.0001415
-0.0000830
-0.0000531
-0.0000726
-0.0000851
-0.0000657
0.0000631
0.0001043
0.0000029
-0.0000186
0.0000681
0.0000895
0.0000242
-0.0000332
-0.0000232
-0.0000207
-0.0000655
-0.0000905
-0.0000139
-0.0000828
-0.0003400
-0.0003415
-0.0000239
0.0001305
0.0000247
-0.0000662
-0.0000752
-0.0000697
-0.0001462
-0.0001071
0.0000540
0.0001547
0.0000443
-0.0001249
-0.0001155
-0.0000050
0.0000201
-0.0000089
-0.0000240
-0.0000233
-0.0000331
0.0000933
0.0002730
0.0002258
-0.0000636
-0.0001593
0.0000187
0.0001300
0.0000898
-0.0000037
-0.0000171
0.0000173
-0.0000013
0.0000078
0.0000821
0.0001413
0.0000595
-0.0001684
-0.0001131
0.0000595
-0.0000692
-0.0001591
0.0000048
0.0000889
-0.0000455
-0.0001165
-0.0000091
0.0000986
0.0000052
-0.0001548
-0.0001268
-0.0000720
-0.0001325
-0.0001852
-0.0000997
-0.0000614
-0.0001164
-0.0000731
0.0000987
0.0000993
-0.0001076
-0.0001715
-0.0000600
0.0000280
-0.0000078
-0.0000663
-0.0000606
0.0000205
0.0000806
0.0000587
0.0000594
0.0000020
-0.0000441
-0.0000182
0.0000463
0.0000090
-0.0001172
-0.0001395
0.0000223
0.0001241
-0.0000365
-0.0001791
-0.0000096
0.0001131
-0.0000274
-0.0001176
-0.0000486
-0.0000412
-0.0000684
-0.0000152
0.0000468
0.0000498
0.0000301
0.0000269
0.0000339
0.0000354
0.0000331
0.0000316
0.0000336
0.0000099
-0.0000628
0.0000031
0.0002207
0.0001721
-0.0001042
-0.0001250
0.0000845
0.0001463
-0.0000161
-0.0000734
0.0000013
0.0000190
-0.0000219
-0.0000713
-0.0000742
-0.0001032
-0.0000860
-0.0000513
0.0000203
-0.0000236
-0.0001657
-0.0000982
0.0000412
0.0000787
0.0000064
-0.0001079
-0.0002229
-0.0002379
-0.0001559
-0.0000065
0.0000473
-0.0000192
-0.0001234
-0.0000672
0.0000664
-0.0000708
-0.0003801
-0.0003041
0.0000027
0.0000659
-0.0000361
-0.0000462
-0.0000198
-0.0000254
-0.0000134
-0.0000105
0.0000333
0.0001169
0.0000726
-0.0000126
-0.0000494
-0.0000409
0.0000061
0.0000450
0.0000201
-0.0000830
-0.0001631
-0.0001113
0.0000767
0.0001121
-0.0000410
-0.0000708
0.0000258
0.0000575
-0.0000286
-0.0001300
-0.0001747
-0.0001554
0.0000050
0.0001277
0.0000430
-0.0000652
-0.0000123
0.0000740
-0.0000211
-0.0001613
-0.0001437
0.0000518
0.0001774
0.0000004
-0.0001887
-0.0000753
0.0000320
-0.0000944
-0.0002454
-0.0001124
0.0000875
-0.0000023
-0.0001859
-0.0001064
0.0000210
-0.0000644
-0.0001758
-0.0002059
-0.0000827
0.0000596
0.0000597
0.0000117
0.0000803
0.0000931
-0.0000644
-0.0001283
0.0000336
0.0000861
-0.0000311
-0.0000648
0.0000306
0.0000645
0.0000490
-0.0000003
-0.0000552
-0.0000616
-0.0000638
-0.0000673
0.0000039
0.0000380
-0.0000159
-0.0001144
-0.0000735
0.0000195
-0.0000362
-0.0000362
0.0001871
0.0002243
-0.0000693
-0.0002088
-0.0000167
0.0001267
0.0000621
-0.0000352
-0.0000164
0.0000353
-0.0000150
-0.0001067
-0.0000942
0.0000131
0.0000151
-0.0001270
-0.0000876
-0.0000111
-0.0001045
-0.0001266
-0.0000324
-0.0000188
-0.0000328
-0.0000183
-0.0000192
-0.0001191
-0.0001745
-0.0000978
-0.0000268
-0.0000299
-0.0000670
-0.0001011
-0.0000854
-0.0000216
0.0000679
0.0000986
0.0000942
0.0000178
-0.0001631
-0.0001635
-0.0000366
-0.0000498
-0.0001177
-0.0002218
-0.0001817
-0.0000380
0.0000635
0.0000880
0.0000519
0.0000824
0.0000135
-0.0001833
-0.0001654
0.0000548
0.0001067
-0.0000132
0.0000303
0.0000969
0.0000279
0.0000087
0.0001243
0.0000611
-0.0002209
-0.0001466
0.0001775
0.0002310
0.0000088
-0.0001655
-0.0001679
-0.0001141
-0.0000498
-0.0000191
-0.0000861
-0.0000769
-0.0000333
-0.0000602
-0.0000171
0.0000645
-0.0000036
-0.0000798
-0.0000032
0.0000965
0.0000319
-0.0001311
-0.0001941
-0.0000520
0.0001443
0.0001823
0.0000185
-0.0000704
-0.0000151
0.0000682
0.0000320
-0.0000526
-0.0000709
-0.0000233
0.0000920
0.0001608
0.0000054
-0.0001286
-0.0000276
0.0000478
-0.0000342
-0.0000828
0.0000429
0.0000776
-0.0000300
-0.0000683
-0.0000225
-0.0000509
-0.0001867
-0.0003330
-0.0002305
-0.0000161
0.0000551
0.0000288
0.0000759
0.0000247
-0.0002269
-0.0003510
-0.0001105
0.0000638
-0.0000510
-0.0001501
-0.0000575
0.0000053
-0.0000699
-0.0000628
0.0000979
0.0001481
0.0000358
-0.0000794
-0.0000511
-0.0000053
-0.0000116
-0.0000427
-0.0001529
-0.0001648
-0.0001124
-0.0000715
0.0000185
0.0000343
-0.0000220
0.0000081
0.0000711
-0.0000030
-0.0001134
-0.0001390
-0.0000122
0.0000204
-0.0001045
-0.0000835
0.0000209
-0.0000296
-0.0001443
-0.0001152
0.0000842
0.0001170
-0.0000757
-0.0000758
0.0001294
0.0001566
0.0000073
-0.0000171
0.0000727
0.0000759
0.0000357
-0.0000295
-0.0000338
-0.0000273
-0.0001010
-0.0001917
-0.0001694
-0.0000680
-0.0000036
0.0000147
-0.0000102
-0.0000671
-0.0001560
-0.0001280
0.0000762
0.0001434
0.0000007
-0.0001295
-0.0000840
-0.0000178
-0.0000990
-0.0000410
0.0001228
0.0001052
-0.0000596
-0.0001038
0.0000209
0.0000923
-0.0000742
-0.0002295
-0.0001422
-0.0000486
-0.0001354
-0.0000433
0.0002790
0.0002368
-0.0001415
-0.0002240
0.0000113
0.0001658
0.0001090
0.0000131
-0.0000202
0.0000182
0.0000439
0.0000121
-0.0000057
0.0000113
0.0000324
-0.0000299
0.0000499
0.0000768
-0.0002465
-0.0003627
-0.0000459
0.0001567
0.0000529
-0.0000130
0.0000500
0.0000045
-0.0000739
-0.0000804
-0.0000657
-0.0000200
0.0000090
0.0000265
0.0000488
0.0000424
0.0000037
0.0000084
0.0000489
0.0000486
0.0000037
0.0000168
0.0001078
0.0001217
0.0000072
0.0000035
0.0000500
-0.0000427
-0.0001236
-0.0000647
-0.0000095
0.0000127
-0.0000725
-0.0000890
0.0000593
0.0001536
-0.0000024
-0.0002429
-0.0001735
-0.0000169
-0.0000892
-0.0001455
-0.0000183
0.0000272
-0.0000071
-0.0000185
0.0000222
0.0000341
-0.0000346
-0.0000402
-0.0000129
-0.0000232
-0.0000330
0.0000277
0.0000937
0.0000656
0.0000545
0.0001075
0.0002021
0.0001253
-0.0001192
-0.0001797
0.0000160
0.0001334
0.0000539
-0.0000816
-0.0000975
-0.0000517
-0.0000664
-0.0000639
0.0000249
0.0001037
0.0000419
-0.0000514
-0.0000655
-0.0000106
0.0000519
0.0000145
0.0000152
0.0000020
-0.0000616
-0.0000329
0.0000662
0.0000961
0.0000080
-0.0000004
0.0000162
-0.0000224
-0.0000407
0.0000242
0.0000989
0.0000060
-0.0001920
-0.0001539
0.0000551
0.0001049
0.0000821
0.0001394
0.0002465
0.0001749
-0.0000644
-0.0001126
-0.0000213
-0.0000020
-0.0000405
-0.0000415
0.0000180
0.0000632
0.0000361
-0.0000730
-0.0001248
-0.0000383
0.0000130
0.0000012
0.0000282
-0.0000180
-0.0000466
0.0000447
0.0001070
0.0000057
-0.0001884
-0.0000919
0.0001284
0.0000518
-0.0001588
-0.0000336
0.0001948
0.0001708
-0.0000383
-0.0001202
-0.0000451
0.0000482
0.0000174
-0.0001369
-0.0001116
0.0000725
0.0001669
0.0000259
-0.0001123
-0.0001451
-0.0001410
-0.0000643
-0.0000658
-0.0001505
-0.0001383
-0.0000811
-0.0000373
0.0000241
0.0000257
-0.0001033
-0.0001725
-0.0000856
-0.0000587
-0.0002167
-0.0002328
-0.0000119
0.0001537
0.0001428
0.0001287
0.0000946
-0.0000019
-0.0000348
0.0000569
0.0001050
0.0000671
0.0000230
0.0000106
0.0000532
0.0000455
0.0000224
0.0000621
0.0001643
0.0001663
0.0000425
-0.0000257
0.0000151
0.0001118
0.0000984
0.0000532
-0.0000069
-0.0000754
-0.0000048
0.0001519
0.0001270
-0.0000556
-0.0001051
0.0000081
0.0000719
0.0000068
-0.0000576
-0.0000544
-0.0000317
-0.0000329
-0.0000270
0.0000049
0.0000035
-0.0000743
-0.0001538
-0.0000022
0.0001277
0.0000239
-0.0000927
0.0000029
0.0000825
-0.0000127
-0.0000172
0.0001301
0.0001536
0.0000586
0.0000180
0.0000330
0.0000011
-0.0000195
0.0000418
0.0000501
0.0000372
0.0000827
0.0001027
0.0001162
0.0000850
-0.0000555
-0.0000734
0.0000385
0.0000593
-0.0000248
0.0000062
0.0000834
0.0000528
-0.0000645
-0.0000732
0.0000468
0.0000653
0.0000266
-0.0000084
-0.0000856
-0.0000824
-0.0000466
0.0000136
0.0000914
-0.0000546
-0.0004229
-0.0003439
0.0000397
0.0001046
-0.0000427
-0.0001407
-0.0000408
0.0001157
0.0001206
0.0000461
0.0000388
0.0000966
0.0000962
0.0000632
0.0000818
0.0000862
0.0000541
0.0000622
0.0001414
0.0000928
-0.0000785
-0.0000296
0.0000944
-0.0000337
-0.0001886
-0.0001510
0.0000072
0.0000489
-0.0000884
-0.0001251
0.0000065
0.0000502
-0.0000712
-0.0001134
-0.0000987
-0.0000276
0.0000680
0.0001059
0.0000408
0.0000062
0.0000135
-0.0000303
-0.0000220
0.0000575
0.0000939
-0.0000255
-0.0001379
-0.0001003
0.0000006
0.0000653
-0.0000131
-0.0000594
0.0000445
0.0000990
-0.0000030
-0.0000972
-0.0000495
0.0000561
0.0001678
0.0001024
-0.0000227
0.0000394
0.0001169
0.0000207
-0.0000749
-0.0001125
-0.0000520
0.0000115
0.0000492
0.0000947
0.0000904
0.0000388
-0.0000089
-0.0000018
-0.0000054
-0.0000348
-0.0000483
-0.0000402
-0.0000469
-0.0000956
-0.0001142
-0.0000053
0.0000922
0.0000068
-0.0001147
-0.0001369
0.0000050
0.0000967
0.0000313
-0.0000034
0.0000377
0.0000570
-0.0000167
-0.0000614
0.0000395
0.0000469
-0.0000246
-0.0000688
-0.0000260
-0.0000214
-0.0001322
-0.0001711
-0.0000817
-0.0000103
-0.0000225
-0.0000199
0.0000383
0.0000067
-0.0000010
0.0000828
0.0001177
0.0001070
0.0000478
-0.0000348
0.0000270
0.0001368
0.0001117
0.0000888
0.0002285
0.0002284
-0.0000095
-0.0001151
-0.0000799
-0.0002064
-0.0002047
0.0000083
0.0001685
0.0001438
0.0000465
0.0000850
0.0001079
0.0000217
-0.0000074
0.0000505
0.0001374
0.0001964
0.0001797
0.0001077
0.0000097
-0.0001159
-0.0002885
-0.0001907
0.0001161
0.0001670
-0.0000675
-0.0002008
-0.0000392
0.0000537
-0.0000518
-0.0001310
-0.0001590
-0.0001513
-0.0001396
-0.0001772
-0.0002220
-0.0002210
-0.0002819
-0.0004789
-0.0003676
-0.0001308
-0.0002636
-0.0004022
-0.0002348
-0.0001300
-0.0003219
-0.0003842
-0.0002328
-0.0001461
-0.0000830
0.0000373
-0.0000679
-0.0002013
-0.0000242
0.0001749
0.0001832
0.0001782
0.0001794
0.0002253
0.0002820
0.0002683
0.0001952
0.0002407
0.0003486
0.0004188
0.0002847
0.0002145
0.0003441
0.0004234
0.0002758
0.0000462
0.0000260
0.0001497
0.0002106
0.0001102
-0.0000288
-0.0000691
-0.0000517
-0.0000752
-0.0000697
-0.0001139
-0.0003179
-0.0003345
-0.0001843
-0.0001279
-0.0002080
-0.0001730
0.0000140
0.0000049
-0.0001505
-0.0001472
0.0000051
0.0001520
0.0001663
0.0001541
0.0001869
0.0002303
0.0001900
0.0002384
0.0004409
0.0005710
0.0005162
0.0004849
0.0004716
0.0003269
0.0002073
0.0002251
0.0001753
-0.0000503
-0.0002127
-0.0001535
-0.0000877
-0.0001785
-0.0002726
-0.0002768
-0.0003577
-0.0003737
-0.0003443
-0.0003843
-0.0004435
-0.0004840
-0.0005612
-0.0004671
-0.0003020
-0.0003073
-0.0003903
-0.0004232
-0.0004279
-0.0004353
-0.0004514
-0.0003325
-0.0001870
-0.0001647
-0.0002061
-0.0001930
-0.0000850
-0.0000036
0.0000053
0.0000041
-0.0000538
-0.0000955
-0.0000152
0.0001159
0.0002725
0.0004202
0.0004408
0.0002535
0.0002513
0.0005800
0.0007984
0.0007680
0.0006901
0.0006744
0.0006023
0.0005311
0.0004667
0.0003043
0.0001417
0.0000553
-0.0001103
-0.0003163
-0.0004874
-0.0005917
-0.0005809
-0.0005839
-0.0006692
-0.0007587
-0.0007660
-0.0007682
-0.0007007
-0.0006524
-0.0006560
-0.0006374
-0.0005698
-0.0004656
-0.0004115
-0.0004149
-0.0002947
-0.0001666
-0.0001003
-0.0000841
0.0000815
0.0004431
0.0007435
0.0007958
0.0008209
0.0009491
0.0010332
0.0010507
0.0010216
0.0010468
0.0011273
0.0011288
0.0009371
0.0008301
0.0008853
0.0008852
0.0007717
0.0006404
0.0004619
0.0001490
-0.0001430
-0.0002495
-0.0003045
-0.0005742
-0.0008560
-0.0009045
-0.0008218
-0.0007727
-0.0008881
-0.0010648
-0.0009947
-0.0008042
-0.0007143
-0.0007186
-0.0006244
-0.0004079
-0.0003826
-0.0003263
-0.0001028
0.0000191
-0.0000334
0.0000127
0.0002011
0.0001686
-0.0000960
-0.0002005
-0.0000787
0.0000140
0.0000081
-0.0000030
-0.0000315
0.0000127
0.0000985
0.0000727
0.0000373
0.0001052
0.0001323
0.0000383
0.0000685
0.0000639
-0.0001683
-0.0002474
-0.0001079
-0.0001130
-0.0003004
-0.0003558
-0.0002809
-0.0003032
-0.0003311
-0.0003737
-0.0004008
-0.0004058
-0.0005035
-0.0006764
-0.0007239
-0.0005484
-0.0003584
-0.0003016
-0.0002361
-0.0001752
-0.0002618
-0.0001959
0.0001359
0.0003978
0.0004740
0.0005619
0.0007485
0.0009654
0.0011856
0.0013633
0.0014195
0.0014160
0.0014787
0.0014753
0.0013151
0.0011958
0.0011306
0.0010497
0.0009546
0.0007213
0.0003977
0.0002045
0.0000921
-0.0000685
-0.0003261
-0.0005835
-0.0007341
-0.0008185
-0.0009700
-0.0010904
-0.0011380
-0.0011482
-0.0012061
-0.0012629
-0.0011977
-0.0010580
-0.0009741
-0.0007935
-0.0004650
-0.0002499
-0.0001728
0.0001005
0.0005377
0.0007927
0.0007926
0.0008703
0.0011306
0.0013120
0.0012833
0.0012546
0.0013170
0.0013500
0.0013010
0.0011269
0.0009829
0.0009670
0.0009453
0.0008553
0.0006813
0.0003583
0.0000852
-0.0000022
-0.0000734
-0.0003071
-0.0005882
-0.0007638
-0.0008611
-0.0009987
-0.0012464
-0.0014694
-0.0015186
-0.0015673
-0.0015947
-0.0015350
-0.0014782
-0.0015351
-0.0016469
-0.0016890
-0.0014996
-0.0013378
-0.0014127
-0.0013600
-0.0010629
-0.0008453
-0.0008033
-0.0007086
-0.0005127
-0.0003119
-0.0002031
-0.0001075
0.0000729
0.0003312
0.0005651
0.0005573
0.0003372
0.0002835
0.0003802
0.0004481
0.0004034
0.0001556
-0.0001855
-0.0003216
-0.0002554
-0.0002725
-0.0004206
-0.0005097
-0.0004544
-0.0004232
-0.0003753
-0.0002487
-0.0001668
-0.0000127
0.0003275
0.0006604
0.0008796
0.0010581
0.0013223
0.0017300
0.0019973
0.0019141
0.0017986
0.0019462
0.0021779
0.0021413
0.0018727
0.0015584
0.0013756
0.0011796
0.0007380
0.0003368
0.0002092
0.0000513
-0.0001898
-0.0004400
-0.0006695
-0.0009022
-0.0011400
-0.0013153
-0.0015050
-0.0017243
-0.0018597
-0.0018875
-0.0018467
-0.0019329
-0.0019453
-0.0017554
-0.0015423
-0.0013425
-0.0010914
-0.0008194
-0.0005803
-0.0003009
0.0000473
0.0003269
0.0004649
0.0007141
0.0011468
0.0015382
0.0018183
0.0019945
0.0021028
0.0023581
0.0026934
0.0027088
0.0023807
0.0020777
0.0018000
0.0013035
0.0006138
-0.0000690
-0.0006145
-0.0011136
-0.0016260
-0.0021943
-0.0027294
-0.0029778
-0.0031015
-0.0032840
-0.0032341
-0.0030127
-0.0029577
-0.0028600
-0.0026785
-0.0025853
-0.0024454
-0.0021649
-0.0018295
-0.0016173
-0.0014247
-0.0011180
-0.0007017
-0.0002066
0.0003588
0.0007765
0.0010129
0.0012910
0.0015515
0.0018470
0.0022219
0.0024500
0.0024836
0.0026101
0.0028802
0.0029518
0.0029349
0.0032601
0.0036091
0.0036093
0.0035798
0.0037023
0.0038248
0.0039434
0.0039776
0.0038500
0.0036591
0.0032539
0.0026678
0.0020526
0.0014336
0.0007457
0.0000036
-0.0006573
-0.0012806
-0.0019677
-0.0026563
-0.0031998
-0.0036717
-0.0041844
-0.0045620
-0.0046876
-0.0046567
-0.0045221
-0.0043530
-0.0040489
-0.0035772
-0.0030138
-0.0024644
-0.0019673
-0.0012595
-0.0004621
0.0001639
0.0007852
0.0015931
0.0023190
0.0027667
0.0030578
0.0033157
0.0034975
0.0035791
0.0036364
0.0034946
0.0031008
0.0025980
0.0020073
0.0012649
0.0004738
-0.0002107
-0.0008929
-0.0015341
-0.0021338
-0.0028238
-0.0033809
-0.0037283
-0.0040781
-0.0045335
-0.0048449
-0.0049315
-0.0049370
-0.0049107
-0.0046638
-0.0041982
-0.0036217
-0.0030531
-0.0024673
-0.0017863
-0.0010984
-0.0002425
0.0006885
0.0015332
0.0023290
0.0031539
0.0039864
0.0047167
0.0052086
0.0055295
0.0057293
0.0057619
0.0056509
0.0054214
0.0049789
0.0043958
0.0039163
0.0034322
0.0028112
0.0023073
0.0020111
0.0016177
0.0012641
0.0011511
0.0009475
0.0005976
0.0003844
0.0003271
0.0001788
-0.0002426
-0.0007345
-0.0010815
-0.0014344
-0.0017962
-0.0021531
-0.0025001
-0.0028690
-0.0033754
-0.0037439
-0.0038744
-0.0039430
-0.0040407
-0.0041315
-0.0040820
-0.0041015
-0.0042308
-0.0042889
-0.0042309
-0.0042450
-0.0041968
-0.0038514
-0.0033387
-0.0029286
-0.0025663
-0.0019199
-0.0011601
-0.0004815
0.0002812
0.0010962
0.0018527
0.0025847
0.0031582
0.0035678
0.0040369
0.0044458
0.0045957
0.0045973
0.0045787
0.0044934
0.0041764
0.0036630
0.0032064
0.0027386
0.0021668
0.0014575
0.0006304
-0.0002175
-0.0010364
-0.0018839
-0.0026506
-0.0033496
-0.0039596
-0.0043651
-0.0044709
-0.0044096
-0.0042986
-0.0039109
-0.0031014
-0.0021675
-0.0014645
-0.0008698
-0.0001464
0.0006004
0.0011449
0.0015219
0.0018672
0.0021777
0.0022951
0.0022697
0.0022345
0.0021763
0.0021856
0.0022468
0.0024290
0.0025753
0.0025813
0.0027484
0.0031949
0.0035122
0.0035581
0.0038381
0.0042626
0.0044330
0.0043937
0.0044329
0.0044540
0.0042604
0.0040755
0.0039284
0.0035946
0.0029281
0.0023396
0.0019010
0.0014214
0.0006545
-0.0003862
-0.0013573
-0.0022296
-0.0030965
-0.0039811
-0.0047615
-0.0053971
-0.0059906
-0.0064762
-0.0067136
-0.0067552
-0.0067343
-0.0066982
-0.0065368
-0.0061579
-0.0056342
-0.0050360
-0.0042739
-0.0032879
-0.0024175
-0.0017317
-0.0009380
0.0001046
0.0010798
0.0018533
0.0024713
0.0029954
0.0035231
0.0040107
0.0045399
0.0049321
0.0049564
0.0047610
0.0045542
0.0042927
0.0038690
0.0033942
0.0029912
0.0026129
0.0020202
0.0012604
0.0006572
0.0002678
-0.0002604
-0.0009815
-0.0016927
-0.0022247
-0.0025908
-0.0029966
-0.0034053
-0.0036780
-0.0037012
-0.0035635
-0.0034335
-0.0033410
-0.0031760
-0.0028788
-0.0024991
-0.0020368
-0.0016335
-0.0013476
-0.0009636
-0.0004036
0.0000788
0.0005678
0.0011788
0.0017869
0.0022368
0.0024416
0.0026888
0.0031686
0.0036800
0.0039769
0.0041043
0.0042708
0.0044201
0.0044059
0.0041269
0.0037112
0.0032288
0.0026505
0.0020897
0.0015857
0.0009240
0.0002434
-0.0003517
-0.0009318
-0.0014755
-0.0020483
-0.0025966
-0.0031569
-0.0036955
-0.0040677
-0.0043121
-0.0044517
-0.0045658
-0.0046734
-0.0044486
-0.0039814
-0.0036052
-0.0033318
-0.0028603
-0.0022088
-0.0015764
-0.0010493
-0.0005486
0.0000569
0.0006140
0.0010685
0.0014771
0.0018044
0.0020416
0.0022468
0.0025183
0.0028105
0.0030019
0.0030181
0.0029847
0.0030679
0.0030163
0.0027445
0.0024748
0.0023414
0.0021463
0.0017799
0.0013658
0.0009131
0.0003652
-0.0001286
-0.0005916
-0.0010708
-0.0015271
-0.0019580
-0.0023532
-0.0026147
-0.0027763
-0.0029526
-0.0031448
-0.0033578
-0.0034734
-0.0034684
-0.0034622
-0.0034123
-0.0032269
-0.0030503
-0.0029400
-0.0026329
-0.0021203
-0.0015938
-0.0010611
-0.0005071
0.0000603
0.0006785
0.0012544
0.0016545
0.0019084
0.0021175
0.0022517
0.0022718
0.0022273
0.0022019
0.0023332
0.0025384
0.0026556
0.0027569
0.0028591
0.0030050
0.0032745
0.0035916
0.0038490
0.0040414
0.0042532
0.0044933
0.0045992
0.0044277
0.0040636
0.0035602
0.0029454
0.0024175
0.0018663
0.0009736
0.0000967
-0.0004642
-0.0011124
-0.0018881
-0.0025109
-0.0029690
-0.0034091
-0.0038625
-0.0041425
-0.0041652
-0.0040904
-0.0039521
-0.0036119
-0.0031812
-0.0027709
-0.0023118
-0.0016964
-0.0010462
-0.0005857
-0.0002541
0.0001719
0.0005912
0.0006788
0.0006018
0.0006254
0.0007428
0.0008325
0.0007230
0.0006752
0.0008104
0.0008789
0.0007903
0.0007804
0.0009429
0.0011415
0.0012351
0.0013783
0.0016182
0.0017917
0.0018209
0.0019111
0.0020913
0.0020823
0.0017438
0.0013542
0.0010757
0.0007037
0.0002821
-0.0000836
-0.0004152
-0.0006925
-0.0011081
-0.0015857
-0.0017377
-0.0017367
-0.0019051
-0.0019470
-0.0017528
-0.0017080
-0.0016671
-0.0013789
-0.0007645
-0.0002197
-0.0000487
0.0000569
0.0002939
0.0005721
0.0007407
0.0007446
0.0007232
0.0007401
0.0006404
0.0003257
0.0001467
0.0001950
0.0000931
-0.0001487
-0.0002418
-0.0002976
-0.0005570
-0.0008474
-0.0009227
-0.0010490
-0.0012928
-0.0014197
-0.0014261
-0.0014193
-0.0014395
-0.0014659
-0.0013577
-0.0010542
-0.0007246
-0.0005111
-0.0003790
-0.0002493
-0.0000539
0.0001997
0.0005496
0.0008961
0.0010518
0.0011302
0.0013525
0.0016512
0.0017970
0.0019165
0.0020541
0.0020413
0.0018460
0.0015667
0.0013047
0.0010546
0.0006666
0.0001564
-0.0003740
-0.0009058
-0.0014894
-0.0020775
-0.0025618
-0.0030104
-0.0033584
-0.0035119
-0.0035598
-0.0034345
-0.0030450
-0.0025642
-0.0020028
-0.0013921
-0.0008627
-0.0002095
0.0007170
0.0016298
0.0023519
0.0029108
0.0034160
0.0038831
0.0041802
0.0042792
0.0042605
0.0041800
0.0038914
0.0034712
0.0029791
0.0021947
0.0012539
0.0005458
-0.0000840
-0.0007590
-0.0014302
-0.0020538
-0.0025422
-0.0027827
-0.0029241
-0.0030412
-0.0029679
-0.0027491
-0.0025266
-0.0023496
-0.0020967
-0.0017276
-0.0013413
-0.0009643
-0.0005262
-0.0001217
0.0001782
0.0005624
0.0009405
0.0011236
0.0011862
0.0012601
0.0013818
0.0013954
0.0012859
0.0011853
0.0011483
0.0009559
0.0007067
0.0005118
0.0003516
0.0002056
0.0000396
-0.0000577
-0.0000716
-0.0001641
-0.0002952
-0.0002901
-0.0003623
-0.0006258
-0.0009408
-0.0010984
-0.0010472
-0.0009951
-0.0010716
-0.0011497
-0.0011703
-0.0010604
-0.0008725
-0.0006087
-0.0002521
-0.0000879
-0.0000670
0.0002674
0.0008522
0.0012250
0.0013367
0.0014327
0.0015511
0.0016426
0.0018062
0.0019144
0.0018153
0.0016142
0.0014032
0.0011801
0.0009064
0.0006672
0.0005268
0.0003352
0.0000674
-0.0001022
-0.0002390
-0.0002252
-0.0001318
-0.0001943
-0.0001714
0.0000000
0.0000908
0.0000840
0.0001786
0.0004270
0.0006482
0.0007121
0.0007290
0.0008057
0.0009161
0.0009611
0.0008387
0.0007368
0.0007746
0.0006647
0.0003751
0.0002471
0.0003322
0.0002358
-0.0000655
-0.0002374
-0.0002278
-0.0001769
-0.0001965
-0.0002436
-0.0002726
-0.0003894
-0.0005539
-0.0004959
-0.0003963
-0.0004495
-0.0004600
-0.0004099
-0.0003261
-0.0003465
-0.0004154
-0.0002674
0.0000217
0.0002263
0.0003132
0.0003613
0.0004165
0.0004877
0.0004366
0.0002878
0.0002859
0.0003455
0.0002272
0.0000240
-0.0000839
-0.0001909
-0.0003697
-0.0002836
-0.0000504
-0.0000252
-0.0002289
-0.0003482
-0.0002217
-0.0000862
-0.0002259
-0.0005211
-0.0006154
-0.0004365
-0.0003740
-0.0005847
-0.0007193
-0.0007029
-0.0005830
-0.0003854
-0.0002633
-0.0001811
0.0000204
0.0002704
0.0005101
0.0006852
0.0008487
0.0010921
0.0013166
0.0015065
0.0016461
0.0015917
0.0014014
0.0012549
0.0010330
0.0006199
0.0001143
-0.0003960
-0.0009177
-0.0013994
-0.0017208
-0.0019401
-0.0020842
-0.0020635
-0.0018461
-0.0016688
-0.0015328
-0.0010955
-0.0004535
0.0001188
0.0006172
0.0010338
0.0014781
0.0018227
0.0019399
0.0019422
0.0018835
0.0017258
0.0014559
0.0011115
0.0007319
0.0003424
-0.0000228
-0.0004077
-0.0007179
-0.0009830
-0.0013237
-0.0015219
-0.0014886
-0.0016125
-0.0019570
-0.0018342
-0.0013000
-0.0009624
-0.0008617
-0.0007298
-0.0003606
0.0002424
0.0008573
0.0012537
0.0015380
0.0018359
0.0018947
0.0017030
0.0014973
0.0011683
0.0006421
0.0001021
-0.0004282
-0.0010853
-0.0017953
-0.0024022
-0.0028849
-0.0032927
-0.0035358
-0.0036155
-0.0035745
-0.0034677
-0.0033478
-0.0031871
-0.0029069
-0.0024883
-0.0021347
-0.0018097
-0.0014162
-0.0011831
-0.0009516
-0.0005399
0.0000011
0.0006049
0.0012113
0.0018066
0.0024731
0.0031727
0.0038304
0.0044208
0.0050233
0.0055229
0.0056726
0.0056480
0.0056446
0.0055617
0.0052191
0.0047289
0.0041860
0.0032773
0.0021005
0.0012274
0.0006457
-0.0002083
-0.0012757
-0.0021476
-0.0027437
-0.0032511
-0.0037691
-0.0040931
-0.0042111
-0.0043115
-0.0042248
-0.0038562
-0.0032944
-0.0026941
-0.0020537
-0.0011957
-0.0001578
0.0007492
0.0014301
0.0021703
0.0030522
0.0037071
0.0040892
0.0044902
0.0047561
0.0046647
0.0041552
0.0034301
0.0027449
0.0020066
0.0010986
0.0000545
-0.0010247
-0.0020598
-0.0029991
-0.0039274
-0.0049268
-0.0059426
-0.0068216
-0.0073654
-0.0076965
-0.0080774
-0.0084438
-0.0085387
-0.0085114
-0.0084156
-0.0081148
-0.0076304
-0.0070782
-0.0065219
-0.0058795
-0.0050113
-0.0039634
-0.0028458
-0.0017504
-0.0006470
0.0006033
0.0018348
0.0028749
0.0039248
0.0049175
0.0056724
0.0063277
0.0068913
0.0073017
0.0075510
0.0076734
0.0077589
0.0077786
0.0076331
0.0073404
0.0069392
0.0064247
0.0059574
0.0056187
0.0052078
0.0046587
0.0040174
0.0032520
0.0024792
0.0017233
0.0010618
0.0004190
-0.0002218
-0.0007509
-0.0012555
-0.0019187
-0.0026175
-0.0032399
-0.0038496
-0.0042841
-0.0046523
-0.0050076
-0.0051577
-0.0051643
-0.0051306
-0.0049474
-0.0048035
-0.0047439
-0.0044387
-0.0038348
-0.0032271
-0.0028192
-0.0022660
-0.0013713
-0.0004760
0.0002144
0.0007858
0.0013459
0.0018751
0.0022383
0.0025020
0.0026851
0.0027239
0.0025468
0.0022644
0.0020186
0.0015657
0.0008529
0.0003748
0.0001269
-0.0002912
-0.0008772
-0.0014309
-0.0018245
-0.0022849
-0.0030169
-0.0036176
-0.0037873
-0.0038280
-0.0039387
-0.0038294
-0.0035704
-0.0033369
-0.0028781
-0.0021436
-0.0014373
-0.0009615
-0.0005738
0.0000146
0.0006595
0.0011359
0.0015783
0.0020602
0.0024182
0.0025601
0.0027213
0.0029931
0.0031524
0.0031560
0.0032415
0.0033399
0.0032755
0.0030402
0.0028782
0.0028418
0.0025920
0.0019300
0.0011884
0.0007023
0.0002942
-0.0002591
-0.0008815
-0.0014323
-0.0018059
-0.0021169
-0.0025163
-0.0028388
-0.0030394
-0.0032904
-0.0035165
-0.0035937
-0.0035683
-0.0034244
-0.0030968
-0.0027240
-0.0022796
-0.0018350
-0.0014374
-0.0009810
-0.0003894
0.0001982
0.0007785
0.0014552
0.0020926
0.0025140
0.0026828
0.0027564
0.0027614
0.0026240
0.0024683
0.0023424
0.0021906
0.0020834
0.0020227
0.0018220
0.0016605
0.0015114
0.0012466
0.0011359
0.0011744
0.0009517
0.0003916
-0.0000439
-0.0003536
-0.0008101
-0.0013703
-0.0019588
-0.0024433
-0.0028846
-0.0032929
-0.0035931
-0.0037908
-0.0038218
-0.0036230
-0.0032700
-0.0028121
-0.0023373
-0.0018969
-0.0012899
-0.0004443
0.0003131
0.0008809
0.0014358
0.0020735
0.0027209
0.0031828
0.0034465
0.0037304
0.0040498
0.0040603
0.0038105
0.0036329
0.0034704
0.0030453
0.0022979
0.0015528
0.0008626
0.0000117
-0.0008509
-0.0015138
-0.0020723
-0.0026169
-0.0030275
-0.0032944
-0.0035139
-0.0037622
-0.0039331
-0.0039582
-0.0039934
-0.0041670
-0.0043220
-0.0042989
-0.0042236
-0.0042722
-0.0043985
-0.0043422
-0.0041119
-0.0039382
-0.0036433
-0.0031261
-0.0026263
-0.0021876
-0.0015906
-0.0007886
0.0000444
0.0007781
0.0014787
0.0022546
0.0029353
0.0033333
0.0036283
0.0039599
0.0041854
0.0041607
0.0040577
0.0040810
0.0038836
0.0033544
0.0030700
0.0030169
0.0027205
0.0022203
0.0018435
0.0016540
0.0014384
0.0012655
0.0012437
0.0011924
0.0009983
0.0009068
0.0009519
0.0010115
0.0010275
0.0010376
0.0011724
0.0014262
0.0015301
0.0015260
0.0017423
0.0021001
0.0022312
0.0020088
0.0017012
0.0013602
0.0008576
0.0001459
-0.0006636
-0.0013698
-0.0020057
-0.0026258
-0.0032618
-0.0038811
-0.0043406
-0.0045783
-0.0045912
-0.0042963
-0.0039703
-0.0037169
-0.0033668
-0.0028178
-0.0022447
-0.0018309
-0.0013311
-0.0005113
0.0003578
0.0009966
0.0014296
0.0018470
0.0022840
0.0026115
0.0029171
0.0031046
0.0032406
0.0034275
0.0035944
0.0036906
0.0035087
0.0031904
0.0029850
0.0029168
0.0026956
0.0022923
0.0019225
0.0016559
0.0014492
0.0011722
0.0008520
0.0005091
0.0002108
0.0000617
-0.0000301
-0.0002613
-0.0006005
-0.0009616
-0.0013349
-0.0017203
-0.0022354
-0.0027603
-0.0030994
-0.0033060
-0.0035627
-0.0038804
-0.0040057
-0.0038926
-0.0036603
-0.0032624
-0.0024493
-0.0014484
-0.0005998
0.0001723
0.0010816
0.0020158
0.0029026
0.0037691
0.0043947
0.0047605
0.0049049
0.0048730
0.0048301
0.0047840
0.0046082
0.0041760
0.0034854
0.0028321
0.0024026
0.0020541
0.0015020
0.0005177
-0.0006167
-0.0017650
-0.0029027
-0.0038866
-0.0047536
-0.0056974
-0.0066956
-0.0076510
-0.0086661
-0.0097615
-0.0105455
-0.0106552
-0.0105115
-0.0103799
-0.0100526
-0.0094675
-0.0087190
-0.0078466
-0.0067347
-0.0052758
-0.0036774
-0.0020371
-0.0004470
0.0011726
0.0029973
0.0048856
0.0065784
0.0080452
0.0092511
0.0101646
0.0108569
0.0112382
0.0111643
0.0107039
0.0100123
0.0092833
0.0084348
0.0073977
0.0062851
0.0050894
0.0038905
0.0028262
0.0018279
0.0007715
-0.0003533
-0.0014567
-0.0024817
-0.0034140
-0.0043304
-0.0052877
-0.0062044
-0.0068353
-0.0071422
-0.0073195
-0.0073620
-0.0072144
-0.0068762
-0.0063069
-0.0054689
-0.0045177
-0.0035221
-0.0024763
-0.0014337
-0.0003225
0.0009162
0.0021934
0.0034393
0.0045263
0.0055090
0.0064810
0.0074511
0.0081600
0.0085204
0.0087388
0.0088685
0.0087323
0.0081446
0.0073414
0.0065028
0.0054820
0.0042085
0.0028212
0.0014432
0.0000032
-0.0013278
-0.0024113
-0.0033564
-0.0041320
-0.0047742
-0.0054803
-0.0060007
-0.0062763
-0.0065856
-0.0069090
-0.0069486
-0.0068469
-0.0068991
-0.0069428
-0.0068733
-0.0068158
-0.0067525
-0.0064895
-0.0060624
-0.0054834
-0.0046640
-0.0036478
-0.0024707
-0.0011095
0.0002658
0.0015655
0.0028313
0.0040247
0.0050618
0.0059428
0.0068419
0.0077757
0.0086631
0.0094855
0.0102231
0.0108610
0.0113557
0.0117172
0.0118816
0.0116547
0.0109212
0.0098288
0.0086215
0.0073283
0.0056519
0.0034571
0.0012235
-0.0006882
-0.0026092
-0.0047619
-0.0067912
-0.0085406
-0.0100646
-0.0113484
-0.0125010
-0.0135187
-0.0142951
-0.0147032
-0.0146191
-0.0141119
-0.0132696
-0.0120081
-0.0102397
-0.0079989
-0.0054628
-0.0027649
-0.0000226
0.0026768
0.0052799
0.0075650
0.0094697
0.0110345
0.0121058
0.0127496
0.0131551
0.0132946
0.0131844
0.0128630
0.0124474
0.0121447
0.0117941
0.0111693
0.0103227
0.0093354
0.0081266
0.0065327
0.0048239
0.0030738
0.0012005
-0.0007266
-0.0025494
-0.0042273
-0.0058064
-0.0071365
-0.0081665
-0.0089809
-0.0093694
-0.0093301
-0.0090748
-0.0087267
-0.0081749
-0.0073182
-0.0061971
-0.0048912
-0.0035927
-0.0022916
-0.0008090
0.0008093
0.0023705
0.0038442
0.0052779
0.0065402
0.0074165
0.0079302
0.0081536
0.0079558
0.0074614
0.0069380
0.0064748
0.0059352
0.0053411
0.0046585
0.0038552
0.0031784
0.0024461
0.0015137
0.0009577
0.0007222
0.0001383
-0.0008185
-0.0016832
-0.0023417
-0.0029504
-0.0034625
-0.0037773
-0.0039753
-0.0041665
-0.0043528
-0.0043839
-0.0042036
-0.0037623
-0.0031593
-0.0025619
-0.0020296
-0.0018372
-0.0018765
-0.0018404
-0.0018631
-0.0020080
-0.0018890
-0.0012387
-0.0002680
0.0005134
0.0012961
0.0023525
0.0032184
0.0034937
0.0033962
0.0032228
0.0028912
0.0023327
0.0017905
0.0014860
0.0014144
0.0014647
0.0015860
0.0020351
0.0028798
0.0036864
0.0041455
0.0043574
0.0043409
0.0038577
0.0030045
0.0018996
0.0006803
-0.0004492
-0.0014872
-0.0022148
-0.0023837
-0.0022031
-0.0020597
-0.0019897
-0.0018355
-0.0018372
-0.0020771
-0.0024573
-0.0029705
-0.0037666
-0.0047093
-0.0053570
-0.0056453
-0.0057056
-0.0054557
-0.0049095
-0.0041688
-0.0033399
-0.0026100
-0.0021674
-0.0017834
-0.0013080
-0.0008799
-0.0005021
-0.0000607
0.0003727
0.0009852
0.0019705
0.0031462
0.0041723
0.0049106
0.0054777
0.0059348
0.0060218
0.0055430
0.0046706
0.0035621
0.0023187
0.0010624
0.0001287
-0.0004011
-0.0007097
-0.0007960
-0.0006933
-0.0003832
0.0001071
0.0004674
0.0005527
0.0004905
0.0003469
0.0000861
-0.0002599
-0.0004090
-0.0002885
-0.0000748
0.0003134
0.0009259
0.0016428
0.0023009
0.0028729
0.0033529
0.0036737
0.0035467
0.0029511
0.0021453
0.0014554
0.0006616
-0.0004390
-0.0016054
-0.0025851
-0.0033900
-0.0040244
-0.0042960
-0.0044294
-0.0046016
-0.0047558
-0.0047621
-0.0045885
-0.0044376
-0.0043322
-0.0039545
-0.0030419
-0.0018497
-0.0007231
0.0005655
0.0021052
0.0037604
0.0055939
0.0073936
0.0087367
0.0093984
0.0095747
0.0095095
0.0091272
0.0083274
0.0072285
0.0059107
0.0044617
0.0030510
0.0018119
0.0007481
-0.0001903
-0.0011110
-0.0018675
-0.0024192
-0.0029455
-0.0034940
-0.0037639
-0.0038001
-0.0039403
-0.0040256
-0.0037466
-0.0033599
-0.0029703
-0.0024282
-0.0017868
-0.0010692
-0.0003329
0.0003747
0.0009745
0.0014161
0.0017892
0.0022250
0.0027470
0.0033347
0.0038942
0.0044565
0.0052097
0.0060927
0.0067350
0.0072372
0.0078009
0.0082453
0.0083361
0.0083939
0.0084247
0.0081651
0.0075930
0.0069447
0.0063155
0.0055795
0.0047154
0.0039529
0.0034626
0.0030414
0.0024485
0.0018366
0.0016733
0.0018456
0.0018439
0.0016631
0.0016774
0.0018211
0.0018625
0.0018137
0.0017831
0.0016491
0.0012438
0.0008934
0.0007329
0.0005785
0.0003559
0.0001553
0.0000084
-0.0000693
-0.0002731
-0.0005933
-0.0005724
-0.0002592
-0.0000764
0.0000641
0.0004588
0.0011508
0.0017466
0.0020672
0.0022354
0.0022736
0.0023188
0.0025255
0.0027583
0.0028349
0.0026924
0.0026026
0.0025715
0.0023368
0.0018104
0.0010894
0.0005410
0.0003191
0.0001525
-0.0001530
-0.0005057
-0.0008327
-0.0011471
-0.0013489
-0.0013629
-0.0013513
-0.0015614
-0.0020522
-0.0025507
-0.0031294
-0.0039958
-0.0051126
-0.0062736
-0.0072776
-0.0081833
-0.0090299
-0.0094161
-0.0094255
-0.0094103
-0.0094219
-0.0091860
-0.0085988
-0.0078613
-0.0070989
-0.0062645
-0.0053012
-0.0042256
-0.0028965
-0.0014624
-0.0001688
0.0011615
0.0025826
0.0038152
0.0048145
0.0054896
0.0058124
0.0060033
0.0060374
0.0057607
0.0052709
0.0045906
0.0038552
0.0031846
0.0024625
0.0015882
0.0006182
-0.0002547
-0.0008418
-0.0013171
-0.0019507
-0.0025956
-0.0029830
-0.0031288
-0.0033352
-0.0036303
-0.0036495
-0.0032504
-0.0025682
-0.0018563
-0.0012505
-0.0004830
0.0005312
0.0015211
0.0024674
0.0034693
0.0044194
0.0052415
0.0060226
0.0067735
0.0074247
0.0078279
0.0079902
0.0080768
0.0078968
0.0073762
0.0066503
0.0058565
0.0049599
0.0037873
0.0023889
0.0008192
-0.0007332
-0.0023560
-0.0041512
-0.0059226
-0.0072904
-0.0082875
-0.0091986
-0.0099955
-0.0105256
-0.0108266
-0.0110958
-0.0112410
-0.0111195
-0.0109855
-0.0109426
-0.0107452
-0.0104531
-0.0103775
-0.0104523
-0.0105556
-0.0107358
-0.0112252
-0.0122398
-0.0135493
-0.0148279
-0.0160352
-0.0171926
-0.0182729
-0.0191162
-0.0195101
-0.0195852
-0.0195494
-0.0194334
-0.0192983
-0.0189033
-0.0181499
-0.0172403
-0.0162580
-0.0151118
-0.0136722
-0.0119429
-0.0101838
-0.0083629
-0.0063775
-0.0042615
-0.0019332
0.0004902
0.0027287
0.0045999
0.0062254
0.0076244
0.0087528
0.0095542
0.0099572
0.0098969
0.0097891
0.0098438
0.0097163
0.0094790
0.0094784
0.0096578
0.0098414
0.0100106
0.0101506
0.0102401
0.0102584
0.0103897
0.0107251
0.0110594
0.0113943
0.0118449
0.0124582
0.0132139
0.0137573
0.0141946
0.0148539
0.0155259
0.0158895
0.0159817
0.0160561
0.0159652
0.0153462
0.0144362
0.0135989
0.0126875
0.0113578
0.0095843
0.0075535
0.0053424
0.0029815
0.0005180
-0.0018737
-0.0041144
-0.0063921
-0.0086028
-0.0101958
-0.0111669
-0.0117729
-0.0121123
-0.0120652
-0.0117120
-0.0113247
-0.0108293
-0.0100053
-0.0087878
-0.0074464
-0.0061845
-0.0048904
-0.0036747
-0.0026334
-0.0016909
-0.0009597
-0.0003931
-0.0001462
-0.0005249
-0.0013319
-0.0022372
-0.0032873
-0.0044500
-0.0055136
-0.0064310
-0.0073086
-0.0081950
-0.0090001
-0.0096692
-0.0101753
-0.0106981
-0.0112995
-0.0117982
-0.0121392
-0.0123107
-0.0120842
-0.0116591
-0.0113807
-0.0110621
-0.0104886
-0.0100223
-0.0099075
-0.0097310
-0.0092578
-0.0087332
-0.0083748
-0.0080863
-0.0076832
-0.0070693
-0.0062885
-0.0051830
-0.0036832
-0.0019428
0.0001498
0.0025401
0.0050262
0.0075412
0.0100481
0.0123720
0.0143264
0.0158106
0.0168449
0.0176002
0.0181415
0.0184252
0.0185636
0.0186665
0.0186794
0.0186479
0.0185798
0.0186576
0.0186422
0.0182268
0.0173588
0.0162315
0.0151557
0.0141521
0.0130544
0.0118324
0.0106828
0.0095221
0.0082754
0.0071467
0.0063259
0.0056708
0.0050264
0.0043801
0.0035846
0.0026540
0.0016574
0.0008078
-0.0000592
-0.0011044
-0.0021517
-0.0032551
-0.0044470
-0.0056403
-0.0068977
-0.0081390
-0.0089542
-0.0094693
-0.0100488
-0.0106335
-0.0109221
-0.0108535
-0.0106458
-0.0102215
-0.0096141
-0.0089156
-0.0081604
-0.0074629
-0.0069085
-0.0064523
-0.0060525
-0.0057691
-0.0056723
-0.0058567
-0.0063076
-0.0068636
-0.0071920
-0.0075919
-0.0084351
-0.0094954
-0.0103953
-0.0110537
-0.0117360
-0.0125701
-0.0132851
-0.0138578
-0.0145201
-0.0151758
-0.0156878
-0.0161058
-0.0163925
-0.0164785
-0.0162818
-0.0157082
-0.0149747
-0.0140592
-0.0126922
-0.0109635
-0.0091190
-0.0070866
-0.0048322
-0.0025743
-0.0006004
0.0012441
0.0031982
0.0050829
0.0067067
0.0079685
0.0091287
0.0103195
0.0113331
0.0121777
0.0127297
0.0131378
0.0134021
0.0132500
0.0127407
0.0120354
0.0111782
0.0102743
0.0094383
0.0085863
0.0077163
0.0068778
0.0060646
0.0053197
0.0047099
0.0046521
0.0053564
0.0064480
0.0076591
0.0090018
0.0105481
0.0121423
0.0134281
0.0144058
0.0155754
0.0167269
0.0173264
0.0176436
0.0181134
0.0184318
0.0180918
0.0171040
0.0158070
0.0142628
0.0124322
0.0105510
0.0087432
0.0069400
0.0050897
0.0033432
0.0016946
0.0000066
-0.0017349
-0.0033490
-0.0045035
-0.0054204
-0.0063558
-0.0069759
-0.0069776
-0.0065582
-0.0060169
-0.0053484
-0.0045918
-0.0037642
-0.0027239
-0.0017201
-0.0010610
-0.0006983
-0.0004225
-0.0002072
-0.0001788
-0.0004533
-0.0011523
-0.0021242
-0.0030214
-0.0039316
-0.0050319
-0.0062821
-0.0075175
-0.0086590
-0.0097196
-0.0107895
-0.0118958
-0.0130316
-0.0139423
-0.0146243
-0.0151513
-0.0154499
-0.0154960
-0.0152960
-0.0149062
-0.0144782
-0.0140462
-0.0135999
-0.0129451
-0.0120533
-0.0111187
-0.0102507
-0.0095620
-0.0090988
-0.0088445
-0.0086245
-0.0083627
-0.0081047
-0.0078177
-0.0072392
-0.0062173
-0.0049536
-0.0036893
-0.0023846
-0.0009315
0.0006412
0.0020912
0.0032217
0.0041851
0.0053798
0.0064139
0.0067973
0.0066308
0.0061957
0.0058241
0.0054551
0.0048698
0.0038630
0.0024420
0.0010677
-0.0000384
-0.0010723
-0.0020377
-0.0029419
-0.0036698
-0.0037904
-0.0033299
-0.0024853
-0.0013039
0.0002419
0.0021772
0.0042437
0.0061786
0.0079399
0.0095400
0.0108697
0.0118562
0.0124261
0.0125455
0.0123456
0.0120542
0.0119185
0.0120436
0.0121576
0.0118106
0.0109463
0.0099604
0.0089307
0.0077088
0.0062935
0.0048894
0.0037603
0.0028147
0.0017956
0.0006393
-0.0008323
-0.0025217
-0.0039545
-0.0050555
-0.0060257
-0.0069236
-0.0075785
-0.0079942
-0.0083151
-0.0085214
-0.0085879
-0.0085663
-0.0087388
-0.0089731
-0.0087925
-0.0083671
-0.0080464
-0.0078330
-0.0076410
-0.0075353
-0.0075213
-0.0072975
-0.0069712
-0.0067759
-0.0065204
-0.0061550
-0.0056813
-0.0050839
-0.0043817
-0.0035463
-0.0027090
-0.0018988
-0.0009520
0.0001604
0.0013498
0.0024378
0.0033488
0.0043123
0.0053555
0.0061891
0.0066894
0.0069156
0.0068659
0.0065312
0.0059425
0.0050529
0.0039256
0.0027565
0.0016136
0.0006069
-0.0001204
-0.0006839
-0.0011937
-0.0015196
-0.0018247
-0.0023288
-0.0029075
-0.0034842
-0.0041203
-0.0047645
-0.0053331
-0.0058880
-0.0064417
-0.0068163
-0.0069658
-0.0070406
-0.0072344
-0.0075206
-0.0076674
-0.0076747
-0.0077657
-0.0081366
-0.0085685
-0.0086014
-0.0082866
-0.0080353
-0.0079227
-0.0075167
-0.0064721
-0.0050924
-0.0034820
-0.0014123
0.0008948
0.0030597
0.0049787
0.0065385
0.0077850
0.0087413
0.0093409
0.0096047
0.0096998
0.0096148
0.0092737
0.0088206
0.0083132
0.0074053
0.0062049
0.0050048
0.0036684
0.0017520
-0.0006811
-0.0029889
-0.0049935
-0.0067677
-0.0082294
-0.0093309
-0.0102543
-0.0112057
-0.0121453
-0.0129837
-0.0136514
-0.0140187
-0.0139165
-0.0132041
-0.0119903
-0.0106546
-0.0093302
-0.0075951
-0.0054268
-0.0033348
-0.0014191
0.0004350
0.0023012
0.0041113
0.0058396
0.0076270
0.0094289
0.0110078
0.0121173
0.0126448
0.0125453
0.0117279
0.0101914
0.0081504
0.0059098
0.0037055
0.0017692
0.0004202
-0.0002342
-0.0004800
-0.0005858
-0.0005531
-0.0002945
-0.0000216
0.0001111
0.0001380
0.0001855
0.0002075
0.0000309
-0.0001354
-0.0002015
-0.0005501
-0.0016912
-0.0036043
-0.0059751
-0.0085319
-0.0110134
-0.0132746
-0.0151372
-0.0165233
-0.0174540
-0.0179641
-0.0182274
-0.0185000
-0.0189561
-0.0192367
-0.0189964
-0.0184586
-0.0176703
-0.0164405
-0.0143243
-0.0111411
-0.0073180
-0.0033120
0.0004426
0.0036832
0.0065415
0.0093635
0.0120768
0.0142534
0.0159655
0.0176947
0.0195465
0.0212474
0.0225335
0.0232979
0.0236149
0.0234901
0.0229197
0.0219423
0.0207297
0.0195464
0.0184396
0.0174456
0.0163430
0.0146188
0.0123283
0.0101501
0.0081136
0.0056962
0.0029794
0.0006368
-0.0011566
-0.0026656
-0.0040789
-0.0053404
-0.0059776
-0.0058835
-0.0053510
-0.0045618
-0.0033988
-0.0018620
-0.0000184
0.0022512
0.0048285
0.0074207
0.0100646
0.0129098
0.0156915
0.0179982
0.0196264
0.0204902
0.0208386
0.0207158
0.0199478
0.0185974
0.0167296
0.0142630
0.0112450
0.0078958
0.0044727
0.0010264
-0.0023842
-0.0052685
-0.0075250
-0.0096126
-0.0115661
-0.0130422
-0.0138148
-0.0137749
-0.0130579
-0.0122811
-0.0117461
-0.0109050
-0.0093277
-0.0074981
-0.0062137
-0.0058241
-0.0060859
-0.0065690
-0.0071264
-0.0079448
-0.0090709
-0.0102814
-0.0111699
-0.0114563
-0.0113986
-0.0114669
-0.0119166
-0.0125578
-0.0128762
-0.0124213
-0.0112759
-0.0097427
-0.0082567
-0.0069705
-0.0055818
-0.0042159
-0.0031722
-0.0021613
-0.0009696
-0.0001510
-0.0000768
-0.0001891
-0.0001604
-0.0000659
-0.0000535
-0.0000707
0.0001678
0.0009131
0.0021198
0.0036204
0.0051668
0.0066656
0.0082660
0.0098507
0.0112341
0.0121997
0.0126990
0.0128595
0.0126726
0.0123715
0.0121706
0.0118993
0.0110082
0.0092338
0.0070407
0.0049174
0.0028530
0.0005870
-0.0018787
-0.0039774
-0.0052451
-0.0056313
-0.0053568
-0.0047987
-0.0040372
-0.0027599
-0.0010942
0.0002315
0.0009980
0.0016050
0.0023793
0.0032912
0.0039816
0.0042766
0.0046068
0.0052958
0.0064812
0.0080817
0.0095319
0.0105158
0.0111742
0.0118573
0.0127449
0.0136783
0.0146124
0.0156629
0.0163539
0.0162424
0.0156069
0.0147760
0.0138747
0.0132652
0.0130519
0.0128185
0.0123974
0.0119334
0.0114265
0.0107614
0.0100488
0.0093985
0.0082588
0.0061435
0.0034797
0.0011807
-0.0004343
-0.0016478
-0.0026819
-0.0034181
-0.0034384
-0.0028603
-0.0020771
-0.0011972
-0.0001195
0.0014707
0.0036362
0.0058588
0.0075464
0.0086081
0.0095086
0.0105483
0.0115614
0.0122862
0.0123980
0.0118482
0.0109853
0.0102286
0.0095221
0.0086412
0.0077649
0.0071245
0.0065852
0.0061777
0.0057916
0.0051223
0.0044877
0.0043835
0.0046732
0.0046919
0.0037863
0.0019166
-0.0005769
-0.0034450
-0.0066798
-0.0105354
-0.0149847
-0.0194091
-0.0232243
-0.0264305
-0.0294604
-0.0325514
-0.0350634
-0.0362607
-0.0363058
-0.0359308
-0.0350285
-0.0331801
-0.0305961
-0.0272505
-0.0231069
-0.0185141
-0.0138542
-0.0092622
-0.0047723
-0.0004354
0.0037574
0.0076686
0.0111115
0.0137605
0.0154674
0.0166499
0.0177699
0.0189753
0.0196504
0.0190611
0.0173591
0.0151755
0.0128924
0.0104645
0.0077914
0.0051360
0.0030005
0.0015384
0.0003724
-0.0009585
-0.0022641
-0.0031958
-0.0038291
-0.0042393
-0.0044054
-0.0045302
-0.0048290
-0.0052838
-0.0060999
-0.0075590
-0.0095092
-0.0114065
-0.0129396
-0.0142228
-0.0152778
-0.0159817
-0.0162360
-0.0157145
-0.0141906
-0.0119425
-0.0095319
-0.0071943
-0.0046970
-0.0015841
0.0019899
0.0053066
0.0080399
0.0105139
0.0126225
0.0136880
0.0134492
0.0123686
0.0108292
0.0091701
0.0076949
0.0065250
0.0053024
0.0037153
0.0022907
0.0014470
0.0008343
0.0002178
-0.0005408
-0.0012750
-0.0017519
-0.0023846
-0.0033178
-0.0038979
-0.0037902
-0.0033381
-0.0028027
-0.0023288
-0.0022671
-0.0026694
-0.0029298
-0.0028184
-0.0026578
-0.0026949
-0.0031657
-0.0041613
-0.0054835
-0.0068573
-0.0082857
-0.0100309
-0.0120221
-0.0138161
-0.0150829
-0.0157324
-0.0159524
-0.0159147
-0.0157447
-0.0154293
-0.0147776
-0.0136478
-0.0122164
-0.0108508
-0.0094465
-0.0077074
-0.0054342
-0.0027538
-0.0002090
0.0016246
0.0026873
0.0033702
0.0036184
0.0027960
0.0008349
-0.0014836
-0.0036358
-0.0056564
-0.0076389
-0.0094526
-0.0112274
-0.0132226
-0.0154502
-0.0175151
-0.0191712
-0.0207232
-0.0225550
-0.0245036
-0.0262029
-0.0275407
-0.0282899
-0.0281331
-0.0269689
-0.0252437
-0.0231852
-0.0205537
-0.0175770
-0.0149193
-0.0125967
-0.0104342
-0.0085185
-0.0066868
-0.0045405
-0.0023776
-0.0008476
0.0001525
0.0012622
0.0029083
0.0051477
0.0078533
0.0107337
0.0133505
0.0157735
0.0185097
0.0213890
0.0231956
0.0231975
0.0221569
0.0213591
0.0213240
0.0216568
0.0216860
0.0213630
0.0213298
0.0214555
0.0207095
0.0189169
0.0173334
0.0172160
0.0185675
0.0201790
0.0209340
0.0204924
0.0189600
0.0169205
0.0148225
0.0125315
0.0099174
0.0071181
0.0042693
0.0010281
-0.0028329
-0.0067610
-0.0099717
-0.0122471
-0.0143007
-0.0172052
-0.0211633
-0.0253020
-0.0288321
-0.0316374
-0.0336380
-0.0349187
-0.0361540
-0.0373506
-0.0376333
-0.0361844
-0.0327782
-0.0281691
-0.0229228
-0.0169935
-0.0105967
-0.0042348
0.0016021
0.0068153
0.0120027
0.0176387
0.0232763
0.0283320
0.0327450
0.0361535
0.0378333
0.0380210
0.0378613
0.0380626
0.0380994
0.0370666
0.0345926
0.0308994
0.0267971
0.0234581
0.0215892
0.0206629
0.0193319
0.0168039
0.0139092
0.0118847
0.0108159
0.0102457
0.0099557
0.0098982
0.0098280
0.0095902
0.0093122
0.0091491
0.0091184
0.0090907
0.0090860
0.0090788
0.0090083
0.0087433
0.0081574
0.0074442
0.0067607
0.0058335
0.0046487
0.0036848
0.0030559
0.0024095
0.0015807
0.0006550
-0.0005072
-0.0025028
-0.0054831
-0.0087267
-0.0116710
-0.0143777
-0.0169374
-0.0190106
-0.0201885
-0.0207727
-0.0214806
-0.0222774
-0.0224750
-0.0217668
-0.0203187
-0.0181519
-0.0150664
-0.0111862
-0.0073223
-0.0040823
-0.0009823
0.0028980
0.0075277
0.0120991
0.0164575
0.0208792
0.0252272
0.0292293
0.0324933
0.0347358
0.0356245
0.0350571
0.0336841
0.0323261
0.0311724
0.0296401
0.0275522
0.0254425
0.0237702
0.0224471
0.0210090
0.0188786
0.0162028
0.0139353
0.0126934
0.0119750
0.0107973
0.0091134
0.0071537
0.0049938
0.0030498
0.0018008
0.0009502
-0.0002678
-0.0019304
-0.0034776
-0.0046128
-0.0053167
-0.0057601
-0.0061557
-0.0064036
-0.0063013
-0.0059485
-0.0056143
-0.0052605
-0.0048212
-0.0045135
-0.0042792
-0.0038164
-0.0030591
-0.0018504
0.0001075
0.0025760
0.0047539
0.0056798
0.0049974
0.0036230
0.0024684
0.0016706
0.0006280
-0.0012940
-0.0037982
-0.0066779
-0.0099582
-0.0128822
-0.0144178
-0.0146260
-0.0150367
-0.0171141
-0.0204746
-0.0236809
-0.0260815
-0.0273393
-0.0270097
-0.0258025
-0.0249236
-0.0244575
-0.0237598
-0.0228832
-0.0223213
-0.0213058
-0.0188707
-0.0155436
-0.0122840
-0.0089661
-0.0051451
-0.0012667
0.0019820
0.0045100
0.0064798
0.0085316
0.0113557
0.0143597
0.0157819
0.0152053
0.0141949
0.0140039
0.0140901
0.0128878
0.0094591
0.0037234
-0.0037869
-0.0113492
-0.0169032
-0.0202400
-0.0232794
-0.0274245
-0.0316133
-0.0344002
-0.0363939
-0.0391224
-0.0425886
-0.0450428
-0.0452825
-0.0441830
-0.0435286
-0.0433868
-0.0421853
-0.0394206
-0.0356216
-0.0310242
-0.0254408
-0.0192400
-0.0129583
-0.0066647
-0.0004313
0.0058107
0.0121912
0.0184629
0.0236260
0.0266576
0.0278936
0.0282388
0.0276488
0.0262525
0.0250143
0.0242594
0.0227845
0.0199598
0.0167504
0.0137059
0.0103349
0.0066581
0.0033162
0.0000699
-0.0036738
-0.0074957
-0.0102046
-0.0115845
-0.0126992
-0.0144699
-0.0164805
-0.0176523
-0.0177015
-0.0171753
-0.0160960
-0.0136583
-0.0097000
-0.0048121
0.0007825
0.0071466
0.0141449
0.0216744
0.0293393
0.0362248
0.0414156
0.0447386
0.0469333
0.0488916
0.0510595
0.0533912
0.0552054
0.0557639
0.0549484
0.0524317
0.0480704
0.0428493
0.0381425
0.0335087
0.0274810
0.0197156
0.0110148
0.0019590
-0.0075324
-0.0173086
-0.0270990
-0.0362978
-0.0440780
-0.0499853
-0.0538632
-0.0561413
-0.0579366
-0.0601409
-0.0626243
-0.0642298
-0.0639141
-0.0620285
-0.0595252
-0.0563179
-0.0520401
-0.0464297
-0.0393304
-0.0318599
-0.0257970
-0.0215653
-0.0182589
-0.0150939
-0.0117894
-0.0084413
-0.0052351
-0.0023148
0.0006856
0.0038760
0.0068886
0.0096522
0.0123535
0.0149085
0.0169217
0.0182371
0.0193108
0.0204431
0.0213107
0.0215464
0.0214740
0.0215384
0.0210963
0.0195267
0.0175257
0.0161328
0.0153684
0.0146397
0.0137239
0.0125221
0.0104251
0.0071932
0.0040193
0.0020421
0.0014307
0.0020034
0.0037593
0.0067484
0.0106952
0.0151193
0.0199211
0.0256425
0.0321647
0.0380057
0.0418742
0.0444911
0.0478016
0.0521399
0.0564965
0.0608919
0.0659378
0.0713808
0.0761599
0.0794986
0.0811198
0.0812656
0.0803221
0.0786995
0.0766386
0.0735936
0.0688164
0.0626477
0.0561276
0.0492746
0.0409717
0.0307155
0.0198786
0.0104396
0.0032208
-0.0024996
-0.0078535
-0.0133658
-0.0190166
-0.0243902
-0.0285051
-0.0308753
-0.0318835
-0.0319409
-0.0311473
-0.0296797
-0.0277605
-0.0252684
-0.0220406
-0.0184915
-0.0155462
-0.0138787
-0.0133061
-0.0132590
-0.0134991
-0.0138565
-0.0138806
-0.0131432
-0.0122224
-0.0123050
-0.0139681
-0.0163951
-0.0183314
-0.0189445
-0.0186430
-0.0191827
-0.0219484
-0.0262507
-0.0299203
-0.0322644
-0.0338048
-0.0348898
-0.0356112
-0.0361945
-0.0364558
-0.0355961
-0.0330246
-0.0286911
-0.0228298
-0.0161645
-0.0100958
-0.0055402
-0.0019557
0.0014015
0.0041956
0.0061891
0.0084657
0.0120073
0.0158998
0.0186837
0.0211026
0.0253375
0.0313013
0.0361837
0.0378625
0.0369829
0.0359827
0.0359535
0.0353560
0.0323746
0.0276592
0.0233451
0.0200466
0.0160463
0.0101993
0.0031382
-0.0038952
-0.0097360
-0.0143125
-0.0190506
-0.0251407
-0.0318838
-0.0377066
-0.0419296
-0.0449748
-0.0471274
-0.0480997
-0.0478153
-0.0465234
-0.0445759
-0.0418851
-0.0382827
-0.0338392
-0.0293062
-0.0256947
-0.0231688
-0.0202757
-0.0152407
-0.0082085
-0.0009727
0.0055805
0.0119032
0.0179848
0.0232146
0.0274708
0.0314289
0.0353644
0.0388673
0.0411935
0.0417582
0.0404304
0.0379320
0.0355708
0.0338932
0.0326209
0.0311493
0.0292069
0.0273745
0.0264974
0.0269247
0.0283089
0.0302067
0.0323469
0.0343596
0.0355763
0.0356925
0.0348793
0.0335377
0.0321122
0.0306486
0.0284307
0.0245781
0.0192908
0.0137009
0.0092266
0.0060415
0.0031649
0.0002917
-0.0019475
-0.0029501
-0.0023290
0.0000620
0.0036251
0.0074004
0.0111511
0.0155408
0.0206006
0.0254138
0.0297091
0.0339396
0.0382156
0.0419310
0.0438151
0.0429175
0.0399853
0.0373534
0.0373557
0.0403367
0.0439576
0.0453223
0.0433941
0.0390257
0.0334015
0.0266972
0.0180280
0.0072437
-0.0044374
-0.0163044
-0.0289383
-0.0423733
-0.0550853
-0.0657489
-0.0743598
-0.0808735
-0.0850309
-0.0880547
-0.0915775
-0.0953609
-0.0978399
-0.0976113
-0.0945286
-0.0896053
-0.0844407
-0.0796334
-0.0740000
-0.0669506
-0.0596789
-0.0532296
-0.0468546
-0.0395223
-0.0316956
-0.0244214
-0.0182074
-0.0130163
-0.0082208
-0.0031174
0.0024591
0.0084479
0.0147826
0.0213749
0.0279171
0.0337189
0.0378373
0.0396353
0.0393345
0.0376818
0.0351716
0.0327275
0.0320024
0.0336819
0.0364429
0.0383123
0.0387816
0.0385484
0.0380224
0.0373239
0.0364745
0.0350681
0.0328583
0.0308428
0.0306841
0.0328057
0.0359022
0.0388692
0.0420837
0.0455877
0.0482332
0.0489085
0.0477880
0.0465267
0.0471288
0.0499878
0.0534212
0.0561533
0.0591700
0.0640230
0.0705755
0.0770805
0.0818065
0.0844617
0.0857885
0.0858456
0.0840522
0.0802362
0.0750871
0.0692684
0.0622857
0.0534721
0.0437104
0.0347507
0.0271081
0.0204121
0.0147446
0.0107137
0.0086538
0.0080447
0.0086253
0.0104746
0.0133502
0.0162051
0.0181440
0.0193207
0.0201790
0.0208823
0.0216137
0.0227284
0.0242121
0.0253401
0.0242176
0.0184609
0.0074416
-0.0059871
-0.0174687
-0.0260065
-0.0344010
-0.0446609
-0.0556813
-0.0652958
-0.0727056
-0.0787399
-0.0849534
-0.0922357
-0.0995289
-0.1045788
-0.1065737
-0.1071772
-0.1086769
-0.1110692
-0.1121979
-0.1106201
-0.1071829
-0.1034594
-0.0994416
-0.0937114
-0.0851512
-0.0741018
-0.0619323
-0.0498723
-0.0392696
-0.0312468
-0.0259479
-0.0223693
-0.0191160
-0.0157564
-0.0131558
-0.0122924
-0.0136740
-0.0170871
-0.0210853
-0.0235032
-0.0233167
-0.0208457
-0.0170576
-0.0131571
-0.0107325
-0.0108254
-0.0125607
-0.0139266
-0.0144671
-0.0152684
-0.0163642
-0.0161755
-0.0135216
-0.0096668
-0.0072961
-0.0072265
-0.0073276
-0.0049815
0.0001872
0.0063924
0.0117435
0.0158736
0.0194244
0.0223541
0.0238734
0.0229228
0.0193623
0.0146293
0.0099941
0.0055120
0.0013460
-0.0015410
-0.0026812
-0.0029064
-0.0034317
-0.0048213
-0.0067778
-0.0085443
-0.0098641
-0.0113716
-0.0133263
-0.0152147
-0.0171182
-0.0198946
-0.0242633
-0.0303805
-0.0379145
-0.0460865
-0.0536200
-0.0594437
-0.0639739
-0.0680293
-0.0709112
-0.0709085
-0.0684483
-0.0661021
-0.0653520
-0.0645328
-0.0624608
-0.0613989
-0.0623562
-0.0611774
-0.0534610
-0.0412436
-0.0299550
-0.0208609
-0.0112001
-0.0006021
0.0087148
0.0181694
0.0316795
0.0477640
0.0604563
0.0679286
0.0733927
0.0783012
0.0809418
0.0812694
0.0813327
0.0813786
0.0790496
0.0723640
0.0618641
0.0498167
0.0386786
0.0295940
0.0224296
0.0172526
0.0150432
0.0158876
0.0164135
0.0131538
0.0077777
0.0040908
0.0022212
0.0001162
-0.0022013
-0.0038913
-0.0055539
-0.0069839
-0.0053716
0.0009954
0.0097104
0.0169816
0.0211927
0.0231593
0.0247767
0.0273313
0.0311600
0.0369128
0.0446850
0.0514254
0.0525662
0.0475620
0.0412296
0.0382294
0.0387296
0.0400292
0.0397385
0.0378302
0.0360100
0.0349574
0.0335325
0.0308981
0.0269099
0.0210229
0.0134801
0.0059474
-0.0015036
-0.0107300
-0.0204121
-0.0247739
-0.0218587
-0.0179762
-0.0190269
-0.0232040
-0.0261727
-0.0276494
-0.0309578
-0.0386013
-0.0480884
-0.0529257
-0.0493587
-0.0410782
-0.0354658
-0.0356522
-0.0383770
-0.0400516
-0.0415481
-0.0440830
-0.0441433
-0.0376756
-0.0270894
-0.0187924
-0.0150432
-0.0125792
-0.0078008
-0.0001151
0.0091724
0.0186242
0.0269604
0.0328912
0.0357613
0.0370033
0.0394563
0.0439299
0.0478665
0.0490576
0.0485188
0.0477705
0.0464614
0.0438786
0.0408269
0.0385168
0.0369781
0.0362799
0.0371465
0.0389204
0.0384636
0.0335616
0.0264591
0.0215039
0.0207089
0.0227320
0.0244722
0.0230982
0.0180077
0.0115996
0.0065419
0.0033896
0.0013310
0.0002317
0.0010719
0.0037490
0.0060914
0.0071077
0.0091294
0.0151469
0.0250546
0.0355654
0.0432770
0.0477841
0.0516787
0.0570714
0.0630347
0.0679682
0.0720084
0.0754510
0.0772364
0.0762435
0.0725117
0.0666576
0.0602318
0.0561508
0.0553873
0.0548100
0.0513556
0.0470785
0.0465041
0.0498112
0.0527624
0.0527165
0.0511839
0.0504734
0.0511214
0.0521222
0.0525951
0.0532209
0.0551273
0.0578094
0.0596763
0.0601793
0.0599603
0.0587170
0.0548028
0.0479119
0.0396093
0.0311039
0.0216991
0.0105506
-0.0023747
-0.0168581
-0.0325064
-0.0485331
-0.0639696
-0.0792451
-0.0942559
-0.1055402
-0.1104916
-0.1124603
-0.1164924
-0.1233034
-0.1307971
-0.1372773
-0.1419405
-0.1441551
-0.1444113
-0.1442153
-0.1429898
-0.1383479
-0.1301198
-0.1205030
-0.1106954
-0.1002756
-0.0891756
-0.0783434
-0.0682705
-0.0582669
-0.0477763
-0.0368468
-0.0259060
-0.0159990
-0.0075072
0.0002743
0.0075045
0.0130722
0.0164104
0.0193592
0.0238876
0.0291354
0.0328418
0.0348069
0.0364459
0.0381010
0.0387974
0.0380828
0.0368948
0.0357181
0.0331846
0.0278636
0.0204346
0.0130723
0.0076741
0.0045200
0.0024313
0.0004360
-0.0011759
-0.0018912
-0.0021590
-0.0022066
-0.0013170
0.0009014
0.0040756
0.0079324
0.0122656
0.0163669
0.0207707
0.0271666
0.0350418
0.0407107
0.0415065
0.0383383
0.0328964
0.0258302
0.0177381
0.0092102
-0.0000120
-0.0103603
-0.0211737
-0.0319581
-0.0429099
-0.0536752
-0.0633466
-0.0707540
-0.0751909
-0.0769205
-0.0768663
-0.0756400
-0.0725758
-0.0660531
-0.0556903
-0.0435315
-0.0327173
-0.0248182
-0.0189685
-0.0130896
-0.0060189
0.0012965
0.0072386
0.0114647
0.0151751
0.0196394
0.0247118
0.0295432
0.0337012
0.0374959
0.0415679
0.0457036
0.0486386
0.0492806
0.0483926
0.0480922
0.0491764
0.0504101
0.0506603
0.0504749
0.0510951
0.0526039
0.0535040
0.0523732
0.0490307
0.0444731
0.0405047
0.0385340
0.0385772
0.0396249
0.0411296
0.0428983
0.0441280
0.0436725
0.0413780
0.0383515
0.0361052
0.0359478
0.0381996
0.0414935
0.0436024
0.0432856
0.0413139
0.0394118
0.0381210
0.0362597
0.0323940
0.0272617
0.0233902
0.0222695
0.0229470
0.0234723
0.0226872
0.0211440
0.0202566
0.0205777
0.0212659
0.0212367
0.0204008
0.0195803
0.0189370
0.0178885
0.0168150
0.0170272
0.0186617
0.0202933
0.0207243
0.0201696
0.0193540
0.0188437
0.0185242
0.0174417
0.0145140
0.0091856
0.0017337
-0.0069813
-0.0162646
-0.0259704
-0.0362350
-0.0469905
-0.0577682
-0.0680042
-0.0769577
-0.0838314
-0.0883353
-0.0905173
-0.0903658
-0.0882456
-0.0849953
-0.0811142
-0.0761399
-0.0691031
-0.0602814
-0.0512455
-0.0437468
-0.0382799
-0.0339247
-0.0300859
-0.0273196
-0.0259552
-0.0251518
-0.0242634
-0.0235395
-0.0231915
-0.0225484
-0.0207674
-0.0180691
-0.0158301
-0.0148004
-0.0137679
-0.0113246
-0.0079774
-0.0053940
-0.0043570
-0.0047569
-0.0072965
-0.0131451
-0.0208899
-0.0271055
-0.0306865
-0.0337555
-0.0381792
-0.0432233
-0.0462111
-0.0448755
-0.0394176
-0.0328706
-0.0280561
-0.0244708
-0.0198744
-0.0133577
-0.0062825
-0.0020245
-0.0028095
-0.0057668
-0.0055897
-0.0013559
0.0034868
0.0064675
0.0076911
0.0080545
0.0088227
0.0115637
0.0167033
0.0233879
0.0301066
0.0355490
0.0390490
0.0405474
0.0412527
0.0435668
0.0484582
0.0530162
0.0542739
0.0534888
0.0535189
0.0540004
0.0520134
0.0462429
0.0379317
0.0290403
0.0214890
0.0162143
0.0121930
0.0079001
0.0028458
-0.0030484
-0.0096768
-0.0164203
-0.0244400
-0.0368410
-0.0516151
-0.0603176
-0.0594646
-0.0564564
-0.0588559
-0.0646499
-0.0677868
-0.0671802
-0.0654956
-0.0625165
-0.0552785
-0.0442709
-0.0344286
-0.0285094
-0.0236730
-0.0161866
-0.0058226
0.0049803
0.0146393
0.0235597
0.0323142
0.0406067
0.0483471
0.0564898
0.0653350
0.0725498
0.0748996
0.0721883
0.0670931
0.0605875
0.0509261
0.0375238
0.0225397
0.0071288
-0.0096374
-0.0273960
-0.0439082
-0.0579345
-0.0709913
-0.0843991
-0.0968270
-0.1057795
-0.1098647
-0.1098574
-0.1075561
-0.1041754
-0.0998696
-0.0943071
-0.0873799
-0.0794075
-0.0703479
-0.0600426
-0.0491504
-0.0386841
-0.0289741
-0.0197269
-0.0104281
-0.0004516
0.0092288
0.0155982
0.0171922
0.0162723
0.0161051
0.0169788
0.0161879
0.0120311
0.0065623
0.0025299
-0.0009740
-0.0066159
-0.0136970
-0.0187812
-0.0202491
-0.0197641
-0.0188581
-0.0168448
-0.0124401
-0.0056352
0.0023339
0.0100877
0.0172066
0.0249440
0.0346203
0.0454158
0.0544753
0.0602290
0.0640661
0.0667765
0.0667870
0.0627354
0.0554309
0.0470186
0.0391183
0.0318279
0.0240851
0.0152810
0.0056880
-0.0035917
-0.0114777
-0.0183337
-0.0262359
-0.0345404
-0.0372777
-0.0307719
-0.0205281
-0.0132242
-0.0080154
-0.0014758
0.0053140
0.0094449
0.0116407
0.0151292
0.0203427
0.0237622
0.0234888
0.0223536
0.0226173
0.0215408
0.0153671
0.0052768
-0.0043724
-0.0120026
-0.0200846
-0.0310863
-0.0448499
-0.0592743
-0.0718944
-0.0803398
-0.0818873
-0.0764594
-0.0682472
-0.0608825
-0.0545097
-0.0487870
-0.0435996
-0.0370262
-0.0282065
-0.0198663
-0.0140343
-0.0086594
-0.0005401
0.0105957
0.0219204
0.0308538
0.0386786
0.0477664
0.0561738
0.0612062
0.0661639
0.0755169
0.0858344
0.0893350
0.0833765
0.0726361
0.0639038
0.0598529
0.0568897
0.0501697
0.0407698
0.0344547
0.0331460
0.0330308
0.0316777
0.0309804
0.0326803
0.0368841
0.0452451
0.0587901
0.0731476
0.0833054
0.0913266
0.1023525
0.1149719
0.1209666
0.1143031
0.0999248
0.0913019
0.0949434
0.1007344
0.0961871
0.0829316
0.0698454
0.0582303
0.0445304
0.0319020
0.0275601
0.0311734
0.0340572
0.0302454
0.0220046
0.0148966
0.0123152
0.0138305
0.0162617
0.0180730
0.0209998
0.0268725
0.0355295
0.0459309
0.0576090
0.0694963
0.0787074
0.0835941
0.0862547
0.0880619
0.0863883
0.0797670
0.0719081
0.0664937
0.0613991
0.0527096
0.0401654
0.0257547
0.0100898
-0.0077700
-0.0282081
-0.0502533
-0.0720429
-0.0927917
-0.1132003
-0.1329016
-0.1493407
-0.1612736
-0.1705216
-0.1784878
-0.1843285
-0.1875899
-0.1888124
-0.1867243
-0.1794863
-0.1688179
-0.1584977
-0.1498277
-0.1408858
-0.1307939
-0.1208913
-0.1109062
-0.0979727
-0.0816617
-0.0654633
-0.0515169
-0.0381815
-0.0240110
-0.0112735
-0.0029991
0.0018908
0.0071887
0.0138313
0.0195412
0.0226062
0.0237424
0.0246381
0.0263328
0.0290379
0.0319598
0.0334207
0.0321891
0.0286545
0.0243727
0.0204509
0.0166499
0.0116414
0.0043367
-0.0044708
-0.0121078
-0.0158190
-0.0156060
-0.0145569
-0.0150530
-0.0153551
-0.0118774
-0.0056165
-0.0022199
-0.0036816
-0.0036892
0.0055780
0.0252752
0.0489403
0.0683378
0.0807096
0.0897066
0.0999836
0.1106994
0.1141482
0.1058028
0.0947736
0.0935627
0.1001342
0.1025917
0.0963591
0.0833186
0.0604780
0.0245227
-0.0153547
-0.0431283
-0.0555616
-0.0657634
-0.0846784
-0.1081139
-0.1258484
-0.1363829
-0.1458858
-0.1565542
-0.1635986
-0.1639959
-0.1617215
-0.1602433
-0.1539691
-0.1351657
-0.1063717
-0.0767334
-0.0491314
-0.0191725
0.0141519
0.0456923
0.0730893
0.0989140
0.1216059
0.1346416
0.1374799
0.1372795
0.1377498
0.1348724
0.1250152
0.1092971
0.0882415
0.0594115
0.0240257
-0.0116338
-0.0442417
-0.0764141
-0.1075763
-0.1287054
-0.1341658
-0.1335417
-0.1410404
-0.1561756
-0.1670015
-0.1682153
-0.1645971
-0.1624079
-0.1660218
-0.1769287
-0.1897169
-0.1936936
-0.1822477
-0.1614672
-0.1464840
-0.1430543
-0.1394711
-0.1267814
-0.1139160
-0.1072307
-0.0940640
-0.0674467
-0.0456497
-0.0444947
-0.0501268
-0.0399940
-0.0155641
0.0050733
0.0173169
0.0333572
0.0597617
0.0885093
0.1105525
0.1261484
0.1404112
0.1556829
0.1708481
0.1845164
0.1955172
0.2020991
0.2038288
0.2028173
0.2003362
0.1955056
0.1878775
0.1754259
0.1525299
0.1201490
0.0905808
0.0702847
0.0487965
0.0143988
-0.0298865
-0.0734576
-0.1115812
-0.1428026
-0.1633963
-0.1762365
-0.1908050
-0.2060209
-0.2117662
-0.2091724
-0.2066206
-0.2002091
-0.1810469
-0.1550991
-0.1350522
-0.1169912
-0.0872540
-0.0525612
-0.0365715
-0.0383460
-0.0260925
0.0150254
0.0622149
0.0929788
0.1106178
0.1224682
0.1249876
0.1182802
0.1106656
0.1042924
0.0920351
0.0694142
0.0415120
0.0167133
-0.0023327
-0.0210042
-0.0456065
-0.0709346
-0.0819366
-0.0758222
-0.0694360
-0.0744470
-0.0810553
-0.0770698
-0.0672639
-0.0625772
-0.0633635
-0.0615306
-0.0508561
-0.0329577
-0.0193981
-0.0218890
-0.0329506
-0.0302499
-0.0092464
0.0061587
-0.0025258
-0.0198852
-0.0155608
0.0175631
0.0561648
0.0780778
0.0843890
0.0835339
0.0767286
0.0699516
0.0724998
0.0762066
0.0658666
0.0497110
0.0485802
0.0604795
0.0674486
0.0685044
0.0735855
0.0777959
0.0702634
0.0547661
0.0402028
0.0227168
-0.0062333
-0.0407955
-0.0641782
-0.0709566
-0.0748668
-0.0891877
-0.1106174
-0.1286053
-0.1388882
-0.1436638
-0.1494925
-0.1607866
-0.1684697
-0.1605641
-0.1440492
-0.1342531
-0.1295704
-0.1184696
-0.0991695
-0.0777221
-0.0596477
-0.0475236
-0.0371827
-0.0222375
-0.0069497
-0.0013225
-0.0042592
-0.0062900
-0.0042925
-0.0012806
0.0019734
0.0054950
0.0058517
-0.0012444
-0.0154129
-0.0278803
-0.0284070
-0.0218371
-0.0241497
-0.0354558
-0.0369112
-0.0208743
-0.0008565
0.0118125
0.0205037
0.0313540
0.0450113
0.0596424
0.0707252
0.0720963
0.0653335
0.0614053
0.0650432
0.0648259
0.0478243
0.0199752
0.0008120
-0.0015196
0.0004170
-0.0066472
-0.0183712
-0.0244098
-0.0259032
-0.0273858
-0.0246601
-0.0163428
-0.0113243
-0.0121390
-0.0092158
0.0014927
0.0129455
0.0198672
0.0220770
0.0213084
0.0242720
0.0353606
0.0456111
0.0470592
0.0470167
0.0498063
0.0465144
0.0395375
0.0476441
0.0708968
0.0838207
0.0776794
0.0746588
0.0885714
0.1029333
0.1011325
0.0946945
0.1011486
0.1083590
0.0914332
0.0572256
0.0349673
0.0297495
0.0204619
-0.0018234
-0.0242796
-0.0368589
-0.0460130
-0.0640843
-0.0942676
-0.1258318
-0.1401387
-0.1290106
-0.1076904
-0.0966088
-0.0956002
-0.0915049
-0.0792146
-0.0581756
-0.0266137
0.0053114
0.0206450
0.0231464
0.0323040
0.0497973
0.0590881
0.0538953
0.0458766
0.0506555
0.0695756
0.0822821
0.0735067
0.0585383
0.0542102
0.0488229
0.0306818
0.0140874
0.0105375
0.0082976
-0.0009758
-0.0074248
-0.0076338
-0.0117041
-0.0159045
-0.0039812
0.0184814
0.0267147
0.0158957
0.0058516
0.0068745
0.0080466
0.0001483
-0.0104931
-0.0148284
-0.0151735
-0.0214315
-0.0393982
-0.0633562
-0.0775881
-0.0723462
-0.0573200
-0.0490234
-0.0511565
-0.0587667
-0.0697854
-0.0775683
-0.0696684
-0.0497574
-0.0406565
-0.0508315
-0.0603994
-0.0542881
-0.0437666
-0.0444144
-0.0554569
-0.0665688
-0.0701354
-0.0685082
-0.0715489
-0.0806891
-0.0865760
-0.0898050
-0.1007968
-0.1141144
-0.1129931
-0.0993803
-0.0894410
-0.0857566
-0.0798808
-0.0700170
-0.0602393
-0.0516924
-0.0399670
-0.0217116
-0.0036407
0.0043075
0.0058873
0.0136407
0.0275979
0.0352545
0.0304317
0.0193496
0.0119007
0.0131461
0.0181112
0.0157323
0.0046957
-0.0029598
-0.0004048
0.0020478
-0.0069154
-0.0195536
-0.0187844
-0.0057521
0.0029664
0.0039934
0.0067311
0.0102962
0.0089075
0.0072055
0.0060941
-0.0040022
-0.0170672
-0.0111467
0.0119167
0.0242915
0.0161365
0.0034425
-0.0039461
-0.0066145
-0.0017941
0.0061745
0.0045764
-0.0037391
-0.0050776
-0.0017080
-0.0030269
-0.0034596
0.0027772
0.0050761
-0.0007877
-0.0003960
0.0083174
0.0048586
-0.0170269
-0.0365263
-0.0406187
-0.0390807
-0.0409957
-0.0443757
-0.0469655
-0.0483214
-0.0470693
-0.0456541
-0.0492002
-0.0565236
-0.0608596
-0.0578858
-0.0485449
-0.0404336
-0.0434516
-0.0579348
-0.0729728
-0.0802643
-0.0845718
-0.0951317
-0.1084046
-0.1105429
-0.1001443
-0.0923341
-0.0937588
-0.0923329
-0.0810105
-0.0714570
-0.0716734
-0.0701990
-0.0568616
-0.0412113
-0.0352730
-0.0329651
-0.0226879
-0.0070228
0.0055674
0.0172231
0.0331509
0.0475063
0.0520136
0.0511787
0.0553032
0.0648646
0.0724014
0.0745457
0.0728199
0.0667175
0.0560185
0.0458497
0.0415994
0.0416510
0.0410886
0.0383234
0.0339702
0.0286387
0.0237075
0.0194036
0.0123504
0.0005178
-0.0114371
-0.0181282
-0.0207473
-0.0238900
-0.0287013
-0.0330008
-0.0352272
-0.0356526
-0.0356101
-0.0361684
-0.0371260
-0.0381366
-0.0400086
-0.0427867
-0.0441806
-0.0426629
-0.0400097
-0.0387068
-0.0393747
-0.0408750
-0.0421816
-0.0419122
-0.0384386
-0.0323943
-0.0269929
-0.0241499
-0.0229872
-0.0232210
-0.0252956
-0.0275658
-0.0277887
-0.0267587
-0.0261331
-0.0240296
-0.0171389
-0.0058606
0.0056886
0.0147052
0.0217876
0.0285656
0.0362312
0.0457988
0.0570522
0.0672971
0.0731978
0.0745432
0.0748543
0.0778702
0.0837195
0.0903869
0.0969417
0.1029836
0.1067346
0.1062520
0.1016926
0.0948533
0.0875531
0.0813588
0.0771172
0.0737149
0.0687576
0.0611693
0.0520638
0.0426477
0.0326404
0.0219673
0.0120951
0.0044416
-0.0011009
-0.0057195
-0.0100338
-0.0138554
-0.0171838
-0.0199281
-0.0209671
-0.0197608
-0.0187039
-0.0209385
-0.0256824
-0.0289825
-0.0291436
-0.0285921
-0.0300785
-0.0335555
-0.0374788
-0.0413501
-0.0454679
-0.0494673
-0.0526539
-0.0544709
-0.0548564
-0.0544542
-0.0549242
-0.0580095
-0.0636168
-0.0700933
-0.0765130
-0.0827319
-0.0880242
-0.0920150
-0.0953878
-0.0987210
-0.1013152
-0.1021273
-0.1009080
-0.0981168
-0.0942750
-0.0895416
-0.0832865
-0.0743658
-0.0624811
-0.0489960
-0.0358200
-0.0238558
-0.0128595
-0.0023054
0.0079021
0.0169780
0.0241390
0.0296858
0.0337986
0.0350048
0.0312780
0.0218696
0.0083550
-0.0067046
-0.0216955
-0.0362756
-0.0508773
-0.0658252
-0.0805424
-0.0937171
-0.1048359
-0.1147584
-0.1235809
-0.1301275
-0.1344944
-0.1387918
-0.1439716
-0.1480142
-0.1488148
-0.1466213
-0.1429075
-0.1381112
-0.1314181
-0.1227999
-0.1134699
-0.1047177
-0.0965838
-0.0879147
-0.0781498
-0.0678115
-0.0576512
-0.0487120
-0.0414991
-0.0343150
-0.0249719
-0.0140219
-0.0038133
0.0041930
0.0098162
0.0132559
0.0149250
0.0158027
0.0166517
0.0174643
0.0182509
0.0192270
0.0207531
0.0226093
0.0234152
0.0222724
0.0204908
0.0197585
0.0201593
0.0213087
0.0234336
0.0264215
0.0299088
0.0343086
0.0391349
0.0413676
0.0394504
0.0371871
0.0386130
0.0421778
0.0450210
0.0477616
0.0514359
0.0555996
0.0605241
0.0663317
0.0712287
0.0756898
0.0830744
0.0926621
0.0987496
0.0994579
0.0990425
0.0998079
0.0985779
0.0931178
0.0861750
0.0810323
0.0766705
0.0706206
0.0643177
0.0617941
0.0646892
0.0705735
0.0739724
0.0692721
0.0560396
0.0398311
0.0260752
0.0167968
0.0117911
0.0078421
-0.0007501
-0.0158148
-0.0314079
-0.0401185
-0.0417978
-0.0415916
-0.0420417
-0.0426700
-0.0441075
-0.0464832
-0.0458386
-0.0380125
-0.0244965
-0.0112492
-0.0012470
0.0094348
0.0253829
0.0435415
0.0559833
0.0619776
0.0689246
0.0797358
0.0893721
0.0933414
0.0928489
0.0915422
0.0907222
0.0884516
0.0820169
0.0714711
0.0594541
0.0475560
0.0339462
0.0164561
-0.0029591
-0.0186011
-0.0272213
-0.0324603
-0.0402008
-0.0504288
-0.0576808
-0.0608770
-0.0647827
-0.0705758
-0.0732983
-0.0708866
-0.0682317
-0.0688833
-0.0694779
-0.0653787
-0.0563271
-0.0436055
-0.0276544
-0.0108644
0.0033885
0.0152732
0.0271787
0.0378633
0.0433850
0.0455185
0.0525162
0.0684154
0.0870822
0.0989529
0.1000911
0.0943123
0.0891085
0.0897570
0.0950187
0.0983733
0.0961954
0.0921884
0.0893712
0.0836675
0.0708248
0.0529707
0.0343988
0.0165856
0.0012754
-0.0077113
-0.0099249
-0.0120825
-0.0213151
-0.0363549
-0.0494889
-0.0559010
-0.0574578
-0.0585369
-0.0619261
-0.0674010
-0.0719103
-0.0712129
-0.0631107
-0.0497282
-0.0360812
-0.0240923
-0.0099694
0.0090041
0.0271596
0.0359968
0.0370449
0.0422885
0.0601620
0.0857196
0.1061903
0.1136173
0.1099096
0.1008597
0.0889106
0.0749831
0.0629643
0.0563761
0.0538874
0.0527876
0.0512313
0.0452928
0.0329982
0.0208045
0.0156178
0.0137266
0.0079175
0.0010115
0.0017224
0.0100272
0.0167640
0.0165614
0.0139012
0.0145392
0.0180137
0.0214226
0.0243384
0.0275475
0.0310863
0.0346169
0.0370611
0.0370538
0.0370664
0.0432549
0.0575856
0.0735447
0.0829826
0.0841311
0.0803556
0.0753495
0.0725272
0.0746435
0.0804999
0.0856262
0.0883129
0.0915319
0.0960387
0.0958262
0.0857960
0.0708871
0.0607583
0.0566311
0.0525135
0.0473464
0.0457633
0.0479129
0.0477018
0.0410682
0.0303498
0.0198724
0.0105247
0.0000952
-0.0130671
-0.0274694
-0.0404603
-0.0516439
-0.0623695
-0.0725575
-0.0803997
-0.0839637
-0.0820997
-0.0749517
-0.0647081
-0.0545420
-0.0459831
-0.0380330
-0.0291114
-0.0196521
-0.0119185
-0.0070440
-0.0035595
0.0000802
0.0031871
0.0041523
0.0042676
0.0064997
0.0083546
0.0033554
-0.0072948
-0.0141783
-0.0136311
-0.0115298
-0.0110777
-0.0089887
-0.0056388
-0.0065823
-0.0126029
-0.0194114
-0.0262834
-0.0359780
-0.0482227
-0.0599957
-0.0698789
-0.0785148
-0.0868530
-0.0956266
-0.1050251
-0.1135691
-0.1193496
-0.1228324
-0.1263816
-0.1307982
-0.1346990
-0.1376098
-0.1405407
-0.1413849
-0.1343575
-0.1181288
-0.1001084
-0.0878332
-0.0804760
-0.0738600
-0.0687139
-0.0657187
-0.0581613
-0.0416703
-0.0241475
-0.0149610
-0.0117272
-0.0055169
0.0071404
0.0219786
0.0334507
0.0414792
0.0526812
0.0719935
0.0953634
0.1174382
0.1405445
0.1686691
0.1982526
0.2230560
0.2434146
0.2652167
0.2915143
0.3193031
0.3447770
0.3681369
0.3921586
0.4177871
0.4417827
0.4601140
0.4745207
0.4908520
0.5102425
0.5272386
0.5370805
0.5401468
0.5387307
0.5339651
0.5267430
0.5182651
0.5083597
0.4946394
0.4746377
0.4478561
0.4156456
0.3802879
0.3449388
0.3121865
0.2795194
0.2387024
0.1849224
0.1247960
0.0707572
0.0273544
-0.0152312
-0.0701026
-0.1386436
-0.2126895
-0.2893049
-0.3744746
-0.4705223
-0.5667882
-0.6445292
-0.6854386
-0.6781963
-0.6295287
-0.5732142
-0.5500754
-0.5685020
-0.5979049
-0.6014625
-0.5737849
-0.5519683
-0.5702982
-0.6041820
-0.5959339
-0.5292529
-0.4330058
-0.3470052
-0.3276523
-0.3813572
-0.3974053
-0.3159940
-0.2556769
-0.2952482
-0.3259992
-0.2737133
-0.2303012
-0.2530383
-0.2687816
-0.2371664
-0.2099599
-0.2152096
-0.2236614
-0.2179855
-0.2087288
-0.1980242
-0.1767148
-0.1455043
-0.1133282
-0.0839406
-0.0548823
-0.0232034
0.0119405
0.0490231
0.0829726
0.1073769
0.1240163
0.1455361
0.1801019
0.2203827
0.2573314
0.2952019
0.3416789
0.3946237
0.4463388
0.4874881
0.5095287
0.5163476
0.5242041
0.5414401
0.5608262
0.5740046
0.5800577
0.5794320
0.5676350
0.5409141
0.5051026
0.4688476
0.4322819
0.3937928
0.3609581
0.3410142
0.3265873
0.3036740
0.2682021
0.2270702
0.1879165
0.1515675
0.1183547
0.1016667
0.1204757
0.1724911
0.2273722
0.2565829
0.2606188
0.2527854
0.2315670
0.1973610
0.1776266
0.1921315
0.2110683
0.1993753
0.1812969
0.2010168
0.2423583
0.2508130
0.2172384
0.1826336
0.1693843
0.1560961
0.1233482
0.0867709
0.0678695
0.0576389
0.0335035
-0.0033195
-0.0334968
-0.0518413
-0.0688977
-0.0860768
-0.0911165
-0.0788382
-0.0590293
-0.0400709
-0.0187252
0.0096561
0.0386273
0.0560518
0.0610999
0.0652279
0.0745373
0.0807269
0.0751001
0.0624522
0.0515619
0.0409048
0.0250939
0.0081215
-0.0042150
-0.0177182
-0.0396141
-0.0633664
-0.0789727
-0.0912046
-0.1112014
-0.1375455
-0.1604629
-0.1771108
-0.1894959
-0.1960706
-0.1944219
-0.1862200
-0.1750314
-0.1629613
-0.1495951
-0.1311064
-0.1048109
-0.0748468
-0.0491858
-0.0314977
-0.0197351
-0.0103479
-0.0003880
0.0146556
0.0393432
0.0697416
0.0932980
0.1020742
0.0993919
0.0919932
0.0815126
0.0655805
0.0434350
0.0183298
-0.0065339
-0.0318266
-0.0582085
-0.0807340
-0.0949780
-0.1068085
-0.1248028
-0.1452673
-0.1577709
-0.1611623
-0.1608458
-0.1547870
-0.1355265
-0.1024710
-0.0610104
-0.0160365
0.0262788
0.0593792
0.0858607
0.1156825
0.1491327
0.1739838
0.1844644
0.1885956
0.1932283
0.1963307
0.1953828
0.1905955
0.1808157
0.1660580
0.1506456
0.1362051
0.1181429
0.0949226
0.0734009
0.0608878
0.0568863
0.0552603
0.0505545
0.0402672
0.0250910
0.0092252
-0.0017202
-0.0052007
-0.0037931
-0.0010297
0.0036540
0.0132160
0.0281308
0.0452573
0.0606404
0.0725842
0.0816025
0.0890626
0.0965832
0.1047469
0.1110124
0.1114273
0.1068692
0.1041669
0.1074872
0.1122644
0.1111461
0.1024163
0.0893120
0.0750309
0.0603806
0.0442989
0.0252353
0.0037453
-0.0162867
-0.0310007
-0.0423525
-0.0565468
-0.0751641
-0.0925004
-0.1023728
-0.1060439
-0.1105211
-0.1192369
-0.1280456
-0.1317125
-0.1295500
-0.1219596
-0.1081237
-0.0898128
-0.0729393
-0.0626548
-0.0575396
-0.0506036
-0.0372869
-0.0197822
-0.0028823
0.0100019
0.0167276
0.0171745
0.0158632
0.0168173
0.0161437
0.0076265
-0.0040494
-0.0071151
-0.0007058
0.0044047
0.0026121
-0.0018708
-0.0076737
-0.0211435
-0.0439563
-0.0649387
-0.0722565
-0.0679799
-0.0637705
-0.0666622
-0.0744162
-0.0813888
-0.0834277
-0.0791785
-0.0706624
-0.0618122
-0.0554368
-0.0515118
-0.0463984
-0.0344156
-0.0122033
0.0170988
0.0449774
0.0659505
0.0828583
0.1006434
0.1198151
0.1383606
0.1555889
0.1728827
0.1915261
0.2102663
0.2257524
0.2358775
0.2417543
0.2450041
0.2444492
0.2372502
0.2214882
0.1989751
0.1747381
0.1527885
0.1329242
0.1121186
0.0884145
0.0624892
0.0362880
0.0112672
-0.0117153
-0.0321429
-0.0504724
-0.0665535
-0.0782752
-0.0851640
-0.0913780
-0.1006096
-0.1099184
-0.1130476
-0.1091823
-0.1029710
-0.0974979
-0.0925173
-0.0882827
-0.0843548
-0.0768543
-0.0645613
-0.0530318
-0.0471610
-0.0449448
-0.0433740
-0.0442551
-0.0491754
-0.0547438
-0.0563411
-0.0538947
-0.0511416
-0.0506335
-0.0514521
-0.0507618
-0.0460799
-0.0373908
-0.0276215
-0.0196295
-0.0136989
-0.0092035
-0.0067560
-0.0062877
-0.0049720
-0.0001880
0.0067896
0.0128198
0.0170734
0.0204845
0.0221758
0.0193890
0.0114818
0.0015384
-0.0080018
-0.0181280
-0.0297614
-0.0401407
-0.0453747
-0.0459878
-0.0480593
-0.0561661
-0.0657585
-0.0666162
-0.0558527
-0.0437656
-0.0411774
-0.0439670
-0.0398933
-0.0275670
-0.0156639
-0.0058206
0.0072561
0.0199618
0.0219608
0.0150240
0.0124157
0.0182243
0.0234519
0.0236843
0.0237824
0.0250125
0.0225700
0.0159047
0.0089437
0.0016679
-0.0079681
-0.0170329
-0.0229275
-0.0304844
-0.0445530
-0.0608344
-0.0716664
-0.0760105
-0.0777556
-0.0783817
-0.0768075
-0.0743148
-0.0739889
-0.0751433
-0.0722685
-0.0616034
-0.0457069
-0.0293173
-0.0148556
-0.0036300
0.0037986
0.0094668
0.0150305
0.0190533
0.0226729
0.0319212
0.0485199
0.0646538
0.0719844
0.0719965
0.0749964
0.0895295
0.1119560
0.1275556
0.1264946
0.1144121
0.1013370
0.0898338
0.0811906
0.0773571
0.0705539
0.0524593
0.0317159
0.0197909
0.0124998
0.0015903
-0.0110867
-0.0207223
-0.0294219
-0.0433192
-0.0638559
-0.0847839
-0.0984919
-0.1065878
-0.1196898
-0.1421694
-0.1642821
-0.1744129
-0.1714016
-0.1654756
-0.1758709
-0.2170896
-0.2721918
-0.2945893
-0.2567360
-0.1837621
-0.1274857
-0.1205373
-0.1537625
-0.1786006
-0.1458077
-0.0684479
-0.0169644
-0.0216202
-0.0295274
0.0099377
0.0711100
0.0983710
0.0910142
0.1040360
0.1639338
0.2213191
0.2221890
0.1893123
0.1715952
0.1570672
0.1188908
0.0955811
0.1301360
0.1800817
0.1733119
0.1094824
0.0464962
0.0186701
0.0107781
-0.0004492
-0.0117621
-0.0119525
-0.0155856
-0.0468817
-0.0937321
-0.1159701
-0.1090371
-0.1129415
-0.1436074
-0.1698540
-0.1738017
-0.1790153
-0.1999736
-0.2121621
-0.1954290
-0.1726674
-0.1784315
-0.2070295
-0.2170621
-0.1864512
-0.1400800
-0.1115453
-0.0983707
-0.0748770
-0.0347543
-0.0088619
-0.0386263
-0.1043776
-0.1078308
-0.0018698
0.1169004
0.1402523
0.0954524
0.0705540
0.0800712
0.0868462
0.0852252
0.0941636
0.1105593
0.1137961
0.0987838
0.0852375
0.0948495
0.1216764
0.1368607
0.1311550
0.1283163
0.1421353
0.1538174
0.1492410
0.1432518
0.1492006
0.1578952
0.1608242
0.1655956
0.1783636
0.1933526
0.2049357
0.2149596
0.2256584
0.2335004
0.2343776
0.2319066
0.2350206
0.2452208
0.2517638
0.2443929
0.2264893
0.2093429
0.1978899
0.1887488
0.1769128
0.1583229
0.1321542
0.1050395
0.0846420
0.0668242
0.0382555
-0.0066098
-0.0596388
-0.1098599
-0.1516022
-0.1777769
-0.1755169
-0.1450419
-0.1190063
-0.1358991
-0.1917977
-0.2431805
-0.2570207
-0.2397183
-0.2184074
-0.2053851
-0.1875523
-0.1510993
-0.1065346
-0.0761593
-0.0643310
-0.0560004
-0.0400188
-0.0189270
0.0005533
0.0125308
0.0114046
0.0003298
-0.0056745
0.0003074
0.0051818
-0.0013717
-0.0102405
-0.0117363
-0.0115218
-0.0159430
-0.0188103
-0.0146783
-0.0109963
-0.0156210
-0.0245010
-0.0291546
-0.0281165
-0.0273856
-0.0335358
-0.0465656
-0.0584708
-0.0629009
-0.0633949
-0.0669701
-0.0732634
-0.0759988
-0.0727393
-0.0688148
-0.0699363
-0.0725380
-0.0678560
-0.0564817
-0.0504338
-0.0572942
-0.0695298
-0.0731770
-0.0649655
-0.0575533
-0.0646947
-0.0846977
-0.1058306
-0.1234177
-0.1389444
-0.1466675
-0.1392455
-0.1264018
-0.1281841
-0.1458727
-0.1577319
-0.1496298
-0.1327602
-0.1242957
-0.1263277
-0.1299916
-0.1302088
-0.1290183
-0.1283594
-0.1280685
-0.1296512
-0.1331332
-0.1317547
-0.1191492
-0.1009512
-0.0889847
-0.0877067
-0.0934833
-0.0971047
-0.0861951
-0.0620297
-0.0473954
-0.0566907
-0.0729738
-0.0757444
-0.0684077
-0.0605565
-0.0491855
-0.0347634
-0.0322104
-0.0500810
-0.0731851
-0.0776092
-0.0580803
-0.0340744
-0.0276326
-0.0382374
-0.0466258
-0.0413903
-0.0306031
-0.0266929
-0.0307158
-0.0356206
-0.0375131
-0.0376912
-0.0368342
-0.0339984
-0.0296978
-0.0247754
-0.0184303
-0.0106801
-0.0041343
-0.0020114
-0.0055477
-0.0128051
-0.0198153
-0.0235502
-0.0243734
-0.0242134
-0.0230687
-0.0202147
-0.0177523
-0.0185742
-0.0221277
-0.0255727
-0.0288074
-0.0345393
-0.0433299
-0.0522794
-0.0585336
-0.0619401
-0.0633268
-0.0623133
-0.0586322
-0.0539205
-0.0499302
-0.0460298
-0.0404574
-0.0335020
-0.0277846
-0.0241431
-0.0192620
-0.0104230
0.0001381
0.0085129
0.0150919
0.0237253
0.0354255
0.0476403
0.0586332
0.0685397
0.0773010
0.0848224
0.0923202
0.1000113
0.1049641
0.1043966
0.0988410
0.0898192
0.0767503
0.0584108
0.0350327
0.0079038
-0.0210336
-0.0490315
-0.0744876
-0.0983281
-0.1221071
-0.1449465
-0.1644685
-0.1798433
-0.1913093
-0.1975864
-0.1974058
-0.1915391
-0.1809082
-0.1654959
-0.1467802
-0.1286846
-0.1144430
-0.1019877
-0.0850034
-0.0605266
-0.0328616
-0.0095045
0.0057114
0.0145844
0.0203512
0.0256703
0.0341451
0.0489072
0.0674256
0.0823331
0.0890694
0.0891540
0.0854798
0.0781348
0.0666142
0.0528169
0.0395300
0.0277145
0.0179138
0.0115822
0.0086949
0.0068298
0.0052950
0.0056201
0.0070831
0.0061183
0.0012567
-0.0044880
-0.0078289
-0.0091871
-0.0122778
-0.0210191
-0.0361468
-0.0522223
-0.0605968
-0.0583280
-0.0512202
-0.0460254
-0.0435665
-0.0412065
-0.0384179
-0.0364878
-0.0361116
-0.0383926
-0.0439942
-0.0500224
-0.0527581
-0.0529473
-0.0543349
-0.0585475
-0.0653328
-0.0751069
-0.0859446
-0.0881279
-0.0707682
-0.0431067
-0.0347222
-0.0562271
-0.0803741
-0.0817406
-0.0673415
-0.0511410
-0.0317069
-0.0093592
0.0037417
0.0021465
-0.0024255
0.0009798
0.0086470
0.0150618
0.0234317
0.0343193
0.0401828
0.0372973
0.0312081
0.0280422
0.0284084
0.0299551
0.0316452
0.0346596
0.0401187
0.0455543
0.0466723
0.0441854
0.0422769
0.0401870
0.0317292
0.0148845
-0.0042642
-0.0211087
-0.0376012
-0.0552624
-0.0723072
-0.0878369
-0.1021332
-0.1141684
-0.1232204
-0.1303234
-0.1353985
-0.1376393
-0.1400624
-0.1467282
-0.1560051
-0.1624917
-0.1640581
-0.1618429
-0.1557089
-0.1438629
-0.1257893
-0.1029217
-0.0776235
-0.0527208
-0.0301358
-0.0095655
0.0105062
0.0301262
0.0470452
0.0590404
0.0664967
0.0717935
0.0754732
0.0747439
0.0675630
0.0556829
0.0418265
0.0277777
0.0148493
0.0032724
-0.0087579
-0.0232729
-0.0392641
-0.0533043
-0.0634302
-0.0714197
-0.0803822
-0.0898351
-0.0957434
-0.0960065
-0.0927361
-0.0877648
-0.0811593
-0.0743925
-0.0702524
-0.0688592
-0.0671889
-0.0640009
-0.0615677
-0.0617483
-0.0627863
-0.0623434
-0.0611627
-0.0613722
-0.0634393
-0.0664787
-0.0701543
-0.0739654
-0.0762785
-0.0746225
-0.0676533
-0.0565982
-0.0446827
-0.0352190
-0.0287708
-0.0229488
-0.0152644
-0.0049753
0.0069080
0.0189116
0.0304701
0.0426000
0.0567608
0.0722069
0.0861857
0.0971838
0.1058536
0.1119736
0.1141718
0.1127106
0.1087511
0.1022401
0.0935669
0.0845523
0.0759806
0.0669028
0.0562754
0.0438452
0.0300983
0.0166276
0.0058234
-0.0011067
-0.0045971
-0.0054115
-0.0043155
-0.0023184
0.0004804
0.0050327
0.0107797
0.0154989
0.0185808
0.0224601
0.0289668
0.0352498
0.0368436
0.0340848
0.0319309
0.0335655
0.0368180
0.0375391
0.0346460
0.0306707
0.0284096
0.0283389
0.0295225
0.0312552
0.0333239
0.0358815
0.0396744
0.0458605
0.0544207
0.0633261
0.0704289
0.0756527
0.0805150
0.0854332
0.0891535
0.0913538
0.0937367
0.0973835
0.1007068
0.1015442
0.1004615
0.0996760
0.0999603
0.1002769
0.0991698
0.0955849
0.0890351
0.0798167
0.0694402
0.0595768
0.0500103
0.0390010
0.0266267
0.0159881
0.0090263
0.0038416
-0.0026095
-0.0105158
-0.0172628
-0.0206319
-0.0207756
-0.0197160
-0.0188344
-0.0173305
-0.0142439
-0.0101682
-0.0063303
-0.0027345
0.0018843
0.0083375
0.0159505
0.0230358
0.0288773
0.0348879
0.0428870
0.0530082
0.0636836
0.0733041
0.0813594
0.0875975
0.0912299
0.0918533
0.0899384
0.0860379
0.0805351
0.0737303
0.0652387
0.0540317
0.0399425
0.0245495
0.0103023
-0.0018304
-0.0119730
-0.0198884
-0.0262648
-0.0325532
-0.0396979
-0.0467056
-0.0516865
-0.0546120
-0.0566304
-0.0579683
-0.0581111
-0.0570138
-0.0555614
-0.0543043
-0.0522145
-0.0476022
-0.0403275
-0.0318266
-0.0234999
-0.0163554
-0.0110355
-0.0065355
-0.0000808
0.0091885
0.0174529
0.0205128
0.0195568
0.0195257
0.0218816
0.0234680
0.0229384
0.0229418
0.0255122
0.0294144
0.0325691
0.0339860
0.0332625
0.0311851
0.0293883
0.0279032
0.0252001
0.0209990
0.0168840
0.0139211
0.0112431
0.0079118
0.0047973
0.0026537
-0.0001983
-0.0054936
-0.0114705
-0.0145335
-0.0138753
-0.0121423
-0.0119482
-0.0132126
-0.0137972
-0.0113373
-0.0056159
0.0009329
0.0058769
0.0092623
0.0129642
0.0178640
0.0228999
0.0268816
0.0303138
0.0344868
0.0391305
0.0411912
0.0375738
0.0304444
0.0279568
0.0344278
0.0426591
0.0433600
0.0381857
0.0349820
0.0355035
0.0364175
0.0365559
0.0367832
0.0360493
0.0326697
0.0278450
0.0252389
0.0269906
0.0298037
0.0281891
0.0216608
0.0149232
0.0108570
0.0080398
0.0054281
0.0038689
0.0030133
0.0016760
0.0002493
-0.0004258
-0.0009776
-0.0018203
-0.0021003
-0.0020578
-0.0031220
-0.0052347
-0.0065395
-0.0070359
-0.0093202
-0.0141311
-0.0185498
-0.0203874
-0.0215484
-0.0248867
-0.0302095
-0.0353974
-0.0396209
-0.0431805
-0.0464517
-0.0501211
-0.0543005
-0.0574522
-0.0580818
-0.0569188
-0.0559166
-0.0553548
-0.0533316
-0.0490670
-0.0448154
-0.0433149
-0.0442835
-0.0447459
-0.0424186
-0.0377938
-0.0335470
-0.0321997
-0.0338416
-0.0354953
-0.0344289
-0.0323028
-0.0325960
-0.0349374
-0.0355656
-0.0327983
-0.0283242
-0.0238305
-0.0199455
-0.0174137
-0.0162717
-0.0145172
-0.0101137
-0.0037139
0.0017269
0.0044277
0.0057165
0.0075956
0.0101530
0.0131245
0.0170485
0.0217246
0.0252621
0.0266695
0.0274098
0.0289202
0.0305326
0.0308052
0.0301567
0.0298144
0.0289178
0.0260428
0.0219084
0.0184594
0.0161278
0.0137513
0.0106374
0.0068204
0.0024835
-0.0019296
-0.0061435
-0.0107482
-0.0164372
-0.0229134
-0.0291458
-0.0344297
-0.0388341
-0.0426602
-0.0460222
-0.0491093
-0.0517713
-0.0532767
-0.0532237
-0.0521434
-0.0507649
-0.0491586
-0.0467229
-0.0429052
-0.0377826
-0.0319500
-0.0262110
-0.0208967
-0.0159538
-0.0110713
-0.0061041
-0.0016123
0.0018419
0.0047342
0.0077232
0.0105199
0.0127170
0.0145331
0.0158264
0.0158798
0.0146280
0.0127207
0.0105209
0.0078537
0.0047162
0.0010742
-0.0032193
-0.0075126
-0.0108089
-0.0128790
-0.0141331
-0.0150728
-0.0157807
-0.0158366
-0.0149589
-0.0134186
-0.0116872
-0.0097823
-0.0072273
-0.0038323
-0.0000863
0.0033375
0.0059340
0.0077728
0.0090306
0.0094354
0.0092214
0.0090783
0.0095257
0.0101869
0.0103721
0.0098980
0.0089121
0.0077983
0.0069720
0.0066219
0.0062157
0.0052871
0.0039763
0.0028957
0.0024872
0.0022354
0.0015879
0.0005642
-0.0002582
-0.0004069
-0.0001562
0.0001038
0.0004224
0.0008306
0.0012197
0.0017699
0.0025992
0.0038845
0.0058573
0.0083064
0.0107901
0.0129424
0.0143371
0.0147569
0.0146058
0.0143386
0.0143271
0.0148069
0.0156339
0.0162424
0.0160818
0.0152073
0.0136483
0.0115021
0.0093864
0.0072379
0.0041376
-0.0002886
-0.0057205
-0.0115737
-0.0170475
-0.0217393
-0.0257526
-0.0289776
-0.0315113
-0.0334392
-0.0346502
-0.0354203
-0.0359619
-0.0361188
-0.0358860
-0.0353629
-0.0343890
-0.0330129
-0.0311344
-0.0286146
-0.0256924
-0.0223292
-0.0181891
-0.0136580
-0.0098182
-0.0073539
-0.0059931
-0.0048452
-0.0033315
-0.0017004
-0.0006825
-0.0005311
-0.0010224
-0.0016737
-0.0017135
-0.0010517
-0.0007077
-0.0012119
-0.0018412
-0.0019113
-0.0017110
-0.0016920
-0.0016358
-0.0015671
-0.0018070
-0.0024681
-0.0034986
-0.0047334
-0.0061822
-0.0079845
-0.0099828
-0.0117476
-0.0129419
-0.0134194
-0.0133427
-0.0130498
-0.0131229
-0.0140230
-0.0155297
-0.0173159
-0.0191630
-0.0208577
-0.0221245
-0.0227020
-0.0222792
-0.0206167
-0.0180875
-0.0155407
-0.0130920
-0.0102806
-0.0073884
-0.0047528
-0.0022317
0.0003828
0.0031937
0.0061767
0.0087328
0.0104387
0.0116855
0.0128685
0.0141261
0.0155515
0.0169796
0.0180995
0.0187632
0.0189415
0.0185617
0.0175615
0.0162404
0.0150013
0.0136354
0.0115056
0.0086010
0.0054668
0.0025451
-0.0001826
-0.0029287
-0.0054240
-0.0070795
-0.0077353
-0.0075921
-0.0068326
-0.0054373
-0.0034016
-0.0007566
0.0024784
0.0061532
0.0101445
0.0142816
0.0182201
0.0218839
0.0254440
0.0288705
0.0318725
0.0344744
0.0372352
0.0398177
0.0417145
0.0433708
0.0449898
0.0459646
0.0460360
0.0452653
0.0436857
0.0418751
0.0400528
0.0383272
0.0369365
0.0360205
0.0353811
0.0346762
0.0338668
0.0331795
0.0326032
0.0320127
0.0314403
0.0310077
0.0306901
0.0304869
0.0303816
0.0302764
0.0303021
0.0305440
0.0307171
0.0307632
0.0307376
0.0303862
0.0294959
0.0278504
0.0253553
0.0221033
0.0183092
0.0143301
0.0105477
0.0070957
0.0041142
0.0018100
0.0003205
-0.0003524
-0.0006192
-0.0007126
-0.0002572
0.0012299
0.0037881
0.0069469
0.0104102
0.0141323
0.0178148
0.0211951
0.0243711
0.0273390
0.0301109
0.0327223
0.0350986
0.0371095
0.0387263
0.0397781
0.0403859
0.0407951
0.0408568
0.0404772
0.0395686
0.0380570
0.0356505
0.0323129
0.0284262
0.0246157
0.0213666
0.0186271
0.0162427
0.0140817
0.0118698
0.0097326
0.0080912
0.0071073
0.0072753
0.0086845
0.0106371
0.0126824
0.0147061
0.0166515
0.0185774
0.0206647
0.0229176
0.0249346
0.0264775
0.0278376
0.0291309
0.0302771
0.0313945
0.0325176
0.0332944
0.0334097
0.0326073
0.0308362
0.0284766
0.0258596
0.0232727
0.0212265
0.0197981
0.0188778
0.0186791
0.0196598
0.0215698
0.0238597
0.0263769
0.0290659
0.0317360
0.0343072
0.0366649
0.0389243
0.0412107
0.0434743
0.0456116
0.0474700
0.0488216
0.0492086
0.0485578
0.0474459
0.0463896
0.0451129
0.0431630
0.0405994
0.0377791
0.0344413
0.0302460
0.0257846
0.0216286
0.0176823
0.0136238
0.0093277
0.0050017
0.0011421
-0.0018064
-0.0038530
-0.0051745
-0.0059803
-0.0064500
-0.0066277
-0.0065352
-0.0060925
-0.0051492
-0.0034864
-0.0012273
0.0012501
0.0039049
0.0068189
0.0098933
0.0129009
0.0159810
0.0193033
0.0226998
0.0258295
0.0283097
0.0300936
0.0312438
0.0318196
0.0321511
0.0324878
0.0325076
0.0318711
0.0305769
0.0289990
0.0273310
0.0255193
0.0234594
0.0212487
0.0191720
0.0169397
0.0142936
0.0116003
0.0091185
0.0066169
0.0039252
0.0011110
-0.0017180
-0.0047262
-0.0078949
-0.0105746
-0.0127191
-0.0150303
-0.0178251
-0.0205860
-0.0225861
-0.0239283
-0.0253866
-0.0270234
-0.0282005
-0.0288564
-0.0292861
-0.0292248
-0.0283856
-0.0270073
-0.0256158
-0.0242561
-0.0224057
-0.0202106
-0.0182171
-0.0164292
-0.0142608
-0.0113331
-0.0076844
-0.0036716
0.0002063
0.0037639
0.0070431
0.0101226
0.0130868
0.0158560
0.0179842
0.0193114
0.0201540
0.0204494
0.0198108
0.0181908
0.0161008
0.0139025
0.0116383
0.0093177
0.0068114
0.0040931
0.0013112
-0.0018574
-0.0057986
-0.0104457
-0.0150849
-0.0189596
-0.0217666
-0.0239502
-0.0264776
-0.0295010
-0.0324521
-0.0348807
-0.0368322
-0.0382652
-0.0389880
-0.0392423
-0.0393111
-0.0387325
-0.0371332
-0.0347775
-0.0322106
-0.0299401
-0.0282888
-0.0271117
-0.0259581
-0.0245420
-0.0230959
-0.0218751
-0.0206206
-0.0192890
-0.0180970
-0.0168523
-0.0151618
-0.0130763
-0.0113335
-0.0104728
-0.0101009
-0.0094675
-0.0084966
-0.0078014
-0.0075917
-0.0076187
-0.0076281
-0.0073680
-0.0068189
-0.0063769
-0.0064690
-0.0069805
-0.0075069
-0.0079162
-0.0080846
-0.0081096
-0.0084211
-0.0090580
-0.0096839
-0.0103962
-0.0112957
-0.0119959
-0.0122044
-0.0123370
-0.0129581
-0.0140952
-0.0152455
-0.0162226
-0.0170946
-0.0178498
-0.0183914
-0.0185259
-0.0179330
-0.0168142
-0.0155215
-0.0141651
-0.0128452
-0.0112619
-0.0094209
-0.0075326
-0.0057092
-0.0039622
-0.0022510
-0.0005111
0.0013503
0.0033864
0.0055449
0.0075954
0.0091783
0.0103034
0.0107514
0.0103984
0.0096104
0.0086090
0.0072167
0.0052829
0.0028009
-0.0001585
-0.0033825
-0.0067559
-0.0100876
-0.0132172
-0.0162181
-0.0191145
-0.0215436
-0.0231808
-0.0243407
-0.0253191
-0.0259013
-0.0257925
-0.0249949
-0.0236291
-0.0218852
-0.0198731
-0.0176343
-0.0154403
-0.0133593
-0.0112951
-0.0093392
-0.0076210
-0.0060713
-0.0045702
-0.0034290
-0.0030168
-0.0031787
-0.0035800
-0.0044944
-0.0062220
-0.0083723
-0.0103109
-0.0117178
-0.0128578
-0.0139204
-0.0147621
-0.0155116
-0.0162584
-0.0167377
-0.0166522
-0.0161370
-0.0156310
-0.0150929
-0.0140756
-0.0126220
-0.0111863
-0.0099233
-0.0087125
-0.0073649
-0.0058462
-0.0041932
-0.0024355
-0.0008726
0.0004490
0.0017577
0.0029705
0.0039521
0.0048102
0.0056932
0.0065645
0.0074038
0.0082320
0.0090063
0.0098360
0.0107780
0.0114345
0.0115584
0.0113082
0.0106827
0.0096405
0.0084220
0.0072052
0.0058748
0.0040289
0.0015715
-0.0010946
-0.0037254
-0.0061877
-0.0083225
-0.0100641
-0.0113949
-0.0124947
-0.0133989
-0.0140344
-0.0144075
-0.0147128
-0.0147923
-0.0141406
-0.0127139
-0.0108934
-0.0088089
-0.0063242
-0.0034174
-0.0002274
0.0030903
0.0064231
0.0098686
0.0133634
0.0163256
0.0184917
0.0200196
0.0208500
0.0211090
0.0213986
0.0216321
0.0212044
0.0198198
0.0177813
0.0156074
0.0131320
0.0102819
0.0074908
0.0051080
0.0029194
0.0004418
-0.0021594
-0.0044352
-0.0061510
-0.0075121
-0.0087486
-0.0097048
-0.0103217
-0.0106559
-0.0108639
-0.0108731
-0.0106949
-0.0103041
-0.0094451
-0.0081948
-0.0067640
-0.0052630
-0.0037215
-0.0022942
-0.0009888
0.0001240
0.0008194
0.0012828
0.0017377
0.0020396
0.0020732
0.0019752
0.0016838
0.0009970
0.0000427
-0.0012423
-0.0028347
-0.0045748
-0.0063061
-0.0078711
-0.0092209
-0.0102980
-0.0110550
-0.0116130
-0.0120243
-0.0119718
-0.0111957
-0.0098946
-0.0084795
-0.0072929
-0.0062687
-0.0050776
-0.0037626
-0.0024103
-0.0008611
0.0008861
0.0025370
0.0038673
0.0050125
0.0061182
0.0071979
0.0083143
0.0093622
0.0102908
0.0110532
0.0116491
0.0121147
0.0124543
0.0127741
0.0131256
0.0134759
0.0138791
0.0144053
0.0151031
0.0161097
0.0174468
0.0190135
0.0204728
0.0219020
0.0234177
0.0246794
0.0255862
0.0264113
0.0272835
0.0278899
0.0278649
0.0271797
0.0258489
0.0242358
0.0228183
0.0216799
0.0204072
0.0187999
0.0172717
0.0161672
0.0153262
0.0144229
0.0133246
0.0121063
0.0107320
0.0092298
0.0075819
0.0056786
0.0038445
0.0024385
0.0013833
0.0005730
-0.0002063
-0.0011329
-0.0020871
-0.0027105
-0.0027852
-0.0023881
-0.0016236
-0.0005497
0.0006457
0.0018910
0.0034666
0.0055285
0.0078571
0.0102799
0.0127894
0.0151963
0.0174125
0.0194107
0.0211664
0.0226007
0.0236039
0.0240931
0.0240873
0.0235844
0.0225989
0.0212129
0.0194387
0.0172793
0.0148909
0.0123876
0.0098726
0.0077593
0.0061571
0.0047075
0.0032726
0.0017451
-0.0000070
-0.0018406
-0.0035243
-0.0048112
-0.0054691
-0.0056265
-0.0055506
-0.0053062
-0.0047513
-0.0038904
-0.0028495
-0.0016829
-0.0005009
0.0003980
0.0010484
0.0016958
0.0024819
0.0033227
0.0039559
0.0041228
0.0039815
0.0035739
0.0026973
0.0014732
0.0001789
-0.0011171
-0.0024695
-0.0036840
-0.0045562
-0.0056501
-0.0074391
-0.0094390
-0.0112091
-0.0128711
-0.0144486
-0.0157657
-0.0166298
-0.0172244
-0.0173316
-0.0166640
-0.0153872
-0.0137914
-0.0119161
-0.0097105
-0.0073004
-0.0049773
-0.0026592
-0.0001033
0.0024741
0.0047084
0.0067544
0.0090715
0.0114592
0.0133076
0.0146020
0.0159790
0.0176203
0.0189059
0.0195133
0.0197472
0.0197066
0.0192871
0.0184966
0.0176108
0.0167517
0.0156410
0.0139508
0.0116636
0.0090798
0.0064574
0.0037340
0.0009969
-0.0015284
-0.0036813
-0.0053720
-0.0067482
-0.0077776
-0.0083817
-0.0085540
-0.0083753
-0.0080902
-0.0078913
-0.0076306
-0.0070719
-0.0063323
-0.0052484
-0.0040293
-0.0030967
-0.0025431
-0.0022011
-0.0018515
-0.0013647
-0.0007148
0.0001197
0.0012327
0.0027658
0.0044447
0.0059673
0.0076292
0.0095869
0.0114657
0.0128728
0.0138071
0.0148663
0.0166619
0.0190400
0.0212752
0.0231385
0.0250339
0.0269722
0.0287043
0.0304690
0.0321453
0.0331188
0.0332070
0.0328863
0.0325902
0.0322563
0.0317329
0.0309022
0.0296660
0.0277596
0.0249920
0.0214870
0.0176916
0.0136384
0.0090538
0.0041604
-0.0006482
-0.0051742
-0.0094177
-0.0131836
-0.0162641
-0.0185289
-0.0197349
-0.0195420
-0.0177958
-0.0147459
-0.0105104
-0.0051569
0.0005653
0.0057998
0.0103567
0.0143711
0.0179219
0.0209963
0.0235545
0.0254707
0.0268020
0.0272539
0.0264386
0.0242900
0.0209376
0.0166555
0.0117140
0.0062486
0.0004951
-0.0050076
-0.0099488
-0.0140694
-0.0172604
-0.0198128
-0.0220101
-0.0236908
-0.0244601
-0.0242688
-0.0234382
-0.0222867
-0.0209697
-0.0197039
-0.0184765
-0.0172091
-0.0162801
-0.0160060
-0.0160541
-0.0159369
-0.0157644
-0.0160318
-0.0168480
-0.0177518
-0.0186496
-0.0199331
-0.0215727
-0.0235870
-0.0262262
-0.0291529
-0.0311286
-0.0311400
-0.0295154
-0.0271235
-0.0238772
-0.0191152
-0.0132115
-0.0069525
-0.0003712
0.0068546
0.0145847
0.0222592
0.0295959
0.0366482
0.0432462
0.0492225
0.0543014
0.0581244
0.0607322
0.0622908
0.0625408
0.0611866
0.0582102
0.0532954
0.0461728
0.0373072
0.0270546
0.0156229
0.0037991
-0.0078214
-0.0191731
-0.0304152
-0.0413714
-0.0509857
-0.0585346
-0.0646340
-0.0699796
-0.0739406
-0.0757924
-0.0756592
-0.0738933
-0.0704437
-0.0647596
-0.0570577
-0.0480104
-0.0378970
-0.0273680
-0.0173433
-0.0079089
0.0013277
0.0103285
0.0184814
0.0250888
0.0301493
0.0343036
0.0379327
0.0406510
0.0418229
0.0412204
0.0390032
0.0356010
0.0317670
0.0276177
0.0220652
0.0146923
0.0072309
0.0014819
-0.0031488
-0.0083528
-0.0138887
-0.0177514
-0.0187482
-0.0176471
-0.0157733
-0.0132378
-0.0093578
-0.0043722
0.0009240
0.0057643
0.0094435
0.0120967
0.0143360
0.0161895
0.0175053
0.0187726
0.0199833
0.0199420
0.0178050
0.0143163
0.0106249
0.0067406
0.0024932
-0.0015787
-0.0051540
-0.0089162
-0.0132051
-0.0176145
-0.0217214
-0.0251758
-0.0280527
-0.0305314
-0.0324439
-0.0330688
-0.0319423
-0.0294183
-0.0265457
-0.0244043
-0.0226479
-0.0189259
-0.0110490
-0.0008441
0.0066247
0.0095155
0.0118948
0.0179395
0.0261544
0.0316253
0.0316399
0.0278790
0.0240382
0.0221588
0.0213166
0.0194107
0.0154235
0.0096200
0.0027116
-0.0048843
-0.0121059
-0.0175959
-0.0213718
-0.0253288
-0.0308684
-0.0370838
-0.0424988
-0.0464712
-0.0490040
-0.0504347
-0.0514554
-0.0524801
-0.0533276
-0.0532959
-0.0518262
-0.0496148
-0.0478772
-0.0467154
-0.0451453
-0.0424859
-0.0388263
-0.0348333
-0.0310223
-0.0275075
-0.0241451
-0.0209963
-0.0184966
-0.0169147
-0.0156681
-0.0141099
-0.0124711
-0.0110277
-0.0093952
-0.0074391
-0.0056529
-0.0045063
-0.0039220
-0.0034126
-0.0024527
-0.0011511
-0.0001936
-0.0005758
-0.0030357
-0.0069884
-0.0107322
-0.0130598
-0.0144499
-0.0164850
-0.0197432
-0.0231149
-0.0256440
-0.0279352
-0.0308466
-0.0339615
-0.0363058
-0.0381519
-0.0402597
-0.0417095
-0.0412835
-0.0398463
-0.0391630
-0.0391520
-0.0381221
-0.0355029
-0.0325089
-0.0300585
-0.0275631
-0.0242131
-0.0202833
-0.0166516
-0.0135532
-0.0106944
-0.0079457
-0.0058864
-0.0051198
-0.0054418
-0.0063855
-0.0075432
-0.0087251
-0.0102324
-0.0123675
-0.0149271
-0.0173958
-0.0193051
-0.0204944
-0.0211464
-0.0215395
-0.0218026
-0.0218374
-0.0215374
-0.0209266
-0.0200653
-0.0188246
-0.0173331
-0.0157642
-0.0139522
-0.0122512
-0.0110640
-0.0101314
-0.0093108
-0.0088195
-0.0086359
-0.0086395
-0.0088631
-0.0092406
-0.0097246
-0.0104005
-0.0111223
-0.0117695
-0.0124779
-0.0132182
-0.0138402
-0.0142640
-0.0146900
-0.0153998
-0.0160259
-0.0162005
-0.0158030
-0.0148623
-0.0134002
-0.0116954
-0.0099053
-0.0079056
-0.0057096
-0.0033663
-0.0007526
0.0019670
0.0042883
0.0062834
0.0082981
0.0104165
0.0123269
0.0138490
0.0153150
0.0166964
0.0177148
0.0184012
0.0191095
0.0200050
0.0205408
0.0201479
0.0189630
0.0174189
0.0154593
0.0130143
0.0105040
0.0081996
0.0056914
0.0025374
-0.0007531
-0.0035334
-0.0060214
-0.0088766
-0.0119207
-0.0144728
-0.0164266
-0.0182145
-0.0198984
-0.0211815
-0.0220480
-0.0227164
-0.0232739
-0.0234918
-0.0232896
-0.0229632
-0.0228603
-0.0229913
-0.0231778
-0.0228645
-0.0213880
-0.0193594
-0.0181946
-0.0178358
-0.0168085
-0.0146957
-0.0127907
-0.0123783
-0.0132176
-0.0140666
-0.0140788
-0.0132957
-0.0125996
-0.0127239
-0.0136009
-0.0149544
-0.0166945
-0.0186142
-0.0203004
-0.0216811
-0.0229348
-0.0241104
-0.0250738
-0.0257086
-0.0262005
-0.0267767
-0.0272367
-0.0276073
-0.0279480
-0.0280664
-0.0279077
-0.0274796
-0.0267860
-0.0257921
-0.0244357
-0.0226449
-0.0203632
-0.0175659
-0.0142841
-0.0109834
-0.0081712
-0.0057007
-0.0031091
-0.0003070
0.0022988
0.0044969
0.0065215
0.0086158
0.0105310
0.0118435
0.0123630
0.0123089
0.0119164
0.0112137
0.0100276
0.0083659
0.0065389
0.0047468
0.0027596
0.0004397
-0.0017523
-0.0034679
-0.0051679
-0.0072900
-0.0095098
-0.0113068
-0.0127012
-0.0141252
-0.0156583
-0.0167496
-0.0171033
-0.0170847
-0.0170650
-0.0170461
-0.0167022
-0.0159209
-0.0152190
-0.0149860
-0.0147507
-0.0141463
-0.0135441
-0.0135755
-0.0143457
-0.0152501
-0.0156557
-0.0156738
-0.0158097
-0.0163753
-0.0170471
-0.0174170
-0.0176274
-0.0177171
-0.0175273
-0.0170006
-0.0162324
-0.0153384
-0.0143628
-0.0131411
-0.0114633
-0.0093682
-0.0069888
-0.0044526
-0.0018803
0.0007698
0.0034897
0.0060951
0.0083943
0.0102813
0.0118503
0.0134119
0.0148816
0.0158540
0.0163895
0.0168692
0.0175995
0.0184102
0.0190623
0.0196287
0.0201101
0.0202973
0.0201787
0.0199666
0.0196524
0.0190096
0.0180829
0.0169887
0.0157202
0.0143061
0.0127689
0.0112266
0.0097604
0.0081605
0.0063883
0.0047008
0.0032589
0.0019448
0.0006359
-0.0005828
-0.0016970
-0.0027962
-0.0040197
-0.0051421
-0.0060974
-0.0071618
-0.0083890
-0.0094069
-0.0098425
-0.0101751
-0.0108779
-0.0115271
-0.0118498
-0.0122784
-0.0129897
-0.0136141
-0.0139721
-0.0142283
-0.0146326
-0.0151659
-0.0154342
-0.0153673
-0.0155848
-0.0161930
-0.0168402
-0.0173384
-0.0173943
-0.0171299
-0.0168470
-0.0166850
-0.0166986
-0.0165558
-0.0161145
-0.0154586
-0.0147293
-0.0138865
-0.0126731
-0.0111166
-0.0095623
-0.0080590
-0.0064806
-0.0048600
-0.0033013
-0.0018785
-0.0007159
0.0003463
0.0014404
0.0023113
0.0027535
0.0026038
0.0021416
0.0016926
0.0011264
0.0004166
-0.0006385
-0.0021422
-0.0036693
-0.0049365
-0.0061464
-0.0074990
-0.0089475
-0.0104033
-0.0119410
-0.0136688
-0.0152398
-0.0164179
-0.0173218
-0.0180395
-0.0184883
-0.0187411
-0.0189142
-0.0189551
-0.0187759
-0.0183174
-0.0176523
-0.0168056
-0.0157846
-0.0145838
-0.0131362
-0.0114546
-0.0093916
-0.0067772
-0.0039890
-0.0013209
0.0012615
0.0038229
0.0062528
0.0085776
0.0107895
0.0124766
0.0135440
0.0143245
0.0149805
0.0155063
0.0156677
0.0154138
0.0150227
0.0146274
0.0140649
0.0132315
0.0123852
0.0117850
0.0110787
0.0098887
0.0084571
0.0071775
0.0060187
0.0048339
0.0036734
0.0026140
0.0018366
0.0014480
0.0011986
0.0007805
0.0002174
-0.0000940
-0.0002367
-0.0004424
-0.0004456
-0.0002141
-0.0000302
0.0000955
0.0006222
0.0013975
0.0018830
0.0021206
0.0023741
0.0026205
0.0028992
0.0032271
0.0033819
0.0034217
0.0034863
0.0035861
0.0038394
0.0043229
0.0049092
0.0055417
0.0063516
0.0074203
0.0085352
0.0096438
0.0109903
0.0124140
0.0138475
0.0152916
0.0165419
0.0173861
0.0179687
0.0183134
0.0184284
0.0184635
0.0184629
0.0183199
0.0180741
0.0177684
0.0174320
0.0170689
0.0167325
0.0165551
0.0164760
0.0165135
0.0167938
0.0171747
0.0174101
0.0175034
0.0175913
0.0178651
0.0183190
0.0185957
0.0185320
0.0183764
0.0184031
0.0183307
0.0179731
0.0175033
0.0170998
0.0166473
0.0160291
0.0153502
0.0147546
0.0142096
0.0136501
0.0130768
0.0122327
0.0111054
0.0100937
0.0093367
0.0087144
0.0080649
0.0074538
0.0073117
0.0076881
0.0083876
0.0091988
0.0102154
0.0114524
0.0127610
0.0141213
0.0154720
0.0166921
0.0177674
0.0187723
0.0196617
0.0204268
0.0210278
0.0212843
0.0211805
0.0210300
0.0206359
0.0197896
0.0188723
0.0180618
0.0171163
0.0160749
0.0153241
0.0147722
0.0140375
0.0132804
0.0129678
0.0130367
0.0132259
0.0134591
0.0139115
0.0145711
0.0152481
0.0159973
0.0168838
0.0179228
0.0188929
0.0196650
0.0205193
0.0215630
0.0224651
0.0230129
0.0234385
0.0239793
0.0245219
0.0249630
0.0253556
0.0256920
0.0259461
0.0264061
0.0271205
0.0278543
0.0285415
0.0291633
0.0296887
0.0302071
0.0305982
0.0307797
0.0308989
0.0310494
0.0310409
0.0308690
0.0306116
0.0302053
0.0296472
0.0289065
0.0279860
0.0270805
0.0262934
0.0255360
0.0246544
0.0239067
0.0235778
0.0235318
0.0235966
0.0238283
0.0243084
0.0250202
0.0259039
0.0269997
0.0282201
0.0293133
0.0302719
0.0311922
0.0322608
0.0333908
0.0341407
0.0345920
0.0351148
0.0357338
0.0360988
0.0361838
0.0361538
0.0359866
0.0356616
0.0352778
0.0348296
0.0342101
0.0335723
0.0329917
0.0322410
0.0313058
0.0303397
0.0294043
0.0284497
0.0273793
0.0261854
0.0249377
0.0235958
0.0221354
0.0207103
0.0193121
0.0178481
0.0163669
0.0148784
0.0135406
0.0125205
0.0116791
0.0108521
0.0101735
0.0096621
0.0091573
0.0088422
0.0088786
0.0090845
0.0093601
0.0099523
0.0107637
0.0113794
0.0118212
0.0123621
0.0129755
0.0135690
0.0141495
0.0145701
0.0147952
0.0149881
0.0151267
0.0153154
0.0155534
0.0158278
0.0162305
0.0166344
0.0169620
0.0172445
0.0175737
0.0178580
0.0178540
0.0177070
0.0176164
0.0173260
0.0166257
0.0156525
0.0145538
0.0133582
0.0120534
0.0104726
0.0087344
0.0071517
0.0057143
0.0041810
0.0024131
0.0007486
-0.0005756
-0.0018719
-0.0032266
-0.0044566
-0.0053718
-0.0059749
-0.0064094
-0.0066114
-0.0066134
-0.0066244
-0.0066777
-0.0063865
-0.0056619
-0.0048110
-0.0040612
-0.0031986
-0.0021949
-0.0012129
-0.0003680
0.0002809
0.0008631
0.0014120
0.0018194
0.0020442
0.0021043
0.0021321
0.0021461
0.0019672
0.0015669
0.0010208
0.0005554
0.0001735
-0.0003162
-0.0010384
-0.0019736
-0.0028149
-0.0034364
-0.0041142
-0.0049733
-0.0058896
-0.0067075
-0.0074442
-0.0080803
-0.0086209
-0.0091207
-0.0096809
-0.0101512
-0.0102979
-0.0102747
-0.0104102
-0.0107965
-0.0110861
-0.0110639
-0.0111903
-0.0117128
-0.0120385
-0.0119827
-0.0120253
-0.0123395
-0.0126459
-0.0128535
-0.0131242
-0.0135415
-0.0140482
-0.0145751
-0.0151433
-0.0157950
-0.0164541
-0.0169718
-0.0174422
-0.0180687
-0.0187406
-0.0193290
-0.0200046
-0.0207483
-0.0212142
-0.0213213
-0.0214200
-0.0217779
-0.0222505
-0.0225800
-0.0228514
-0.0230899
-0.0232126
-0.0232016
-0.0231069
-0.0229480
-0.0227642
-0.0225583
-0.0222552
-0.0218766
-0.0215655
-0.0211051
-0.0204894
-0.0198588
-0.0189531
-0.0178008
-0.0166783
-0.0156473
-0.0145834
-0.0134991
-0.0124108
-0.0112353
-0.0100321
-0.0088966
-0.0078349
-0.0068778
-0.0059622
-0.0051098
-0.0043152
-0.0036296
-0.0030459
-0.0025415
-0.0023383
-0.0022147
-0.0019589
-0.0017917
-0.0017609
-0.0017526
-0.0016228
-0.0014727
-0.0014352
-0.0013529
-0.0011620
-0.0008638
-0.0005049
-0.0000782
0.0005371
0.0012868
0.0020548
0.0027432
0.0034768
0.0043867
0.0054485
0.0065294
0.0076338
0.0086641
0.0093717
0.0098990
0.0104916
0.0109360
0.0110116
0.0108417
0.0106793
0.0104787
0.0100495
0.0093530
0.0085297
0.0077704
0.0070754
0.0062807
0.0055018
0.0048384
0.0041585
0.0035087
0.0031132
0.0029289
0.0026911
0.0024231
0.0024407
0.0027262
0.0028758
0.0028925
0.0030492
0.0031993
0.0031533
0.0029138
0.0024624
0.0019929
0.0014356
0.0005886
-0.0005478
-0.0017900
-0.0030258
-0.0043353
-0.0056127
-0.0067329
-0.0076987
-0.0085619
-0.0093096
-0.0098535
-0.0102628
-0.0105463
-0.0106740
-0.0106006
-0.0101754
-0.0095371
-0.0086862
-0.0074824
-0.0060152
-0.0045429
-0.0031550
-0.0019375
-0.0009827
-0.0000908
0.0009423
0.0016917
0.0018625
0.0018193
0.0018570
0.0017133
0.0011904
0.0004308
-0.0004515
-0.0013936
-0.0022043
-0.0029074
-0.0036873
-0.0045652
-0.0053383
-0.0059332
-0.0063686
-0.0067445
-0.0071548
-0.0073963
-0.0071341
-0.0068281
-0.0068006
-0.0066747
-0.0063654
-0.0061216
-0.0060088
-0.0058998
-0.0057833
-0.0058237
-0.0061311
-0.0067731
-0.0076615
-0.0084269
-0.0090961
-0.0096765
-0.0101437
-0.0105521
-0.0110494
-0.0114070
-0.0113251
-0.0108313
-0.0101506
-0.0092602
-0.0081054
-0.0068738
-0.0056207
-0.0043002
-0.0029730
-0.0017544
-0.0006531
0.0003348
0.0011280
0.0017047
0.0022717
0.0026793
0.0026269
0.0023614
0.0018670
0.0010113
0.0002401
-0.0003785
-0.0012292
-0.0022332
-0.0029670
-0.0034083
-0.0038163
-0.0042945
-0.0047277
-0.0049688
-0.0048369
-0.0045760
-0.0044846
-0.0043149
-0.0040226
-0.0036891
-0.0032987
-0.0029075
-0.0026139
-0.0024107
-0.0022276
-0.0021383
-0.0022156
-0.0023578
-0.0024075
-0.0024474
-0.0025895
-0.0028168
-0.0029044
-0.0028690
-0.0028900
-0.0028810
-0.0028395
-0.0029133
-0.0030540
-0.0031506
-0.0030821
-0.0028159
-0.0026823
-0.0026322
-0.0024662
-0.0022270
-0.0019848
-0.0018090
-0.0017030
-0.0015373
-0.0013513
-0.0011282
-0.0009097
-0.0007181
-0.0004065
-0.0000592
0.0002397
0.0005190
0.0008632
0.0013176
0.0017289
0.0019724
0.0021130
0.0021612
0.0022252
0.0022715
0.0021662
0.0021428
0.0023536
0.0027272
0.0030223
0.0032686
0.0036690
0.0042546
0.0049269
0.0056188
0.0062546
0.0068165
0.0072420
0.0076083
0.0079328
0.0081208
0.0079493
0.0074406
0.0069488
0.0063984
0.0054781
0.0042187
0.0029633
0.0018452
0.0008430
-0.0002250
-0.0014794
-0.0027901
-0.0039809
-0.0049850
-0.0059466
-0.0068221
-0.0075012
-0.0081138
-0.0087640
-0.0093942
-0.0100487
-0.0106253
-0.0107658
-0.0104108
-0.0100285
-0.0098213
-0.0094504
-0.0087998
-0.0080202
-0.0072030
-0.0061984
-0.0050699
-0.0041227
-0.0033072
-0.0024841
-0.0017097
-0.0011374
-0.0006655
-0.0001411
0.0003109
0.0005018
0.0005549
0.0008553
0.0011209
0.0010428
0.0009449
0.0008168
0.0003469
-0.0004338
-0.0013305
-0.0022783
-0.0033616
-0.0046878
-0.0060401
-0.0072320
-0.0083225
-0.0093109
-0.0101767
-0.0108609
-0.0113469
-0.0117151
-0.0120225
-0.0121763
-0.0121818
-0.0120377
-0.0118238
-0.0115782
-0.0113292
-0.0111960
-0.0111241
-0.0110126
-0.0109531
-0.0109911
-0.0110889
-0.0110993
-0.0108931
-0.0105591
-0.0102724
-0.0100715
-0.0097890
-0.0095192
-0.0094214
-0.0092430
-0.0088388
-0.0085550
-0.0086679
-0.0087668
-0.0084814
-0.0082048
-0.0082883
-0.0082457
-0.0078289
-0.0075535
-0.0076149
-0.0077670
-0.0078828
-0.0079504
-0.0079888
-0.0080632
-0.0082784
-0.0088067
-0.0092699
-0.0092174
-0.0087584
-0.0082300
-0.0078543
-0.0074926
-0.0068619
-0.0060153
-0.0050663
-0.0040082
-0.0027831
-0.0014448
-0.0002342
0.0008105
0.0018810
0.0029922
0.0038904
0.0044771
0.0048967
0.0049660
0.0046161
0.0042477
0.0039405
0.0035473
0.0028936
0.0019327
0.0007862
-0.0002118
-0.0011521
-0.0022715
-0.0033159
-0.0041669
-0.0049972
-0.0057801
-0.0064579
-0.0071319
-0.0076104
-0.0077260
-0.0077240
-0.0078203
-0.0079284
-0.0078420
-0.0076862
-0.0076705
-0.0077859
-0.0078718
-0.0078529
-0.0077156
-0.0076803
-0.0079213
-0.0082764
-0.0086337
-0.0091449
-0.0098688
-0.0106841
-0.0115219
-0.0121651
-0.0126104
-0.0130705
-0.0135885
-0.0138537
-0.0137196
-0.0135373
-0.0134898
-0.0134593
-0.0132999
-0.0129973
-0.0126088
-0.0121622
-0.0116764
-0.0111454
-0.0105868
-0.0100268
-0.0095014
-0.0090808
-0.0087966
-0.0085713
-0.0082974
-0.0080011
-0.0076992
-0.0073229
-0.0066980
-0.0059034
-0.0051177
-0.0043389
-0.0035903
-0.0027645
-0.0017845
-0.0007688
0.0001956
0.0011173
0.0020455
0.0028803
0.0036969
0.0044021
0.0049607
0.0053754
0.0056145
0.0056426
0.0055171
0.0054854
0.0056263
0.0057641
0.0056374
0.0051620
0.0046591
0.0042332
0.0038976
0.0037678
0.0037181
0.0033975
0.0029898
0.0027123
0.0025247
0.0024023
0.0024405
0.0026090
0.0028273
0.0029972
0.0029668
0.0027704
0.0027019
0.0028943
0.0032411
0.0036335
0.0040918
0.0046586
0.0053720
0.0062257
0.0072407
0.0082139
0.0088408
0.0092692
0.0098484
0.0105240
0.0110029
0.0114121
0.0119100
0.0123697
0.0125583
0.0124997
0.0125279
0.0125986
0.0124693
0.0121331
0.0118761
0.0116793
0.0113105
0.0108040
0.0102492
0.0095364
0.0086898
0.0077726
0.0068566
0.0060167
0.0052285
0.0044493
0.0037007
0.0029951
0.0022921
0.0016762
0.0013988
0.0012328
0.0007220
-0.0000360
-0.0006311
-0.0010276
-0.0014944
-0.0021237
-0.0027066
-0.0031856
-0.0036611
-0.0040995
-0.0043376
-0.0043608
-0.0043754
-0.0044446
-0.0043037
-0.0039852
-0.0037121
-0.0033603
-0.0028287
-0.0023589
-0.0021360
-0.0018993
-0.0015692
-0.0012752
-0.0011801
-0.0012106
-0.0010767
-0.0008535
-0.0007163
-0.0006056
-0.0004549
-0.0003864
-0.0004379
-0.0005853
-0.0008946
-0.0011275
-0.0012620
-0.0014669
-0.0016747
-0.0017553
-0.0017354
-0.0016770
-0.0016660
-0.0015594
-0.0013293
-0.0012273
-0.0011782
-0.0009261
-0.0005621
-0.0001849
0.0002537
0.0007397
0.0011873
0.0014947
0.0017112
0.0023389
0.0030204
0.0032840
0.0035167
0.0039754
0.0042588
0.0042614
0.0045618
0.0050535
0.0052096
0.0052301
0.0053552
0.0054852
0.0054638
0.0052960
0.0051837
0.0051298
0.0050478
0.0048626
0.0046305
0.0043989
0.0040520
0.0036310
0.0033647
0.0031559
0.0027991
0.0025271
0.0025435
0.0026220
0.0025627
0.0025183
0.0024626
0.0023380
0.0022953
0.0024458
0.0027177
0.0028480
0.0029338
0.0030464
0.0032352
0.0035726
0.0039032
0.0042457
0.0046971
0.0052874
0.0057979
0.0062952
0.0069389
0.0075870
0.0082084
0.0088049
0.0093582
0.0098208
0.0101710
0.0104825
0.0107842
0.0109977
0.0110535
0.0110014
0.0109243
0.0107471
0.0104807
0.0102012
0.0101073
0.0101359
0.0101190
0.0101458
0.0104208
0.0107684
0.0110024
0.0112387
0.0115704
0.0117204
0.0116385
0.0115360
0.0114481
0.0111763
0.0106407
0.0101282
0.0095616
0.0086650
0.0074702
0.0062507
0.0052751
0.0043374
0.0031523
0.0021503
0.0014955
0.0008641
0.0003622
0.0001159
0.0000394
0.0000053
0.0001357
0.0005688
0.0012439
0.0020348
0.0029634
0.0040081
0.0052070
0.0065362
0.0076571
0.0084624
0.0091593
0.0098930
0.0105130
0.0110070
0.0114355
0.0117902
0.0119771
0.0118956
0.0117597
0.0116728
0.0114536
0.0110399
0.0105020
0.0097764
0.0090305
0.0084770
0.0082575
0.0083136
0.0083421
0.0082495
0.0083931
0.0087200
0.0089766
0.0092654
0.0096391
0.0098451
0.0097763
0.0097059
0.0098811
0.0101048
0.0101535
0.0099831
0.0097306
0.0095429
0.0092944
0.0090325
0.0090221
0.0092810
0.0095272
0.0097196
0.0100616
0.0105712
0.0111895
0.0120289
0.0130339
0.0138744
0.0144349
0.0152121
0.0162011
0.0169955
0.0174959
0.0180043
0.0186810
0.0193529
0.0197404
0.0197310
0.0194316
0.0189900
0.0183755
0.0175505
0.0166558
0.0156417
0.0143870
0.0130465
0.0118568
0.0108953
0.0100682
0.0093897
0.0089607
0.0087409
0.0085154
0.0082268
0.0081267
0.0082884
0.0085217
0.0087605
0.0091648
0.0098361
0.0103274
0.0103083
0.0102323
0.0105225
0.0110585
0.0113094
0.0110486
0.0104981
0.0099729
0.0093789
0.0085868
0.0076622
0.0066878
0.0054918
0.0040929
0.0026946
0.0012775
-0.0003610
-0.0020571
-0.0032740
-0.0040891
-0.0049644
-0.0057906
-0.0063815
-0.0068716
-0.0071761
-0.0071447
-0.0069468
-0.0068633
-0.0067689
-0.0064459
-0.0060562
-0.0058358
-0.0056828
-0.0053107
-0.0048367
-0.0044293
-0.0040732
-0.0037333
-0.0034273
-0.0032001
-0.0030912
-0.0030523
-0.0031589
-0.0033655
-0.0035236
-0.0036202
-0.0036854
-0.0037705
-0.0038408
-0.0038942
-0.0039655
-0.0040775
-0.0042696
-0.0044599
-0.0045422
-0.0046342
-0.0048111
-0.0048568
-0.0047053
-0.0045692
-0.0045165
-0.0044144
-0.0041692
-0.0039255
-0.0036922
-0.0033378
-0.0029519
-0.0027537
-0.0026365
-0.0022289
-0.0015806
-0.0010464
-0.0006409
-0.0002692
0.0001448
0.0006331
0.0009103
0.0009313
0.0009590
0.0010786
0.0011368
0.0010847
0.0008213
0.0002672
-0.0003966
-0.0010503
-0.0018637
-0.0028020
-0.0036977
-0.0044248
-0.0050250
-0.0055471
-0.0061006
-0.0067394
-0.0073891
-0.0081312
-0.0089950
-0.0097789
-0.0102979
-0.0108055
-0.0113617
-0.0115655
-0.0114989
-0.0114650
-0.0113966
-0.0110295
-0.0104732
-0.0097424
-0.0088765
-0.0080819
-0.0074058
-0.0067754
-0.0059717
-0.0051022
-0.0043561
-0.0037216
-0.0031889
-0.0027062
-0.0022770
-0.0020398
-0.0020552
-0.0021008
-0.0019442
-0.0017169
-0.0016905
-0.0018352
-0.0020668
-0.0024276
-0.0028568
-0.0032560
-0.0034015
-0.0034516
-0.0036049
-0.0037730
-0.0039601
-0.0043234
-0.0047450
-0.0050094
-0.0051900
-0.0054109
-0.0056645
-0.0059968
-0.0063413
-0.0065353
-0.0066442
-0.0068444
-0.0070629
-0.0071113
-0.0072000
-0.0073613
-0.0073279
-0.0072315
-0.0072280
-0.0071316
-0.0068592
-0.0064499
-0.0059948
-0.0055578
-0.0050304
-0.0044498
-0.0040420
-0.0036214
-0.0029430
-0.0023605
-0.0021598
-0.0020431
-0.0017687
-0.0015032
-0.0013242
-0.0012190
-0.0011540
-0.0009802
-0.0006488
-0.0003628
-0.0002990
-0.0002816
-0.0001525
0.0001103
0.0004859
0.0007917
0.0009552
0.0013109
0.0019451
0.0025774
0.0030866
0.0036027
0.0043039
0.0050657
0.0056554
0.0062323
0.0068150
0.0073257
0.0077996
0.0082258
0.0085231
0.0086423
0.0085147
0.0081916
0.0078286
0.0072460
0.0063435
0.0055113
0.0048252
0.0039289
0.0027887
0.0017287
0.0008268
-0.0000663
-0.0010170
-0.0017694
-0.0022853
-0.0031044
-0.0043604
-0.0054806
-0.0062716
-0.0071820
-0.0083729
-0.0096203
-0.0105038
-0.0111725
-0.0120963
-0.0130038
-0.0135709
-0.0140637
-0.0147413
-0.0153004
-0.0155973
-0.0159675
-0.0165064
-0.0169471
-0.0169923
-0.0167341
-0.0166143
-0.0165289
-0.0162259
-0.0157557
-0.0151047
-0.0142504
-0.0131997
-0.0122640
-0.0115236
-0.0105353
-0.0092302
-0.0080763
-0.0070928
-0.0058892
-0.0046022
-0.0035172
-0.0026791
-0.0020519
-0.0014911
-0.0009181
-0.0004921
-0.0003321
-0.0003153
-0.0002728
-0.0000985
0.0001233
0.0002318
0.0001773
0.0000776
0.0000994
0.0001431
-0.0000378
-0.0002814
-0.0004430
-0.0005045
-0.0005780
-0.0007268
-0.0008484
-0.0009841
-0.0012080
-0.0016687
-0.0022274
-0.0027884
-0.0032711
-0.0038097
-0.0045040
-0.0052668
-0.0061063
-0.0070713
-0.0079939
-0.0087209
-0.0093989
-0.0099633
-0.0102154
-0.0102897
-0.0103387
-0.0103192
-0.0100588
-0.0095982
-0.0088818
-0.0078285
-0.0066430
-0.0054758
-0.0043424
-0.0033522
-0.0023874
-0.0013679
-0.0005759
-0.0000493
0.0003476
0.0006257
0.0008171
0.0009588
0.0010733
0.0011769
0.0013541
0.0014991
0.0015696
0.0016708
0.0018200
0.0020257
0.0021392
0.0018728
0.0013451
0.0007572
0.0001756
-0.0003264
-0.0007692
-0.0011891
-0.0015125
-0.0020060
-0.0027525
-0.0033403
-0.0037322
-0.0041873
-0.0047293
-0.0051846
-0.0054073
-0.0054829
-0.0055500
-0.0055804
-0.0055649
-0.0055515
-0.0055298
-0.0053363
-0.0051857
-0.0052020
-0.0053594
-0.0055562
-0.0054870
-0.0052244
-0.0049526
-0.0047382
-0.0045835
-0.0043355
-0.0040304
-0.0037529
-0.0034848
-0.0034138
-0.0036336
-0.0037067
-0.0033012
-0.0026986
-0.0022949
-0.0019382
-0.0015635
-0.0012966
-0.0011861
-0.0009545
-0.0003979
0.0002746
0.0005918
0.0005581
0.0005316
0.0005704
0.0004155
0.0002610
0.0002571
0.0002621
0.0001220
-0.0002837
-0.0010437
-0.0018913
-0.0025710
-0.0031630
-0.0037400
-0.0043663
-0.0051207
-0.0059521
-0.0068310
-0.0075792
-0.0080973
-0.0085082
-0.0090056
-0.0097224
-0.0105360
-0.0111569
-0.0116218
-0.0120576
-0.0124668
-0.0127032
-0.0126533
-0.0124897
-0.0124579
-0.0126475
-0.0128488
-0.0130845
-0.0134037
-0.0137982
-0.0141192
-0.0145353
-0.0151952
-0.0159018
-0.0166048
-0.0173534
-0.0181873
-0.0190213
-0.0197095
-0.0200768
-0.0201985
-0.0203131
-0.0204336
-0.0204362
-0.0201407
-0.0196322
-0.0191214
-0.0184447
-0.0177528
-0.0170792
-0.0160531
-0.0147347
-0.0137389
-0.0131410
-0.0123596
-0.0115242
-0.0109948
-0.0105575
-0.0100065
-0.0095085
-0.0093051
-0.0094214
-0.0097745
-0.0102494
-0.0108201
-0.0115861
-0.0125125
-0.0131754
-0.0136173
-0.0141740
-0.0146793
-0.0150559
-0.0153148
-0.0154644
-0.0154666
-0.0154187
-0.0152359
-0.0146688
-0.0139695
-0.0133433
-0.0127462
-0.0120719
-0.0113772
-0.0109693
-0.0109116
-0.0108754
-0.0107846
-0.0107344
-0.0108372
-0.0110956
-0.0112268
-0.0109740
-0.0104309
-0.0098130
-0.0091396
-0.0081219
-0.0067509
-0.0053076
-0.0038244
-0.0022129
-0.0006575
0.0008259
0.0023081
0.0037688
0.0050722
0.0060802
0.0070191
0.0078968
0.0085693
0.0089209
0.0093069
0.0097017
0.0096263
0.0091549
0.0086421
0.0081293
0.0076728
0.0071947
0.0065538
0.0057616
0.0048837
0.0040782
0.0034393
0.0028046
0.0020680
0.0015030
0.0010708
0.0007240
0.0005622
0.0005473
0.0007016
0.0009936
0.0012106
0.0014775
0.0019523
0.0026805
0.0034832
0.0042363
0.0050481
0.0058152
0.0063512
0.0066885
0.0069478
0.0072175
0.0074278
0.0076118
0.0076379
0.0074731
0.0071577
0.0067537
0.0066580
0.0067380
0.0065093
0.0064025
0.0067448
0.0070976
0.0072336
0.0074027
0.0077593
0.0081609
0.0085624
0.0089592
0.0093620
0.0097596
0.0100728
0.0102692
0.0103196
0.0102700
0.0101264
0.0098181
0.0095119
0.0093008
0.0088312
0.0079299
0.0070061
0.0061595
0.0051033
0.0038845
0.0028692
0.0022861
0.0019663
0.0017756
0.0017484
0.0017282
0.0015707
0.0014548
0.0016327
0.0021071
0.0026354
0.0032709
0.0040602
0.0048381
0.0053412
0.0057359
0.0063232
0.0069617
0.0072902
0.0073147
0.0072423
0.0071056
0.0068456
0.0064527
0.0058573
0.0050564
0.0042205
0.0035344
0.0030622
0.0024253
0.0014934
0.0006912
0.0003461
0.0000570
-0.0003123
-0.0004284
-0.0002176
0.0000356
0.0002689
0.0006949
0.0013083
0.0019868
0.0028133
0.0038103
0.0050491
0.0062982
0.0072102
0.0079009
0.0087246
0.0095015
0.0098149
0.0098582
0.0100429
0.0102848
0.0102844
0.0100367
0.0096280
0.0090517
0.0084940
0.0081595
0.0079555
0.0076559
0.0073767
0.0073711
0.0076349
0.0080295
0.0085626
0.0092230
0.0099545
0.0108574
0.0117077
0.0122609
0.0129969
0.0140314
0.0147797
0.0151802
0.0155560
0.0159103
0.0159353
0.0156249
0.0151836
0.0147308
0.0141274
0.0131853
0.0121276
0.0111698
0.0100114
0.0085887
0.0070425
0.0055017
0.0039449
0.0023205
0.0009559
-0.0000419
-0.0008820
-0.0016545
-0.0023093
-0.0029782
-0.0037482
-0.0044867
-0.0050704
-0.0056127
-0.0061116
-0.0063082
-0.0062467
-0.0060534
-0.0058550
-0.0055634
-0.0051978
-0.0049610
-0.0048493
-0.0047277
-0.0045484
-0.0045309
-0.0048317
-0.0050448
-0.0047242
-0.0043425
-0.0042090
-0.0038828
-0.0032382
-0.0024227
-0.0015863
-0.0007639
0.0001273
0.0010205
0.0017507
0.0023851
0.0030840
0.0038797
0.0044737
0.0047290
0.0050802
0.0054871
0.0054495
0.0049131
0.0042989
0.0037519
0.0032122
0.0026072
0.0019979
0.0014868
0.0010446
0.0005713
0.0002781
0.0000684
-0.0003546
-0.0006995
-0.0006503
-0.0003789
-0.0001652
0.0002844
0.0013239
0.0027028
0.0040424
0.0052874
0.0066126
0.0080682
0.0094115
0.0104355
0.0112834
0.0119548
0.0123254
0.0125146
0.0125095
0.0121196
0.0114128
0.0105598
0.0095772
0.0085201
0.0073729
0.0061451
0.0049416
0.0037272
0.0026073
0.0015796
0.0007273
-0.0000813
-0.0008751
-0.0015186
-0.0019708
-0.0023007
-0.0025502
-0.0026759
-0.0026569
-0.0025076
-0.0023289
-0.0022210
-0.0020510
-0.0017546
-0.0015191
-0.0013724
-0.0011666
-0.0008916
-0.0006392
-0.0003223
0.0001613
0.0005891
0.0008976
0.0012949
0.0017668
0.0023273
0.0030048
0.0037950
0.0045474
0.0051634
0.0058039
0.0065786
0.0075481
0.0086208
0.0094522
0.0099937
0.0106158
0.0111902
0.0113705
0.0113649
0.0114160
0.0113273
0.0110192
0.0106596
0.0103291
0.0100299
0.0097112
0.0092883
0.0089052
0.0086196
0.0082126
0.0077227
0.0073681
0.0072441
0.0071617
0.0069916
0.0068358
0.0068419
0.0070793
0.0074040
0.0076484
0.0077468
0.0077356
0.0077131
0.0077445
0.0077510
0.0076082
0.0073491
0.0071727
0.0070978
0.0069441
0.0068417
0.0068530
0.0066735
0.0062605
0.0059573
0.0058422
0.0057562
0.0055655
0.0052992
0.0051911
0.0052540
0.0053341
0.0053677
0.0054584
0.0056077
0.0057497
0.0060465
0.0064696
0.0068624
0.0072047
0.0074219
0.0075251
0.0077678
0.0079373
0.0077321
0.0075307
0.0074424
0.0072818
0.0071147
0.0071288
0.0070795
0.0068503
0.0067114
0.0067207
0.0067653
0.0067899
0.0067875
0.0067589
0.0068595
0.0069749
0.0070260
0.0073941
0.0079726
0.0082407
0.0084743
0.0090260
0.0096137
0.0098676
0.0100091
0.0104171
0.0108456
0.0108999
0.0108320
0.0109175
0.0109495
0.0108097
0.0107018
0.0107011
0.0107611
0.0107572
0.0107048
0.0107208
0.0107955
0.0107952
0.0106866
0.0107016
0.0108760
0.0109012
0.0108194
0.0108641
0.0109011
0.0108244
0.0105396
0.0100381
0.0094752
0.0088618
0.0080206
0.0069465
0.0058075
0.0045503
0.0033537
0.0022138
0.0009698
-0.0003616
-0.0016127
-0.0024797
-0.0031542
-0.0038477
-0.0043446
-0.0045666
-0.0045360
-0.0042501
-0.0037181
-0.0030667
-0.0022237
-0.0010638
0.0002863
0.0017577
0.0032316
0.0046198
0.0058930
0.0071085
0.0081409
0.0089019
0.0095042
0.0100041
0.0103008
0.0104987
0.0106277
0.0106931
0.0105957
0.0101944
0.0095818
0.0087946
0.0078688
0.0068791
0.0059350
0.0051646
0.0044544
0.0036924
0.0029780
0.0023850
0.0018838
0.0013571
0.0009256
0.0008599
0.0009959
0.0010510
0.0011243
0.0014519
0.0018878
0.0023137
0.0028019
0.0032451
0.0035479
0.0037752
0.0039010
0.0040337
0.0043012
0.0044856
0.0044634
0.0044543
0.0046541
0.0047133
0.0044551
0.0042838
0.0043736
0.0044250
0.0042047
0.0039692
0.0039212
0.0037617
0.0033611
0.0029763
0.0026225
0.0021441
0.0015633
0.0009014
0.0000854
-0.0007559
-0.0015427
-0.0023659
-0.0032217
-0.0039063
-0.0043179
-0.0045642
-0.0048103
-0.0052368
-0.0054863
-0.0053672
-0.0050933
-0.0049012
-0.0048316
-0.0045764
-0.0041337
-0.0035642
-0.0028880
-0.0021404
-0.0013900
-0.0007079
-0.0000966
0.0005756
0.0012977
0.0018810
0.0022942
0.0027722
0.0033184
0.0035341
0.0034076
0.0033597
0.0033869
0.0033452
0.0031971
0.0028566
0.0023924
0.0019240
0.0013721
0.0007663
0.0002001
-0.0003715
-0.0009643
-0.0014693
-0.0018219
-0.0021077
-0.0024355
-0.0027530
-0.0030636
-0.0033280
-0.0036144
-0.0041411
-0.0047956
-0.0052834
-0.0056368
-0.0060434
-0.0065549
-0.0070951
-0.0076141
-0.0081072
-0.0085972
-0.0091680
-0.0097794
-0.0103970
-0.0109447
-0.0114745
-0.0121416
-0.0125224
-0.0125518
-0.0127231
-0.0128993
-0.0127310
-0.0122968
-0.0119405
-0.0116898
-0.0113043
-0.0106573
-0.0098054
-0.0089519
-0.0082491
-0.0075477
-0.0066635
-0.0058538
-0.0053215
-0.0048526
-0.0044215
-0.0042379
-0.0040995
-0.0038898
-0.0039060
-0.0041047
-0.0041061
-0.0038785
-0.0037298
-0.0037852
-0.0038143
-0.0038158
-0.0040070
-0.0044464
-0.0050684
-0.0057914
-0.0064850
-0.0071879
-0.0080649
-0.0089832
-0.0098844
-0.0108770
-0.0118109
-0.0126045
-0.0132457
-0.0138215
-0.0143818
-0.0149244
-0.0153343
-0.0154632
-0.0154830
-0.0154725
-0.0152557
-0.0149016
-0.0143808
-0.0136375
-0.0128687
-0.0121282
-0.0112763
-0.0103687
-0.0095604
-0.0088421
-0.0080591
-0.0073415
-0.0067836
-0.0062670
-0.0058220
-0.0055145
-0.0052641
-0.0049178
-0.0044553
-0.0040594
-0.0038261
-0.0036933
-0.0036044
-0.0035904
-0.0035128
-0.0033389
-0.0031681
-0.0030466
-0.0030390
-0.0032067
-0.0032689
-0.0031803
-0.0030360
-0.0028762
-0.0027013
-0.0023893
-0.0020134
-0.0018145
-0.0018332
-0.0019446
-0.0021085
-0.0022681
-0.0022291
-0.0020481
-0.0017993
-0.0015669
-0.0013003
-0.0008082
-0.0003671
-0.0001237
0.0002556
0.0008237
0.0012742
0.0014988
0.0017075
0.0019108
0.0019422
0.0018753
0.0019049
0.0019469
0.0017495
0.0014547
0.0012404
0.0011487
0.0011666
0.0011443
0.0010257
0.0009797
0.0009866
0.0008967
0.0008639
0.0008782
0.0006928
0.0003589
0.0001123
-0.0000939
-0.0004773
-0.0008753
-0.0011818
-0.0014755
-0.0018239
-0.0022878
-0.0027878
-0.0032328
-0.0034868
-0.0036994
-0.0039414
-0.0041498
-0.0043373
-0.0044285
-0.0042358
-0.0037621
-0.0032484
-0.0026610
-0.0017833
-0.0007722
0.0001590
0.0010361
0.0018803
0.0026500
0.0032990
0.0037716
0.0040024
0.0041312
0.0042053
0.0040410
0.0036229
0.0030958
0.0022819
0.0010925
-0.0001396
-0.0013397
-0.0026138
-0.0038927
-0.0050661
-0.0061763
-0.0072489
-0.0081574
-0.0088593
-0.0093305
-0.0095016
-0.0093940
-0.0091102
-0.0085486
-0.0077785
-0.0069437
-0.0061491
-0.0052383
-0.0040243
-0.0027173
-0.0012627
0.0001313
0.0011253
0.0019138
0.0026468
0.0031541
0.0034569
0.0035518
0.0035443
0.0034353
0.0029151
0.0020875
0.0014290
0.0009428
0.0003243
-0.0004631
-0.0012785
-0.0017222
-0.0019324
-0.0023351
-0.0025173
-0.0021534
-0.0017359
-0.0014441
-0.0008502
0.0001132
0.0011447
0.0021288
0.0031371
0.0040618
0.0048173
0.0054667
0.0061497
0.0067796
0.0071581
0.0073501
0.0075645
0.0077328
0.0076144
0.0074457
0.0073579
0.0071331
0.0065352
0.0057768
0.0051784
0.0047257
0.0041807
0.0035188
0.0029887
0.0026012
0.0022543
0.0020747
0.0020232
0.0019619
0.0019557
0.0020192
0.0022359
0.0025438
0.0026426
0.0026677
0.0031018
0.0038005
0.0043127
0.0046134
0.0050081
0.0054863
0.0058965
0.0061453
0.0062235
0.0062470
0.0061630
0.0059102
0.0055914
0.0053279
0.0051618
0.0049531
0.0046654
0.0044325
0.0041315
0.0037878
0.0035893
0.0034173
0.0029864
0.0024747
0.0022489
0.0021222
0.0018307
0.0016101
0.0016129
0.0016758
0.0016856
0.0017615
0.0020748
0.0024452
0.0025622
0.0025763
0.0027050
0.0028174
0.0027051
0.0025553
0.0024717
0.0022711
0.0019400
0.0014748
0.0009782
0.0004864
0.0000613
-0.0003938
-0.0008227
-0.0011307
-0.0013582
-0.0015745
-0.0016660
-0.0016853
-0.0017638
-0.0018140
-0.0018151
-0.0017379
-0.0016011
-0.0015884
-0.0015427
-0.0013800
-0.0013346
-0.0015290
-0.0018379
-0.0020678
-0.0023003
-0.0026504
-0.0030816
-0.0034143
-0.0034913
-0.0035480
-0.0038681
-0.0042412
-0.0043108
-0.0042651
-0.0043540
-0.0045428
-0.0047401
-0.0049317
-0.0050955
-0.0052507
-0.0053516
-0.0054316
-0.0054104
-0.0051928
-0.0050470
-0.0050274
-0.0050405
-0.0049568
-0.0047332
-0.0046103
-0.0046741
-0.0047829
-0.0047794
-0.0048421
-0.0050263
-0.0052649
-0.0056762
-0.0061488
-0.0065729
-0.0070059
-0.0076088
-0.0083177
-0.0090138
-0.0097665
-0.0105925
-0.0112001
-0.0114794
-0.0116766
-0.0118605
-0.0119416
-0.0119571
-0.0118540
-0.0115998
-0.0112883
-0.0108183
-0.0101058
-0.0093244
-0.0085553
-0.0076674
-0.0066479
-0.0057682
-0.0050928
-0.0044186
-0.0034883
-0.0025212
-0.0017797
-0.0012636
-0.0008484
-0.0005535
-0.0004466
-0.0005815
-0.0008385
-0.0011294
-0.0015666
-0.0021610
-0.0028113
-0.0036348
-0.0045828
-0.0052361
-0.0057380
-0.0066289
-0.0075441
-0.0078630
-0.0079426
-0.0083187
-0.0088642
-0.0092458
-0.0094103
-0.0095561
-0.0098661
-0.0101520
-0.0101400
-0.0099823
-0.0099981
-0.0103095
-0.0106244
-0.0108903
-0.0112024
-0.0113158
-0.0112242
-0.0110652
-0.0109675
-0.0109882
-0.0109764
-0.0108971
-0.0107090
-0.0104153
-0.0100683
-0.0096290
-0.0091955
-0.0088118
-0.0083047
-0.0076688
-0.0069276
-0.0061386
-0.0052426
-0.0043716
-0.0036683
-0.0029416
-0.0021664
-0.0014244
-0.0007469
-0.0001176
0.0004351
0.0009334
0.0013294
0.0016994
0.0020286
0.0020664
0.0019697
0.0020342
0.0022635
0.0024457
0.0025129
0.0025883
0.0027603
0.0028250
0.0026811
0.0028258
0.0035124
0.0042972
0.0048025
0.0051426
0.0054612
0.0057656
0.0061748
0.0066220
0.0069840
0.0072933
0.0076238
0.0079126
0.0079970
0.0080026
0.0079761
0.0077985
0.0075651
0.0072703
0.0069485
0.0066975
0.0064614
0.0061104
0.0056625
0.0053862
0.0052727
0.0050195
0.0046560
0.0044134
0.0043230
0.0042624
0.0041618
0.0041002
0.0042143
0.0043715
0.0043507
0.0042691
0.0043668
0.0044407
0.0043894
0.0043656
0.0042889
0.0039460
0.0035349
0.0032259
0.0027707
0.0021606
0.0015983
0.0009860
0.0001917
-0.0006038
-0.0011723
-0.0015320
-0.0018038
-0.0020013
-0.0021655
-0.0023137
-0.0024206
-0.0024262
-0.0023240
-0.0020950
-0.0017965
-0.0014986
-0.0013805
-0.0013419
-0.0011701
-0.0010332
-0.0010245
-0.0011158
-0.0013444
-0.0017200
-0.0020681
-0.0023990
-0.0028497
-0.0030918
-0.0031016
-0.0031236
-0.0032178
-0.0034535
-0.0035926
-0.0031108
-0.0022952
-0.0016578
-0.0011374
-0.0004666
0.0003764
0.0012059
0.0019889
0.0027459
0.0034962
0.0042116
0.0048264
0.0052995
0.0056959
0.0059825
0.0060208
0.0059874
0.0060165
0.0060037
0.0058217
0.0055887
0.0054900
0.0054469
0.0053077
0.0051131
0.0050410
0.0050563
0.0049116
0.0046834
0.0045544
0.0045166
0.0045417
0.0045635
0.0045866
0.0045873
0.0043881
0.0041407
0.0038807
0.0035229
0.0030407
0.0026010
0.0021779
0.0015232
0.0007477
0.0002093
-0.0001902
-0.0005575
-0.0007846
-0.0009646
-0.0012656
-0.0016037
-0.0017494
-0.0017600
-0.0017740
-0.0017265
-0.0016662
-0.0016461
-0.0014662
-0.0010846
-0.0006659
-0.0002128
0.0004424
0.0011484
0.0015703
0.0018219
0.0021361
0.0025776
0.0030463
0.0035134
0.0037465
0.0035605
0.0033376
0.0032941
0.0032557
0.0030858
0.0027965
0.0025100
0.0023949
0.0022475
0.0019188
0.0018422
0.0020956
0.0022628
0.0022926
0.0023705
0.0025039
0.0025108
0.0023322
0.0021331
0.0020631
0.0021409
0.0023416
0.0025271
0.0027370
0.0030186
0.0033131
0.0036400
0.0040169
0.0043653
0.0046344
0.0048376
0.0050617
0.0051914
0.0052334
0.0052419
0.0051700
0.0049793
0.0046177
0.0041068
0.0036212
0.0030606
0.0023058
0.0015685
0.0011372
0.0008223
0.0002646
-0.0003588
-0.0007648
-0.0011013
-0.0015321
-0.0016929
-0.0016264
-0.0016178
-0.0015046
-0.0011744
-0.0007548
-0.0003831
0.0000136
0.0004370
0.0009231
0.0015988
0.0022893
0.0028025
0.0031749
0.0035276
0.0038884
0.0042850
0.0046393
0.0048334
0.0048271
0.0048667
0.0049763
0.0049107
0.0046201
0.0043898
0.0045044
0.0046142
0.0044531
0.0042379
0.0041260
0.0039997
0.0037645
0.0035301
0.0033929
0.0032338
0.0028878
0.0025035
0.0023009
0.0020803
0.0018479
0.0019796
0.0023440
0.0025116
0.0025124
0.0026049
0.0027912
0.0028480
0.0027564
0.0028067
0.0030189
0.0030867
0.0029117
0.0026899
0.0024935
0.0024966
0.0026647
0.0027827
0.0027775
0.0026141
0.0022060
0.0017558
0.0014352
0.0012506
0.0011008
0.0008005
0.0003729
-0.0000371
-0.0002483
-0.0001722
-0.0000095
0.0000849
0.0002819
0.0006491
0.0010594
0.0014766
0.0019867
0.0026434
0.0033641
0.0039473
0.0041981
0.0042939
0.0044830
0.0045312
0.0042184
0.0037549
0.0033347
0.0030180
0.0026945
0.0022454
0.0016443
0.0011250
0.0007440
0.0004856
0.0003138
0.0001688
0.0000469
0.0000076
0.0001265
0.0002487
0.0003208
0.0006831
0.0014065
0.0019895
0.0022617
0.0024624
0.0027363
0.0030689
0.0033280
0.0034270
0.0034400
0.0033103
0.0030246
0.0027264
0.0024928
0.0021720
0.0016151
0.0011225
0.0008075
0.0002743
-0.0003111
-0.0007130
-0.0009754
-0.0013030
-0.0017463
-0.0021359
-0.0023791
-0.0026302
-0.0029550
-0.0032292
-0.0034183
-0.0035635
-0.0037210
-0.0038338
-0.0039160
-0.0039089
-0.0037152
-0.0035318
-0.0034513
-0.0033299
-0.0030084
-0.0023537
-0.0015664
-0.0010812
-0.0008336
-0.0004763
-0.0001201
0.0001202
0.0002767
0.0004518
0.0005227
0.0002395
-0.0001829
-0.0004176
-0.0004665
-0.0004894
-0.0007286
-0.0011751
-0.0012900
-0.0011748
-0.0013136
-0.0013632
-0.0011383
-0.0009361
-0.0006012
-0.0000680
0.0004177
0.0007583
0.0011279
0.0015389
0.0018413
0.0020404
0.0022771
0.0025125
0.0026581
0.0028075
0.0029226
0.0029621
0.0030177
0.0029513
0.0029579
0.0032758
0.0036428
0.0035788
0.0033199
0.0032290
0.0031812
0.0029833
0.0026893
0.0024916
0.0023185
0.0021256
0.0018722
0.0015372
0.0012628
0.0010588
0.0009089
0.0007009
0.0004466
0.0001878
-0.0000278
-0.0002156
-0.0005868
-0.0010331
-0.0014053
-0.0016852
-0.0020269
-0.0023560
-0.0026681
-0.0030379
-0.0034043
-0.0035896
-0.0037427
-0.0040570
-0.0044054
-0.0047384
-0.0051189
-0.0055102
-0.0056685
-0.0057583
-0.0060822
-0.0062749
-0.0061122
-0.0059708
-0.0058504
-0.0053944
-0.0048058
-0.0044206
-0.0040573
-0.0035801
-0.0029916
-0.0023021
-0.0015874
-0.0009402
-0.0004092
0.0000697
0.0005166
0.0007743
0.0010493
0.0013390
0.0014828
0.0015927
0.0015871
0.0014680
0.0014729
0.0015134
0.0015203
0.0014583
0.0012078
0.0008502
0.0004661
0.0001026
-0.0003819
-0.0009163
-0.0013737
-0.0018842
-0.0024458
-0.0029989
-0.0034699
-0.0038613
-0.0042427
-0.0045034
-0.0047072
-0.0049812
-0.0050860
-0.0049119
-0.0046147
-0.0043176
-0.0041845
-0.0041066
-0.0039115
-0.0037281
-0.0036720
-0.0036957
-0.0037678
-0.0037317
-0.0036764
-0.0037001
-0.0036894
-0.0037371
-0.0039138
-0.0039687
-0.0038547
-0.0038555
-0.0039487
-0.0040509
-0.0041058
-0.0040397
-0.0038958
-0.0036930
-0.0034984
-0.0032281
-0.0028679
-0.0024556
-0.0019974
-0.0014883
-0.0009355
-0.0003518
0.0002032
0.0006465
0.0009744
0.0012928
0.0015499
0.0016532
0.0016567
0.0016575
0.0015662
0.0013309
0.0011057
0.0010458
0.0010577
0.0009621
0.0007049
0.0003163
-0.0000315
-0.0002565
-0.0003157
-0.0003057
-0.0003311
-0.0003906
-0.0004529
-0.0004943
-0.0003240
0.0000367
0.0003616
0.0006763
0.0010669
0.0015585
0.0021092
0.0027155
0.0033400
0.0038552
0.0043243
0.0048145
0.0052833
0.0056380
0.0059015
0.0061307
0.0063878
0.0065594
0.0064743
0.0064065
0.0065724
0.0066655
0.0065532
0.0063836
0.0062881
0.0061576
0.0058994
0.0057053
0.0055417
0.0051885
0.0047810
0.0045559
0.0044176
0.0041291
0.0038565
0.0037110
0.0037311
0.0037869
0.0036448
0.0036189
0.0037012
0.0036129
0.0033673
0.0032210
0.0033210
0.0033841
0.0033457
0.0032758
0.0032642
0.0033042
0.0033959
0.0035307
0.0035865
0.0036828
0.0038051
0.0038812
0.0039023
0.0038494
0.0039153
0.0042342
0.0045306
0.0046188
0.0046828
0.0047768
0.0048588
0.0049598
0.0049872
0.0049200
0.0049142
0.0049376
0.0050639
0.0051666
0.0051267
0.0050159
0.0048824
0.0047106
0.0045400
0.0042539
0.0038735
0.0035705
0.0032635
0.0027284
0.0020677
0.0016180
0.0012729
0.0008466
0.0004199
0.0000539
-0.0003340
-0.0007701
-0.0011357
-0.0012893
-0.0013120
-0.0014174
-0.0015223
-0.0014756
-0.0013527
-0.0013280
-0.0014205
-0.0014022
-0.0013432
-0.0015307
-0.0016943
-0.0017616
-0.0020131
-0.0023289
-0.0025552
-0.0028098
-0.0031990
-0.0035431
-0.0037514
-0.0039355
-0.0041944
-0.0044714
-0.0047106
-0.0048360
-0.0049568
-0.0052892
-0.0056710
-0.0057513
-0.0057440
-0.0057789
-0.0057709
-0.0056795
-0.0055890
-0.0055438
-0.0053785
-0.0050838
-0.0047617
-0.0044240
-0.0040434
-0.0037289
-0.0034986
-0.0034262
-0.0034117
-0.0033277
-0.0032054
-0.0033252
-0.0036911
-0.0039748
-0.0040830
-0.0042477
-0.0046843
-0.0053315
-0.0058826
-0.0064544
-0.0071676
-0.0078087
-0.0083650
-0.0088826
-0.0092784
-0.0095217
-0.0096668
-0.0097079
-0.0095249
-0.0091342
-0.0086814
-0.0083739
-0.0081619
-0.0075971
-0.0067714
-0.0060628
-0.0054725
-0.0048572
-0.0042661
-0.0037625
-0.0034007
-0.0030113
-0.0025328
-0.0023336
-0.0025704
-0.0026966
-0.0026856
-0.0028655
-0.0032877
-0.0039675
-0.0046087
-0.0051654
-0.0056515
-0.0060108
-0.0064059
-0.0068975
-0.0073363
-0.0075987
-0.0076617
-0.0077032
-0.0077547
-0.0078167
-0.0078304
-0.0077104
-0.0075578
-0.0075007
-0.0075024
-0.0074186
-0.0072061
-0.0069764
-0.0067142
-0.0064206
-0.0061843
-0.0059760
-0.0056142
-0.0051224
-0.0047179
-0.0042708
-0.0037006
-0.0032227
-0.0028117
-0.0024016
-0.0020484
-0.0016430
-0.0012275
-0.0008129
-0.0004121
-0.0002155
-0.0000631
0.0001352
0.0001423
0.0000216
-0.0001539
-0.0002712
-0.0002267
-0.0003085
-0.0004542
-0.0006167
-0.0008952
-0.0012230
-0.0014292
-0.0013533
-0.0012402
-0.0013535
-0.0015237
-0.0015323
-0.0012983
-0.0009335
-0.0005326
-0.0000342
0.0006257
0.0011649
0.0015726
0.0021640
0.0028521
0.0033540
0.0037806
0.0044051
0.0051521
0.0056974
0.0060208
0.0063199
0.0066579
0.0067699
0.0067122
0.0067321
0.0068423
0.0069180
0.0068617
0.0067824
0.0068185
0.0067140
0.0064120
0.0061856
0.0060773
0.0058429
0.0054830
0.0052607
0.0052569
0.0052703
0.0052174
0.0052723
0.0053332
0.0052876
0.0051222
0.0049445
0.0048448
0.0047199
0.0044413
0.0041357
0.0038143
0.0034263
0.0030081
0.0026963
0.0024779
0.0020579
0.0015410
0.0010816
0.0005861
0.0002711
0.0001248
-0.0001978
-0.0006441
-0.0010218
-0.0013341
-0.0015222
-0.0017003
-0.0018751
-0.0020245
-0.0020987
-0.0020863
-0.0020737
-0.0021164
-0.0021479
-0.0020731
-0.0019232
-0.0018517
-0.0019006
-0.0018979
-0.0018223
-0.0017655
-0.0017214
-0.0017935
-0.0019452
-0.0021240
-0.0022047
-0.0023565
-0.0024647
-0.0023974
-0.0023834
-0.0024033
-0.0024575
-0.0026504
-0.0027569
-0.0025417
-0.0022325
-0.0020627
-0.0019279
-0.0018050
-0.0017440
-0.0014940
-0.0010159
-0.0006210
-0.0003936
-0.0002199
-0.0000431
-0.0000107
0.0000071
0.0000925
0.0001740
0.0001732
0.0000534
-0.0000758
-0.0001332
-0.0002469
-0.0005454
-0.0009264
-0.0012513
-0.0015009
-0.0016330
-0.0017042
-0.0017582
-0.0017840
-0.0016664
-0.0013968
-0.0012106
-0.0011090
-0.0010015
-0.0009276
-0.0008296
-0.0007103
-0.0006435
-0.0006681
-0.0005881
-0.0005747
-0.0007676
-0.0010092
-0.0011617
-0.0012063
-0.0012319
-0.0012450
-0.0012269
-0.0012492
-0.0012128
-0.0010925
-0.0009356
-0.0007132
-0.0005167
-0.0004521
-0.0004461
-0.0003688
-0.0004255
-0.0004683
-0.0003193
-0.0002857
-0.0005028
-0.0006558
-0.0006031
-0.0005764
-0.0007676
-0.0011191
-0.0013601
-0.0014071
-0.0014125
-0.0014520
-0.0013250
-0.0010425
-0.0007845
-0.0006061
-0.0002732
0.0003178
0.0008586
0.0012322
0.0017005
0.0022907
0.0027320
0.0029965
0.0032552
0.0034966
0.0035341
0.0035722
0.0036516
0.0035375
0.0031210
0.0026270
0.0023601
0.0021416
0.0017366
0.0012573
0.0010765
0.0010157
0.0007520
0.0003950
0.0002011
0.0002153
0.0002574
0.0002788
0.0003996
0.0006659
0.0008212
0.0008473
0.0010622
0.0015604
0.0018861
0.0019320
0.0020195
0.0021836
0.0021859
0.0018787
0.0015409
0.0015072
0.0013979
0.0007018
-0.0000738
-0.0005062
-0.0009768
-0.0017019
-0.0023364
-0.0027022
-0.0030562
-0.0035618
-0.0039814
-0.0041519
-0.0042254
-0.0043115
-0.0041413
-0.0037197
-0.0033344
-0.0030076
-0.0025814
-0.0021573
-0.0018667
-0.0016035
-0.0013680
-0.0011881
-0.0011120
-0.0010997
-0.0010330
-0.0010466
-0.0012812
-0.0016101
-0.0018992
-0.0020434
-0.0022818
-0.0027548
-0.0032224
-0.0034566
-0.0035005
-0.0036531
-0.0038033
-0.0037381
-0.0036854
-0.0038298
-0.0039073
-0.0037535
-0.0035966
-0.0036397
-0.0036900
-0.0036010
-0.0034561
-0.0033938
-0.0034273
-0.0034391
-0.0036259
-0.0039014
-0.0039669
-0.0039363
-0.0040546
-0.0042928
-0.0043905
-0.0043623
-0.0045333
-0.0047943
-0.0047598
-0.0044772
-0.0042921
-0.0041578
-0.0038073
-0.0033970
-0.0031224
-0.0028186
-0.0023570
-0.0018079
-0.0012967
-0.0009386
-0.0006164
-0.0002230
0.0000784
0.0002022
0.0002561
0.0005251
0.0006997
0.0006028
0.0006410
0.0008203
0.0008085
0.0006529
0.0006378
0.0007311
0.0007052
0.0005922
0.0005574
0.0006631
0.0006946
0.0006105
0.0004877
0.0003281
0.0001934
0.0000349
-0.0001896
-0.0005120
-0.0009091
-0.0012404
-0.0014077
-0.0014655
-0.0016243
-0.0019303
-0.0020983
-0.0019643
-0.0017692
-0.0016558
-0.0015320
-0.0012992
-0.0010413
-0.0007274
-0.0003458
0.0000443
0.0004376
0.0008324
0.0011758
0.0012517
0.0011174
0.0011594
0.0013610
0.0013948
0.0013280
0.0013182
0.0013885
0.0014939
0.0015268
0.0016759
0.0018348
0.0019005
0.0019617
0.0020170
0.0021592
0.0023921
0.0024961
0.0024459
0.0024337
0.0023851
0.0021409
0.0018157
0.0015970
0.0013002
0.0007945
0.0002746
0.0000325
-0.0002082
-0.0005777
-0.0007511
-0.0008466
-0.0010273
-0.0012073
-0.0012825
-0.0012074
-0.0011265
-0.0009805
-0.0006980
-0.0002537
0.0002896
0.0007438
0.0010660
0.0015103
0.0021029
0.0026979
0.0031346
0.0035459
0.0040993
0.0046492
0.0049216
0.0049041
0.0047636
0.0046361
0.0045604
0.0043092
0.0038579
0.0034330
0.0030292
0.0026518
0.0023481
0.0020076
0.0017088
0.0015915
0.0015788
0.0015067
0.0014327
0.0014792
0.0015958
0.0017092
0.0018176
0.0018782
0.0018338
0.0016835
0.0016472
0.0018400
0.0020435
0.0020974
0.0019162
0.0015931
0.0015065
0.0014340
0.0011154
0.0008381
0.0006516
0.0003300
-0.0000580
-0.0003124
-0.0005425
-0.0007065
-0.0006565
-0.0005408
-0.0004983
-0.0004362
-0.0003713
-0.0003298
-0.0002917
-0.0003350
-0.0003516
-0.0002892
-0.0003444
-0.0006566
-0.0008782
-0.0009500
-0.0010595
-0.0012982
-0.0016213
-0.0018573
-0.0019913
-0.0022033
-0.0025281
-0.0028154
-0.0029013
-0.0029238
-0.0030186
-0.0031298
-0.0032154
-0.0032359
-0.0031201
-0.0029453
-0.0027547
-0.0026656
-0.0026433
-0.0025870
-0.0025298
-0.0025603
-0.0026621
-0.0025976
-0.0024824
-0.0024985
-0.0026482
-0.0027068
-0.0025652
-0.0025647
-0.0024868
-0.0020983
-0.0017621
-0.0017050
-0.0015767
-0.0011130
-0.0004686
-0.0000191
0.0002477
0.0006423
0.0010571
0.0013220
0.0015906
0.0019170
0.0021811
0.0023361
0.0024479
0.0024664
0.0024808
0.0025472
0.0026834
0.0027885
0.0026567
0.0023838
0.0021559
0.0021069
0.0020274
0.0017410
0.0013227
0.0009989
0.0008200
0.0005771
0.0002657
-0.0000395
-0.0003443
-0.0006978
-0.0010348
-0.0012739
-0.0014320
-0.0016619
-0.0019430
-0.0021348
-0.0022831
-0.0024145
-0.0025067
-0.0025659
-0.0025968
-0.0026346
-0.0026353
-0.0025392
-0.0024125
-0.0022643
-0.0021486
-0.0020142
-0.0018423
-0.0017941
-0.0017620
-0.0016008
-0.0013782
-0.0012006
-0.0010702
-0.0009104
-0.0008068
-0.0007947
-0.0007766
-0.0007254
-0.0006658
-0.0006568
-0.0007684
-0.0008803
-0.0009448
-0.0011103
-0.0011384
-0.0009791
-0.0008339
-0.0008089
-0.0007662
-0.0006183
-0.0004176
-0.0003064
-0.0002415
-0.0000915
0.0000282
0.0000637
0.0002169
0.0005038
0.0006228
0.0005780
0.0006396
0.0008512
0.0010193
0.0009511
0.0007465
0.0006541
0.0006388
0.0004477
0.0001210
-0.0001233
-0.0002939
-0.0005257
-0.0007589
-0.0010500
-0.0014137
-0.0015480
-0.0014747
-0.0013739
-0.0012180
-0.0009560
-0.0006982
-0.0003686
0.0001053
0.0005507
0.0008496
0.0011673
0.0016539
0.0021571
0.0025067
0.0026894
0.0029371
0.0031999
0.0033403
0.0033550
0.0033301
0.0032832
0.0031444
0.0030138
0.0029361
0.0027722
0.0024705
0.0023243
0.0023038
0.0021023
0.0019386
0.0019155
0.0018405
0.0017155
0.0017646
0.0020459
0.0021944
0.0021016
0.0020623
0.0022270
0.0024050
0.0023747
0.0022201
0.0020880
0.0021353
0.0021484
0.0019086
0.0017019
0.0016052
0.0014658
0.0014146
0.0015381
0.0016489
0.0016500
0.0016844
0.0018069
0.0019466
0.0020903
0.0022391
0.0026251
0.0030494
0.0034415
0.0038360
0.0042274
0.0045986
0.0047513
0.0048481
0.0052235
0.0056275
0.0056883
0.0055306
0.0053718
0.0052540
0.0050832
0.0047948
0.0045110
0.0042091
0.0037092
0.0031721
0.0026768
0.0020272
0.0013010
0.0005679
-0.0001829
-0.0008726
-0.0014789
-0.0020386
-0.0024395
-0.0026642
-0.0030227
-0.0034983
-0.0037734
-0.0039173
-0.0040845
-0.0041655
-0.0041547
-0.0041943
-0.0043833
-0.0045202
-0.0044495
-0.0042985
-0.0041749
-0.0040651
-0.0039456
-0.0037636
-0.0036564
-0.0035605
-0.0031310
-0.0024628
-0.0020641
-0.0018879
-0.0015643
-0.0011940
-0.0009207
-0.0006425
-0.0002809
0.0000371
0.0001684
0.0003689
0.0006979
0.0008398
0.0008218
0.0008437
0.0009392
0.0010657
0.0010791
0.0010646
0.0011906
0.0013803
0.0014685
0.0015155
0.0017143
0.0020313
0.0022764
0.0024723
0.0026542
0.0028730
0.0031675
0.0034047
0.0035362
0.0036517
0.0037103
0.0036884
0.0036467
0.0037463
0.0038313
0.0037837
0.0037675
0.0036827
0.0033598
0.0029747
0.0027613
0.0026116
0.0022553
0.0018545
0.0016089
0.0014249
0.0011919
0.0010053
0.0008891
0.0008136
0.0006760
0.0005619
0.0005067
0.0005040
0.0004430
0.0002344
0.0001678
0.0003642
0.0003796
0.0000567
-0.0001951
-0.0002031
-0.0003162
-0.0006106
-0.0008908
-0.0012651
-0.0016867
-0.0019911
-0.0022714
-0.0025984
-0.0028870
-0.0030807
-0.0033782
-0.0036853
-0.0038940
-0.0040268
-0.0041122
-0.0041969
-0.0041571
-0.0040974
-0.0041103
-0.0039832
-0.0036630
-0.0033893
-0.0030989
-0.0027058
-0.0025292
-0.0024273
-0.0021163
-0.0017003
-0.0013899
-0.0012027
-0.0010014
-0.0008548
-0.0009683
-0.0011591
-0.0012394
-0.0012806
-0.0013598
-0.0014633
-0.0015248
-0.0015686
-0.0018334
-0.0021800
-0.0022818
-0.0023185
-0.0025289
-0.0027542
-0.0029583
-0.0031520
-0.0032903
-0.0033794
-0.0033682
-0.0032473
-0.0031055
-0.0030580
-0.0029864
-0.0028782
-0.0029548
-0.0030543
-0.0030180
-0.0030414
-0.0032139
-0.0033335
-0.0033113
-0.0034850
-0.0039294
-0.0042897
-0.0043691
-0.0044176
-0.0045991
-0.0047681
-0.0048399
-0.0047218
-0.0046659
-0.0048780
-0.0048548
-0.0043091
-0.0038839
-0.0038171
-0.0035417
-0.0029430
-0.0023987
-0.0019610
-0.0014674
-0.0009312
-0.0005000
-0.0001579
0.0002039
0.0005794
0.0009534
0.0011285
0.0012089
0.0015411
0.0017221
0.0015820
0.0015992
0.0017998
0.0018406
0.0017068
0.0016390
0.0017162
0.0018746
0.0021012
0.0023115
0.0024878
0.0026532
0.0029009
0.0031773
0.0033745
0.0035543
0.0037144
0.0039182
0.0041488
0.0043307
0.0045195
0.0048090
0.0050375
0.0051017
0.0050640
0.0049993
0.0049099
0.0047184
0.0045525
0.0044742
0.0042925
0.0038617
0.0034641
0.0033265
0.0034339
0.0035240
0.0033774
0.0032317
0.0032655
0.0033008
0.0031430
0.0031604
0.0035005
0.0038547
0.0040545
0.0040472
0.0040053
0.0040959
0.0043169
0.0045381
0.0046936
0.0047372
0.0045877
0.0043104
0.0040326
0.0038720
0.0037285
0.0035113
0.0032574
0.0030161
0.0027268
0.0023627
0.0019862
0.0016285
0.0013053
0.0010320
0.0007164
0.0003936
0.0002083
0.0002120
0.0002104
0.0001131
0.0000958
0.0001082
-0.0000158
-0.0001954
-0.0002287
-0.0001486
-0.0000733
-0.0000673
-0.0001010
-0.0000716
-0.0001221
-0.0003113
-0.0004141
-0.0004403
-0.0006121
-0.0008416
-0.0008239
-0.0006345
-0.0004293
-0.0002486
-0.0001690
-0.0002039
-0.0001714
-0.0000510
0.0002194
0.0006386
0.0011178
0.0015353
0.0018719
0.0022457
0.0028223
0.0034435
0.0038606
0.0042577
0.0046570
0.0049638
0.0052900
0.0056150
0.0058148
0.0060671
0.0063215
0.0063537
0.0062184
0.0060090
0.0057929
0.0055987
0.0054224
0.0051754
0.0047773
0.0044801
0.0043241
0.0041457
0.0039199
0.0037921
0.0037354
0.0036413
0.0036216
0.0037561
0.0038956
0.0039426
0.0040288
0.0042757
0.0045554
0.0046351
0.0047465
0.0050434
0.0052930
0.0053755
0.0053926
0.0055952
0.0058652
0.0059597
0.0059152
0.0058276
0.0057798
0.0056696
0.0053502
0.0049314
0.0046270
0.0042773
0.0037763
0.0033856
0.0031786
0.0028542
0.0024897
0.0022374
0.0019708
0.0016206
0.0011626
0.0009112
0.0009418
0.0009174
0.0007611
0.0006039
0.0005654
0.0004459
0.0002232
0.0001063
0.0000468
-0.0001816
-0.0004355
-0.0003906
-0.0002855
-0.0002945
-0.0002745
-0.0001844
0.0000494
0.0002378
0.0002569
0.0004229
0.0007153
0.0009577
0.0011276
0.0013241
0.0016396
0.0019437
0.0021756
0.0023850
0.0025430
0.0026915
0.0028512
0.0028691
0.0028571
0.0029962
0.0031290
0.0031271
0.0030449
0.0028432
0.0025642
0.0024177
0.0023483
0.0023229
0.0023368
0.0023489
0.0023055
0.0021095
0.0017649
0.0015055
0.0015142
0.0014139
0.0010028
0.0007234
0.0006899
0.0004993
0.0000450
-0.0004573
-0.0008339
-0.0011760
-0.0016107
-0.0019793
-0.0020732
-0.0022754
-0.0027018
-0.0029934
-0.0030567
-0.0031827
-0.0033332
-0.0032273
-0.0029729
-0.0028656
-0.0028705
-0.0027373
-0.0024882
-0.0022511
-0.0019630
-0.0015439
-0.0011031
-0.0008142
-0.0005816
-0.0001616
0.0003528
0.0006604
0.0008883
0.0012906
0.0016491
0.0017810
0.0020051
0.0023055
0.0024682
0.0025015
0.0025470
0.0025913
0.0026770
0.0028188
0.0029187
0.0030040
0.0030962
0.0031070
0.0030056
0.0029677
0.0030268
0.0029457
0.0026444
0.0023103
0.0019811
0.0016561
0.0012942
0.0008744
0.0004934
0.0001103
-0.0001942
-0.0003959
-0.0004199
-0.0002669
-0.0000625
0.0003030
0.0009407
0.0015654
0.0020503
0.0026617
0.0034453
0.0040749
0.0044594
0.0049563
0.0055720
0.0060252
0.0063389
0.0067554
0.0072657
0.0076604
0.0080041
0.0084066
0.0086368
0.0085917
0.0085053
0.0084619
0.0083480
0.0080397
0.0076195
0.0073687
0.0072294
0.0068815
0.0064800
0.0062736
0.0061563
0.0058469
0.0053248
0.0047094
0.0040892
0.0035330
0.0030635
0.0026775
0.0024628
0.0022764
0.0019223
0.0016622
0.0015147
0.0012619
0.0010529
0.0011508
0.0013000
0.0013103
0.0013288
0.0013380
0.0012949
0.0013511
0.0015175
0.0016212
0.0016440
0.0016244
0.0014953
0.0012764
0.0010881
0.0007393
0.0002407
0.0000356
-0.0000006
-0.0003424
-0.0009112
-0.0012597
-0.0013398
-0.0014505
-0.0015961
-0.0016178
-0.0015685
-0.0014777
-0.0013514
-0.0011695
-0.0008719
-0.0005083
-0.0001975
0.0000745
0.0004176
0.0007243
0.0008645
0.0010358
0.0012728
0.0012813
0.0011243
0.0011776
0.0012623
0.0010326
0.0005534
0.0000260
-0.0003911
-0.0007835
-0.0011616
-0.0014697
-0.0019301
-0.0026450
-0.0032936
-0.0036339
-0.0038129
-0.0040542
-0.0044459
-0.0046115
-0.0043588
-0.0040782
-0.0040946
-0.0040185
-0.0035350
-0.0029640
-0.0027105
-0.0025987
-0.0024504
-0.0023454
-0.0023826
-0.0025102
-0.0027066
-0.0030507
-0.0035529
-0.0041546
-0.0047443
-0.0053779
-0.0060486
-0.0066630
-0.0071732
-0.0075525
-0.0078766
-0.0080935
-0.0080190
-0.0079702
-0.0080688
-0.0080972
-0.0079062
-0.0075185
-0.0071693
-0.0069669
-0.0066802
-0.0062225
-0.0057908
-0.0054610
-0.0050709
-0.0046671
-0.0044487
-0.0043169
-0.0040797
-0.0038680
-0.0038254
-0.0038906
-0.0039898
-0.0041114
-0.0044284
-0.0048258
-0.0051162
-0.0054683
-0.0058059
-0.0060842
-0.0064719
-0.0069775
-0.0073759
-0.0077029
-0.0080165
-0.0082335
-0.0082433
-0.0081778
-0.0082744
-0.0085908
-0.0088631
-0.0087341
-0.0085097
-0.0085897
-0.0087434
-0.0087117
-0.0086321
-0.0085545
-0.0083781
-0.0081715
-0.0079847
-0.0077603
-0.0075396
-0.0073510
-0.0070460
-0.0066267
-0.0062511
-0.0059696
-0.0055979
-0.0051943
-0.0048930
-0.0045045
-0.0040865
-0.0037124
-0.0033871
-0.0031656
-0.0029048
-0.0025620
-0.0023915
-0.0023136
-0.0020923
-0.0018726
-0.0017809
-0.0016185
-0.0013423
-0.0010193
-0.0007785
-0.0006449
-0.0002997
0.0002365
0.0007322
0.0011861
0.0017615
0.0022459
0.0025258
0.0026318
0.0027358
0.0028937
0.0029959
0.0032471
0.0035697
0.0037217
0.0037135
0.0035765
0.0033396
0.0030698
0.0027151
0.0022861
0.0019238
0.0016155
0.0013061
0.0010326
0.0007617
0.0004723
0.0002344
0.0001391
0.0000995
-0.0000083
-0.0000676
0.0000114
0.0000693
0.0000075
-0.0000792
-0.0000347
0.0000116
-0.0000316
-0.0001795
-0.0003606
-0.0006005
-0.0010409
-0.0015982
-0.0019499
-0.0021404
-0.0026077
-0.0033448
-0.0038527
-0.0040811
-0.0043495
-0.0045731
-0.0046758
-0.0046946
-0.0046582
-0.0046589
-0.0045804
-0.0044387
-0.0042299
-0.0039311
-0.0034553
-0.0029380
-0.0027278
-0.0027492
-0.0026697
-0.0024972
-0.0023238
-0.0022998
-0.0025566
-0.0028688
-0.0030835
-0.0033599
-0.0037724
-0.0042783
-0.0046861
-0.0049267
-0.0051609
-0.0053913
-0.0056290
-0.0058684
-0.0059704
-0.0059035
-0.0059525
-0.0061573
-0.0061473
-0.0058327
-0.0055722
-0.0054889
-0.0052381
-0.0047389
-0.0042476
-0.0037399
-0.0031665
-0.0026467
-0.0022691
-0.0018608
-0.0012827
-0.0006674
-0.0002440
-0.0001004
-0.0001150
0.0001249
0.0005128
0.0005609
0.0005750
0.0008236
0.0009710
0.0008363
0.0007766
0.0009297
0.0009909
0.0008448
0.0007488
0.0008389
0.0009159
0.0009569
0.0011022
0.0012642
0.0013142
0.0013340
0.0013964
0.0014544
0.0014811
0.0014645
0.0015035
0.0016681
0.0017510
0.0016051
0.0014663
0.0014834
0.0014825
0.0014703
0.0014837
0.0014150
0.0012912
0.0010618
0.0007832
0.0005709
0.0005024
0.0005163
0.0004903
0.0004366
0.0003494
0.0001917
0.0001184
0.0002832
0.0004784
0.0004419
0.0004114
0.0006140
0.0008568
0.0009452
0.0009830
0.0010306
0.0010552
0.0011096
0.0012237
0.0013204
0.0013992
0.0014551
0.0015407
0.0017620
0.0019864
0.0021271
0.0024328
0.0028770
0.0032300
0.0033996
0.0035090
0.0037540
0.0040397
0.0042561
0.0043642
0.0043228
0.0042344
0.0040668
0.0037824
0.0035812
0.0034768
0.0031600
0.0026871
0.0022442
0.0016648
0.0009659
0.0004368
0.0000097
-0.0004564
-0.0010681
-0.0017955
-0.0025724
-0.0033028
-0.0038676
-0.0043164
-0.0047579
-0.0052015
-0.0056178
-0.0059456
-0.0062329
-0.0064151
-0.0064261
-0.0064025
-0.0064468
-0.0065942
-0.0065953
-0.0064007
-0.0062070
-0.0061259
-0.0061019
-0.0060686
-0.0059186
-0.0057087
-0.0055768
-0.0054405
-0.0053198
-0.0053079
-0.0052281
-0.0049992
-0.0047394
-0.0045844
-0.0044646
-0.0042200
-0.0040289
-0.0039771
-0.0038751
-0.0036604
-0.0033538
-0.0030821
-0.0029210
-0.0027941
-0.0025800
-0.0023819
-0.0022619
-0.0021280
-0.0019923
-0.0018285
-0.0016432
-0.0015152
-0.0014262
-0.0013515
-0.0014161
-0.0015590
-0.0016032
-0.0016096
-0.0017293
-0.0017630
-0.0015761
-0.0013251
-0.0012056
-0.0011048
-0.0009099
-0.0008172
-0.0007700
-0.0005948
-0.0003375
-0.0000849
0.0001040
0.0003312
0.0006528
0.0010019
0.0012980
0.0015528
0.0018949
0.0021242
0.0020930
0.0021150
0.0023485
0.0025713
0.0026556
0.0027798
0.0029554
0.0030853
0.0030897
0.0030010
0.0029860
0.0030114
0.0029614
0.0028075
0.0026767
0.0025494
0.0023288
0.0021132
0.0019247
0.0016932
0.0013786
0.0010151
0.0007259
0.0005237
0.0002892
0.0001644
0.0002313
0.0002827
0.0003318
0.0005232
0.0007335
0.0007279
0.0006943
0.0008410
0.0011254
0.0013996
0.0013822
0.0012512
0.0014700
0.0017624
0.0017866
0.0018362
0.0021127
0.0023297
0.0023353
0.0023079
0.0024527
0.0025430
0.0025244
0.0026147
0.0027115
0.0026607
0.0025083
0.0024917
0.0025748
0.0024903
0.0022693
0.0021308
0.0020978
0.0019292
0.0015390
0.0012920
0.0012828
0.0012258
0.0010582
0.0009257
0.0008849
0.0007674
0.0006149
0.0006245
0.0007608
0.0007947
0.0007217
0.0007404
0.0008184
0.0008413
0.0008148
0.0008453
0.0010107
0.0011551
0.0012097
0.0013211
0.0015299
0.0016129
0.0015278
0.0015102
0.0016272
0.0017373
0.0017781
0.0017604
0.0017907
0.0017859
0.0016922
0.0016709
0.0018426
0.0020461
0.0021686
0.0023012
0.0024937
0.0025618
0.0024867
0.0025066
0.0026504
0.0027323
0.0026907
0.0026240
0.0026037
0.0025909
0.0026052
0.0024824
0.0021937
0.0019965
0.0019565
0.0018619
0.0016568
0.0014031
0.0011040
0.0008053
0.0004546
-0.0000075
-0.0003723
-0.0005583
-0.0007720
-0.0010482
-0.0012798
-0.0014154
-0.0014981
-0.0015787
-0.0016760
-0.0018362
-0.0018996
-0.0018863
-0.0019251
-0.0019035
-0.0018128
-0.0017265
-0.0015052
-0.0011451
-0.0007514
-0.0005091
-0.0002973
0.0001784
0.0007289
0.0011349
0.0015200
0.0019670
0.0024183
0.0027971
0.0030337
0.0032420
0.0035233
0.0037246
0.0037216
0.0036517
0.0035367
0.0033374
0.0031567
0.0030314
0.0029911
0.0027792
0.0023149
0.0019431
0.0018173
0.0017360
0.0015703
0.0013375
0.0012284
0.0012110
0.0011989
0.0013630
0.0016365
0.0018349
0.0019448
0.0021054
0.0022968
0.0024820
0.0027221
0.0029165
0.0031122
0.0033027
0.0033709
0.0034084
0.0034904
0.0036590
0.0038022
0.0037842
0.0037334
0.0036549
0.0034898
0.0032897
0.0030782
0.0029524
0.0028673
0.0027724
0.0026032
0.0023608
0.0021792
0.0020875
0.0020274
0.0018837
0.0017090
0.0017375
0.0018963
0.0018851
0.0017229
0.0016590
0.0017154
0.0017659
0.0017263
0.0016394
0.0016063
0.0016638
0.0017875
0.0018777
0.0018158
0.0017312
0.0016800
0.0016475
0.0017502
0.0018118
0.0016573
0.0015481
0.0015997
0.0015654
0.0014916
0.0015477
0.0016192
0.0016022
0.0016233
0.0017564
0.0018746
0.0018579
0.0018437
0.0019374
0.0021114
0.0022771
0.0022580
0.0021354
0.0022945
0.0024985
0.0024665
0.0024851
0.0026650
0.0027452
0.0026970
0.0026982
0.0027417
0.0028651
0.0030768
0.0031766
0.0031483
0.0031330
0.0031942
0.0032576
0.0033305
0.0034761
0.0036681
0.0038598
0.0040521
0.0041853
0.0042339
0.0043559
0.0045572
0.0046254
0.0045892
0.0045589
0.0044816
0.0044223
0.0044367
0.0043987
0.0042517
0.0041457
0.0040447
0.0038035
0.0035080
0.0032896
0.0031210
0.0028633
0.0025100
0.0021525
0.0018539
0.0016434
0.0014486
0.0012063
0.0009039
0.0006896
0.0006229
0.0005750
0.0005647
0.0005971
0.0006093
0.0005783
0.0004794
0.0003736
0.0003726
0.0004112
0.0004190
0.0003804
0.0002665
-0.0000032
-0.0003480
-0.0005904
-0.0007244
-0.0009167
-0.0012390
-0.0015557
-0.0018171
-0.0021524
-0.0025568
-0.0028139
-0.0028612
-0.0029092
-0.0030368
-0.0031275
-0.0031162
-0.0030223
-0.0028751
-0.0027524
-0.0026831
-0.0026342
-0.0025953
-0.0025443
-0.0024819
-0.0024515
-0.0025189
-0.0026932
-0.0027693
-0.0027143
-0.0027402
-0.0028514
-0.0029351
-0.0029948
-0.0030533
-0.0031117
-0.0031708
-0.0031499
-0.0030456
-0.0029023
-0.0026619
-0.0025293
-0.0025409
-0.0024746
-0.0022836
-0.0020780
-0.0019680
-0.0018662
-0.0017129
-0.0016150
-0.0015600
-0.0013922
-0.0011298
-0.0009893
-0.0009753
-0.0009520
-0.0008389
-0.0006130
-0.0004175
-0.0002960
-0.0001796
-0.0000318
0.0001240
0.0002965
0.0004153
0.0004050
0.0003735
0.0003514
0.0003654
0.0004364
0.0005013
0.0005741
0.0007213
0.0009000
0.0009602
0.0009228
0.0008200
0.0006518
0.0004907
0.0003452
0.0002034
0.0000255
-0.0001173
-0.0001666
-0.0001924
-0.0003204
-0.0004499
-0.0003695
-0.0001804
-0.0000634
0.0000307
0.0001852
0.0003662
0.0005261
0.0006155
0.0006825
0.0009501
0.0012704
0.0014247
0.0014827
0.0015028
0.0014762
0.0014749
0.0015530
0.0016699
0.0017550
0.0017935
0.0018299
0.0017838
0.0016626
0.0015347
0.0014508
0.0014411
0.0013848
0.0012342
0.0010820
0.0010528
0.0011071
0.0011070
0.0010891
0.0011774
0.0012528
0.0012133
0.0012171
0.0012887
0.0012897
0.0012038
0.0011249
0.0010805
0.0009992
0.0009267
0.0008562
0.0005959
0.0001779
-0.0002060
-0.0005412
-0.0009081
-0.0012577
-0.0015607
-0.0018677
-0.0020342
-0.0020629
-0.0021434
-0.0022378
-0.0022267
-0.0022509
-0.0023131
-0.0021196
-0.0017999
-0.0016736
-0.0016192
-0.0014756
-0.0012782
-0.0010362
-0.0008507
-0.0007561
-0.0006225
-0.0004460
-0.0002645
-0.0000812
0.0000660
0.0000895
-0.0000132
-0.0001110
-0.0001544
-0.0001687
-0.0002426
-0.0003636
-0.0004548
-0.0005056
-0.0005195
-0.0005628
-0.0006509
-0.0006989
-0.0006966
-0.0006989
-0.0006968
-0.0006551
-0.0005389
-0.0004266
-0.0003822
-0.0003994
-0.0004531
-0.0004736
-0.0005033
-0.0006194
-0.0007606
-0.0008745
-0.0009221
-0.0009812
-0.0010742
-0.0011341
-0.0011618
-0.0011767
-0.0012425
-0.0013566
-0.0014404
-0.0014530
-0.0015070
-0.0015966
-0.0015428
-0.0014599
-0.0014850
-0.0015098
-0.0014804
-0.0014280
-0.0014012
-0.0013579
-0.0012533
-0.0011292
-0.0010476
-0.0009487
-0.0008160
-0.0006721
-0.0005191
-0.0003994
-0.0003373
-0.0002696
-0.0001764
-0.0001011
0.0000496
0.0002052
0.0002420
0.0002625
0.0003157
0.0003268
0.0003296
0.0003523
0.0003156
0.0003101
0.0003630
0.0003928
0.0004111
0.0003529
0.0001975
0.0000756
0.0000116
-0.0001188
-0.0002832
-0.0003534
-0.0003688
-0.0004562
-0.0005729
-0.0005638
-0.0004940
-0.0004979
-0.0005266
-0.0004862
-0.0003901
-0.0002716
-0.0001683
-0.0000588
0.0000680
0.0002442
0.0004682
0.0006334
0.0007091
0.0008221
0.0009993
0.0011278
0.0011308
0.0010975
0.0010853
0.0010762
0.0010671
0.0009695
0.0007624
0.0005925
0.0005576
0.0005366
0.0004380
0.0003505
0.0002853
0.0002010
0.0001277
0.0000939
0.0000814
0.0000329
0.0000339
0.0000581
0.0000869
0.0001156
0.0000904
0.0000307
0.0000900
0.0001706
0.0001723
0.0001645
0.0002095
0.0002086
0.0001270
0.0000577
0.0000014
-0.0000888
-0.0001721
-0.0002263
-0.0003193
-0.0004821
-0.0006145
-0.0006786
-0.0007660
-0.0009078
-0.0010414
-0.0011054
-0.0011451
-0.0011910
-0.0012633
-0.0013351
-0.0013394
-0.0013169
-0.0013409
-0.0013771
-0.0013696
-0.0013431
-0.0013464
-0.0013536
-0.0013704
-0.0013681
-0.0013462
-0.0013069
-0.0012850
-0.0013230
-0.0013656
-0.0013328
-0.0012776
-0.0013277
-0.0014490
-0.0014699
-0.0014130
-0.0014592
-0.0015641
-0.0015606
-0.0015584
-0.0016520
-0.0017226
-0.0016924
-0.0016708
-0.0017103
-0.0017569
-0.0017604
-0.0016929
-0.0016247
-0.0016366
-0.0016481
-0.0015433
-0.0014056
-0.0013263
-0.0012621
-0.0012352
-0.0012885
-0.0013693
-0.0013627
-0.0013182
-0.0013703
-0.0014611
-0.0015121
-0.0015079
-0.0015001
-0.0015226
-0.0015512
-0.0015527
-0.0015534
-0.0016095
-0.0016399
-0.0015574
-0.0014559
-0.0014209
-0.0013865
-0.0013052
-0.0012471
-0.0012391
-0.0012261
-0.0011784
-0.0011182
-0.0010666
-0.0009733
-0.0008862
-0.0009014
-0.0009462
-0.0009096
-0.0008357
-0.0008316
-0.0008515
-0.0007836
-0.0006950
-0.0007028
-0.0007474
-0.0007453
-0.0007014
-0.0007001
-0.0007263
-0.0007377
-0.0007547
-0.0008480
-0.0009864
-0.0010458
-0.0010203
-0.0010069
-0.0010912
-0.0012308
-0.0013072
-0.0014076
-0.0015710
-0.0016296
-0.0015970
-0.0016012
-0.0016513
-0.0016548
-0.0016160
-0.0015693
-0.0015383
-0.0014848
-0.0013687
-0.0012857
-0.0012413
-0.0012042
-0.0011740
-0.0011489
-0.0011090
-0.0010563
-0.0010053
-0.0009900
-0.0010253
-0.0010382
-0.0010102
-0.0010051
-0.0010293
-0.0010529
-0.0010488
-0.0010451
-0.0010739
-0.0011043
-0.0011180
-0.0011644
-0.0012424
-0.0013010
-0.0013366
-0.0013844
-0.0014480
-0.0014907
-0.0015053
-0.0015641
-0.0016582
-0.0016653
-0.0015930
-0.0015590
-0.0015534
-0.0015143
-0.0014648
-0.0014324
-0.0014130
-0.0013698
-0.0012776
-0.0011815
-0.0010905
-0.0010106
-0.0009469
-0.0008748
-0.0007802
-0.0006838
-0.0005893
-0.0005070
-0.0004704
-0.0004368
-0.0003654
-0.0002863
-0.0002357
-0.0001939
-0.0001575
-0.0001388
-0.0001089
-0.0000586
-0.0000324
-0.0000147
0.0000130
0.0000163
0.0000079
0.0000085
-0.0000028
-0.0000331
-0.0000615
-0.0000939
-0.0001282
-0.0001320
-0.0000803
-0.0000346
-0.0000189
-0.0000056
0.0000270
0.0000459
0.0000597
0.0001064
0.0001633
0.0001985
0.0001994
0.0002090
0.0002295
0.0002315
0.0002135
0.0001985
0.0001752
0.0001124
0.0000432
0.0000072
-0.0000063
-0.0000457
-0.0000942
-0.0001007
-0.0000859
-0.0000976
-0.0001156
-0.0001319
-0.0001695
-0.0001632
-0.0001328
-0.0001480
-0.0001497
-0.0000958
-0.0000283
0.0000309
0.0000805
0.0000944
0.0000851
0.0001269
0.0002090
0.0002648
0.0002866
0.0003334
0.0003957
0.0004286
0.0004386
0.0004796
0.0005308
0.0005228
0.0004941
0.0005199
0.0005678
0.0005671
0.0005224
0.0004953
0.0005253
0.0005560
0.0005407
0.0005349
0.0005379
0.0005095
0.0004790
0.0004793
0.0004843
0.0004597
0.0004157
0.0003739
0.0003277
0.0002562
0.0001708
0.0001060
0.0000453
-0.0000180
-0.0000653
-0.0001100
-0.0001742
-0.0002489
-0.0003223
-0.0003850
-0.0004197
-0.0004579
-0.0005018
-0.0005123
-0.0004915
-0.0004782
-0.0004770
-0.0004626
-0.0004327
-0.0004080
-0.0003875
-0.0003592
-0.0003146
-0.0002698
-0.0002358
-0.0001980
-0.0001534
-0.0001409
-0.0001602
-0.0001576
-0.0001532
-0.0001765
-0.0002174
-0.0002541
-0.0002716
-0.0002911
-0.0003181
-0.0003421
-0.0003576
-0.0003541
-0.0003577
-0.0003732
-0.0003772
-0.0003658
-0.0003361
-0.0003148
-0.0003076
-0.0003095
-0.0003107
-0.0003012
-0.0002772
-0.0002454
-0.0002182
-0.0002057
-0.0002012
-0.0001934
-0.0001837
-0.0001660
-0.0001573
-0.0001652
-0.0001743
-0.0001916
-0.0002063
-0.0002055
-0.0001977
-0.0002011
-0.0002035
-0.0001905
-0.0001593
-0.0001098
-0.0000490
-0.0000013
0.0000400
0.0000978
0.0001743
0.0002465
0.0002950
0.0003380
0.0004042
0.0004773
0.0005294
0.0005614
0.0005827
0.0006037
0.0006208
0.0006273
0.0006307
0.0006205
0.0005839
0.0005642
0.0005679
0.0005469
0.0005061
0.0004787
0.0004569
0.0004368
0.0004205
0.0004021
0.0003712
0.0003386
0.0003148
0.0003021
0.0002961
0.0002856
0.0002714
0.0002642
0.0002733
0.0002815
0.0002786
0.0002859
0.0003110
0.0003346
0.0003496
0.0003585
0.0003640
0.0003733
0.0003795
0.0003831
0.0003801
0.0003676
0.0003493
0.0003296
0.0003082
0.0002895
0.0002735
0.0002534
0.0002461
0.0002503
0.0002486
0.0002537
0.0002647
0.0002729
0.0002767
0.0002815
0.0002870
0.0002793
0.0002662
0.0002578
0.0002553
0.0002498
0.0002336
0.0002144
0.0002004
0.0001912
0.0001829
0.0001795
0.0001728
0.0001520
0.0001328
0.0001255
0.0001303
0.0001358
0.0001398
0.0001437
0.0001438
0.0001501
0.0001711
0.0001927
0.0002085
0.0002241
0.0002394
0.0002530
0.0002671
0.0002794
0.0002841
0.0002858
0.0002914
0.0002911
0.0002867
0.0002865
0.0002850
0.0002774
0.0002630
0.0002491
0.0002432
0.0002385
0.0002335
0.0002320
0.0002242
0.0002076
0.0001923
0.0001845
0.0001770
0.0001620
0.0001440
0.0001285
0.0001281
0.0001277
0.0001138
0.0000983
0.0000940
0.0000918
0.0000835
0.0000768
0.0000727
0.0000699
0.0000638
0.0000549
0.0000489
0.0000457
0.0000405
0.0000350
0.0000352
0.0000366
0.0000401
0.0000483
0.0000548
0.0000527
0.0000458
0.0000475
0.0000533
0.0000460
0.0000372
0.0000386
0.0000417
0.0000382
0.0000320
0.0000339
0.0000411
0.0000436
0.0000415
0.0000404
0.0000387
0.0000340
0.0000305
0.0000315
0.0000314
0.0000235
0.0000116
0.0000074
0.0000103
0.0000083
0.0000006
-0.0000035
0.0000022
0.0000085
0.0000101
0.0000070
0.0000026
0.0000002
-0.0000008
-0.0000018
-0.0000052
-0.0000098
-0.0000147
-0.0000149
-0.0000115
-0.0000145
-0.0000203
-0.0000145
-0.0000024
0.0000004
-0.0000043
-0.0000082
-0.0000085
-0.0000080
-0.0000089
-0.0000059
0.0000020
0.0000070
0.0000091
0.0000118
0.0000150
0.0000159
0.0000164
0.0000192
0.0000220
0.0000221
0.0000207
0.0000201
0.0000207
0.0000199
0.0000188
0.0000213
0.0000244
0.0000228
0.0000208
0.0000224
0.0000272
0.0000317
0.0000352
0.0000400
0.0000448
0.0000491
0.0000556
0.0000636
0.0000689
0.0000707
0.0000711
0.0000733
0.0000779
0.0000803
0.0000788
0.0000778
0.0000783
0.0000792
0.0000801
0.0000803
0.0000793
0.0000773
0.0000758
0.0000751
0.0000729
0.0000704
0.0000700
0.0000704
0.0000700
0.0000683
0.0000669
0.0000683
0.0000717
0.0000749
0.0000776
0.0000813
0.0000850
0.0000879
0.0000916
0.0000963
0.0001011
0.0001056
0.0001090
0.0001102
0.0001112
0.0001140
0.0001174
0.0001192
0.0001204
0.0001217
0.0001222
0.0001234
0.0001256
0.0001270
0.0001275
0.0001284
0.0001301
0.0001320
0.0001331
0.0001340
0.0001357
0.0001372
0.0001376
0.0001385
0.0001395
0.0001396
0.0001391
0.0001388
0.0001388
0.0001378
0.0001358
0.0001351
0.0001354
0.0001348
0.0001335
0.0001326
0.0001327
0.0001333
0.0001331
0.0001329
0.0001334
0.0001343
0.0001354
0.0001368
0.0001380
0.0001381
0.0001378
0.0001382
0.0001388
0.0001388
0.0001386
0.0001393
0.0001405
0.0001408
0.0001402
0.0001401
0.0001408
0.0001413
0.0001411
0.0001410
0.0001408
0.0001406
0.0001408
0.0001412
0.0001412
0.0001410
0.0001405
0.0001399
0.0001392
0.0001379
0.0001364
0.0001353
0.0001347
0.0001340
0.0001330
0.0001322
0.0001320
0.0001319
0.0001316
0.0001315
0.0001318
0.0001323
0.0001324
0.0001319
0.0001321
0.0001328
0.0001332
0.0001335
0.0001341
0.0001343
0.0001341
0.0001340
0.0001340
0.0001338
0.0001332
0.0001327
0.0001323
0.0001314
0.0001303
0.0001293
0.0001284
0.0001273
0.0001262
0.0001250
0.0001237
0.0001226
0.0001215
0.0001207
0.0001201
0.0001195
0.0001189
0.0001185
0.0001182
0.0001179
0.0001173
0.0001169
0.0001167
0.0001164
0.0001161
0.0001157
0.0001154
0.0001150
0.0001147
0.0001144
0.0001141
0.0001136
0.0001132
0.0001129
0.0001127
0.0001125
0.0001122
0.0001121
0.0001120
0.0001118
0.0001115
0.0001112
0.0001110
0.0001107
0.0001105
0.0001104
0.0001102
0.0001102
0.0001102
0.0001102
0.0001101
0.0001100
0.0001100
0.0001099
0.0001099
0.0001099
0.0001098
0.0001098
0.0001098
0.0001097
0.0001097
0.0001096
0.0001096
0.0001096
0.0001096
0.0001096
0.0001095
0.0001095
0.0001095
0.0001095
0.0001095
0.0001094
0.0001094
0.0001093
0.0001093
0.0001093
0.0001092
0.0001091
0.0001090
0.0001089
0.0001088
0.0001087
0.0001086
0.0001086
0.0001085
0.0001084
0.0001083
0.0001082
0.0001081
0.0001080
0.0001079
0.0001078
0.0001077
0.0001076
0.0001074
0.0001073
0.0001071
0.0001070
0.0001069
0.0001067
0.0001066
0.0001065
0.0001063
0.0001062
0.0001060
0.0001058
0.0001057
0.0001055
0.0001054
0.0001052
0.0001051
0.0001049
0.0001048
0.0001046
0.0001044
0.0001043
0.0001041
0.0001039
0.0001038
0.0001036
0.0001034
0.0001032
0.0001031
0.0001029
0.0001027
0.0001025
0.0001024
0.0001022
0.0001020
0.0001018
0.0001017
0.0001015
0.0001013
0.0001011
0.0001010
0.0001008
0.0001006
0.0001004
0.0001003
0.0001001
0.0000999
0.0000997
0.0000996
0.0000994
0.0000992
0.0000990
0.0000988
0.0000987
0.0000985
0.0000983
0.0000981
0.0000979
0.0000978
0.0000976
0.0000974
0.0000972
0.0000970
0.0000968
0.0000967
0.0000965
0.0000963
0.0000961
0.0000959
0.0000958
0.0000956
0.0000954
0.0000952
0.0000950
0.0000948
0.0000947
0.0000945
